record_id;machine_type;shift;operator_level;maintenance_done_recently;temperature_c;pressure_bar;vibration_mm_s;current_a;runtime_hours;humidity_pct;production_rate_units_h;defect_count_last_hour;days_since_maintenance;machine_status
100528;Conveyor;Morning;Intermediate;No;54.58;6.54;error;10.34;643.8;46.8;121,9;0;14;OK
100739;Pump;Morning;Intermediate;Yes;74.41;8.11;4.76;20.9;828.4;59.9;92.8;3;23;FAILURE
100276;Pump;Morning;junior;0;67.69;10.16;5.82;24.87;785.1;28,0;66.8;2;69;FAILURE
102058;Pump;M;Senior;;73,82;8.72 bar;1,88;15.91;1040.6;12.8;113.7;1;103;WARNING
102034;Pump;Morning;Intermediate;N;82.2;7.06;7.77 mm/s;26.9;675.5;67.5;N/A;2;13;FAILURE
102214;Pump;Night;Intermediate;yes;80,29;7.76;6.73;24.64;225.7;52.8;111.7;5;49;WARNING
100359;Pump;morning;Mid;0;62.67;6.05;6.44;29.5;1262.3;55.4 %;101.4;1;12;FAILURE
102576;Compressor;Morning;Intermediate;No;64.06;6.66;1.05;20.44;395.1;43.0;84.0;3;111;WARNING
101334;Conveyor;MORNING;junior;No;54.26;5.58;0.83;;443.5;71.7;116.4 u/h;0;107;OK
100255;CNC;Night;senior;No;74.83;4.83;0.59;16.71;305.5;40,9;85.5;2;26;OK
102530;Compressor;Night;Junior;No;84.88;9.41;2.44;27.45;1029.8;49.8;83.3;1;28;FAILURE
101471;Conveyor;AFT;Intermediate;Y;55,77;5.22 bar;2.43;15.13;984.1;53.0;110.9;0;28;OK
101819;Pump;morning;junior;no;56.72;6,93;1.49;17.27;1927.5;55,5;108.9;0;52;FAILURE
100582;Pump;Morning;Senior;no;72.5;6.86;2.12;25.66;420.2;58,4;92.4;1;23;OK
100767;CNC;Afternoon;Senior;No;;6,11;;17.14;715.9;60.2;82.5;3;35;FAILURE
100918;CNC;Morning;Jr;yes;66.17;5.42;6.52;27.56;397.3;39.6;;1;92;WARNING
101618;Compressor;Morning;Jr;No;79.31;3.92;1.75;24.01;785.7;41.6;96.4;1;48;FAILURE
101566;Pump;Morning;Intermediate;no;49.04;8.23;1.62;18.07;1365.8;55.2;85.5;0;56;FAILURE
101952;CNC;Afternoon;Senior;0;57.41;5.59;2.0;17,76;535.2;35.7;98.1;0;47;OK
100310;CNC;afternoon;Intermediate;no;65.67;7.21;3.13;18.96;1241.0;59.8;123.2;0;85;FAILURE
102176;Compressor;morning;Junior;yes;66.3;7.48;2.45;17.59;749.8;37.9;106,9;3;59;WARNING
101808;Pump;A;junior;No;84.76;;1.45;unknown;223.4;error;96.9;1;67;OK
100718;CNC;Morning;Senior;yes;78.12;5.36;2.41;21.25;746.7;49.9;96.9;3;63;FAILURE
100128;CNC;Morning;senior;No;68.83;5.41;1.32;17,8;895.7;48.7;;2;47;OK
101368;CNC;morning;Intermediate;Yes;67.82;6.8;7.08;17,27;416.3;21.1;122.5;2;95;WARNING
100707;Compressor;Morning;Intermediate;No;88.45;6.96;8.15;22.97;970.0;54.3;72.2;4;109;FAILURE
101201;Compressor;MORNING;junior;no;74.18;8.86;0.54;30.56;1093.0;22.0 %;76.9;1;101;FAILURE
102019;Compressor;afternoon;intermediate;N;99.9;;3.85;29.65;656.7;37.2;76,0;2;101;FAILURE
100720;Conveyor;Morning;intermediate;Yes;49.08;4.99;5.63;15.78;689.2;;124,7;0;12;OK
101492;Conveyor;Night;Junior;0;;7.03;3.64;17.1;696.3;47.3;118.7;2;3;FAILURE
101018;Conveyor;Morning;Intermediate;No;62.99;6.21;;18.41;727.2;50.9;88.3;1;76;OK
101741;CNC;MORNING;Senior;No;73.92;5.18;1.47;21.5;672.3;26.3;140.5;2;61;OK
101458;Pump;Night;Senior;No;91.01;unknown;3.06;15.98;1200.8;35.6;87.1;1;19;FAILURE
101872;Pump;MORNING;Junior;no;81.69;7.73;0.99;21.29;745.0;38.9;106.4;2;48;OK
100267;CNC;Afternoon;Senior;Yes;61.11;5.12;1.09;;547.6;36.4;98.6;2;65;OK
100514;CNC;Afternoon;Intermediate;No;;;3.61;13.76;803.2;20.9;109.0 u/h;6;88;FAILURE
100270;CNC;morning;junior;No;74.8;4.7;2.32;19.98;397.8;31.4;85.8;2;118;OK
101422;Pump;Morning;Intermediate;No;78.6;5.78;1.82;19.09;309.6;?;90.7;4;111;OK
102021;Compressor;Morning;Junior;No;60.1;5.48;5.51;26.71;;39.4;90.1;2;82;WARNING
101848;Compressor;Afternoon;Intermediate;No;95.86;9.13;2.8;23.46;1362.4;73.3;79.1;2;102;FAILURE
101091;CNC;Morning;Senior;N;61.28;4.96;4,57;17.27;832.1 h;48.9;76.0;1;80;WARNING
102265;Compressor;Afternoon;senior;no;87.03;8.65;3.46;24.83;448.0 h;44.6;92.6;1;11;OK
102341;CNC;Night;Senior;;85.22 C;6.81;3.18;13.2;1046.4;37.5;130.2;4;97;FAILURE
100351;Compressor;Morning;Intermediate;No;74.91;6.56;3.19;33.56;366.8 h;40.5;93.2;1;28;OK
100073;Conveyor;Afternoon;Senior;No;67.79 C;4.84;4.05;12.13;1113.2;60.3 %;141.1;1;66;WARNING
101739;Pump;Afternoon;Junior;No;89.62;5.15;2.85;19.7;468.2;18.8;109.5;3;92;WARNING
101934;Conveyor;Afternoon;Mid;Yes;N/A;7.44;0.22;15.38;1391.3;77.2;109.7;0;21;WARNING
102406;CNC;Afternoon;Senior;No;65.34;5.61;0.8;12.59;830.8;69.0;104.4;1;4;OK
101551;CNC;MORNING;Junior;No;63.87;5.97;3.75;20.18;752.2;11.5;82.2;0;16;OK
101694;Compressor;afternoon;Junior;N;;6.82;0.82;19.29;1043.8;44.9;90.7 u/h;3;81;FAILURE
102248;Compressor;Afternoon;intermediate;No;87.3;8.4;1.94;25.04;661.4;53.6;94,6;3;15;OK
100392;CNC;NIGHT;Sr;No;81.66;7.94;2.22;23.51;549.6;39.2;109.3;0;64;WARNING
101392;Conveyor;Afternoon;Intermediate;No;59.53;2.39;2.04;18.99;1145.7;19.3;90,2;0;78;WARNING
100334;Conveyor;Night;Intermediate;No;66.86;5.94;1,6;12.3;564.5;38.9;85.2;1;90;OK
100298;Conveyor;Morning;Intermediate;No;60,06;5.8;3.17;9,83;786.4;37.0;;2;108;WARNING
100624;Pump;Afternoon;junior;N;61.33;6.22;0.24;23.45;615.6;48.2;error;0;53;OK
100129;CNC;Afternoon;Intermediate;Yes;65.22;7.76;;19.1;609.3;36.5;104.9;5;117;FAILURE
100481;Pump;Morning;Sr;no;76.73;6.69;1.33;23.85;1334.2;55.8;85.8;4;90;FAILURE
102072;Pump;Morning;Senior;No;84.05;;0.83;18.41;398.3;56,9;98.0;0;111;OK
102062;CNC;N;Senior;No;86,92;4.75;1.62;12.38;377.2;29.0;71.0;1;12;OK
100875;Compressor;Afternoon;senior;Y;76.65;7,12;1.72;20.67;1284.8;37,1;106.9;1;2;FAILURE
100725;CNC;AFT;Intermediate;Yes;65.6;7.62;1.98;21.15;488.5;61.5;107.2;2;59;OK
102582;Conveyor;A;intermediate;No;71.6;5.2;1.08;13.87;1324.1;48.4;128.2;0;60;FAILURE
102093;Compressor;Night;senior;Y;105.56;8.06;2.85;17.51;376.8;44.9;104.5;2;68;OK
100294;CNC;Afternoon;;No;65.9;5.88;4.93;21.33;835.4;37.7;113.7;1;51;WARNING
101864;Pump;Night;Junior;No;99.95;8.03;2.9;20.16;;37.6;83.6;4;33;FAILURE
102432;Compressor;Night;Senior;No;105.84;7.69;4.8;error;655,9;;113.6;4;69;FAILURE
100100;Conveyor;Night;Jr;No;61.74;5.53;2.97;13,26;724,2;57.3;125.7;2;19;WARNING
101391;Conveyor;Night;intermediate;No;81,78;5.86;2.24;14.91;1443.5;50.8;134.5;4;110;FAILURE
100371;Compressor;AFT;junior;No;97.61;7.82;2.78;18.43;198.8;30.7;76.2;1;70;OK
100366;Pump;Afternoon;Junior;0;85,14;7.32 bar;6.58;9.13;346.3;44.0;95.9;2;100;FAILURE
101363;Compressor;Afternoon;Junior;No;93.88;8.18;2.53;12.6;323.7;62.7;64.9;1;67;WARNING
102025;Pump;Morning;Intermediate;No;89.04;8.37;8.7;19.4;1245.9;32.8;87.4;7;4;FAILURE
101450;CNC;N;Intermediate;No;82,82;6.0;3.97;17,96;337.3;33.5;121.3;3;81;OK
102236;Conveyor;Night;Mid;no;60.39;6.0;0.5;17.16;1156.1;unknown;104.0;0;32;OK
102527;Conveyor;Afternoon;Junior;No;67.16;6.76;3.31;;652.2;49.8;123.3;2;23;WARNING
102048;Pump;Morning;junior;No;72.61;8.08;4.49;18.35;924,3;58.3;95.0;2;7;FAILURE
102306;Pump;afternoon;senior;No;77.24;8.59;7.26;18,65;869.9;48.7;101.7;0;108;FAILURE
100969;Compressor;night;Mid;No;101.09;9.23;6.49;;1080.5;57.8;64.8;4;52;FAILURE
102124;CNC;Afternoon;Senior;Yes;83.57;7.13;4.18;19.43;561.1;38.0;91.0;0;54;WARNING
100551;Pump;Morning;Junior;no;76.06;7.88;2.29;20.59;643.6;40.0;80.7;2;90;WARNING
101603;Compressor;morning;Intermediate;No;74.92;8.4 bar;6.12;17.68;776.2 h;27.5;80.3;2;106;FAILURE
100369;Pump;Afternoon;junior;No;79.24;5.79;1.29;20.87;235.0;56.5;73.9;1;11;OK
100844;Pump;AFT;Senior;0;85.15;8.36;3.6;25.13;353.2 h;31.1;100.1;6;74;WARNING
101682;Conveyor;Morning;Intermediate;No;66.4;6.66;1.32;16.68;643.3;47.1;136,9;2;114;WARNING
101662;Compressor;Night;Senior;yes;92.81;8.69;1.5;23.81;364.6;17.5;75.9;3;63;OK
102380;Compressor;N;Intermediate;No;94.79;6,4;4.86;25.01;480,4;62.2;83.4;3;31;FAILURE
101859;CNC;Morning;Mid;No;64.14;4.99;1.37;16.92;583.4;27.8;82.3;0;60;OK
101927;Pump;Night;Intermediate;No;96.05;6.54;1.31;20.61;1500.8;57.1;66.0;1;101;FAILURE
101321;Pump;Morning;Senior;No;83.25;8.42;2.27;20.19;1516,9;42.5 %;79.3;5;3;FAILURE
102369;Pump;Morning;Senior;No;78.79;7,65;0.71;20.43;314.5 h;55,1;97.1;2;110;OK
100361;Conveyor;Night;Senior;N;69.92;6.1;1.69;9,92;374.8;31.4;118.1;1;82;OK
100677;Conveyor;afternoon;Intermediate;;57.09;5.85;3.56;18,32;189.3;28.7;127.4;3;79;OK
100947;Compressor;Afternoon;senior;No;92.01;6.74;3.94;26.65;339,3;59.1;98.4;1;108;WARNING
100916;Conveyor;NIGHT;Sr;Yes;40.58 C;7.1;1.79;15.31;599.1;25.1;120.4;0;40;OK
100676;Pump;Night;Intermediate;No;84.88;4.93 bar;4.94;unknown;871.1;48.9;79.1;2;91;FAILURE
101942;Pump;MORNING;Senior;no;73.92;7.83;2,93;30.98;1164.3;56.7;73.6;2;105;FAILURE
102585;CNC;MORNING;intermediate;No;61.76;5.21;0.56;20.66;639.7;50.8;122.2;1;9;OK
101378;Conveyor;M;Senior;no;49.72;6.31;1.84;10.88;1159.4;23.3 %;101.6;0;101;FAILURE
100538;CNC;Morning;Mid;1;65.6;4.05;1.88;15.38;730.2;47.3;139.7;1;93;OK
100732;CNC;Morning;Junior;1;63.72;6.17;2.75;26.28;380.3;58.4;104.2;4;22;OK
101817;Compressor;Afternoon;Intermediate;Yes;83.38;8.19;1.49;20.62;1855.6;62.8;;4;48;FAILURE
100037;CNC;Afternoon;Junior;N;75.84;5.73;3.09;16.88;285.7;34.4;85.9;1;81;OK
102384;CNC;Morning;Senior;1;39.43;7,64;7.45;16.31;587.4;68.0;113.5;0;87;WARNING
100022;Pump;N;Intermediate;No;;7.22;1.32;20.03;405.8;42.2;91.1;1;102;OK
100549;Compressor;Night;Senior;Y;102.1;8.9;0.77;24.39;688,1;34.4;93.3 u/h;1;104;WARNING
100731;Pump;Night;Senior;no;83.17;7.58;0.23;27.8;401.2;35.3;72.9;0;79;OK
100201;Compressor;Night;Intermediate;No;71.33;6.83;7.6;32.33;181.6;43.1;67.4;4;82;WARNING
101500;Compressor;night;Intermediate;Yes;;6.62;1.89;23.82;394.7;10.0;92.6;3;66;OK
102509;Pump;Afternoon;Intermediate;No;76.48;8.92;3.9;16.7;697.6;43.0;81.0;1;75;FAILURE
100372;CNC;AFT;Junior;No;64.34;6.88;5.12;10.01;619.6;30.6;97.4;1;10;WARNING
101595;Conveyor;MORNING;intermediate;No;65.06;4.52;1.77;10.73;612.5;35.3;134.3;0;119;OK
100983;Compressor;afternoon;Senior;0;89.83;8.01;4.84;30.12;1051.6;25.7;68.5;0;108;FAILURE
101795;Conveyor;Morning;Senior;0;62.49;unknown;5.21;15.52;436.8;46,8;120.7;2;79;OK
102581;CNC;Afternoon;Senior;No;53.9 C;9.01;8.01;17.43 A;326.1;59.3;87.7;2;113;FAILURE
100117;Compressor;A;Junior;no;105.06;6.58;3.1;11,85;;47.1 %;73.6;5;81;FAILURE
102385;CNC;morning;Intermediate;Yes;78.95;5.67;2.91;12.58;1170.5;43.6;90.6;2;40;FAILURE
102517;CNC;afternoon;Mid;N;77.23;3.6;1.89;20.72;345.7;59.9;111.7;0;80;OK
101820;Compressor;Afternoon;Intermediate;no;64.97;7.17 bar;;15,45;683.1;68.2;73.4;0;72;WARNING
102137;Pump;A;Intermediate;no;70.79;7.53;0.67;16.02;917.4;47.8;68.6;1;77;FAILURE
102262;Conveyor;Night;Intermediate;no;72.52;5.48;1.75;23,62;857.6;53.9;;0;64;OK
102372;Pump;Morning;Senior;no;77,55;8.48;8.44;23.83;875.7;54.1;107.7;3;69;FAILURE
102060;CNC;morning;junior;no;55.52 C;5.58;1.24;20.42 A;433.5;error;92.7;0;111;OK
102544;CNC;NIGHT;Senior;N;78.62;6.8;3.55;25.03;1029.8;;80.0;2;118;FAILURE
102257;Conveyor;Afternoon;Senior;Yes;58,41;6.58 bar;5.53;17.43;913.8;46.5;119.0;3;90;FAILURE
101736;Compressor;Morning;Senior;no;77.96;9.09;4.67;18.79;438.3;59.8;110.5;7;66;FAILURE
100659;Compressor;afternoon;Intermediate;N;96.89;11.09;4.16;20.65;623.1;52.5 %;79.4;1;62;FAILURE
101951;Conveyor;Morning;Intermediate;No;67.99;5.73;0.5;15.22;125.6;50.5;140.0;0;15;OK
100710;Pump;Morning;Junior;N;55.9;5.28;3.44;18.3;890.8;29.3;87.3;2;108;FAILURE
102513;CNC;Night;Intermediate;No;79.37;8.27;2.27;25.36;624.1;;80.7;1;45;WARNING
100055;Compressor;Afternoon;senior;N;88.44;8.3 bar;2.67;12.07;1234.3;50.4;74.2;0;26;FAILURE
100554;Conveyor;Morning;Senior;Yes;60.78;5.5;0.61;20.81;571.1;53.1;132.7 u/h;0;118;OK
100419;CNC;Morning;Intermediate;no;;5.86 bar;1.01;14.22;764.2;;116.6;0;57;OK
100905;Conveyor;Night;Intermediate;No;60.71;;1.66;21.63;288.9;56.3;153.6;0;60;OK
101205;CNC;Morning;Junior;1;51,98;6.67;2.74;13.08;1054.7;13.5;107.8;0;54;OK
101070;Pump;Afternoon;junior;0;62.53;;2.85;32,18;990.6 h;35.9;125.2;0;98;FAILURE
101619;Conveyor;Night;Junior;No;69.04 C;8.21;4.08;17.11;633.4;28.7;134.4;4;13;OK
101572;Compressor;Night;Mid;Yes;92.21;8.72;4.87;9.11;832.8;45.3;107.1;1;92;FAILURE
100894;CNC;Afternoon;Intermediate;Yes;78.12;7.22;4.88;22.99;751.8;34.8;106,4;4;113;FAILURE
101187;Pump;Night;Intermediate;No;77.11;6.71;2.51;22.72;633.6;26.9;111.5;1;68;OK
102358;Pump;morning;Intermediate;No;79.62;8.39;4.34;13.73;937.7;43.7;67.6;1;75;FAILURE
100727;CNC;Afternoon;Senior;No;63.16;5.21;5.36;13.52;857,5;28.0;120.3;2;68;WARNING
101452;Compressor;Afternoon;Senior;No;81.66;6,26;1.68;18.8;672.8;43.0;83.5;0;86;WARNING
102507;Conveyor;M;Junior;No;54.21;5.57;2.59;19.59;1355.5;48.4;147.2;0;77;FAILURE
101414;Conveyor;Morning;Junior;Y;77.79;6.08;1.6;14.66;437.3;45,4;108.1;6;26;OK
102029;Pump;MORNING;Jr;N;79.12;9.15;0,95;19.68;550.1;50.5;86.5 u/h;1;15;WARNING
101704;Compressor;Morning;Intermediate;N;90.29;8.7;3.75;22.93;466.8;56.3;79.2;3;25;WARNING
101796;CNC;AFT;senior;No;54.61;6.27;3.68;25.93;444.1 h;48.1;115.9;2;8;OK
102340;CNC;Morning;Intermediate;Yes;64.39;6.52;2.48;18.24;702.5;38.9;135.4;2;113;WARNING
100625;Conveyor;Morning;Intermediate;;66.01;6.73;1.84;15.72;874.8;48.4;92.8;1;69;WARNING
102096;Pump;Afternoon;senior;no;77.46;7.42;7.24;22.06;609,3;38.2;80.8;1;111;FAILURE
100066;Compressor;Night;Junior;N;100.68;8.83;2.22;21.07 A;155.0;61.7;;3;5;OK
101953;Compressor;Morning;senior;no;85.57;7.75;4.47;20.88;1081.9;39.3;98.8;3;116;FAILURE
100667;Conveyor;MORNING;Senior;no;66.29;5.16;2.01;14,13;859.3;41.1;120,1;0;118;OK
101778;Pump;Morning;Junior;no;82.88;8.03;3.36;22.87 A;1351.0;66.1;89.6;3;41;FAILURE
102466;Compressor;afternoon;Intermediate;N;86.01;8,19;5.91;21.33;586.4;24.4;76.2;0;8;WARNING
102498;CNC;Afternoon;Senior;no;59.18;7.54;0.86;25.02;1040.0;21.5 %;84.6;0;7;WARNING
101830;Pump;Morning;Senior;no;71.33;;1.32;23.01;1035.8;36.9;82.9;1;10;FAILURE
100279;Conveyor;Afternoon;Intermediate;;;5.33;2.6;14.52;1905.3;54.7;110.0;0;55;FAILURE
101076;Pump;Night;Senior;No;84.08;6.64;4.28;26.82;751.0;28.5;75.8;3;108;FAILURE
102577;Compressor;Morning;Junior;no;101.59;5.01 bar;3,1;24.79;809.9;30.4;89.3 u/h;3;42;FAILURE
100458;Pump;M;Sr;No;65.21;6.61;;28.58;717.6;45.4;91.4;3;79;WARNING
101852;Conveyor;Night;Junior;N;71.22;6.59;1.49;16.94;515.0;45,8;102.8;1;72;OK
101803;CNC;Morning;Intermediate;No;75,76;4.22;1.92;20.41;955.9;54.7;91.1;3;72;WARNING
101071;Conveyor;Morning;Intermediate;no;51.67;4.78;2.11;18.34;977.9;73.4;121.1;0;99;OK
102121;CNC;Afternoon;Junior;No;66.01;6.14;1.03;26.54;678,4;47.9;82.3;0;43;OK
100045;Conveyor;MORNING;intermediate;1;71.72;4.77;5.23;18.02;802.5;48.0;100.7;1;108;WARNING
101687;Pump;Night;Intermediate;No;74.73;6.08;4.29;20.21;;37.4;unknown;0;19;FAILURE
100926;CNC;A;Intermediate;0;80.88;6.24;5.4;17.28;417.0;58.5;98.3;4;101;FAILURE
100453;Compressor;AFT;intermediate;N;100.07;8.93 bar;1.15;24.19;N/A;52.0;68.7;4;89;OK
100597;Compressor;A;Mid;0;92.67;7.42 bar;3.28;26.07 A;688,6;41.6;100.9;1;100;FAILURE
100175;CNC;Night;Intermediate;0;77.57;4,0;2.78 mm/s;17.62;502.2;52.9;118.1;3;63;OK
101706;Conveyor;Morning;Senior;N;56.59 C;5.63;1.29 mm/s;17.7;229.7;50.2;88.3;1;66;OK
101002;Pump;MORNING;Intermediate;0;105.74;7.99;3.44;24.98;1285.5;64.7;91.0;0;64;FAILURE
101591;CNC;MORNING;Intermediate;No;64.54;5.61;1.82;13.12;1143.0;62.2;94.9;1;96;FAILURE
100513;CNC;NIGHT;Senior;1;63.29;6.4;3.13;19.08;689.9;29.2;108.4;2;20;OK
100553;CNC;M;Senior;0;73.27;4.91;4.04 mm/s;7.2;506.9;25.0;103.0;3;70;OK
100404;CNC;Night;Senior;No;84.37;6.43;2.48;18.25;1053.8;46.1;113.8;0;82;FAILURE
100556;CNC;Morning;intermediate;0;65.96;4.14;6.71 mm/s;10.53 A;408.5;44.9;91.0;2;88;OK
101058;CNC;Afternoon;Junior;0;83.92;6,54;3,84;15.54;515.6 h;25.5;103.6;6;108;FAILURE
101672;Compressor;Afternoon;Intermediate;Yes;60.29;7.57;3.43;15.26;1757.9;54.9;89.8;1;105;FAILURE
100143;Conveyor;Morning;Senior;No;;6.33 bar;0.64;11.89;702.1;27.6;99.3;2;36;OK
101227;Pump;Morning;junior;0;85.79;6.82;1.55;22.45;609.2;47.2;87.1;7;85;OK
100059;CNC;morning;Intermediate;No;68.53;5.59;0.79;21.08;888.1;28.5;80.3;0;95;WARNING
100771;CNC;NIGHT;Intermediate;No;80,19;6.56;2.81;21.97;1189.6;46.9;119.2;2;91;FAILURE
100576;Pump;Morning;Junior;No;64.67;4.54;;12.63;992,0;32.1;86.2;2;13;WARNING
101356;CNC;Afternoon;;No;68.53;6.64;3.92;24.21;519.9;58.3;109.4;1;77;OK
101835;CNC;Afternoon;Junior;N;64.2;6.44;0.8;22.58;834.9;49.5;85.5;0;115;WARNING
101135;Conveyor;Morning;Senior;No;68.2;6.84;3.05;13.73;432.7;27.7;111.9;0;1;OK
100306;Pump;Afternoon;Intermediate;Yes;;6.82;3.4;17.09;550.4;40.9;94.4;4;80;WARNING
101744;Conveyor;Morning;Intermediate;No;;3.96;5.53;18.56 A;654.4;28.3;117,3;2;40;WARNING
102106;Compressor;MORNING;Intermediate;N;84.33;8.8 bar;6.89;23.1;803.4;35.5;92.5;2;69;FAILURE
100706;Compressor;Morning;Senior;No;68.88;8.72;2.32;24.01;1367,9;67.0;99,9;1;7;FAILURE
101983;Conveyor;Night;Intermediate;N;59.53;5.98;9,86;16.21;344.0;37,2;135.8;3;38;FAILURE
101140;Compressor;A;senior;No;97.74;8.17;2.91;27.6;884.0;;88,2;1;20;FAILURE
101995;Pump;Morning;Senior;Yes;56.03;5.97;;18.08;520.8;57.6;92.5;0;16;OK
101889;Conveyor;MORNING;junior;Yes;65.75;6.34;5.13;17.62;927.0;40,2;110.1;3;6;WARNING
102164;Pump;Afternoon;Senior;No;84.91;8.63;4.37;20.6;862.9;76.9;87.7;6;2;FAILURE
101257;Compressor;NIGHT;Intermediate;N;70.43;8.89;?;22.01;1209,8;41,7;71.1;4;64;FAILURE
102249;Pump;MORNING;Intermediate;No;67,49;5.35;1.14;14.15;394.6;32.4;93.2;1;26;OK
101841;CNC;Morning;Intermediate;N;61.95;6.19;2.54;16.3;516.9;24.4;70.5;0;59;OK
102352;Conveyor;Night;Intermediate;No;73.34;6,82;1,15;11.6;422,2;53.1;119.3;0;12;OK
100202;Conveyor;Afternoon;Junior;No;54.71;5.12;4.84;17.19;406.1;24.1;121.4;1;33;OK
101072;Compressor;afternoon;Junior;No;86.18;7,46;5.04;16.74;452.9;71.0;81.6;1;35;OK
101398;Conveyor;Afternoon;Intermediate;No;57.55;5.47;1.13;16.52;1423.1;26.2;122.4;0;102;FAILURE
102085;Compressor;Night;Senior;no;92.31;7.39;6.56;;616.5;46.3;105.1;5;10;FAILURE
101343;Pump;Morning;Senior;No;;6.09;3.12;32.04;631.4;29.2;87.3;3;83;WARNING
100524;Compressor;A;Senior;no;93.1;8.36;5.04;15.62;118.1;18.5;69.3;6;40;OK
100466;Compressor;A;Intermediate;No;103.39;;;16.85;210.7;47.2;98.2;1;87;OK
101559;Compressor;Afternoon;intermediate;no;;5.57;4.55;21.6 A;612.7;54.6;68.5;1;12;OK
100370;Conveyor;Morning;senior;No;50.44;5.56;5.58;14.84;944.1;unknown;121.7;4;31;FAILURE
100809;Pump;Afternoon;;No;71.39;7.32;0.91;22.21;887.3;32.5;85.8;0;62;OK
101272;Pump;M;Intermediate;No;77.58;6.69;0.48;22.08;542.5;12.8;52.6;2;20;OK
100557;CNC;Morning;Junior;no;69.08;6.39;4.17;19.75;1000.5;42.1;117.0;0;50;FAILURE
102207;Compressor;AFT;Senior;N;70.52;5.74;0.77;21.29;512.8;43.4;58.3;0;99;OK
101857;CNC;Morning;senior;;67.72;4.6;0.76;15.23;695.0;48.0;97.7;0;106;OK
101261;CNC;Afternoon;Junior;0;72.98;;5.33;12.61;680.1 h;60.9;110.8;0;102;FAILURE
100702;Pump;Morning;junior;no;75,66;8.51;6.24;15.67;231.5;58.8;91.9;5;99;OK
101882;Compressor;Afternoon;senior;Y;91.44;8.2;2.49;17.58;568,2;39.1;70.1;3;100;WARNING
101917;Compressor;afternoon;Intermediate;No;100.83;8.28;6.87;22.3;738.6;26.2;105,9;9;25;FAILURE
102567;CNC;Afternoon;Senior;No;;7.47;3,01;19.4 A;698.3;43,7;120.7;0;47;FAILURE
101291;Pump;morning;Intermediate;N;94.72;7.23;7.36;15.63;410.6;41.9;81.8;3;89;FAILURE
101865;Compressor;Morning;Intermediate;Yes;85.66;7.9;0.36;22.14;855.0;31.1;76.1;1;24;WARNING
101206;CNC;morning;Senior;No;62.6;5.86;3.48;20,55;1070.0;41.2;88,5;1;46;WARNING
100961;Pump;Night;intermediate;0;77.15;6.46;1.0;25.21;733.8;25.4;107.3;2;94;OK
102167;Conveyor;Afternoon;Junior;No;64.17;3.86;2.73;17.23;233.3;47.1 %;101.2;1;14;OK
102286;CNC;NIGHT;Senior;No;;7.4;2.63;12.98;768.5;38,1;83.9;1;1;OK
101440;Conveyor;night;intermediate;N;68.02;6.06;1.71;12.9;569.2;42,0;113.3;1;69;OK
101407;Conveyor;Afternoon;Senior;0;62.73;6.49;2.72;20.64;526.5;51.5;136.4;2;104;OK
100408;Conveyor;Morning;intermediate;No;71.55;5.72;1.27;15.09;960.8;40.0;97.6;2;98;FAILURE
101844;Conveyor;Night;Junior;yes;55.95;5.52;2.85;16.21;1751.3;41.8;94.6;1;110;FAILURE
101165;CNC;Morning;Senior;no;66,33;6.13;0.75;23.39;1203.7;58.1;96,3;0;13;FAILURE
100013;Compressor;A;Senior;No;79.97;10.52;2.91;21.19;159.4;16.0;81.8;1;88;OK
102298;CNC;afternoon;Intermediate;No;73.72;6,95;0,71;14.7;2073,8;31.2;117.2;1;50;FAILURE
101735;Conveyor;Night;Intermediate;N;60.85;7.16;0.77;13.63;240.3;22.6;108.8;0;51;OK
100719;Compressor;Morning;Senior;0;85.36;6.61;0.94;24.49;1388.3;52.0;61.2;0;23;FAILURE
101300;Pump;Morning;Intermediate;no;65.25;8,06;4.39;24.81;1435.4;34.4;113.5;2;102;FAILURE
100686;Pump;Afternoon;Junior;No;66.52;8.29;5.22;15.8;356.7;60.3;N/A;2;13;OK
101117;CNC;Night;Intermediate;N;unknown;7.67;3.1;21.01;848.8;48.5;140.6;2;49;WARNING
102325;CNC;AFT;Junior;Yes;;7.2;1.2;18.1;892.7;44.5;111.7;1;55;OK
102144;Conveyor;Morning;Junior;0;70.49;5.49;0.8;16.48;700.8;44.4;94.1;0;50;OK
101905;Compressor;MORNING;Intermediate;No;70.76;10.41;6.85;18.67;723.2;59.5;;6;5;FAILURE
100069;CNC;Afternoon;Senior;N;53.28;8.01;3.48;20.17;249.7;29.2;91.5;2;22;OK
100086;CNC;Night;Junior;no;52.5;6.01;2.37;16.83;1163.9;25.1;124.3;0;43;WARNING
100173;CNC;Night;Junior;0;73.59;6.17;2.1;13.87;740.0;54.2;100,3;0;31;OK
101150;Conveyor;Morning;Intermediate;Yes;65.43;5.68;0.77;23.25;1357.1;;152.6;0;115;FAILURE
102377;Conveyor;Afternoon;Senior;Y;56.75;7.12;4.85;12.32;949.4;51.8;100.2;1;100;FAILURE
100414;Conveyor;Afternoon;Mid;No;62.35;4.76;2.39;17.61;546.5;37.4;102,3;1;12;OK
100225;CNC;Night;Senior;No;71.61;6.26;2,6;15.36;1004.9;27.1;91.9;1;6;FAILURE
100020;Compressor;Night;Junior;;76,88;9.28 bar;2.89;18,96;548.3;39.4;106.1;1;59;WARNING
101226;Conveyor;Afternoon;Junior;N;53.57;4.34;4.52;11.12;;25.8;123.5;1;32;OK
101964;CNC;Night;senior;N;81.5;6.41;1.57;18.96 A;649.1;58.2;115.3;2;118;WARNING
101485;Compressor;Afternoon;junior;no;73.15;7.51;5.42;20.09;589,0;55.3;96.0;0;54;FAILURE
100669;CNC;night;junior;No;89,67;8.08;5,67;17.97;1239.0;36.3;121.6;2;52;FAILURE
101095;Compressor;Night;Junior;0;99.36;8.3;6,35;18.49;1247.5;44.0;102.4;1;112;FAILURE
101711;Compressor;Afternoon;Senior;N;90,19;8.52;5.87;16.62;525.8;62.2;73.7 u/h;1;115;FAILURE
100047;Pump;Night;Intermediate;No;84.73;6.39;8.79;17.78;698.2;49.8;92,6;6;88;FAILURE
102130;CNC;Afternoon;intermediate;No;84.63;6.61;4,42;22.96;532,6;44.2;100.0;4;116;WARNING
100030;Compressor;M;Junior;Yes;80.65;7.0;1.16;19.28;988.4;58.1;86.1;2;44;WARNING
102232;Compressor;MORNING;;No;88.39;7.64;4,78;29.94;783.5;44.1;106.6;0;25;FAILURE
101722;CNC;afternoon;senior;N;53.22;5.55 bar;4,31;11.91;1224.9;51.1;113.9;2;117;FAILURE
101238;Pump;M;Intermediate;No;69.47;7.48;3.8;22.41;417.3;43.7;101.4;2;70;WARNING
102401;Compressor;Morning;Senior;0;76.2;9.24;0,65;19,38;746.6;54.7;76.6;1;15;OK
101094;CNC;Afternoon;senior;No;78.17;5.9;6,36;18.36;287.2;32.4;125.7;2;72;WARNING
102599;Conveyor;Night;Intermediate;No;75.08 C;3.47;2.62;14.07;1604.5;40.6;131.9;1;16;FAILURE
100650;CNC;A;Senior;No;69,4;7.1;6.68;24.05;389.9;32.8;120.0;4;30;WARNING
101419;Conveyor;Morning;Junior;no;58.2;6.51;4.87;16.55;215.9;66,0;144.3;2;19;OK
101495;Pump;Morning;Intermediate;Yes;66.83;7.42;;25.22 A;807.3;41.0;107.6;1;23;OK
100271;CNC;Afternoon;Intermediate;No;77.4;7.14 bar;3.55;20.44;880.7;51.8;N/A;2;29;FAILURE
100915;Conveyor;Night;Intermediate;Y;71.33;7.69;1.1;19.45;315.5;34.2;126.5;1;38;OK
100878;Pump;Night;Intermediate;No;73.19;8.46;12.19;18.99;546.6;30.4;99.3;10;59;FAILURE
100424;CNC;Afternoon;Intermediate;0;81.81;7.66;6.6;21.54;877.1;15.5;48.3;1;61;FAILURE
102389;Compressor;Night;Intermediate;No;90.96;8.76;1.73;23.93;492.2;19.0;59.9;2;68;WARNING
102503;Conveyor;Morning;Intermediate;No;56.02;3.98;0.67;21.81;423.8;56.4;117.4;1;1;OK
100036;CNC;AFT;Intermediate;no;72.75;6.57;6.18;18.23;854.7;69.3;128.1;1;59;FAILURE
102425;Conveyor;Afternoon;Intermediate;No;64.91;3.35;2.94;24.76;405.1;40.3;140.2;1;56;OK
100749;Compressor;Night;Mid;No;93.12;6.05;6.44;23.42;191.8;39.2;75,6;4;45;OK
102292;Compressor;morning;Senior;Yes;72.08;6.57;3.5;18.14;760.5;31.5;79.7;0;70;OK
100274;Compressor;Morning;junior;N;73.58;9.04;1.96;24.38;489.5;33,7;74.2;1;60;WARNING
100272;CNC;AFT;Junior;0;68.01;5.74;2.21;15.49;919.6;63.8;114.6;3;99;FAILURE
102452;Compressor;Afternoon;Junior;No;77.03;7.45;3.45;26.11;1453.6;64.9;75.0;3;83;FAILURE
101615;Conveyor;afternoon;Intermediate;No;54.35;6.04;1.66;14.82;785.3 h;55.8;86.0;1;117;WARNING
100616;Compressor;NIGHT;Senior;No;106.94;5.11;9.88;26,95;311.7;35.9 %;?;7;19;FAILURE
100138;Pump;afternoon;Intermediate;No;66.45;6,62;1.0;23,68;1921.2;43.9;96.8;0;80;FAILURE
101654;CNC;Afternoon;Intermediate;No;93.46;6.34;0.99;9.83;626.0;36.3;83.6;2;5;OK
100854;Conveyor;Morning;Junior;Yes;53.7;5.19;1.09;27.04;144.0;32.7;120,0;1;5;OK
101944;CNC;AFT;Junior;;69.52;6.18;5.94;19.95;716.6;85.4;92.5;2;87;FAILURE
102229;CNC;Night;Intermediate;No;94.25;N/A;8.78;20.22;836.0;52.7;101.5;1;2;FAILURE
101799;Compressor;Morning;Sr;no;;7.33;5.02;22.08;1082.4;56.1;102.2;5;38;FAILURE
100921;CNC;Afternoon;Junior;0;72.19;7.52;2.25;14.9;416.1;23.0;109.9;3;32;OK
101112;Pump;Night;Senior;no;97.98;;2.55;21.33;197.0;;109.3;6;78;WARNING
101148;Conveyor;Night;Sr;No;63.47;5.09;5.09 mm/s;17.12;;50.3;92.5;3;29;OK
101733;Compressor;MORNING;Intermediate;0;92.58;8.19;3.21;15.45 A;1033.9;44.8;73.4;2;107;FAILURE
100598;Compressor;Morning;senior;No;92.39;6.09;0.17;33.43;360.9;46.3;89.9;1;116;OK
100565;Compressor;A;intermediate;No;75.87 C;7.59;0.67 mm/s;11.99;;47.2;117.0;1;50;OK
102242;CNC;Afternoon;Senior;No;74.09;7.26;7.76;16.62;589.1;51.6;77.1;3;52;FAILURE
100792;Pump;Afternoon;Intermediate;yes;75.75;9.89;3.86;20.8;410.6;48.4;73.0;2;39;WARNING
100812;CNC;Morning;Senior;0;44.46;5.63;;17.82;424.0;54.0;121.6;0;57;OK
100633;CNC;Afternoon;Intermediate;N;68.65;5.8;1.89;15.3;870.5;47.6;89.0;0;41;WARNING
100305;Conveyor;Afternoon;Senior;no;82.29;4.79;0.86;17.04 A;315.9;40.4;115.2;0;48;OK
101305;Conveyor;afternoon;Senior;No;46.76;5.6;4.61;9.24;616.5;32.1;142.3;0;119;WARNING
100547;Pump;Night;Junior;No;62.82;8.11;unknown;19.26;1140.1;42.7;79.8;1;38;FAILURE
102001;Conveyor;Afternoon;Intermediate;Yes;50.68;6.73;2.96;20.21;;50.2;125.7;0;118;FAILURE
102282;CNC;Afternoon;senior;No;72.37;4.69;2,24;13.11;284.3;56.3 %;92.2;2;113;OK
101195;Conveyor;AFT;Intermediate;No;51.85;6.22;3.39;17.61;95.8;50.4;122.5;1;105;OK
101794;Compressor;A;intermediate;0;82.87;8,02;4.01;23.97;904.7;41.0;78.4;3;27;FAILURE
101610;Pump;Morning;Senior;No;73.4;5.74;3.59;27.52;1112.2;23.1;90.0;4;104;FAILURE
100939;Conveyor;Morning;Junior;No;72.29;5.86;2.31;16.17;618.7;20.3;154.1;1;35;OK
100795;CNC;Night;Intermediate;Yes;69.7;8.44;4.14;17.53;971.8;45.0;?;1;7;FAILURE
101309;CNC;Afternoon;Intermediate;No;58.1;4.32;0.73;12.86;671.4;32.3;84.8;1;19;OK
100891;Pump;Afternoon;junior;N;63.68;8.88;5.91;18.02;1431.4 h;20.2;92.7;2;49;FAILURE
101088;Compressor;Night;senior;N;79.66;7.34;2.2;23.73;957.1;49.8;83.5;1;24;FAILURE
100119;Pump;morning;Intermediate;N;N/A;9.19;5.28;19.23;492.7;40.2;81.3;1;57;WARNING
101983;Conveyor;Night;Intermediate;N;59.53;5.98;9,86;16.21;344.0;37,2;135.8;3;38;FAILURE
101329;CNC;Morning;Intermediate;N;73.13;;5.35;14.04;1219.3;27.4;103.7;3;73;FAILURE
102011;CNC;Night;Mid;No;;6.21;0.29;17.59;689.0;38.8;106.2;1;62;WARNING
102067;Pump;Night;Intermediate;Y;85,97;6.35;3.47;16.63;399.1;46.4;103.9;4;26;OK
101178;Pump;MORNING;;0;86.08;8.89;1.04;24.65;299.3;44.8;78.9;1;101;OK
100312;Pump;MORNING;Intermediate;No;79.41;7.49;3.67;20.87;669,5;42,5;80.9;3;58;WARNING
100992;Compressor;Morning;Jr;No;92.23;7.62;2.07;18.93;891.3;37.8;93.9;2;10;FAILURE
101494;Compressor;MORNING;Senior;Yes;74.05;6.21;3.18;26.78;823.0;57.8;86.3;3;52;OK
102462;Compressor;MORNING;senior;No;72.4;8.24;4.74;21.67;326.8;58.2 %;91.1;1;70;OK
100585;Conveyor;morning;Junior;yes;55.55;4.33;0.66;18.74 A;1160.4;19.0;118.1;0;89;OK
101315;CNC;Afternoon;Junior;N;72.58;5,16;4.03;19.83;452.0;31.7;102.8;0;82;OK
102449;Compressor;M;Intermediate;Yes;69.73;5.94 bar;1.36;20.47;988.0;49.1;98.7 u/h;0;77;WARNING
101016;CNC;Afternoon;junior;N;61.26;8.76;5.73;13.92;543.1;49.7;109.6;2;91;FAILURE
101716;Compressor;Afternoon;senior;no;102.34;8.99;;25.9;1522.6;40.4;107.1;2;101;FAILURE
101758;Conveyor;Morning;Intermediate;No;57.48;4.66;3.47;13.32;1258.8;56.1;111.6;0;38;FAILURE
102246;CNC;Morning;intermediate;No;63.76;6.51;7.59;13.72;886.0;26.4;107.6;2;119;FAILURE
101842;Compressor;Morning;Junior;Yes;81.39;8.67;2.05;20.4;2086.2;45.9;108.8;1;89;FAILURE
101707;CNC;afternoon;Senior;no;77.29;5.83;5.15;;608.1;30.3;112.1;1;93;FAILURE
102078;CNC;Morning;Intermediate;no;65.84;5.77;3.48;20.13;1031.3;;80.3;1;17;WARNING
101006;Pump;Morning;Intermediate;No;71.89;7.82;12.62;25.21;792.3;45,1;80.3;4;108;FAILURE
100459;Compressor;Morning;Junior;0;97.28;7.62;0.77;26.64;523.5;41.2;82.6;3;111;FAILURE
102074;Conveyor;Morning;Junior;No;51.0;4.42;1.66;15.07;751.7;50.3;108.5;0;104;OK
100756;CNC;Morning;Intermediate;Yes;;3.73;3.16;19.95;480.5;47.1;106.3 u/h;1;116;OK
101332;Pump;Afternoon;Senior;No;82.07;4,41;7.02;20.58;551.6;47.8;106.5;2;4;OK
102277;Compressor;Morning;Intermediate;No;83.34;8.72;1.86;26.09;553.2;55.3;88.5;2;87;WARNING
101080;Pump;Morning;Junior;No;75.71 C;6.45;3.89;17.59;408.4;58.6;61.2;2;66;WARNING
101607;Conveyor;M;Intermediate;no;57.08 C;5.3;4.3;10.58;988.2;54.4;107.8;3;78;FAILURE
102518;CNC;Night;Senior;no;59.27;6.65;1,26;19.48;439.9;50.9;90.3;1;42;OK
100782;Conveyor;Night;Intermediate;No;89.18;5.91;3.13;15.87;207.8;48.2;138.4;5;78;OK
100886;Pump;Night;Sr;Y;85.86;6.13;6.31;25.18;735.6;37.3;76.6;3;21;FAILURE
100087;Compressor;Morning;Senior;No;81.08;7.97;3.79;14.64;664.7 h;68.1;99.2;2;87;FAILURE
100147;Pump;Morning;Senior;No;69.1;7.9;1.29;20.12;591.1;39.8;102.0;2;96;WARNING
101772;Compressor;M;Intermediate;0;73.42;9.93;3.42;30.63;425.3;35.7;70,9;0;34;OK
100836;Compressor;Afternoon;senior;No;90.94;7.91;0.45;27.68;332.3;24.4;83.5;2;5;OK
101370;Pump;morning;Senior;No;75.36;6.49;2.59;20,52;510.0;36.9;88.0;4;107;OK
100043;Compressor;Afternoon;intermediate;Yes;;6.82;2,91;19.36;1583.1;;90.4 u/h;4;6;FAILURE
100744;CNC;MORNING;Senior;0;64.6;6.38;1.98;18.66;729.5;27.6 %;112.5;1;85;OK
102419;CNC;AFT;Senior;Yes;72.96;3.58 bar;;19,93;153.8;31.3 %;86.8;2;115;OK
100431;Conveyor;night;intermediate;0;52.5;4.32;2.57;17.17;557,0;41.1;106.0;0;106;WARNING
101519;CNC;Morning;Intermediate;no;57.36;4.63;0.8;17.18;175.6;70.6;100.7;1;116;OK
100442;CNC;Night;Sr;no;64.75;5.2;0.98;error;655.2;;106.7;2;70;OK
101545;Pump;Afternoon;Junior;No;83,63;4.89;1.39;;594.9;47.5;102.6;1;102;OK
101587;Pump;Morning;Intermediate;No;59.11;5.73;0.88;18.77;;43.8;124.9;1;33;OK
101961;Compressor;Night;Intermediate;no;100.28;8.04;4.64;23.09;838.1;50.9;86.0;1;27;FAILURE
101249;Conveyor;M;Mid;No;66.28;6.02;2.94;18.85;668.3;29.1;110.1;1;76;OK
101582;Pump;Morning;intermediate;No;82.08;;1.13;21.7 A;231,3;44.5;70.1;1;110;OK
100869;CNC;Morning;Intermediate;No;76.66;6.18 bar;1.07;20.57;546.6;38.8;99.4;2;76;WARNING
101275;CNC;Night;Junior;No;75.72;6.8;1.63;20.01;899.8;33.1;70.7;0;16;WARNING
102542;Pump;Afternoon;intermediate;no;85.5;7.98;4.21;10.12;300.8;23,8;105.1 u/h;4;58;OK
102520;CNC;AFT;Intermediate;;65.77;5.91;2.58;20.05;685.4;46.9;91.1;3;16;OK
100341;CNC;Night;senior;N;81.22;6.39;4.45;16.57;402,7;43.0;137.4;2;23;OK
100280;Conveyor;M;Senior;No;;7.82;1.9;20.04;522.1;36.0;138.3;0;95;OK
102220;Pump;Afternoon;Junior;No;75.8;5,21;3.36;21.28;1083.9;56.6;88.8;4;71;FAILURE
100558;Pump;MORNING;Mid;Y;78.8;7.01;2.84;22.63;701.0;52,8;76.1;4;50;WARNING
101764;CNC;NIGHT;Intermediate;0;78.8;6.3;5.17;18.33;;59.5;133.8;1;16;OK
101731;Conveyor;Morning;junior;No;55.43;4.13;N/A;19.7;297.4;41.2;116.6;0;27;OK
101534;Compressor;Afternoon;senior;No;;9.41;3.8;26.62;430.5;;73.4;1;98;FAILURE
101614;Pump;Morning;junior;N;68.63;6.09;2.34;20.04;747.8;70.5 %;85.5;4;106;FAILURE
100154;Compressor;Morning;Mid;Y;92.79;6.95;3.5;16.87 A;1488.9;45.1 %;116.4;7;62;FAILURE
101380;Pump;afternoon;Senior;Y;93.6;6.3;4.51;17.26;788.8;31,7;100.1;0;63;WARNING
102409;Pump;night;Intermediate;No;90.54;N/A;4.34;20.33;624.6;42.9;101,1;1;14;OK
102510;Compressor;Night;Intermediate;Yes;92.06;7.17;1.73;25.35;957.0;51.1;67,9;2;42;FAILURE
100737;CNC;afternoon;Junior;Yes;62.62;6.78;1.24;18.04;879.5;46.4;121.9;2;74;OK
101976;CNC;Morning;Junior;yes;57.84;5.32;0.53;21.39;662.5;33.3;122.4;1;11;OK
102073;CNC;Morning;Junior;no;73,94;8.93;1.87;11.11;741.4;52.0;115.1;0;23;WARNING
102183;Conveyor;Night;Senior;No;75.76;4.93;6,0;16.28;734.0;59.8;111.7;1;14;WARNING
100266;CNC;Morning;Senior;Yes;55.89;4.91;3.13;8.24;560.6;47.6;unknown;1;118;OK
101502;Conveyor;A;intermediate;No;55.28;6.83;3.05;16.39;574.8;42.0;105.4;0;19;OK
100111;Pump;N;Mid;N;81.81;7.14;5.23;18.84;463.1;;78.8;1;105;WARNING
100862;Compressor;Night;Intermediate;No;95.53;8.37;3.51;24.48;659.1;51.7;66.5;1;57;FAILURE
100802;Pump;Night;Junior;Y;85,43;7.39;9.86;21.63;462.3;61.4;63.9;2;86;FAILURE
101726;CNC;Afternoon;Jr;no;77.77;5.18;2.48;17.59;1047.1;48.7;106.2;0;65;FAILURE
101724;Compressor;Morning;Intermediate;No;unknown;6.51;5.09;15.52;749.1 h;63.7;78.3;4;108;FAILURE
101163;Conveyor;morning;Intermediate;no;59.81;5.94;3.44;14.6;310.5;57.6;125.2;2;42;OK
102495;Conveyor;Night;junior;Yes;73.73;5.62;4.56;19.42;1044.4;48.6;128,7;2;80;FAILURE
102291;Conveyor;Morning;Senior;No;51.42;5.51;0.29;17.59;;35.8;112.2;0;94;OK
101384;Conveyor;Morning;Junior;No;67.5;5.42;2.72;16.08;672.4;45.2 %;104.2;0;75;WARNING
101484;CNC;Morning;Sr;Yes;;5.8;2.22;22.43;1166.9;64.7;112.0;0;81;FAILURE
101997;CNC;Afternoon;junior;Y;65.8;5.71;2.47;17.84;1188.2;38.3 %;97.3;5;85;FAILURE
100989;Pump;Night;Intermediate;0;71.29;7.11;3.31;24.82;326.0;;106.0;1;1;OK
100995;Conveyor;morning;junior;no;45.8;6.77 bar;1.86;14.29;996.7;53.1;115.2;0;44;OK
100622;Pump;N;Senior;no;93.39;4.36;3.96;19.44;651.8;47.8;94.6;2;103;FAILURE
100163;CNC;Morning;Junior;0;71.71;5.09;0.79;24.75;412.6 h;54.7;74.7;0;23;OK
100214;Conveyor;M;Junior;No;53.44;3.29;0.88;15.09;165.5;53.1;128.8;0;6;OK
101881;Pump;Afternoon;senior;No;72.37;9.36;4.0;22.74;1109.3;44.9;83.1;1;66;FAILURE
102015;Pump;Morning;Sr;N;63.94;6.63;0.76;18.38;439.7;16.6;92.1;0;23;OK
100845;CNC;Night;intermediate;no;78,35;6.1;10.74;14.3;597.3;49.7;117.0;3;119;FAILURE
100120;Compressor;Afternoon;Intermediate;no;96,75;8,02;4.31;23.89;2313.2;58.7;75.7;1;52;FAILURE
100665;Pump;Morning;Intermediate;No;79.41;8.15;9.74;19.08;492.3;49.6;106.5;2;61;FAILURE
102187;Conveyor;Morning;intermediate;No;59.36;4.66;3.35 mm/s;16.65;1219.5;33.0;114.5;0;52;FAILURE
101389;Conveyor;Night;Senior;No;61.82;2.78;0.98;18.1;835.4;55.8;137.2;0;90;OK
100713;Conveyor;AFT;Mid;No;59.45;5.34;0,66;14.95;766.1;54.4;95.8;1;102;OK
102125;Pump;Morning;Senior;1;53.51;4.81;4.25;24.88;562.2;50.9 %;85.9;0;30;OK
100775;CNC;Afternoon;Senior;no;68.76;5.63;2.39;21.73;512.5;36.3;126.4;0;84;OK
102411;Compressor;Morning;senior;1;83.33;5.53;5.15;26.21;720.0;41.5;105.1;4;69;WARNING
101301;CNC;Morning;senior;No;54,14;6.25;0,67;14.81;979,8;21.1;129.2;0;96;FAILURE
101292;Compressor;Afternoon;Intermediate;N;75.29;7.04 bar;2.7;28.39;1281.1;59.1;79.3;4;65;FAILURE
102459;CNC;Afternoon;Junior;No;error;5.6;1.31;19.49;646.7;47.8;110.6;1;78;WARNING
100301;Compressor;Afternoon;junior;Yes;90.16;6.56;3.95;21.21;545.6;35.5;89.8;0;114;WARNING
101121;Compressor;AFT;Junior;N;82.12;9.68;3.51;23.19;471.1;53.2;89.8 u/h;3;76;FAILURE
102111;Pump;Night;intermediate;Yes;84.94;4.71;0.58;16,36;659.0;65.2;118.2;1;86;OK
100810;Conveyor;Morning;Senior;Yes;73.09;7.4;;17.08;177.0;39.0;128.8;0;16;OK
100104;Conveyor;Night;Intermediate;No;;4.05;2.58;;865.6 h;39.5;95.6;1;99;OK
102479;Pump;Morning;Senior;1;55.06;5.67;3.24;18.08;1094.9;39.1;88.9;0;41;WARNING
101661;CNC;Night;Junior;0;71,39;7.36;2.8;14.34;444.2;56.1;92.4;0;11;OK
101193;Conveyor;morning;;Yes;50.82;6.03;1.11;19,27;531.4;31.4;138.0;0;12;OK
100156;Compressor;Night;senior;no;84,6;4.49;4.41;29.67;629,0;53.1;51.1;5;112;FAILURE
100491;Compressor;NIGHT;Intermediate;no;65.96;9.0;0.98 mm/s;25.07;859.7;28.8;85.2;1;78;WARNING
101062;Compressor;N;Junior;N;110.63;10.4;8.22;16.66;506.2;46.4;92.7;7;70;FAILURE
102549;Pump;Night;Intermediate;No;117.62;7.0;6.69;25.86;392.3;26.4;57.8;9;83;FAILURE
101248;CNC;N;Intermediate;No;65.46;7.04;0.47;21.78;589.7;57.7;99.2;0;47;OK
101617;CNC;Afternoon;Intermediate;No;72.76;6.88;5.56;18.7;535.6 h;48.0;108.6 u/h;3;115;FAILURE
102150;CNC;Morning;Junior;no;65.79;7.25;5.32;;751.8;57.4;87.5;2;38;WARNING
100591;Conveyor;MORNING;Sr;N;55.54;6.52;1.0;13.92;774.1;62.5;91.0;0;109;OK
101503;Pump;Afternoon;Sr;No;74.12;6.72;4.52;20.5;1092.3;30.0;100.7;2;77;FAILURE
100849;CNC;morning;intermediate;No;57.4;7.92;;9.95;996.8;51.0;119.7;1;65;FAILURE
102595;CNC;Night;intermediate;No;66.78;5,36;2,13;10.26;704.6;57.4;109.6;1;72;OK
102041;CNC;Morning;Intermediate;No;;6.66;2.19;25.49;777.5;55.6 %;105.2;1;94;OK
101691;Compressor;Morning;Intermediate;No;93.57;7.94;9.43;31.04;1136.2;64.5;85.3;4;54;FAILURE
101349;Pump;Night;Senior;N;80.68;6.71;0.61;20.33;507.5;17.5;73.8;3;83;OK
100295;Conveyor;Night;Sr;yes;66.36;5,0;2.29;20.2;752.3;44.7;80.5;1;58;OK
100858;Conveyor;NIGHT;Intermediate;No;66.96;5.08 bar;5.24 mm/s;16.44;183.3;42.6;113.8 u/h;2;87;OK
101050;CNC;Night;Mid;No;85.98;7.13;3.23;19.96;883.9;19,2;81.4;1;39;FAILURE
101454;Conveyor;Afternoon;Intermediate;N;53.26;6.09;0.67;22.37;490,1;29.0;107.3;0;44;OK
101404;Pump;Morning;Junior;no;62.69;7.5;0.79 mm/s;19.29;529.8;53.1;94.5;0;58;OK
102360;CNC;night;Senior;N;83.39 C;4.58;1.73;14.46;648.4;error;105.7;2;48;OK
101784;CNC;Afternoon;Senior;N;67.13;5.96;1.92;17.32;1247.0;66.4;103.7;0;69;FAILURE
102332;Pump;AFT;Jr;1;;7.07;5.76;18.61;331.3;34,6;;0;106;OK
100493;Compressor;Night;Intermediate;No;90.48;6.81;1.25;26.06;1034.2;17.3;70.5;1;115;FAILURE
102467;Conveyor;AFT;senior;No;65.67;4.72;2.39;20.8;768.9;68.9;105.3;2;99;WARNING
101069;CNC;Afternoon;Junior;no;72.19;5.14 bar;3.44;16,93;718.4;57.5;111.5;0;82;WARNING
101887;CNC;Night;Senior;No;74.34;5.92;3.86;13.42;286.9;62.7 %;105.9;4;87;OK
100320;Conveyor;Night;Intermediate;0;77.32;5,75;1.87;20.1;1398.9;12.3;97.6;0;29;FAILURE
101085;Conveyor;Morning;senior;no;54.59;4.58;4.77;16.22;521.6;39.7;80.3;1;39;OK
101297;CNC;Morning;intermediate;N;59.25;8.0;9.01 mm/s;19.2;681,1;22.5;113.8;3;41;FAILURE
101048;Compressor;Afternoon;Senior;0;93.55 C;7.0;1,4;14.86;313.8;18.9;94.7;1;98;OK
100316;Pump;MORNING;Senior;No;71.08;8.9;0.26;23.62;350.7;28.8;87.8;1;30;OK
101734;CNC;Afternoon;Intermediate;no;78.56;3.92;2,78;19.01;226.6;76.8;123,8;4;3;OK
102319;Pump;Night;;N;97.35;5.18;1.27;18.1;727.2;58.0;91.3;2;55;WARNING
102117;CNC;Morning;Senior;No;59.57;5.37;3.36;23.44;1033.0;46.4;131.3;3;13;WARNING
100760;Pump;Afternoon;Intermediate;no;88.19;9.1;3.63;17.43;712.1;48.3;100.5;1;41;FAILURE
100183;Pump;Afternoon;senior;N;94.68;7.02 bar;1.3;;1296.8;36.7;110.7;2;51;FAILURE
100612;Compressor;night;Junior;N;103.87;9.78;3.57;22.77;630.5;70.3;110,8;3;4;FAILURE
101260;Conveyor;MORNING;Senior;no;70.29;5.58;0,29;19.67;245.0;55.3;126.2;2;75;OK
100354;Compressor;Night;Junior;No;84.92;5.63;1.78;30.21;359.2;40.4;87.6;2;7;OK
100716;CNC;Morning;Intermediate;no;61.53;5.27;1.12;16.66;801.9 h;49.8;114.9;2;66;OK
101709;Conveyor;N;Senior;No;70.79;5.75;0.37;16.46;N/A;35.4;104.6;1;10;OK
102060;CNC;morning;junior;no;55.52 C;5.58;1.24;20.42 A;433.5;error;92.7;0;111;OK
100304;Pump;night;Intermediate;No;92.98;6.52;1.27;18.93 A;587.8;39.7;83.3;4;113;FAILURE
100174;Conveyor;Morning;Intermediate;Yes;64,59;4.4;1.21;13,33;670.3;59.4;121.4;0;74;OK
101437;CNC;morning;Jr;No;54.25;6.26;0.88;16.58;595.4;37.5;90.7;1;104;OK
102485;Conveyor;NIGHT;Junior;Yes;62.78;5.37;3.06;21.65;608.4;65.3;;0;33;OK
100606;Compressor;Afternoon;Senior;N;79,53;7.88;1.28;15.59;422.9;28.0;82.1;3;114;OK
100984;Pump;night;intermediate;No;107.24;6.98;5,41;23.01;213.5;32.0;95.5;1;31;OK
101949;CNC;NIGHT;senior;No;90.09;5.19;2.68;12.09;1020.9;64.1;116.7;4;75;FAILURE
100798;CNC;Morning;Senior;no;65.03;7.19;1.26;16.44 A;444.4;36.9;83.3;0;28;OK
101802;Compressor;Night;Senior;Yes;77.83;6.04;8.82;20.94;348.5;32.4;94.5;3;50;WARNING
102437;Compressor;Night;Intermediate;No;92.95;7.85;2.96;22.28;200,7;69.2;67.3;3;54;OK
100380;Compressor;Night;Senior;0;86.58;8.43;6.09;22,69;934.6 h;62.1;90.2;4;86;FAILURE
100539;CNC;NIGHT;Senior;No;83.72;7.15;3.08;23.74;1080.5;52.4;91.7;3;7;FAILURE
100296;Conveyor;Morning;Intermediate;no;54.2;4.95;1.54;14.2;1842.7;51.9;100.7;1;7;FAILURE
100287;CNC;Morning;Senior;N;62.85;7.84;2.03;16.02;1233.7;54.0;93.5;0;32;FAILURE
100945;Pump;Morning;Intermediate;no;80.05;6.5;5.17;9.5;441.3;31.9;110.0;7;56;FAILURE
101429;Compressor;afternoon;Junior;No;100.63;;2.13;22.26;1209.7;56.0;88.0;1;41;FAILURE
100722;Pump;AFT;Junior;No;94.31;7.87;2.43;24.1 A;1222.0;63.6;87,3;1;87;FAILURE
102428;Compressor;morning;Senior;yes;103.45;9.98;7.61;36.1;839.6;31.0;69.6;6;12;FAILURE
102307;Pump;Night;Senior;no;79.88;8.46;4,5;22.54;506.6;52.2;74,9;0;42;FAILURE
101981;Conveyor;Afternoon;Intermediate;Yes;65.98;5.9;6,45;16.33;287.3;38.6;141.2;0;44;OK
100898;CNC;Night;Intermediate;no;83.85;4.14;2.09;13.68 A;686.5;62.7;94,4;2;114;WARNING
100638;Compressor;Morning;Intermediate;0;70,83;8,08;1.89;20,26;1597.8;46.4;93.2;2;60;FAILURE
100396;Pump;Afternoon;intermediate;No;68.63;7.97;3.47;21.62;775.7;32.3;71,5;2;98;FAILURE
101680;Pump;night;Junior;No;84.27;5.04;2.2;18.99;988.1;45,3;80.7;2;114;FAILURE
101536;Pump;Morning;Senior;No;66.45;6.12;2.13;19.75;636.6;29.0;93,3;1;74;OK
100110;Conveyor;afternoon;Mid;No;66.33;4.09;4.95;unknown;610.5;45.8;103.1 u/h;1;20;OK
100541;Conveyor;Morning;senior;Y;53.24;8.51;1.45;19.23;584.0;60.2;87.0;2;109;OK
100899;CNC;Afternoon;Intermediate;Yes;54.91;6.03;3.64;14.28;590.1;40.6;121.5;2;74;OK
102335;Pump;AFT;Mid;no;72.1 C;7.39;5.41;25.1;698.9;66.3;98.5;7;11;WARNING
101626;Compressor;Night;Intermediate;No;99.33;7.63;;19.44;412.9;;108.2;0;117;FAILURE
100452;Conveyor;Morning;Intermediate;Yes;44.79;5.13;6.9;16.06;1044.1;35.9;95.7;0;116;FAILURE
100696;Pump;night;Senior;No;95.66;6.89;2.19;17.14;534,5;63.3;83.7;0;110;WARNING
101513;Compressor;Night;Intermediate;No;;5.78;5.3;13.85;823.3;27.7;79.4;3;43;FAILURE
100508;Conveyor;Afternoon;Sr;No;57.54;6.12;5.12;13.19;752.1;48.8;144.0;2;72;FAILURE
101098;Conveyor;Morning;Intermediate;no;55.7;4.26;2.36;14.42;547.4;55.3;124.1 u/h;1;100;OK
100979;Pump;NIGHT;Intermediate;No;112.3;8.47;3.22;16.2;685,9;36.4;90.8;7;58;FAILURE
101847;Pump;Afternoon;intermediate;no;63.17;;0.36;18.03;1343.1;59.9;97.9;0;36;FAILURE
101139;CNC;Night;Junior;No;62.29;5.29;0.74;12.17;546.3;53.1;101.2;1;13;OK
101406;CNC;Morning;Junior;no;69.47;5.82;3.63;13.72;534.2;40.5;105,8;1;41;OK
100785;Conveyor;Morning;Intermediate;No;47.25;5.86;2.78;14.48;519,6;38.8;95.6 u/h;0;42;OK
101521;CNC;N;Intermediate;No;78.24;8.12;2.24;13.32;528.4;55.3;119.5;2;119;WARNING
100217;CNC;Morning;Junior;No;66.95;6.61;0.6;23,87;781.0;68.2;130.8;0;107;FAILURE
101990;CNC;NIGHT;Intermediate;No;72.07;4.22;4.12 mm/s;N/A;666.3;40.4;74.3;5;104;WARNING
101296;Pump;Afternoon;Junior;0;75.69;7.25;14.47;15,18;407.3;39.4;95.3;5;74;FAILURE
102003;Conveyor;night;junior;No;63.25;5.15;2.21;24.81;938.7;49.5;122.6;0;34;OK
100933;Pump;Afternoon;senior;N;77,53;5.0;1.44;15.74;801.1;57.4;99.4;1;81;OK
102177;Pump;Afternoon;Junior;no;80.76;6.84;4.98;;830.0;unknown;93.8;2;3;FAILURE
102367;CNC;Afternoon;Junior;N;65.83;5.23;3.76;26.57;525.3;43.9;101.7;2;105;WARNING
100092;Compressor;Afternoon;Intermediate;0;80.98;9.17;0.57;19.64;680.8;47.3;73.3;0;87;OK
100552;CNC;A;;No;63.29;6.18;3.6;13.2;1158.1;52.4;91.8;2;99;FAILURE
101496;Compressor;Morning;Intermediate;No;83.56;5.79;2.62;21.5 A;396.8;50.8;84.2;0;16;OK
100872;CNC;Afternoon;Jr;0;73,24;7.45;1,9;22.1;1345.7;21.7;98.0;0;83;FAILURE
102376;CNC;Afternoon;senior;No;71.86;7.81;3.7;18.6;823.5;36.8;120.5;2;98;WARNING
101161;CNC;Night;Mid;No;58.01 C;5.25;5.02;19.24;388.9;50.2 %;91.6;1;114;WARNING
102252;Compressor;Night;Intermediate;Y;86.33;9.27;2.58 mm/s;25.05;482.2;23.6;72.9;2;64;WARNING
100769;CNC;Morning;Intermediate;No;64.92;6.79;1.94 mm/s;16.61;271,4;57.4;124,1;0;95;OK
100374;Pump;Night;Senior;No;62.96;7.24;5.22;19.4;321.4;37.8;90.6;1;99;OK
102451;Compressor;Morning;Senior;No;81.81;7.84;1.04;20.42;901.5;55.4;;0;66;FAILURE
101613;Compressor;Afternoon;Intermediate;N;78.12;8.2;1.29;22.53;833.8;28.9;98.9;0;91;WARNING
101439;Conveyor;Afternoon;Senior;no;69.1;6.17 bar;1.74;16.6;472.2;42.5;113.1;1;51;OK
101870;Conveyor;Morning;senior;No;54.08;4.01 bar;3.31;16.08;400.5;65.8;90.9;1;79;OK
100027;Pump;Afternoon;Junior;No;87.37;8.99;4.76;26.77;330.4;41.0;77,0;3;54;OK
100559;Compressor;Night;Junior;No;;5.97;3.86;26.34;216.2;44.7;74.5;3;72;OK
100148;Pump;Morning;Senior;No;70,06;8,05;4.84;22,45;1276.5;29.7;83.2;0;61;FAILURE
101043;Compressor;Night;Junior;Yes;82.47;8.44;2.58;18.2;606.6;33,9;85.6;3;7;WARNING
100852;CNC;Afternoon;Mid;0;76.82;3,49;1.74;15.81;1196.1;38.4;105.7;2;96;OK
102134;Conveyor;MORNING;Intermediate;0;58.04;5.35;4.16;20.81;293,9;65.3;106.1;1;75;OK
102487;Compressor;Night;intermediate;No;99.67;8.52;9.27;23.09;467.0;45.0;80.5;8;77;FAILURE
102543;Pump;Morning;Senior;1;73.44;7.73;9.11;23.05;408.7;31.6;76.7;7;19;FAILURE
102584;CNC;Afternoon;junior;No;59.85;6.23;5.98;16.17;841.8;59.2;95.4;2;50;FAILURE
101585;Compressor;Night;Intermediate;N;72.25;7.13;4.97;23.4;801.4;42.7;73.5;3;28;FAILURE
102481;Pump;Morning;Senior;No;error;8,73;2.54;23.54;751.2;52.3;91.3;4;2;WARNING
101461;Compressor;Night;Intermediate;0;96.23;5.55;3.79;23.59;292.0;31.2;108.5;1;21;WARNING
101328;Compressor;night;junior;no;99.53;7.18;3.84;17.57;780.5;38.1;95.4;2;96;FAILURE
101650;Conveyor;night;;N;68.57;5.52;2.02;17.21;685.1;57.3;135.5;0;39;OK
100755;Compressor;Afternoon;Intermediate;no;97.67;6.03;6.03;24.59;553.4;62.9;;4;79;FAILURE
101463;CNC;Morning;junior;N;53.32;3,44;1.38;18.64;1051.1;44.4;106.0;0;97;WARNING
100787;Conveyor;Afternoon;Junior;Yes;61.54;5.94;1.22;17.6;412.9;45.6 %;115.8;0;63;OK
100394;Compressor;Afternoon;Junior;N;93.89;7.78;5.48;30.7;1115.1;46.7 %;83.4;3;9;FAILURE
100743;Conveyor;Morning;Junior;No;51.98;5.78;2.82;12.51;753.1;56,3;121.2;0;11;OK
101969;Pump;Afternoon;Intermediate;No;78.64;7.0;5.02;20.31;318.7;40.7;64.9;2;9;OK
101008;Pump;Morning;intermediate;0;76.82;8.59;7.11;23.25;950.5;48.3 %;126.6;2;91;FAILURE
101021;Conveyor;afternoon;Intermediate;N;58.64;5.83;4.44;14.75;727.5;52.6;94.8;0;3;OK
101210;Pump;Night;junior;Y;73.79;3.89;9.14;20.64;442.9;39.6;86.7;6;107;FAILURE
101629;CNC;Afternoon;Intermediate;No;72.63;4,67;0.67;15.72;544.5;42.1;97.3;0;77;OK
102056;Pump;night;Junior;Yes;?;6.45;1.65;26.41;480.9;25.0;86.4;1;26;OK
102533;Compressor;morning;Intermediate;No;70.04;7.6;5.96;28.91;624.2;30.0;88.4;3;74;FAILURE
102492;Pump;N;Intermediate;no;74.38;7.44;8,38;21,09;546.3;61.6 %;88.3;2;2;FAILURE
101379;Compressor;afternoon;Senior;No;75.66;6.91;8.83;25.42;;15.3;90.8;2;14;FAILURE
101753;Conveyor;Afternoon;Junior;No;44.46;5.01;;20.34;931.9;55.7;107.9;0;63;OK
102284;Compressor;MORNING;Senior;N;88.08;7.79;3.14;24.9;563.6;58.4;100.2;1;38;FAILURE
102579;CNC;afternoon;junior;N;83.64;3.51;1.43;27.48;872.4;38.7;85.2;4;116;FAILURE
100285;Compressor;A;senior;yes;76.1;6.61 bar;12,92;26.97;511.0;26.7;90.6 u/h;2;94;FAILURE
102186;CNC;Night;senior;No;85.32;4.87;1.84;17,59;331.5;41.2;109.9;1;37;OK
101563;Conveyor;Night;Senior;No;62.76;6.44;1.51;16.12;1232.9;31.2;126,0;1;49;FAILURE
102357;Pump;Night;Intermediate;N;85.03;7.61;4.53;22.51;371.5;46.8;90.6;1;42;FAILURE
102321;CNC;Afternoon;Junior;yes;71.96;5.22 bar;5.17;13.25;242.9;35,8;112.3;2;60;OK
100741;CNC;Morning;Intermediate;Yes;62.86;5.82;0.59;16.85;313,7;57.9;94.5;1;10;OK
100917;CNC;AFT;Intermediate;yes;89.79;5.64;1.13;19.85;233.4;27.2;110.8;2;79;OK
100980;CNC;morning;intermediate;N;68.09;8.11;3.2;15.07;1581,8;63.8;150.3;0;101;FAILURE
102400;Compressor;afternoon;intermediate;No;77.58;8.22;3.4;23.54;606.5;31.5;119.1;0;4;OK
101470;CNC;morning;senior;no;48.64;5.72;0.54;16.89;1101.0;34.9;116.4;1;16;WARNING
101075;Conveyor;Night;junior;Yes;65.24 C;7.67;7.13;14.77 A;685.1;41.1;123.1;4;89;FAILURE
102456;Pump;Morning;Senior;no;73.54;10.21;1.45;14.0;825.5;unknown;93.5;1;59;FAILURE
100562;CNC;Night;Senior;No;87.8;unknown;5.08;14.5;411.1;34.7;87.7;5;33;WARNING
100457;Conveyor;Afternoon;Senior;no;;6.63;1.97;18.04;1288.0;40.5;96.3;0;67;FAILURE
102087;Pump;Morning;Senior;no;70.11;6.34;0.7;14.15 A;621.7;45.5;108.9;0;72;OK
101448;Pump;Morning;Junior;no;63.66;5.44;3,07;15.65;457.1;36.6;;2;13;OK
101393;CNC;Morning;Intermediate;0;61.92;5.27;1.25;19.94;814.0;18.3;110.8;1;5;OK
100506;Compressor;Afternoon;intermediate;Yes;85.26;6.17;2.32;25.47;614.1;55.8;73.7;4;28;OK
102148;Conveyor;Afternoon;Intermediate;no;62.7;4.21;2.62;18.09;651.0;65.3;101.1;2;7;OK
101303;Compressor;Night;Intermediate;N;95.41;9.53;3.05;20.99;1219.4;49.3;82.8 u/h;6;111;FAILURE
101258;Conveyor;Afternoon;senior;N;54.42;5.47;5.55;18.7;1019.9;52.5;121.7;1;65;FAILURE
102588;CNC;Afternoon;Senior;No;68.97;6.5;2.34;;882.8;27.8;104.5;0;24;OK
100940;CNC;MORNING;Mid;No;77.53;5.14 bar;1.89;7.21;478.2;N/A;111.4;0;21;OK
102556;Compressor;Morning;Senior;No;71.56;7.66;1.77;19.45;312.9;44.8;82.6;1;48;OK
102022;CNC;Night;Junior;no;61.3;5.18;1.65;18.58;1074.7;47.5;62.9 u/h;2;4;OK
100978;Pump;Morning;intermediate;No;;5.99;1.91;12.54;804.1;70.1;90.6;1;43;OK
101723;Compressor;Afternoon;Intermediate;Y;97.96;6.73;3.68;25.61;807.2;61.6;81.1;3;60;WARNING
100042;Conveyor;Night;Intermediate;No;error;6.91;1.04;20.0;480.5;55.8;102.3;0;26;OK
100536;CNC;Night;Senior;N;;6.02;5.68;19.07;605.1;53,8;108.2;3;99;FAILURE
101295;Pump;night;Senior;No;101.67;7.74;10.21;13.16;592.1;39.7;57.7;3;118;FAILURE
102200;Compressor;Night;Senior;no;90,87;6.96;6.31;21.94;501.8;47.1;80.2;3;39;FAILURE
101320;Conveyor;AFT;Mid;0;83.61;4.0;1.28;14.16;746.6;66.3;92.7;0;91;WARNING
101831;Pump;M;Junior;No;72.86;9.6;2.12;19.3;443.2;55.8;N/A;0;116;OK
102327;CNC;Morning;senior;yes;72.56;6,87;0.72;23.37;835.8 h;45.3;85.4;1;98;WARNING
100288;Pump;Night;junior;1;79.19;6.82;7.15;23.4;483.0;55.0;119.4;3;32;WARNING
101340;Pump;Morning;Senior;Yes;74.09;5.25;1.76;19,23;907,5;54.2;68.6;3;3;OK
102420;Conveyor;Afternoon;Senior;no;68.31;4.45;0.93;16.3;345.6;48.3 %;95.0;2;109;OK
100680;Pump;Morning;Intermediate;no;67.33;7.86;6.71;18.31;902.5;25.8;108.6;1;96;FAILURE
101898;CNC;Afternoon;Intermediate;;66.36;5.91;4.3;18.76;263.7;59.2;99.4;3;112;OK
100509;Pump;Morning;Junior;No;92.38;7.49;2.51 mm/s;13.38;467.9;50.5;95.8;4;24;WARNING
101352;Conveyor;Night;Junior;No;80.42;6.17;2,34;15.59;998.0;42.0;102.7;2;11;FAILURE
101839;Compressor;Morning;Sr;N;70.77;8.28;4.76;23.31;746.7;47.7;87.7;1;100;FAILURE
102497;Compressor;afternoon;Intermediate;No;92.61;8,77;6.94;23.71;403.8;76.2;94.8;5;102;FAILURE
100623;Conveyor;Night;Senior;No;81,53;5.96;0,19;13.57;395.1;42.6;112.3 u/h;3;8;OK
102028;Pump;Morning;Intermediate;N;64.24;6.16;5.63;17.05;861.0;36.9;87.9;3;28;FAILURE
100284;CNC;Morning;Intermediate;No;53.59;5.45;1.66;14.28;398.0 h;33.8;142,1;0;85;OK
101556;Compressor;Morning;Jr;No;74.97;9.97;5.23;28.45;523.1;21.5;74.7;1;21;FAILURE
100922;Conveyor;Night;Intermediate;No;75.32;6.31;3.81;16.88;1099,2;49.4;126,2;1;34;FAILURE
100867;Conveyor;Afternoon;Mid;No;72.73 C;3.9;1.57;12.6;494.9;;93.8;1;47;OK
100634;Pump;Morning;Intermediate;no;74.92 C;6.71;0.36;17.46;733.4;52.0;81.2;0;104;WARNING
102264;CNC;Night;senior;yes;69.46;5.96;3.44;19.16;660.7;28.1;102.7;0;102;WARNING
102445;Pump;Morning;intermediate;No;70.97;4.71;4.98;16.22;394.6;47.8;71.2;3;77;OK
101276;Pump;Afternoon;Junior;Yes;91.13;4.91;2.7;16.14;554.6;50.9;123.2;5;110;WARNING
101166;Conveyor;Night;intermediate;Yes;74.91;6.09;4.85;11.26;673.0;13.5;73.2;1;42;WARNING
101884;Compressor;Morning;Junior;No;84.66;10.19;3.78;25.2;166.4;;76.2;2;30;OK
100938;CNC;Afternoon;Junior;No;78.42;6.14;1.0;22,09;675.0;39.3;136.6;3;112;OK
100375;CNC;Afternoon;Mid;1;69.21;7.4;3.2;11.91;673.5;54.8;60.8;1;54;OK
101851;CNC;Night;Senior;No;76.45;5.89;1.93;16,86;533.6;39.0;81,3;2;33;OK
100397;Conveyor;afternoon;Sr;no;68.64;6.67;0.65;15.33;768.2;48,8;102.4;0;70;OK
102161;Pump;Afternoon;Intermediate;No;74.44;9.28;1.68;14.39;2029.6;N/A;104.2;0;15;FAILURE
102523;Pump;Afternoon;Junior;0;82.51;6.71;N/A;19.17;219.9;54.4;80.4;7;6;FAILURE
102079;Pump;Morning;;yes;75.2;5.96;0.63;19.85;546.4;47.3;74.0;0;100;OK
101554;Pump;afternoon;Senior;no;78.94;6.88;5.79;25,63;454.4;54.7;66.6;3;7;WARNING
100038;Pump;morning;Jr;N;68.51 C;5.28;3.33;18.01;377.9;50.2;104.8;0;32;OK
100313;CNC;AFT;Intermediate;No;78.39;5.53;0.5;17.12;713.5;36,3;114.5;1;65;OK
102133;Conveyor;Morning;intermediate;;67.36;5.12;4.15;19.74;237.2;32.0;120.6;1;14;OK
100260;Compressor;Afternoon;Junior;No;105.19;7.84;1.84;;367.3;error;;1;79;OK
100501;Compressor;Night;Senior;No;98.23;6.19;3.34;18.2;1085.8;44.8;73.2;1;59;FAILURE
102004;Compressor;Afternoon;Senior;No;79.09;8.73;2.72;20.95;613.8;47.2;48.3;2;108;WARNING
101113;Compressor;NIGHT;senior;No;86.67;6.77;3.38;19.75;647.7;37.5 %;87.9;4;29;FAILURE
101527;Pump;afternoon;Junior;No;72.37;9.72;;18.29;559.6;34.7;114.0;5;98;FAILURE
100972;CNC;MORNING;Intermediate;N;51.46;4.55;;13.51;301.5;42.9;106.6;2;115;OK
101020;Pump;NIGHT;Intermediate;No;85.08 C;9.51;1.65 mm/s;23.0;959.2;55.1;103.5;2;17;FAILURE
102398;CNC;Afternoon;Senior;No;68.94;5.72;6.2;26.05;655.1;39.6;104.1;1;67;WARNING
101920;Conveyor;M;Intermediate;yes;70.64;;0.81;25.23;950.7;35.0;143.8;3;79;WARNING
101242;Pump;Afternoon;Senior;Yes;89.36;8.48;N/A;21.07;1435.1;45.4;108.6;4;54;FAILURE
100733;CNC;Morning;Intermediate;Yes;65.8;6.8;4.25;24.92;370.5;41.4;106,7;2;1;OK
101886;Pump;Morning;;Yes;73.73;7.56;7.92;19.11;955.5;43.9;83.1;1;65;FAILURE
100343;Conveyor;Night;intermediate;No;unknown;5,36;1.22;20.45;758.5;64,8;145.9;0;15;OK
100751;CNC;Morning;Intermediate;No;61.41;5.56;0.92;20.6;;53.9;88.4;0;19;FAILURE
101052;CNC;Morning;Jr;Yes;70.05 C;5.88;6.68;13.33;155.8;29.3;121.1;2;57;OK
101451;Conveyor;Night;Intermediate;No;56.81;5.76;3.35;16.53;956.8;45.4;105.9;0;62;FAILURE
100259;CNC;Night;Jr;No;52.59;;2.32;13.76;309.8;41.7;;0;58;OK
101909;Conveyor;night;Intermediate;No;63.36;6.77 bar;3.68;12.98;324.8;36.5;119.2;1;85;WARNING
100166;Pump;N;Senior;No;73.84;6.54;0.33;18.94;929.4;31.7;;1;44;WARNING
100222;Pump;Afternoon;Intermediate;No;72.42;6.7;1.73;;737.8;41.8 %;84.4;0;25;WARNING
101939;CNC;Morning;Sr;No;72.79;7.35;4.94;20.12;1155.3;42,8;114.6;2;59;FAILURE
102141;Conveyor;Morning;Intermediate;No;59.16;6.5;0.9;22.55;1084.2;51.5;106.9;1;61;FAILURE
101813;Compressor;NIGHT;Junior;N;100.55;8.33;7.88;26.26;1092.5;42.3;70.7;4;37;FAILURE
102502;Compressor;Morning;intermediate;No;82.49;6.97;7.21;?;748.4 h;67.5;52,4;5;111;FAILURE
100964;CNC;Morning;Intermediate;0;58.41;5.94;1.04;22.4;983.1;65.4;108.2;0;99;WARNING
100648;Pump;NIGHT;Junior;0;83,42;7.61;8.45;16.8;1096.8;55.3;65.5;0;88;FAILURE
101155;Pump;Afternoon;Intermediate;No;64.35;5.94;0.49;18.44;1207.9;53.6;97.7;0;75;WARNING
102559;Pump;Afternoon;;No;88.52;5.37;2.63;14.31;432.8;18.8;55.1;1;68;OK
101690;Pump;Afternoon;intermediate;No;70.57;6.98;4.09;24.21;500.7;61.5;90.0;5;7;OK
100603;Conveyor;NIGHT;Senior;no;71.82;5.74;2.02;14.84;971.8;43.2;98.0;1;53;WARNING
100654;CNC;afternoon;intermediate;No;87.43;5.37;1.84;15.15;403.5;34.6;108.7;1;102;OK
101040;CNC;Afternoon;Intermediate;No;68.87;4.27;0.93;21.84;672.1;45.6;103.8;0;110;WARNING
101832;Conveyor;Night;Junior;No;58.33;6.41;4.31;14,49;999.5;56.0;90.8;1;2;WARNING
101779;Pump;Night;Senior;Yes;89.87;9.56;0.34;24.8;1020.2;47,3;104.7;4;91;FAILURE
102230;Compressor;Night;Senior;No;86.31;7.59;4,58;25.1;528.4;57.0;87.4;4;88;FAILURE
100474;CNC;Night;Mid;No;107.67;6.84;1.12;18.13;762,6;39.9;78.6;6;113;FAILURE
100796;Pump;Night;intermediate;No;106.07;6.58;1.59;23.5;980.6;51.5;84.6 u/h;3;57;FAILURE
100997;Compressor;Night;Senior;N;80.04;;1.06;23.9;234.0;44.4;66.7;1;112;OK
101004;CNC;Morning;junior;No;74.56;7.85 bar;3.87;13.82;860.3;;147.5;4;48;FAILURE
100678;Pump;afternoon;Junior;No;86.38;7.4;3.76;14.17;388.0;50.1;88.1;2;102;WARNING
100011;Pump;Night;Intermediate;yes;86.8;8.6;3.4 mm/s;18.31;551.7;37.1 %;89.8;1;17;OK
102525;Conveyor;Afternoon;Sr;No;71.7;5.09;4.83;11,76;548.4;54.4;102.8;0;106;WARNING
102251;Pump;Morning;Junior;Y;85.93;5.83;6.18;14.87;1145.0;37.5;66.0;3;117;FAILURE
102076;Pump;M;Senior;No;;8.89;8.91;24.11;946.1;47.2;87.9;3;16;FAILURE
100548;CNC;Night;Senior;Yes;69.36;5.95;1.53;20.98;1103.2;?;126.4;4;72;FAILURE
100685;Compressor;Morning;intermediate;No;73.06;10.83;1.39;21.32;619.1;47.1;64.7;2;46;WARNING
101197;CNC;Afternoon;Senior;No;74.37;5.94;0.95;17.63;1034.4;52.0;128.2;0;61;WARNING
101265;Compressor;N;Intermediate;1;98.54;9.12;4.46;15.63;1701.1;74.3;90.9;3;25;FAILURE
101128;Compressor;Morning;Intermediate;N;86.56;3.01;5.86;23.28;678.5;58.2;75.7;3;32;WARNING
101269;Pump;Afternoon;Sr;no;72.88;5.7;1.71;20.28;1233.9;39.3;92.5;2;92;FAILURE
100519;CNC;Morning;Junior;No;72.83;7.38;0.59;20.5;2316.5;unknown;95.7;0;21;FAILURE
102488;Conveyor;Afternoon;intermediate;No;61.79;6.46;4.54;12.21;538.9;50.2;102.3;2;74;WARNING
100617;Compressor;Morning;Intermediate;no;75.51;8,84;1.31;13.94;583.3;35.1;89,3;3;61;OK
100567;Compressor;Morning;Intermediate;Yes;82.77;8.67;3.12;27.16;759.3;31.5;93.3;3;68;WARNING
101281;Pump;Night;Senior;0;93.05;6.5;?;21.74;436,9;26.3;118.1;1;73;OK
101299;Compressor;Morning;Intermediate;no;86.94;7.6;2.88;21.08;416.1;46,0;78.2;0;52;OK
100243;CNC;AFT;Senior;no;65.57;7.16;4.07;21,28;947,8;37.0;72.2;4;94;FAILURE
101989;Conveyor;Afternoon;Junior;No;62.64;7.11;3,42;23,86;1041.4;45.8;121.5;2;12;WARNING
100113;Pump;morning;Intermediate;No;69.06;9.1;1.5;25.04 A;294.5;66.3;53.4;1;117;WARNING
100444;CNC;AFT;Intermediate;no;64.73;5.82;4.67;20.83;466.8;64.4;108.5;5;20;WARNING
101635;Conveyor;Morning;Intermediate;No;47.94;6.17;0.87;14.37;560.4;N/A;119.9;0;79;OK
101560;Conveyor;Morning;Junior;yes;60.28;8.24;1.27;25.37;1030.5;49.9;134.1;4;49;FAILURE
102365;Compressor;Morning;Intermediate;Yes;77.84;6.04;2.86;19.5;723.6;61.1;61.5;2;20;OK
101561;Conveyor;Afternoon;Junior;no;51.39;5.21;3.4;16.75;517.1;36.9;105.2;0;111;WARNING
100827;Compressor;Morning;Junior;No;100.78;6.94;9.16;23.8;590.9;44.0;70.4;9;2;FAILURE
100061;Compressor;Night;Intermediate;No;120.07;5.6 bar;1.52;15.75;589.5;55,4;95.2;5;47;WARNING
100914;Conveyor;Night;senior;no;82.54;5.89;3.02 mm/s;14.79 A;1013.8 h;38.0;49.1;3;100;FAILURE
101346;Compressor;Night;Senior;no;94.71;5.35;3.59;28.32;670.9;;86,0;2;66;WARNING
100336;Compressor;Afternoon;Senior;N;79.39;8.49;10.1;22.29 A;1254.4;28.5;109.1;3;7;FAILURE
101236;CNC;Afternoon;intermediate;No;68.84;6,76;6.53;12.99;1071.5;39.2;131.4;2;35;FAILURE
101216;Pump;Afternoon;junior;no;55.41;4.66;2.48;21.55;519.2;37.8;93.4;0;41;OK
101408;CNC;MORNING;Junior;N;65.53 C;5.83;1.52;22.08;676.5;43.2;74,2;1;102;WARNING
100747;Pump;NIGHT;Junior;No;100,28;6.23;0.41;28.58;920.9;56.5;79.8;2;22;OK
101435;CNC;Morning;Senior;Y;73.11 C;6,95;1.09;17.84;1337.6;;112.4;1;43;FAILURE
100251;Compressor;A;junior;no;78.97;8.02;6.49;33.83;487.9;56.2;61.6;2;4;WARNING
100440;Compressor;Afternoon;Intermediate;no;91,77;6.43;12.65;13,4;402.4;51.9;102.0;1;111;FAILURE
100831;Compressor;Afternoon;Intermediate;No;92.23;7.8;6.52;20,06;803.6;66.6;73.8;1;27;FAILURE
100948;Conveyor;Night;Intermediate;No;67.44;5.92;1.77;13.67;271.6;67,2;106.8;3;45;OK
100848;Compressor;Night;Junior;No;89.46;9.06;3.37;27.4;373.2;47.6;77.9;6;2;WARNING
101509;CNC;Night;Intermediate;No;86.99;6.84;2.28;23.08;321.9;22.2;;2;94;OK
101228;Pump;Morning;Intermediate;No;66.38;5.82;1.89;24.49;1128.2;45.3;105,4;1;117;WARNING
102132;Compressor;NIGHT;Senior;No;105.16;7.92;;22.98;819.6;43.7;103,1;5;111;FAILURE
101324;Compressor;NIGHT;junior;No;85.22 C;9.07;1.87;19.95;652.4;71,3;62.2;2;88;FAILURE
102508;Conveyor;Morning;intermediate;Yes;50.35;N/A;0.83;;752.7;24.0 %;114.0;0;7;OK
100014;Conveyor;Night;Senior;No;61.53;7.04;5.46;14.0;1099.2;43.5;143.1;1;49;FAILURE
100843;Pump;morning;Senior;1;;7.83;11.08 mm/s;25.23;996.3;44.5;118.6;3;17;FAILURE
102590;Pump;afternoon;Junior;Y;59.37;10.42;1.11;16.48;503.1;56.6;78.9;0;79;OK
102514;CNC;NIGHT;Junior;N;80.84;4.92;2.11;21.71;788.2;59.3;88.3;3;4;WARNING
102274;Conveyor;Afternoon;intermediate;No;51.27;4.97;1.08;21.01;163.4;27.5;158.8;0;58;OK
101073;Pump;Morning;;Yes;51.96;9.44;5.63;13.64;443.6;50.6;91.0;0;12;OK
101304;CNC;Afternoon;senior;No;54.06;5.21;4.98;15,85;670.3;50.1;118.9;0;105;WARNING
101171;Pump;Night;Senior;N;95.98;7.76;4,91;19.48 A;714.0;42.4;82.7;0;115;FAILURE
102226;CNC;afternoon;Junior;1;73.4;5.52;2.06;23.59;1052,2;39.8;100.9;2;83;FAILURE
100345;Compressor;Morning;Intermediate;0;87.88;8.5;3.67;20.93;368.2 h;59.5;65.0;3;44;WARNING
100652;Conveyor;Afternoon;Senior;Y;56.69;5.33;2.64;15.61;802.5;36.1;122.9;1;34;OK
100664;CNC;Afternoon;Senior;0;74.36;7,16;3.5;11.45;676.8 h;44.4;128.8;5;77;FAILURE
101725;Pump;Morning;Intermediate;Yes;86.89;8.18;1.69;15.76;280.3;27,3;96.8;2;24;OK
100965;Conveyor;Night;Senior;No;69.03;5.56;3.32;21.11;669.8;10.0;134,5;2;60;WARNING
102465;CNC;Night;Jr;No;93.45;5.3;1.03;;513.9;38.4;76.4;2;92;WARNING
101274;Compressor;morning;Intermediate;no;93.04;6.32;1.08;16.65;365.5;52.1;90.1;4;95;OK
100026;CNC;Afternoon;Intermediate;No;63.61;4.64;1.54;15.71;861,7;59.8;130,9;0;55;OK
100157;CNC;N;Intermediate;0;88.78;5.78;2.65;23.16;605.2;59,4;90.5;3;62;FAILURE
101372;Conveyor;morning;Intermediate;no;53,83;5,4;1.93;10.57;800.1;27.2;95.6;1;50;OK
101517;CNC;Afternoon;Sr;No;68.42;6.35 bar;4.73;13.79;1059.7;26.0;95.5;5;119;FAILURE
101254;Compressor;Afternoon;Intermediate;No;75,16;;1.95;;1308.8;48.2;91.6 u/h;0;22;FAILURE
101828;Pump;Morning;Intermediate;No;61.58;6.42;4.53;22.46;1693.5;70.4;95,1;0;18;FAILURE
101765;CNC;Night;Junior;no;74.48;6.08;7.38;22,42;316.1;25.1;100.5;6;63;WARNING
101203;Conveyor;morning;Jr;No;49.85;7,39;6.09;14,54;227.1;56.2;113.3;0;35;WARNING
101455;Pump;night;Intermediate;N;92.53;5.19;2.11;21.87 A;539.5;10.3;83.4;3;109;OK
100660;Pump;morning;Intermediate;0;70.37;6,51;4.28;18,35;617.3;33.6;95.2;2;77;WARNING
100711;Conveyor;Night;senior;No;63.78;5.71;0.63;12.88;1122.2;44.5;97.4;0;106;FAILURE
102472;Conveyor;Morning;Junior;no;72.51;4.74;2.43;10.19;695.4;35.2;95.9;1;57;WARNING
101702;Conveyor;NIGHT;Intermediate;No;72,1;5.82;0.78;17.56;1090.9 h;66.8;123.9;0;11;OK
102244;CNC;Afternoon;Junior;No;73.47;6.68;1.24;15.68;718.4;51.7;90.8;0;59;WARNING
100137;Conveyor;morning;Intermediate;no;55.19;5,99;3.7 mm/s;16,74;609.5;55,6;77.2;0;39;OK
100212;Compressor;NIGHT;Senior;No;85.74 C;6.13;8.17;22.09;579.9;51.7;86.7;2;19;WARNING
100819;Compressor;morning;;Y;58.56;6.97;3.75;18.19;726,4;53.7;70,2;2;4;OK
101608;CNC;Morning;Senior;yes;70.01;6.8;2.71;21.08;1313.4;35,4;95.3;0;64;FAILURE
101908;CNC;Morning;Intermediate;No;59.85;6.56;4,74;24.05;1712.8;65.0;71.2;2;31;FAILURE
102478;CNC;Morning;senior;No;62.69;6.2;1.77;18.67;557.1;45.6;82.3;0;73;OK
102205;Pump;NIGHT;Intermediate;No;89,32;6.97;2.43;14.93;611.1;45.6;99.9;2;38;OK
100857;Compressor;Night;Junior;yes;95.58;5.95;;19.93;554.6;31.8;91.0;3;100;WARNING
100892;Conveyor;MORNING;Junior;no;53.81;5.4;2.75 mm/s;12.64;675.7;40.4;137.8;0;54;OK
102231;Pump;A;Sr;No;59.18;8.45;0.61;23.82;447.6;;93.1;0;119;OK
100833;Pump;Night;junior;Yes;69.86;6.14;1.59;22.28;1913.3;15.7;76.6;0;83;FAILURE
102295;CNC;AFT;Senior;No;59.6;5.72;3.08;17.0 A;660.3;74,3;;2;33;WARNING
101464;Pump;Afternoon;Senior;no;91.07 C;8.89;6.52;19.28;1209.3 h;59.0;62.6;2;13;FAILURE
101317;Compressor;Afternoon;senior;Yes;89.5;6.46;;22.96;589.0 h;47,4;74.7;2;61;OK
101055;CNC;Morning;senior;No;55.66;7.43;1.89;20.01 A;957.7;57.7;100.3;2;61;WARNING
100213;CNC;Afternoon;intermediate;No;55.67;6.16;4.74;15.49;;47.6;83.6;1;76;OK
101888;CNC;Morning;Intermediate;0;68,83;5.73;5.59;16,28;894.1;43.5;103.2;3;111;FAILURE
100170;Conveyor;Night;Intermediate;Y;67.01;;1.95;18.54;547.7;57.6;117.6;0;30;OK
100189;Compressor;Night;Intermediate;No;;unknown;6.08;21.53;1575,6;31.4;85.5;1;91;FAILURE
101029;Compressor;Afternoon;intermediate;yes;76.31;8.29;3.49;22.81;480.7;64.9;;3;60;WARNING
100090;Pump;Afternoon;Intermediate;no;85.15;8,6;1.28;25.63;207.4;42.3;98.9;2;27;OK
100840;Pump;Afternoon;Intermediate;yes;85.17;9,23;9.0;13.61;1084.2;41.7;82.0;3;99;FAILURE
100277;Pump;Morning;Junior;Yes;66.36;4.95;4.23;22.45;752.9;34.9;79.5;2;25;OK
102018;CNC;Afternoon;senior;Y;57.05;7.25;1.22;20.0;679.7 h;50.2;120.6;2;5;OK
101079;Compressor;Morning;Senior;Yes;;7.36;4.09;17.4;842.1;error;98.8 u/h;2;17;WARNING
101162;Compressor;Morning;intermediate;no;;9,65;3.65;27.72;1884.5;31.0;89.2;2;72;FAILURE
101019;CNC;MORNING;Junior;No;;5.43;error;25.21 A;2186,5;33.1;99.1;3;32;FAILURE
100636;CNC;Morning;Junior;N;54.03;5.03;1.57;19.85;1052.3;52.3;90.2;0;91;OK
100041;Pump;Night;Junior;No;74.32;9.0;5.54;27.95;1521.3;22.5;90.8;6;7;FAILURE
102557;CNC;M;Junior;no;56.92;6.5;4.38;25.05;1110.8;27.8;109.8;2;86;FAILURE
101221;CNC;NIGHT;Intermediate;no;67.52;5.74;1.7;12.18;1016,9;39.2;128.0;2;82;WARNING
100158;Compressor;Afternoon;Intermediate;No;85,85;9.35;1.06;26.07;315.3;37,7;85.9;2;82;OK
100705;CNC;NIGHT;Intermediate;No;96.83;6,16;2.88;19.91;449.7;71.2;111.9;0;60;WARNING
100223;Compressor;Morning;senior;No;101.64;9.88;3,54;24.13;711.9;28.7;65.1;4;74;FAILURE
100268;CNC;AFT;Junior;No;69.03;7.46;1.1;19.04;731.4;58.7;112.7;2;115;WARNING
100238;Compressor;Morning;Junior;No;84.8;7.47;0.9;18.53;458.0;63.5;108.2;1;9;OK
100467;Compressor;AFT;Intermediate;No;95.87;5.22;2,21;22.11;;46.0;76.7;3;96;OK
102361;Conveyor;Morning;Senior;Y;45.85 C;5.44;2,91;16.49;789.6;65.8;130.7;0;118;WARNING
102408;CNC;Afternoon;Junior;0;68.68;4.28;3.77;21.61;473.0;57.3;86.8;0;103;OK
100407;CNC;afternoon;Jr;No;66.46;5.91;3.45;14.69;518.0;61.3;98.5;1;27;OK
101183;CNC;night;Intermediate;No;62.33;4.94;0.56;24.64;;43.8;151.3 u/h;2;34;OK
102184;CNC;Afternoon;Junior;No;55.22;6,41;1.85;20,49;646.8;27.7;116.2;2;51;OK
100770;Compressor;Afternoon;Senior;;86.85;7.04;2.97;27.84;354.0;44.3;59.1;2;75;OK
100005;CNC;morning;Junior;No;71.68;5.63;1,71;15.92 A;511.3;23.5;96.4;1;62;OK
101001;CNC;morning;intermediate;Yes;63.5;6.49;3.41;24.11;510.9;44.9;79.2;0;83;OK
101805;Compressor;AFT;senior;Yes;76.1;7.65;2.94;19.29;537.4;50.2;109.6;2;2;OK
100593;Pump;AFT;Junior;No;77.55;5.68;3.69;23.05;191.9;30.3;97.7;0;106;WARNING
101970;Pump;AFT;Junior;Y;79.26;9.0;5.01;21,91;1161.0;37.4;72.5;3;50;FAILURE
101834;CNC;afternoon;Junior;No;64.24;4.7;4.17;20.49;2132.8;70.1;132.2;3;111;FAILURE
101810;CNC;Morning;Intermediate;0;65.96;7.17;1.45;14.67 A;792.2;44.8;66.2;1;4;OK
102038;CNC;AFT;Intermediate;N;64.11;6,28;6.14;17.08;367.6;48.1;86.0;4;83;OK
102272;Compressor;Morning;Senior;No;78.85;6.68;1.62;16.36;1309.2;47.4 %;99.2;1;15;FAILURE
102212;Pump;afternoon;Senior;No;68.59;5.04;1.92;16.23;678.2;60.6;74.4;2;60;OK
100757;Pump;Afternoon;intermediate;No;76,89;7.71;1.93;19,62;1102.2;48.0;85.3;3;1;FAILURE
101636;Pump;Morning;Junior;N;81.93;5.78;1,39;11.0;1003.2;55.3 %;105.1;3;90;FAILURE
101935;Compressor;Afternoon;Intermediate;1;89.37;10.2;;25.13;780.7;28.2;104.1;0;18;FAILURE
101708;Pump;M;Senior;Yes;71.41;9.3;2.82 mm/s;22.54;607.9;35,1;;2;40;WARNING
101067;Pump;Morning;Junior;yes;78.76;6.04;10.63;16.05;782.4;64.2;?;3;61;FAILURE
102600;Conveyor;Afternoon;Intermediate;N;61.58;4.43;4.33 mm/s;19.88;2063.6;55.7;137.3;1;12;FAILURE
101923;Pump;NIGHT;Senior;no;82.75;7.44;3.25;22,09;1423.2;35.2;88.5;1;48;FAILURE
101090;Pump;Afternoon;Sr;Yes;69.83;8.04;10.84;27.57;414.6;43.8;112.9;5;91;FAILURE
100970;CNC;Morning;Intermediate;Y;58.08;;2.46;14,13;532.5;38.1;100.1;0;71;OK
101127;Pump;Night;Senior;No;99.47;7.58;2.38;21.23;929.6;36.8;106.2;2;96;FAILURE
101806;Compressor;Afternoon;Mid;No;88.78;9.37;3.38;28.79;345.2;42.6;91.7;1;92;OK
100329;Compressor;Afternoon;Senior;0;100.58;5.54;5.69;14.96;688.9;71.5;101.5;5;44;FAILURE
101013;Pump;Afternoon;Intermediate;No;81.58;9.55;1.89;29.81;123.5;23.7;62.2;1;60;OK
100876;Conveyor;Afternoon;Intermediate;0;72.8;7.49;1.1;13.35 A;524.3 h;59.6;100.8;0;43;OK
100483;Compressor;AFT;Junior;No;75.46;6.75;8.35;17.3;676.3;54.9;88,9;1;39;FAILURE
100709;Pump;Afternoon;Intermediate;0;85.12;6.91;0.34;25.6;300.3;56.2;81.2;2;32;OK
102552;Pump;Morning;intermediate;No;67.31;7.6;3.23 mm/s;31.29;465,7;18.7;73.6;1;67;WARNING
101015;Pump;Afternoon;junior;no;62.85 C;6.34;4.57;23.85;865,4;57.0;127.6 u/h;1;72;FAILURE
101541;Conveyor;A;Intermediate;yes;56.37;4.69;0,75;15,62;702.9;54.2;118.4;0;108;OK
102156;Conveyor;afternoon;intermediate;No;61.33;4.97;4.5;19.71;616.0;53.7;144.1;1;11;OK
100273;CNC;Morning;Senior;no;73.33 C;6.92;3.57;14.64;403.2;32,7;71.5;1;5;OK
101213;Compressor;Afternoon;Intermediate;No;70.22 C;8.26;3.89;26.75 A;909.8;45.7;77.5;2;4;FAILURE
100017;Compressor;morning;Intermediate;no;78.55;6.93;5.61;26.88;1016.9;24.5;89.7;3;91;FAILURE
100694;Pump;Afternoon;Sr;No;75.5;6.97;4.37;25.53;562.3;44.6;57.0;4;108;FAILURE
102551;Pump;Afternoon;Senior;N;65.25;8.93;3.09;22.27;858.4;53.1;93.2;1;72;FAILURE
100619;CNC;MORNING;Mid;;68.82;5.48;1.44;13.74;444.3;38.1;145.3;1;108;OK
100535;CNC;Night;junior;No;75.88;8.27;3.62;17.0;389.5;45.3;105.5;2;39;WARNING
101345;Conveyor;MORNING;Intermediate;Y;61.05;4.61;5.0;18.47;1059.2;42,4;102.6;3;56;FAILURE
101588;Compressor;Morning;senior;No;63.38;8.18;4.9;30,14;325.9;50.2;86.1;1;83;WARNING
100880;Compressor;Afternoon;Senior;no;85.03;6.8;2.9;21.55;308.4;65.6;79.7;2;105;WARNING
101762;CNC;Afternoon;Junior;yes;59,9;5.07;1.19;16.1;552.6;48.5;107.0;1;87;OK
101752;CNC;Morning;Sr;Yes;63.98;5.36;2.87;22.18;1003.2;45.4;115.8;4;12;WARNING
100095;Pump;Night;Sr;No;94.24;7.64;6.81;17.26;405,5;41.3;80.9;4;70;FAILURE
101686;CNC;Morning;Senior;No;60.93;5.38;7.68;15,33;946.6;70.0 %;97.1;0;31;FAILURE
101524;Compressor;AFT;junior;No;85.7;6.06;4.39;23.13;1272.1;36.7;71.7;3;113;FAILURE
101548;Compressor;afternoon;intermediate;;77.54;8.98;3.98;16.98 A;253.3;22.4;88.0;1;66;OK
101963;Compressor;Morning;Intermediate;no;85.07;8.93;4.11;28.52;227.0;84.7;59.7;1;101;WARNING
101883;Pump;N;senior;no;;5.58;6.47;13.35;599.9;40,4;77.7;2;34;FAILURE
101409;Conveyor;Morning;Junior;No;59.77;6.8;0.95;15.39;579.2;43.2;113.3;0;77;OK
100728;CNC;N;Senior;No;58.92;7.55;5.52;21.58;475.2 h;33.2;92.6;1;58;WARNING
102115;CNC;Afternoon;Intermediate;no;60.08;6.57;1.81;13,79;380.2;66.1;94.8;1;66;OK
100078;Compressor;Night;Senior;N;110.41;7.75;7.31;21.5;498,5;42.2;82.7 u/h;2;41;FAILURE
100855;CNC;Night;Jr;no;91.83;;5.53 mm/s;17.04;730.2;78.1;86.5;6;68;FAILURE
101936;CNC;Morning;Intermediate;No;76.49;5.32;6.05;18.24;214.8;51.4;94.1;5;82;WARNING
101825;Compressor;Afternoon;Junior;No;80.51;8.26;1.4;15.37 A;1314.2;49.2;83.0;2;48;FAILURE
101469;Compressor;Night;Junior;N;80.63;9.24;4.07;27.0;766.9;51.1;64.7 u/h;1;97;FAILURE
101885;Pump;NIGHT;intermediate;Yes;75,31;5.84;7.94;27.29;1256.3;56.8;61.6;3;102;FAILURE
100376;CNC;Night;Junior;N;90.57;5.79;1.84;18.12;571.9;41.3;95.4;3;74;OK
102483;CNC;Afternoon;intermediate;No;74,73;5.93 bar;1.47;18.78;1323.6 h;35.1;101.9;0;2;WARNING
102294;Pump;Morning;Junior;No;93.8 C;7.38 bar;3.43;19.77;1136.0;45.7;74.7;1;97;FAILURE
101009;Compressor;Morning;Junior;N;81.35;9.15;5.69;14.42;171.2 h;;83.0;3;3;OK
100308;Compressor;Morning;Intermediate;No;83.85;7.66;1.96 mm/s;17.98;544.0;50.7;65.9;5;74;WARNING
101642;CNC;Night;senior;No;65.25;6.13;3.72;20.68;461.2;41.0;110.7;2;88;OK
101562;Compressor;Morning;Intermediate;No;76.42;8.72;5.28;23.71;1034.9;46.9;77.6;1;6;FAILURE
100076;CNC;Afternoon;Senior;Yes;60.67;6.14;1.99;16.34;937.1;48.7;99.3;1;3;OK
102535;Conveyor;N;senior;yes;63.28;5.06;1.72;16.3;785.8;32.3;122.0;1;21;OK
102314;CNC;Night;Intermediate;No;83.97;6.36;4.45;20.3;865.1;11.2;71.4;3;111;FAILURE
102379;CNC;Night;Junior;No;81.23;5.37;5.04;25.05;512.6;51.7;105.5;4;113;FAILURE
101405;CNC;Afternoon;senior;Y;64.88 C;6.05;0.54;25.63;1004.2;46.7;90.2;1;105;FAILURE
101499;Pump;Afternoon;Senior;No;80.06;9.18;1.5;20.89;457.4;34.3;120.7;1;45;OK
101167;Conveyor;Afternoon;Mid;No;58.47;5.88;2.96;14.75;909.6;22.1;103.2;3;14;WARNING
101787;Pump;Morning;Intermediate;No;89.47;8.13;2.69;22.72;error;36.5;135.8;2;20;OK
102338;Pump;Night;senior;N;error;6.83;2.22;15,39;282,0;56.2 %;86.6;3;33;OK
102219;Conveyor;AFT;Intermediate;;68.07;5.92;2.13;12.62;727.4;47.7;143.7;2;49;WARNING
101804;Compressor;Morning;Intermediate;No;77,01;7.25 bar;1.52;23,83;1016.8;35.2;81.0;0;92;FAILURE
101980;CNC;Morning;Intermediate;No;47,43;3.82;4.48;14.23;1449.9;21.0;132.2;1;48;FAILURE
101624;CNC;Morning;junior;No;66.53;6.51;1,33;14.23;647.6;49.4;106.1;3;52;WARNING
100368;Compressor;morning;junior;no;65.34;7.25;5.75;26.93 A;438.2;31.9;77.2;1;54;WARNING
102202;Conveyor;Morning;Intermediate;;59.96;5.51;0.7;20.47;529.2;26,7;82.9;0;117;OK
102450;Compressor;Night;Sr;no;97,37;8.34;0.98;;626.1;32.2;79.2;0;16;OK
101590;CNC;Afternoon;Senior;yes;57.97;5.86;2.07;21.35;unknown;57.8;121.2;2;88;OK
101433;CNC;Afternoon;Senior;no;72.72;7.28;0.48;16.37;375.8;30.2 %;74.7;0;5;OK
100406;Conveyor;Night;Intermediate;No;63.47;4.8;3.07 mm/s;16.09;675.4;49.9;119.2 u/h;1;19;OK
100643;CNC;Night;Mid;No;70.94;6.67;1.23;13.05;1016,7;40.5;108.1;1;57;FAILURE
101280;Compressor;Afternoon;Mid;No;93.93;6.79;5,47;27.82;986.8;58.1;91.7;3;22;FAILURE
101710;CNC;Afternoon;Intermediate;1;65.2;8.34;1.55;19.16;772.8;45.3;90.0;2;68;OK
100699;Compressor;Afternoon;intermediate;No;72.18;7.88;1.4;32.51 A;760.0;52.6;78.4;1;36;OK
100357;Compressor;Morning;intermediate;N;81.5;9.15;2.95;25.65;863.2;33.8;62.2;3;48;FAILURE
101891;CNC;Afternoon;intermediate;N;56.51;6.76;6.0;23.63;426.4;45.3;94.7;2;9;WARNING
100488;CNC;Afternoon;junior;No;62.37;5.69;4,97;17.32;894.0;34.8;62.7;0;105;FAILURE
100803;Conveyor;AFT;Intermediate;No;50.15;5.95;1.73;15.63;364.5;34.9;120.0;1;62;OK
101719;Compressor;Night;intermediate;no;91.15;7.53 bar;2.48;19.75;243.8;35.6;79.0;7;41;OK
102436;Conveyor;Morning;junior;N;41.66;;3.12;19.45;483.7;68.4;99.3;0;29;OK
101271;Conveyor;Afternoon;intermediate;No;46.3 C;6.34;2.29;19.49;843.2;28.8;158.5;1;52;OK
101978;Conveyor;Morning;Sr;no;62.64;5.5;0.84;11.35;1307.2;21.8;97.8;1;50;WARNING
101627;Pump;Afternoon;Junior;yes;60.33;8.58;6.24;17.79;464.6;70.9;81.5;0;18;OK
102393;Pump;Night;Sr;N;93.72;7.91;1.82;21.34;161.0;63.7;127.6;3;34;OK
101992;Compressor;Afternoon;Intermediate;Y;76.7;6.88;7.91;26.41 A;1126.8;48.7;110.1;4;48;FAILURE
101645;CNC;Night;Mid;no;78.66;6.0;0,09;17.09;243.2;59.8;138.5;1;61;OK
100292;CNC;night;Intermediate;yes;67.93 C;6.26;2,21;20.08;218.9;76.6;103.0;1;116;OK
100877;Pump;Night;Intermediate;0;87,79;7.97;2.78;23.81;827,8;61.9;95.3;5;116;FAILURE
100253;Pump;N;Senior;No;96,04;5,45;6.85;24.41;183.2;52.9;69.6;4;57;OK
101082;Conveyor;M;Intermediate;No;47.56 C;5.76;2.05 mm/s;12.41;1501.4;47,3;86.3;1;114;FAILURE
100649;Compressor;Night;Junior;yes;85.65;?;1.56;21.32;584.1;44.3;86.0;3;81;FAILURE
101164;CNC;Morning;Junior;No;79.73;7.75;1.39;16.78;708.0;47.8 %;73.7;1;37;OK
102007;Pump;Night;Mid;no;87.69;8.31;2.14;19.3;482.2;42.0;93.8;1;12;OK
101360;CNC;Afternoon;Jr;no;79.57;6.64;6.17;17.77;728.3;49,1;100.9;2;110;FAILURE
100572;Conveyor;Afternoon;Senior;No;35,93;6.63;6.72;22.01;533.5;35.1;132.4;1;76;WARNING
101838;Pump;MORNING;Senior;0;82.52 C;5.1;0.91;17.78;689.9;32.8;76.0;3;112;OK
101535;CNC;Afternoon;Junior;no;61.41;6.35;3.91;14.49;920.2;51.5 %;100.4;2;59;FAILURE
101283;Pump;night;Sr;Yes;76.19;7.74;4.04;21.2;443.8;49.7;49.9;1;4;OK
101103;Compressor;Afternoon;Intermediate;No;87,54;;6.72;24.27;997.6;26.1;76.5;5;58;FAILURE
100687;Pump;Afternoon;Intermediate;N;62.86;7.39;8.09;22.98;354.6;40,9;86.3;2;38;WARNING
100642;Conveyor;afternoon;Mid;No;56.7;3.95;4.91;17.08;1154.7;38.4;89.0;0;98;FAILURE
101890;Pump;Afternoon;Intermediate;Y;79.76;7,44;2.7;19.63;1581,7;61.6;80.5;4;72;FAILURE
101728;Conveyor;Night;Sr;Yes;60.9;6.12;1.59;19.39;677.8;29.4;118.9;0;92;OK
101007;Conveyor;Morning;Mid;yes;47.77;6.07;0.62;20.44;628.7;49.5;106.2;0;115;OK
102217;CNC;Morning;Junior;No;72,7;6.52;2.39;16.28;1305.0;56.6;98.3;1;117;FAILURE
101988;Compressor;Night;Mid;N;66.61;6.34;4.28;11,88;442.5;;77.3;0;3;WARNING
102044;Conveyor;MORNING;Sr;N;44.33;6.06;;7.1;1294.2;26.9;107.1;1;59;FAILURE
101093;CNC;Morning;Senior;No;69.15;6.61;4.07;15.55 A;609.3;53.5;124,5;1;39;OK
101937;Pump;Afternoon;Junior;Yes;70.13;8.74;0.7;;261.1;58.6;107,9;1;34;OK
100427;CNC;Morning;Senior;No;57.39;6.32;2.18;25.74;809,9;57.8;103.0;0;91;OK
102013;CNC;afternoon;Intermediate;0;67.94;5.59;2.24;14.49;554.2;28.0;151,6;2;106;OK
101768;CNC;Afternoon;Junior;No;65.49;6.7;2.48;12.89;281.7;51.1;134.8;3;32;OK
101674;CNC;Night;Intermediate;yes;75,15;5.34;1.68;23.59;237.0;61.5;105.9;3;54;OK
100265;Conveyor;Afternoon;Junior;no;52.18;5.47;4.68;12.56 A;1018.1;38.6;151.2;0;16;WARNING
102071;Conveyor;Morning;senior;Y;54.98;6.65;1.16 mm/s;10.01;611.8;47.0;;0;14;OK
100317;Pump;Morning;Junior;0;61.28;5.8;6.59;17.46;517.1;58.3;73.8;6;20;WARNING
102548;CNC;Afternoon;Intermediate;No;69.48;4.91;5.61;24.64;755.8;18.7;90.6;6;7;WARNING
101586;Conveyor;NIGHT;Intermediate;No;71.19;7.1;2.25;23.86;808.7;76.1;156.0;2;44;OK
100805;CNC;NIGHT;Junior;N;92.15;6.06;5.83;18.54;1110.7;57.0;116.3;4;12;FAILURE
102536;Compressor;AFT;Intermediate;N;86.46;8.45;1.08;N/A;218.8;31.1;81.6 u/h;1;94;OK
102271;Compressor;Afternoon;Junior;No;75.24;5.06;1.32;24.31;817.2;60.2;75.7;0;110;OK
101490;Pump;Morning;intermediate;Yes;70.8;4.87;0.51;16.2;576.6;50.9;56.0;1;95;OK
101850;Compressor;MORNING;intermediate;No;93.04;7.02;5.15;25.35;;54.5;97.6;7;81;FAILURE
102539;CNC;Morning;Junior;no;48.48;3,76;1.78 mm/s;11.48;764.1;32.0;103.8;0;17;OK
100813;Conveyor;AFT;junior;No;?;3.69;4.25;15.68;577.5;34.4;69.4;1;46;OK
101182;CNC;Night;Senior;no;75,87;7.05;3.31;7.01;657.5;33.3;107.4;4;101;FAILURE
100949;Conveyor;Morning;Senior;No;64.19;;4.47;13.4;?;61,3;94.5;0;57;FAILURE
100489;Compressor;A;Senior;no;85.72;7.57;2.8;16,4;286.0;36.9;N/A;2;74;WARNING
100542;Compressor;Morning;Intermediate;No;70.5;6.73;4.52;28.0;;28.8;105.3;3;34;FAILURE
101465;Compressor;morning;Intermediate;Yes;92.15;4.94 bar;1.03;18.55;649.3;45.5;100.1;3;24;OK
101444;CNC;Night;Intermediate;No;69.4;5,42;5.35;16.03;318.8;30.8;79.5;1;29;OK
101214;Pump;Morning;Senior;No;84.94;6.65;1.55;15.97;851.6;34.7;123.6;1;73;WARNING
101697;CNC;Afternoon;Senior;Yes;76.87;6,09;4.66;8.87;453.2;38,6;97.9;3;108;WARNING
100002;Pump;Afternoon;Junior;No;70.77;6.2;2.53;15.27;437.0 h;40.9;89.1;2;117;OK
101760;Conveyor;Night;Senior;No;68.64;5.42;4.99;12.13;1569.7;46.5;123,7;2;2;FAILURE
100695;Conveyor;AFT;Junior;No;50,67;4.11;8.49;15.62;202.5;34.7;127.3;4;91;OK
102179;CNC;morning;Intermediate;Yes;61.25;5.22;3.73;21.34;817.1;44.8;65.1;1;60;WARNING
101385;Conveyor;Afternoon;Intermediate;no;65.71;5.7;2.29;17.93;?;32.7;115.3;0;118;FAILURE
102173;Pump;Morning;intermediate;No;76.12;6.1;5,97;25.52;;50.4;75.6;2;40;FAILURE
100950;Pump;Night;Sr;N;102.2;8.41;2.51 mm/s;30.05 A;351.2;23.6;56.7;2;31;WARNING
100246;Conveyor;Afternoon;Intermediate;No;58.17;6.59;4,01;14.49;1266.3;23.0;105.3;0;82;FAILURE
101663;Compressor;Morning;junior;0;65.53;8.0;N/A;22.96;1508.1;56.1;73.2 u/h;1;21;FAILURE
102005;CNC;Afternoon;Intermediate;No;58.07;6.58;N/A;18.06;605.7;39.2;140.1;0;61;WARNING
101114;Conveyor;Night;Jr;N;63.43;6.09;2.52;13.38;949.3;52.0;104.4;1;10;OK
100543;Conveyor;Night;Senior;0;59,31;7.66;2.44;9.63;1438.6;47.7;117.5;1;118;FAILURE
102429;Compressor;Afternoon;junior;1;93.64;9.62;3.37;24.42;982,4;49.3;92.3;1;16;FAILURE
102092;Conveyor;MORNING;Intermediate;No;51.41;6.38;1.54;error;847.1;72.9;98.8;0;15;OK
101957;Compressor;Night;Senior;0;73.61;6.24;0.16;20.27;475.6;50.1;67.7;1;18;OK
102490;Compressor;Morning;Intermediate;;82.09 C;6.75;1.15;24.98;452.0;59.0;115.1;0;88;OK
102564;Pump;AFT;Intermediate;No;85.33;8.69;1.11;23.29;889,3;35.9;73.5;1;32;WARNING
100463;Conveyor;morning;Intermediate;0;66.5;6.32;1.56;15.69;793.2;37.5;124.4;4;111;WARNING
101558;Pump;Morning;Senior;N;93.1;8.81;0.15;25.53;1341.8;34.5;109.0;4;57;FAILURE
100072;Pump;A;Senior;Y;79.02;7.96;5.36;15.8;187.0;80.9;90.9;1;104;OK
101640;Compressor;Afternoon;Sr;Yes;89.89;8.0;2.0;28.5;1001.4;66.1;96.4;0;12;FAILURE
100517;Pump;morning;Senior;no;75.28;6.47;4.26;16.4;472.7;64.6;82.9;1;14;WARNING
100913;Conveyor;Night;Intermediate;No;65.72;4.61;7.47;20.15;894,3;56.3;117.3 u/h;3;15;FAILURE
100522;Pump;Morning;junior;no;93.82;5.32;;17.35;1793.6;25.3;87,5;0;25;FAILURE
100417;CNC;N;Intermediate;No;89.02;6.33;1,74;17,32;1102.4;51.2;98.4;2;108;FAILURE
100569;Pump;MORNING;Intermediate;no;63.24;6.71;6.43;23.96;359.7;45.3;85.8;1;5;WARNING
100584;Pump;Morning;Sr;No;80.81;5.25;3.98;15.85;;36.6;82.7;7;107;FAILURE
101653;CNC;morning;senior;No;;7.12;3.04;18.25;?;63.2;86.6;1;37;OK
101598;CNC;Night;junior;No;64.1;7.31;7.67;20.19;667.4;69.3;121.4;1;42;FAILURE
101737;Conveyor;morning;senior;No;54.28;5.16;6.4;22,93;458.7;44.8;129.2;2;107;OK
101423;Pump;Morning;Jr;No;58.07;7.47;2.67;18.95;324.1;62.6;76.0;0;102;OK
100168;Conveyor;Afternoon;Senior;No;58.3;3.97 bar;;19.24;413.6;;145.1;0;29;OK
101173;CNC;Afternoon;Sr;0;76.01;7.29;6.55 mm/s;22.34;935.0;42.9;142.2;1;105;FAILURE
101259;Pump;Night;Mid;Yes;88,98;6.53;2.25 mm/s;17.29;1792.7;50.1;94.0;1;115;FAILURE
100804;Compressor;Night;Junior;N;115.69;7.64;4.03;29.94;754.7;22.5;81.9;3;1;FAILURE
101376;CNC;Morning;Intermediate;No;80.7;6,22;8.14;21.74;687.5;56.2;134.2;3;19;FAILURE
100293;Conveyor;Afternoon;Junior;N;63.39;4.49;;15.7;1008.7 h;41.1;115.0;0;3;OK
101712;Pump;Night;Intermediate;0;83.22 C;8.93;5.83;20.56 A;;50.6;85.9;1;78;FAILURE
101775;Compressor;Afternoon;Intermediate;Yes;73.92;9.42;2.8;17.26;336.3 h;51.8;84.1;2;99;OK
100822;Compressor;Morning;Senior;No;79.3;9.63;4.14;23.53;286,8;39.7;68.9;1;117;WARNING
101696;Pump;A;junior;Yes;78.29;9.42;5.97;25.56;231.5;31.6;79.6;1;15;WARNING
101811;CNC;Afternoon;Junior;N;70.09;7.73;2.26;17.88;745.0;49.3;82.2;1;50;OK
100082;Pump;Night;Mid;Y;85.24;7.75;3.15;15.99;1754.4;47.9;97.7;4;86;FAILURE
101791;Compressor;Morning;Junior;No;72.03;7.22;1.19;23.82;973.4;28.3;89.3 u/h;0;71;WARNING
100566;Compressor;Afternoon;Intermediate;N;80.1;5.17;6.01 mm/s;23.14;1367.4;56.0;90.5;6;44;FAILURE
101060;Compressor;Morning;junior;no;72,98;6.56;3.21;26.97;1104,0;57.3;80,0;1;33;FAILURE
102235;Compressor;morning;Junior;no;61.84;6.98;5.05;26.5;726.2;48.2;67.5;2;17;FAILURE
101763;CNC;Afternoon;Intermediate;1;70.41;6.02;1.28;18.13;448.3 h;35,1;125.0;1;35;OK
100283;CNC;Afternoon;Mid;Yes;52.47;5.33;1.15;20.0;646.3;59.9;109.8;0;53;OK
101262;Pump;MORNING;Senior;No;65.97;7.74;4.15;22.11;499,1;42.9;97.5;0;13;OK
100935;Compressor;night;Mid;No;88.4;10.29;6.83;21.98;637.6;33.7 %;86.5;5;83;FAILURE
101496;Compressor;Morning;Intermediate;No;83.56;5.79;2.62;21.5 A;396.8;50.8;84.2;0;16;OK
100817;Conveyor;Afternoon;Junior;no;70,93;5.03;2.37;15.39;182.5;43.5;141.6;2;26;OK
101348;Pump;Morning;Intermediate;No;82.04;7.63;2.93;20.3;742.0;22.9;91.4;4;23;WARNING
101078;Pump;AFT;Intermediate;No;67.89;5.07 bar;2.58;11.58;;33.0;80.0;2;3;OK
101649;Conveyor;Morning;junior;N;63.26;5.62;3.59;23.92;222.1;51.9;116.6;2;107;OK
101664;CNC;N;intermediate;Yes;89.7;6.15;5.16;24.5;690.9;62.4;117.1;2;28;WARNING
101022;Compressor;Morning;Junior;No;71.42;6.66;3.91;20.04 A;196.0;43.5;83.1;0;91;OK
100278;Pump;Afternoon;Intermediate;No;71.66;6,1;2.66;26.61;414.1;31.8;133.0;2;9;OK
101436;Conveyor;Afternoon;Intermediate;0;52.28;6.39;0.78;9.6;1033.6;36.4;108.5;0;35;OK
101897;Compressor;Afternoon;Intermediate;N;95,49;10.29;5.07;18.77 A;290.3;41.9;90.3;7;65;FAILURE
102390;CNC;Morning;intermediate;No;59.79;6.6;2.09;20.06;1277.4;35.7;143.7;2;85;FAILURE
100426;Conveyor;Morning;Intermediate;Yes;63.35 C;5.06;0.96;11.65;592,3;56.8;130.9;1;39;OK
101900;CNC;Night;;no;73.47;7.73;6.68;11.3;628.7;56.5;133.1;1;88;FAILURE
102333;Conveyor;Night;intermediate;No;73.04;4.89;2.38;15.82;381.5;32.1;119,3;1;13;OK
101717;Pump;Night;Intermediate;No;69.74;7.8 bar;;28.58;;44.8;116.3;2;35;OK
101066;Conveyor;Afternoon;Sr;no;63.73;6,65;2.11;;537.3;29.7;106.2;1;19;OK
100401;Pump;Night;Intermediate;Yes;80.98;6.24;4.45;13.91;532.7;41.2;96.4;0;79;WARNING
101154;CNC;Night;Intermediate;No;77.94;9.05;0.79;16.87;813.8;34.4;104.1;2;8;WARNING
101940;CNC;AFT;Junior;no;61.01;7.07;1.18;16.9;421.1;39.8;88.1;0;81;OK
100967;Conveyor;night;intermediate;0;60.85;;0.73;13.3;578.3;25.1;97.6;0;43;OK
100746;Pump;Afternoon;Intermediate;0;69.67;9.26;1.74;25.84;450.2;59.7;104.3;0;93;OK
101153;CNC;Afternoon;Senior;No;;6.26;2.56;17.51;1206.4;32.5;101.6;2;94;FAILURE
101747;Compressor;Night;Senior;No;90.95;8.39;7.68;14.47;1301,3;17.8;70,7;4;61;FAILURE
100893;CNC;Night;Intermediate;Y;77.83;5.62;1.6;9.15;883.0;56.2;80.0;0;97;WARNING
102407;Compressor;night;senior;No;77.04;6.37;1.03;30.23;527.6;41.8;73.1;2;47;FAILURE
100141;Pump;MORNING;Intermediate;Yes;80.8;6.73;2.68;23.48;678.9;36.3;92.3;3;29;OK
102273;Compressor;Afternoon;Intermediate;No;94.61;5.0;3.31;21.51 A;496.8;37.2;91.7;3;117;FAILURE
101144;Conveyor;Afternoon;Mid;no;39.8;3.9;;12.63;241.7;33.7;;0;42;OK
102310;Conveyor;Morning;Intermediate;No;63.37;7.3;2.99 mm/s;20.34;400.9;50.7;131.7;2;106;OK
100808;CNC;Morning;senior;No;55.98;6.25;1.22;11.01;204.3;10.0;128.0;0;111;OK
100105;Compressor;Night;Junior;no;100,6;10.48;1,37;24,54;381.7;44.6;85.7;0;64;OK
100241;Conveyor;Night;junior;yes;54.3;6.36;3.47;19.13;554.3;35.3;110.4;0;105;OK
101449;Compressor;afternoon;Senior;N;91.5;7.42;4.8;32.25;877.4 h;49,0;103.3;0;54;FAILURE
101199;CNC;AFT;intermediate;No;57.04;5.69;2.88;25.22;N/A;58.7 %;117.6;2;57;FAILURE
101493;Compressor;Night;Senior;No;;6.65;4.19;28.63 A;394.6;47.3;96,0;1;107;WARNING
102347;Conveyor;Afternoon;Intermediate;Yes;57.26;5.57;0.74;21.0;1019.0;52.1;116.7;0;103;WARNING
101109;Conveyor;afternoon;intermediate;0;42.7;5.86;3.36;12.16;578.6;58.3;104.6;0;100;OK
100456;CNC;Afternoon;Junior;No;74.11;7.35;0.52;19.27;1250.2;40.1;99.7;0;50;FAILURE
102587;Pump;Morning;Intermediate;No;73.1;6.0;3.89;22.06;488.5;10.0;;3;10;OK
102484;Pump;Morning;Senior;No;72.14;7.92;3.65 mm/s;25.1;676.5;44,6;51.9;5;55;FAILURE
101705;Pump;M;Intermediate;No;;5,79;9.61;17,86;236.2;47.5;;2;84;WARNING
101506;Pump;Morning;intermediate;No;70.17;6.43;1.61;15.16;650.2;43.5;126.4;2;57;OK
102128;Pump;morning;Intermediate;Yes;51.12;7.43;2.05;19.39;853.8;29.2;91,2;0;57;WARNING
101874;Conveyor;Morning;intermediate;No;;error;1.57 mm/s;12.4;1368.8;61.6;133.4;0;109;FAILURE
100024;Conveyor;Night;Junior;no;71.56;5.22;1.29;15.17;496.7;38.6;143.6;0;51;OK
100386;Conveyor;morning;senior;No;50.44;6.65;4.1;13.77;655,2;27.3;112.2;3;74;OK
102446;Compressor;night;Intermediate;No;97.45;6.95;3.76;14.73;716.8;74.6;98.8;2;81;FAILURE
102194;CNC;night;Senior;yes;79.26;;1.35;15.61;759.5;42.8;93.1;2;53;OK
101313;Compressor;Night;Junior;no;91.84;6.95;1.85;25.25;148.0;50.2;;1;33;OK
102103;Conveyor;Morning;Sr;No;58,33;5.61;2.72;17.07;275.7;34.2;156.6;0;23;OK
101955;Conveyor;Morning;senior;No;60.32;6.92;7.19;15.8;378.7;32.5;86.6;2;28;OK
100521;Conveyor;Morning;Sr;Yes;55.27 C;5,04;5.81;18.2;1115.9;35.8;107.1;2;79;FAILURE
101189;CNC;Morning;Senior;yes;69.19;6.36;3.68;15.69;531.0 h;40.1;122.8;3;89;OK
100393;Compressor;Morning;intermediate;Yes;83.7;6.74;1.18;13.44;1122.0;48.8;119.2;2;62;WARNING
100524;Compressor;A;Senior;no;93.1;8.36;5.04;15.62;118.1;18.5;69.3;6;40;OK
100959;Pump;AFT;Junior;No;72.98;7.99;2.43;20.5;337.3;60.0;84.9;4;39;OK
102168;Pump;Afternoon;Senior;No;98.16;6.73;0.39;18.21;399.3;54.0;114.2;2;74;OK
101698;Compressor;Afternoon;Junior;yes;86.32;6.31;1.79;20.68;670.1;51.6;125.8;4;47;OK
101045;CNC;Morning;Junior;no;;6,97;1.31;20,08;289.0;30.4;118.6;1;37;OK
101092;Compressor;afternoon;Senior;No;97.96;8.38;;26.37;N/A;49.2;76.6;5;10;FAILURE
100486;Pump;Morning;Jr;yes;87.88;8.58;2.14;19.25;862.9;28.6;99.9;2;78;WARNING
101727;Pump;Morning;Intermediate;No;76.51 C;8.16;0.68;18.8;1151.6;38.4;82.3;1;57;FAILURE
102572;Compressor;Afternoon;junior;Yes;68.28;8,12;4.9;26,14;1017.8;22.8;79.0;2;30;FAILURE
100656;Pump;Night;Sr;yes;75.36;6.15;3.13;21.97;591.3;49.8;111.1;4;49;WARNING
101911;CNC;Afternoon;Senior;No;61.83;5.21;1.39;14.38;;41.4;120.7;1;80;OK
100097;Pump;Night;Senior;No;85,68;8.04;unknown;26.72;588.8;28.6;104.3;2;37;WARNING
102571;CNC;Night;Junior;No;73.29;7.55;0.71;16.86;158.6;31.1;104.9;3;113;OK
100837;Compressor;Morning;;No;error;7.2;2.88;18.89;782.5;62.5;101.1;3;12;WARNING
102136;Pump;Night;Senior;N;67.69;8.96;1.55 mm/s;22.47;1169.0;45.5;116.7;1;34;FAILURE
101751;Compressor;Morning;intermediate;no;63.73;7.66;1.65;28,99;765.1;24.5;106.2;1;102;WARNING
100423;CNC;Afternoon;Intermediate;no;62.99;5.42;1,82;13.69;1078,3;65.4;107.5;1;79;WARNING
101855;Conveyor;AFT;Junior;No;51.99 C;6.18;3.01;17.57;567.5;63.8;115.0;1;27;OK
100927;CNC;Morning;Junior;No;59.06;6.47;0.32;24.65;741.6;58.4;135.5;0;75;WARNING
101322;Pump;Night;Intermediate;no;75.04;5.88;3.35 mm/s;22.4;695.5;44.6;88.1;5;32;WARNING
101910;Conveyor;M;junior;0;unknown;5.73;6,81;21,38;1094.5;25.6;131.3;1;89;FAILURE
101486;CNC;night;intermediate;Yes;81.06;6.7;1.31;18.52;726.4;34.7;113.8;4;53;WARNING
101498;Compressor;Afternoon;junior;No;87.27;7.11;1.57;26.73;2076.6;56.4;89.8;0;4;FAILURE
101729;CNC;Night;Intermediate;N;76.89;5.6;3.59;18.24;735.1;34.7;94,1;3;17;WARNING
100094;Pump;Night;Intermediate;Yes;99.29;7.77;1.47;15,95;394.6;36.2;97.3;1;42;OK
100832;Compressor;Afternoon;intermediate;No;104.8;7.8;2,7;14.75;1450.0;43.0 %;88,8;9;53;FAILURE
101926;CNC;A;Senior;No;65.9;6.56;2.83;15.17;448.1;;114.8;1;118;WARNING
100377;Conveyor;afternoon;Senior;No;53.99;4.15;;18.29 A;434.2 h;48.9;96.6;1;26;OK
101684;CNC;Morning;Senior;No;77.01;7.68;unknown;16.56 A;687.5;47.6;;3;119;FAILURE
101632;Conveyor;morning;Intermediate;No;45.03;;2.68;18.02;718.5;33.0;109.2;0;40;OK
100863;Compressor;Morning;Junior;N;71.43;8.02;3.82;21.65;849.6;51.7;80.4;2;99;FAILURE
101829;Conveyor;Morning;Mid;No;49.62;5.4;2.65;11.42;642.9;42.4;111.7;0;48;OK
101593;Conveyor;afternoon;senior;No;62.68;6.38;1.36;12.35;839.6;61.0;61.4;1;82;OK
101528;Pump;Afternoon;Intermediate;Yes;;6.89;4.26;22.85;380.7;39.9;99.0 u/h;0;25;OK
102046;CNC;Night;Senior;N;89.14;6,13;1.18;22.74;491.4;22.2;142.2;2;92;WARNING
102288;Compressor;afternoon;Jr;0;86.78;8.02;5.42;25.11;578.0;45.4;65.4;4;109;FAILURE
102224;CNC;Night;Intermediate;No;70.84;7.44;5.62;15.27;446.7;46.1;121.2;2;15;WARNING
101157;CNC;Morning;intermediate;no;42,99;5.16;2.48;13.14;354.6;37.3;122.7;0;51;OK
100323;Pump;Morning;intermediate;no;73.14;7.46;1.92;26.39;402.6;45.1;101.0;3;45;OK
100994;CNC;morning;Intermediate;N;67.99;;1.03;25.83;576.7;71.6;109.5 u/h;2;90;OK
102309;Compressor;AFT;Intermediate;No;93.25;7.16;;34.51;1061.0;36.0;77.5;2;15;FAILURE
101975;CNC;NIGHT;Intermediate;no;74.69;8.05;3.53;15.55;355.4;51.9;103.1;1;103;WARNING
100337;CNC;Morning;Mid;No;61.82;5.69;2.34;18,07;483.6;33.5;142.1;1;72;OK
100044;Pump;Night;Intermediate;No;59.61;7.14;1.79;18.63;1042.6;59.3;99.4;0;42;WARNING
101366;Pump;MORNING;Intermediate;no;84.94;6.67;4.8;22.91;557.8;32,8;83.8;5;53;WARNING
102418;Pump;Afternoon;intermediate;Yes;75.39;6.84;1.12;21.67;1323.0;40.9;87.2;0;79;FAILURE
100132;Conveyor;morning;Senior;N;64.45;5.31;;error;229,8;28.5;135.5;0;56;OK
102305;Pump;Night;Intermediate;no;93.97;8.12;5.38;21.17;2241.7;27.6;107.9;2;118;FAILURE
100325;Conveyor;Morning;Intermediate;N;50.69;4.08;unknown;12.16;1002.5;33.3;134.1;1;84;OK
101318;CNC;Afternoon;Intermediate;No;70.53;4.65;0.48;13.95;752.6;71.3;91.9;2;80;OK
100286;Pump;Morning;senior;No;81.82;6.14;1.06;25.89;760.0;26.2;128.3;1;46;OK
101812;Pump;M;Senior;No;77.6;7.63;1,11;18.73;331.8;47.8;101.0;2;64;OK
100700;CNC;Morning;Junior;1;67.61;5.08;2.96;25.18;734.7;60.4;113,9;2;55;OK
100421;Compressor;Afternoon;intermediate;No;91.54;6.67;3.04;25.28;847.8;27.4;84.7;0;66;FAILURE
100498;Compressor;Afternoon;Senior;no;106.69;6.53;3,54;13.13;195,9;45.6 %;111.9;0;43;OK
100526;Pump;M;senior;No;81.07;8.0;4.25;20.86;200.7;38,4;111,2;5;96;OK
100868;Compressor;Morning;Jr;No;75.03;7.43;5.55;18.96;749.6;30.4 %;83.9;1;105;FAILURE
100957;Compressor;Afternoon;Intermediate;No;90.85;8.33 bar;1.38;14.08;1024.1;46,4;63.0;0;87;FAILURE
100907;Pump;Afternoon;Senior;Y;72.85;6.65;2.66;21.54;348.2;52.2;89,6;0;13;OK
101314;CNC;Afternoon;Senior;No;66.49;6.58;4.71 mm/s;19.81;409.2;55.2;92.2;3;4;OK
100985;CNC;Night;Junior;no;70.81;8.24;6.96;15.24;550.4;14.5;109.1;2;53;WARNING
101657;CNC;M;Junior;No;56.16;6.36;4.91;18.96;1073.6;45.3;111.9;2;74;FAILURE
101991;CNC;Morning;Intermediate;No;59.84;6.43;1.7;13.69;255.2;56.6;79.2;1;60;OK
100847;Pump;A;Intermediate;No;73.4;8,31;3.68;23.16;657.6;57.1;97.9;2;2;FAILURE
100479;Compressor;Afternoon;Senior;N;94,54;9.9;3.28;29.22;822.9;58.4;81.1;4;20;FAILURE
100074;CNC;afternoon;Senior;1;77.12;6.96;10.96;19.39;909.5;59.5;92.6;5;67;FAILURE
100302;CNC;Night;Intermediate;Yes;71.05;6.95;1,06;18.53;746.7;28.9;122.2;2;80;FAILURE
100034;Pump;AFT;Mid;no;82.86;7.01;1.51;17.23;607.3;31.8;82.2;4;4;OK
101411;Conveyor;morning;;no;57.82;7.0;1.4;16.07;949.4;N/A;111.1;1;12;WARNING
101750;Pump;N;Sr;yes;84.61;6.57;1,55;15.84;964.1;50.2;72.7;3;117;FAILURE
100763;CNC;Afternoon;intermediate;No;65.04;6,17;3.89;14.82;921.4;44.9;96.2;3;53;WARNING
101277;CNC;Morning;Senior;no;68.94;4.61;3.44;15.37;390.4;55.7;114.2;0;40;OK
100513;CNC;NIGHT;Senior;1;63.29;6.4;3.13;19.08;689.9;29.2;108.4;2;20;OK
102592;Conveyor;AFT;Intermediate;No;66.9;5.44 bar;1,92;11.54;1104.1;53.6;128.1;3;22;FAILURE
102371;Pump;afternoon;Intermediate;no;92.77;7.96;0.84;17.86;1053.2;61.2;105.7;3;31;WARNING
100454;CNC;night;Intermediate;0;72.92;6.43;5.3;17.96;480.4;46.8;97.5;5;14;WARNING
100433;Compressor;Morning;Intermediate;N;94.51;7.74 bar;13.42;26.6;1675.7;61.6;55.5;7;7;FAILURE
100093;Pump;Night;Senior;yes;109.02 C;7.29;4.3;26.04;823.2;33.1;83.4;2;6;FAILURE
102366;Compressor;Morning;senior;No;79.51;6.83;8.47;24.3;899.3;41.0;101.0;5;23;FAILURE
101919;Compressor;Night;junior;No;83.97;7.13 bar;5.1;8.52;753.7;40,7;106.7;0;106;FAILURE
100693;CNC;Afternoon;Intermediate;N;67.34;7.47;4.87;21.13;238.6;30.7;122.8;1;44;OK
101836;CNC;Afternoon;Intermediate;Y;70.54;;1.28;15.46;1591.8;41.3;106.2;0;54;FAILURE
101381;Pump;morning;Sr;N;92.23;8.11;2,13;24.82;784.9;27.7;90.2;5;57;FAILURE
100383;Compressor;Morning;Intermediate;No;79.56;8.73;2.04;26.18;379,1;33.8;86.2;2;39;OK
101374;Conveyor;Morning;Intermediate;Yes;62.6;7.09;2.28;17.52;475.8;41.5;140.9;1;116;OK
100975;Pump;M;Intermediate;no;70.87;7.23;2.7 mm/s;23.14;526.0;51.9;100.3;5;102;WARNING
102365;Compressor;Morning;Intermediate;Yes;77.84;6.04;2.86;19.5;723.6;61.1;61.5;2;20;OK
101669;CNC;N;intermediate;no;79.53;5.22;4.36;14.42;535.0;51.8;;4;48;OK
102266;CNC;Morning;Junior;N;66.05;;3.1;23.6;946.7;44.3;124.3;3;8;WARNING
100029;CNC;MORNING;Junior;No;63.93;6.37;3.34;17.5;1057.5;35.0;72.7;2;100;FAILURE
102245;Pump;Afternoon;Jr;No;79.36;7.65;1.95;21.08;473.6;38.1;101.6;3;113;WARNING
100663;CNC;Morning;Intermediate;no;64.51;7.57;5.01;;636.7;53.1;80.2;2;99;WARNING
101065;Pump;Morning;intermediate;yes;95.6;4.12;2.31;18.78;636.9;54.4;90,9;2;28;OK
102496;Pump;Afternoon;Intermediate;No;75.82;7.4;2.97;28.11;1730.3;51,4;71.8;1;44;FAILURE
102519;Pump;morning;Senior;no;63,05;7.89;5.67 mm/s;19.84;300.6;57.5;95.8;6;112;FAILURE
101386;CNC;morning;Intermediate;No;67.41;5.83;1.12;13.88;489.8;47.0;135.5;1;16;OK
101671;Pump;Night;Intermediate;no;93.08 C;8,16;1,67;19.4;1333.9;66.5;88.6;1;73;FAILURE
100077;CNC;Afternoon;intermediate;;69.76;5.61;3,45;20.66;261.6;43.7;131.5;1;42;OK
101860;CNC;Night;Intermediate;no;64,85;5,98;;11.9;494.5;41.4;113.3;2;22;OK
100790;Compressor;Morning;Intermediate;No;81,54;;2.41;;231.9;39.3;77.0;4;84;OK
101958;CNC;NIGHT;Senior;No;72.69;3,49;5.52;16.64;1340.4;44.1;82.7;4;6;FAILURE
100010;Pump;Morning;Junior;1;70.91;4.71;?;18.67;;63.5;102.7;0;7;OK
102069;CNC;NIGHT;Senior;;66.75;6.19;1.09;15.41;439,8;?;103.7;0;35;OK
101431;Conveyor;AFT;Intermediate;Yes;70.88;5,25;1.26;17.02;746.1;45.4;108.3;0;33;OK
100534;Compressor;MORNING;senior;No;96.97;9,23;10.33;23.73;822.5;59.2;78,6;2;48;FAILURE
100889;CNC;Morning;Intermediate;Yes;74.09;4.54;4.2 mm/s;29.67;672.4;46.3;116.5 u/h;2;15;OK
100127;Pump;Night;intermediate;Yes;102.46;6.33;7.24;18.15 A;440,2;27.1;82.0;3;2;WARNING
100704;Conveyor;Night;Senior;No;79.33;5.81;3.14;15.74;994.9;44.1;115.5;1;115;FAILURE
101571;Pump;Night;Mid;No;80.69;8.89;1.95;19.13;460.1;61.7;100.9;1;9;OK
102193;Compressor;Morning;junior;0;67.15;7.26 bar;2.75 mm/s;;552.7;43.2;64.0;0;19;OK
102458;CNC;Afternoon;Senior;0;61.74;5.79;2,62;13.45 A;309.8;41.9;106.9;1;110;OK
102052;CNC;night;Mid;No;69.82;5.49;0.73;16.85;2095.6;51.0;106.1 u/h;1;66;FAILURE
102318;Compressor;Afternoon;Intermediate;N;83,36;9.85;4.17;19.49;792.7;51.8;92.0;2;28;FAILURE
100850;Conveyor;Night;Intermediate;No;71.39;N/A;3.04;17.21;822.4;11.0;120.4;3;38;FAILURE
101475;Pump;Morning;Intermediate;N;85.72;6.09;8.88 mm/s;17.28;1940,2;?;110,7;5;31;FAILURE
100900;Pump;night;Junior;Yes;92.57 C;5.53;2.54;28.73;524.2;41.5;84.6;0;88;WARNING
100890;Compressor;afternoon;Senior;No;88.06;8.23;10.99;21.87;621.3;46.4;97.0;2;60;FAILURE
100324;Pump;afternoon;Intermediate;yes;70.05;9.54;1.77;28.17 A;567.4;52.8 %;77.6;1;48;OK
100319;CNC;Morning;junior;No;59.97;7.74;0.72;22.15;561.5;56.3;127.3;0;105;OK
100726;CNC;Night;Jr;0;73.79;7.24;2.6 mm/s;18.81;393.1;43.3;107.9;0;111;WARNING
102521;CNC;Afternoon;Junior;no;80.16;5.49;3.08;15.79;989.0;51.2;70.8;2;76;FAILURE
102480;Conveyor;Night;Senior;0;64.78;6.72;3.5;15.14;256.5;44.9;114.4;3;84;OK
101010;Pump;Morning;Senior;no;71.26;6.99;3.44;24.17;507.8;10.0;108.1;2;96;OK
101630;Pump;Morning;Senior;No;65.78;6.95;6.34;23.69;494.7;40.6;95.5;1;95;FAILURE
101014;Conveyor;Night;intermediate;no;75.99;6.67;2.29 mm/s;11.44;684.3 h;34.3;104.4;1;3;OK
102566;Pump;NIGHT;Junior;No;109.25;8.85;4.0;18.11;461.1;28.2;99.1;3;110;FAILURE
101224;Compressor;MORNING;Sr;N;85.56;5,8;3.17;24.18;865.3;36.8;56.2;7;35;FAILURE
100838;Conveyor;Morning;Intermediate;No;73.81;6.02;0.96;9,82;1291.9;46.1;90.4;0;53;WARNING
100035;Pump;afternoon;Senior;No;70.27;7.68;7.3;10.37;240.9;43.3;92.0;2;83;WARNING
102405;Conveyor;Morning;senior;N;48.94;5.08;4.05;18.44;894.8 h;42.9;153.0;1;4;WARNING
101194;Conveyor;Morning;Jr;No;66.45;4,89;0.73;17.18;1470.8;56.9;105.5;0;5;FAILURE
100647;CNC;Morning;Senior;0;62.39;5.48;1.79;18.93 A;292.0;;;2;15;OK
102039;Compressor;MORNING;Intermediate;No;81.66;6.77 bar;2.37;21.67;;62.6;65.2;1;55;FAILURE
100244;Pump;Morning;Senior;0;N/A;6.42;9.47;23.63;646,2;54,2;error;1;31;FAILURE
101714;Conveyor;Night;Senior;no;86.85;5.92;3.91;19.91;1340.0;46.1;126.9;0;1;FAILURE
100437;CNC;Afternoon;Intermediate;no;70.7;4.37;4.89;11.58;526.6;51.0;123.5;3;36;OK
101546;Pump;Morning;Junior;N;58.76;5.89;2.2;21.74;658.3;69.7;126.1;1;74;WARNING
101938;Compressor;Night;Junior;1;96.32;7.83;10.43;26.82;778.8;40.6;75.0;4;108;FAILURE
101156;CNC;Morning;intermediate;No;63.49 C;5.53;8.62;19.37;519.4;63.4;106.6;1;23;OK
100326;Compressor;Afternoon;Senior;No;104,45;5.5;4.0;19.48;;49.5;101.2;1;76;FAILURE
100387;Compressor;M;Intermediate;No;91.76 C;6.24;4.77;25.68;550.7;44.4;83.7;2;83;FAILURE
100902;CNC;Afternoon;Junior;No;67.44;7.43;1.52;15.36;687.2;46.0;128.6;0;72;OK
100398;CNC;Morning;intermediate;no;59.87;5.66;5.24;19.56;385.0;37.2;103.1;0;6;OK
100993;Compressor;Night;Junior;no;88.79;9.65;7.57;18.93;724.7;46.9;65.4;7;77;FAILURE
101327;Pump;Afternoon;Mid;N;66.73;7.3;3.12;25.18;808,9;33.0;80.6;0;89;FAILURE
100391;Compressor;Night;Intermediate;No;83.21;7.5;1.16;25.9;384.1;24.5;76.1;3;47;OK
101533;Compressor;Afternoon;senior;No;97.66;8.3;4.34;22.44;1001.5;35.3;85.6;4;49;FAILURE
102228;CNC;Afternoon;junior;Yes;71.58;8.22;3.77;25.39;915.7;45.0;104.1;2;7;WARNING
101599;Conveyor;Morning;;no;56.77 C;6.33;0.62;11.76;;50,0;144.4;0;83;OK
101877;CNC;afternoon;Junior;0;66.16;5.14;1.94;12.46;940.8;58.7;74.3;0;4;OK
102238;Pump;Morning;Intermediate;No;70.02;5.59;2.71;12.54;359.0;82.0;71.0;5;39;OK
102381;Conveyor;Night;Intermediate;no;72.29;4.49;1.96 mm/s;20.79;507.3;49.9;138.0;3;78;OK
102014;Pump;Afternoon;Intermediate;1;68,36;5.78;2.32;24.87;827.3;50.6;101.5;1;30;OK
100871;Compressor;Afternoon;Senior;yes;74.63;6.74;;13.73;1108.0;43.1;85.4 u/h;4;59;FAILURE
102392;Compressor;night;Sr;Yes;86.61;8.24;10.19;22.1;485.5;39.8;67.8;4;49;FAILURE
100297;Conveyor;Night;Senior;Yes;76.94 C;5.8;1.7;16.19;452.5;51,7;N/A;1;87;OK
102059;CNC;Afternoon;Senior;No;63.24;;3.3;21.64;787.5;49.7;118.2;0;10;WARNING
100673;Conveyor;Afternoon;Junior;No;53.71;5.0;3,42;16.53;269.9;43.0;124.4;0;73;OK
102024;CNC;Night;Junior;N;73.29;5.38;N/A;17.43;504.9;48.9;133.6;3;102;WARNING
102105;Compressor;Morning;intermediate;N;71.59;6.98;2.96;27.95;261.0;50.3;86.9;1;46;OK
100602;Compressor;NIGHT;Intermediate;Yes;96.66;5.41;2.32;20.08;601.1;40.8;94.1;2;71;WARNING
102258;Compressor;Afternoon;senior;0;;8.45;4.06;20.02;272.8;48.2;96.7;6;47;WARNING
102329;Compressor;Night;Intermediate;1;81.71;6.7 bar;;22.22;725.0;46.4;68.5;1;41;WARNING
102311;Conveyor;Morning;intermediate;No;54.55;5.42;0.44;10.31;1064,0;11.5;125.9;1;37;OK
102555;CNC;Morning;Intermediate;No;62.2;;6.4;20.05;208.0;29,1;132.8;1;116;OK
101003;CNC;afternoon;Intermediate;Yes;59.76;5.91;2.46;16.0;511,3;55.3;;2;86;OK
102529;Conveyor;Night;Intermediate;no;76.93;3.85;4.85;17.95;;38.5;105.7;2;59;FAILURE
100575;Conveyor;Afternoon;junior;No;75.75;7.29;2.51;11.97;850.8;61.0;101.3;3;94;FAILURE
102424;CNC;Afternoon;Junior;No;80.42;6.68;1.89 mm/s;17.91;216.4;70.9;119.2;3;77;OK
101505;Conveyor;Night;Intermediate;Y;56.31;6.66;1,73;22.46;504.9;37.5;102.2;1;116;OK
101628;CNC;Morning;senior;No;77.11;5.27;5.62;12.17;1423.4;;110.9;3;102;FAILURE
100333;Compressor;Afternoon;Intermediate;No;71.98 C;9.19;5.18;23.86;746.2;33.2;81.7;0;16;WARNING
102474;Pump;Afternoon;intermediate;No;100.13;6.68;1.69 mm/s;20.5;883.5 h;58.2;80.1;3;114;FAILURE
100384;Pump;A;Senior;Y;83.54;6.77;0.75;25.46;1070.3;44.8;90.1;0;42;WARNING
100531;Compressor;afternoon;Mid;Yes;99.07;4.88;1.54 mm/s;27.29;618.2;36.3;85.2;3;107;OK
100434;Conveyor;Morning;Junior;no;;5,53;1.8;16.14;372.2;33.8;126.1;1;42;OK
101579;Conveyor;Afternoon;intermediate;No;;5.78;0.69;16.0;612.7;50,7;153.7;3;16;OK
100118;Compressor;Night;Senior;Yes;85.89;9.51;1.23;12.52;823.1;50.6;98.0;3;99;FAILURE
102138;Compressor;Morning;Mid;No;90.44;6.31;3.38;27.62;871.0;44.9;80.7;4;108;FAILURE
100438;Pump;Morning;senior;N;72.78;6.17;3.08;21.79;833.2;20.3;90.2;0;45;WARNING
102118;CNC;Afternoon;Senior;N;59.69;5.67;2.56;12.76;;26.8;128.3;2;84;OK
101715;Pump;MORNING;Senior;Yes;82,88;8.67;2.37;23.84;213.9;44.0;82.9;4;10;OK
100811;CNC;AFT;senior;yes;61.77;6.39;1.46;13.76;691.2;30.0;100.3;0;87;WARNING
102368;Pump;Morning;intermediate;No;76.8;6.56;1.8;24.1;501.7;22.7;88.6;2;42;OK
102283;Pump;Afternoon;Intermediate;Y;96.12;5.14;2.8;21.48;288.1;15.5;93.5;4;58;OK
100496;Pump;Morning;intermediate;No;88.03;5.8;2,74;21.4;186.4;28.9;106.9;1;16;OK
101659;Pump;Night;Junior;no;74.15;6.82;4.51;20.95;1485.0;54,5;81.1;0;24;FAILURE
102573;Compressor;Night;Junior;Yes;76.42;8.51;2,94;25.1;371.8;38.2;117.7;2;26;OK
100621;Compressor;Morning;Intermediate;no;67.84;8,02;5,9;26.13;472.9;46.8;66.0;1;24;WARNING
101557;Conveyor;Night;Senior;N;62.62;5.45;0.24;20.96 A;856.9;31.0;110.7;0;80;WARNING
100505;Pump;Afternoon;Intermediate;No;72.13;6.87;5.32;23.99;401,9;72.1;105.0;2;97;OK
100998;CNC;Night;Junior;No;71.87 C;6,43;2.3;19.53;339.4;;123.5;0;89;OK
101644;CNC;AFT;Intermediate;no;65.33;6.63;8.37;18.15;693.4;54.8;121.4;5;36;FAILURE
100550;Pump;Morning;Senior;Yes;73.63;8.16;0.97;22.34;1894.2;40.3;103,6;2;13;FAILURE
101351;Compressor;Afternoon;Senior;0;88.46;9.76;6.5;24.72;609.4;36.4;113.4;2;71;FAILURE
100200;Pump;Night;junior;N;106.4;8.01;1.51;18.83;150.9;70.9;100.2;0;34;OK
102009;CNC;Morning;Junior;No;57.88;5.34;;6.21;470.0;25.9;109.3;0;52;OK
102023;CNC;Afternoon;Mid;no;73.34;5.46;3.59;15.98;957.4;52.5;N/A;1;31;WARNING
102541;Pump;Afternoon;Intermediate;N;88.79;6.91;?;N/A;510.5;61.6;86.7;4;44;WARNING
102192;Compressor;Morning;Junior;No;77,84;6.39 bar;1.75;22,56;910.8;38.8;;1;97;WARNING
102102;CNC;Afternoon;intermediate;no;68,22;6.08;1.95;20.93;480.3;70.4;115.0;2;39;OK
100233;Conveyor;AFT;intermediate;No;65.7 C;5.72;2.2;18.47;426.9;61.4;143.1;2;89;OK
101338;Compressor;Afternoon;Intermediate;no;83.68;9.55;4.69;21,85;925.0;;75.8;5;52;FAILURE
102598;Pump;Morning;Senior;N;63.08;6.43;3.13;21.66;782.3;50.9;98.8;0;17;WARNING
100632;Conveyor;Morning;Intermediate;Y;44.93;6.09;2.01;14.47;448.7;unknown;133.1;0;95;OK
100472;Pump;Night;senior;yes;70.69;7,62;4.16;25.66;266.5;60.4;98.8;3;5;OK
102263;Pump;MORNING;Junior;No;75.21;7.78;1.15;18.93;577.5;31.2;84.3;1;8;OK
101843;CNC;Night;Junior;N;63.65 C;7.32;1.34;19.17;1123.8;55.1;104.1;0;26;FAILURE
101601;Conveyor;Morning;Intermediate;N;65.61;6.68;error;17.99;515.4;31.9;122.2;1;62;OK
101104;Conveyor;Afternoon;junior;;70.58;6.46;1.59;15.81;854.5;41.5;87.3;0;95;WARNING
102147;CNC;Afternoon;Intermediate;no;56.98;8.12;4.87;14.03;;60.1;96.2;0;55;WARNING
100476;Pump;NIGHT;Senior;;78.98;6.13;2,34;27,76;469.7;53.4;98.1;0;81;OK
101344;Compressor;afternoon;intermediate;No;75.77;;4.33;23.9;246.0;44.3;72.9;2;20;OK
100662;Conveyor;Afternoon;Junior;No;77.38;4.28;2.55;14.2;1427.6 h;43.9 %;108.6;0;36;FAILURE
102045;Conveyor;Morning;Intermediate;No;55.98;5.18;0.93;19,16;688.7;66.3;103.6;0;38;OK
100399;Pump;Night;Mid;0;89.75;7.24;3.31;17,75;874.3;54.3;99.7;4;102;FAILURE
101679;Conveyor;Morning;Mid;No;47,64;5.71;1.89;15.67;802.8;67.7;103.9;0;3;OK
101783;CNC;Morning;Intermediate;No;80.7;6.76;2.89;19.04;764.8 h;44.2;121.6;1;27;FAILURE
101809;Pump;Night;Junior;No;87.81;6.0;1.88;25.78;60.8;48.5;89.8;2;11;OK
101793;CNC;Afternoon;Senior;0;71.72;6.31;0.57;20.67;567.4;68.3;121.1;2;13;OK
100470;Pump;AFT;Senior;0;89.11;6.88;0.41;19.91;733,6;;87.4;0;22;OK
101418;Pump;afternoon;Senior;No;73.95;6.96;0.68;10.39;888.2;31.2;105.3;2;75;WARNING
102047;Pump;N;Senior;No;84.78;5.62;4.88;15.86;259.3;50.4;70.5;4;47;OK
101984;CNC;Night;Intermediate;no;83.95;4.92;3.22;8.09;808.5;38.5;113.4;3;8;OK
101068;Compressor;Morning;Senior;No;78.56;9.09;7.91;23.31;742.5;52,1;104.6;3;6;FAILURE
100151;Conveyor;Morning;Senior;No;56.9;4.56;;17.22;642.6;34.2;119.0;3;110;OK
100161;CNC;afternoon;intermediate;Yes;;5.48;1.62;15.66;1553.7;46.7;122.7;0;89;FAILURE
101241;Conveyor;A;Mid;Yes;52.86;5.4;1.59;18.58;303.0;43.7;134.7;0;45;OK
102593;Compressor;Morning;junior;No;78.52;7.35;3.81;29.29;602.5;53.1;106.0;2;88;FAILURE
101312;Conveyor;Afternoon;Junior;No;74.91;5.89;0.59;17.26;1522.8;46.5;125.0;2;116;FAILURE
101204;Compressor;Morning;Intermediate;Y;81.79;8.68;1.7;10.76;545.6;42.2;71.1;3;92;OK
100194;Conveyor;Night;Intermediate;No;63.68;6.11;6.39;18.54;629.9;34.2;117,7;2;9;WARNING
100062;Pump;Afternoon;Intermediate;Yes;78.28;6.98;7.0;17.56;553.7;53.1;78.3;0;12;OK
100865;CNC;night;Intermediate;Y;84.79;7.14;5.51;15.32 A;196.6;51.3;122.7;0;40;OK
102061;Conveyor;Afternoon;Senior;Yes;61.89;error;2.58;8.57;;34.7;89.5;1;93;OK
102328;CNC;AFT;senior;No;56.67;5.7;7.69;unknown;931.6;58.6;119.2;0;116;FAILURE
101298;CNC;Afternoon;Mid;N;80.72;6.98;2.86;20.47;1373.9;46.3;108.0;3;112;FAILURE
101683;Compressor;Afternoon;intermediate;No;75.78;4.9;7.08;19.86;1187.1;63.2;77.3;2;93;FAILURE
102088;Pump;Afternoon;Junior;no;88.03;6,79;1.51;21.04;656.3;46.8;77.0;0;87;WARNING
101518;Conveyor;NIGHT;senior;N;69.88;5.86;0.34;11.39;1055.4;33.7;144.9;1;34;WARNING
100971;CNC;Night;senior;yes;59.45;6.29;2.5;14.25;713.4;14.7;99.1;0;64;OK
100990;Compressor;morning;Intermediate;No;;9.64;1.44;;935.5;62.6;101.3;3;47;FAILURE
100135;Compressor;Morning;intermediate;no;;6,99;3,42;19.31;669.4;29.9 %;;1;8;WARNING
102114;Compressor;NIGHT;intermediate;N;111.24;6.4;2.55;24.01;848.4;53.1;106.1;3;55;FAILURE
100910;CNC;MORNING;Intermediate;No;73.72;5.05;2.9;19.34;392,0;29.1;108.8 u/h;3;24;OK
100996;Pump;Night;intermediate;no;89.11;2.21;2.5;25.1;389.1;39,9;90.8;1;111;OK
101240;CNC;Morning;intermediate;yes;66.16;6.31;5.43;22.61;561.0;25.4;82.4;1;19;OK
100402;Conveyor;Afternoon;Junior;No;69.38;6.15;0.77;9.93;240.9;46.3 %;132.7;0;55;OK
100420;Conveyor;Morning;Junior;No;;4.59;2.01;error;1266,3;33.1;85,9;1;46;FAILURE
102412;Conveyor;Afternoon;senior;No;64.58;4.64;1.45;11.39;684.0;43.0;112.5;2;115;OK
100019;Conveyor;night;Intermediate;0;72.34;6.25 bar;1.6;18,46;915.7;41.7;147.9;0;53;WARNING
100219;Conveyor;A;Junior;No;68.58;4.68;2.55;15.66;419.9;44.2;107.4;1;83;OK
101196;CNC;afternoon;Senior;no;73.89;6,21;3.5;20.44;1046.9;73.3;87.8;1;56;FAILURE
100400;Pump;Morning;Intermediate;No;59.05;8.71;2,54;19.88;407,4;15.0;;0;45;OK
101692;Conveyor;Morning;Mid;0;52.91;4.94;0.72;20.03;709,9;49.9;86.1;0;2;OK
102122;CNC;Afternoon;Jr;0;71.02;5.78;0.4;19.52;371.2;75.1;125.2;0;99;OK
102280;Compressor;Afternoon;Senior;0;102.13;7.93;3.8;17.78;820.1;42.7;85.3;5;110;FAILURE
100577;Conveyor;night;Senior;No;69.9;4.4;;22.63;1170.6;24.0;149.4;3;77;FAILURE
100220;Pump;Night;Intermediate;no;71.85;5,76;1.46;17.73;563.6;38.9;72,4;3;70;WARNING
100075;CNC;Afternoon;intermediate;No;70.4;5.44;2.27;17.78;425.0;71.4;92.5;1;111;OK
100064;Compressor;Morning;Senior;No;80.21;5.85;4.74;26.66;459.5 h;43.4;85.4;6;74;FAILURE
101903;Conveyor;AFT;Intermediate;no;70.83 C;5.15;0.95 mm/s;17.49;860.2;45.9;96.2;2;75;WARNING
102440;Compressor;N;Mid;no;132.04;6.75;0.64;29.43;607.5;36.3;72.4;3;15;FAILURE
101185;CNC;AFT;Junior;No;;4.77;3.08;16.42;350.9;37.4;91.2;2;77;OK
101537;Compressor;Afternoon;Junior;no;92.52;7,02;4.0;28.25;1009.1;55.9;83.2;5;14;FAILURE
100721;Pump;M;Intermediate;No;69.66;6.88;2.04;28.46;844.8;61.9;91.2;1;78;OK
101097;CNC;Morning;Senior;0;49.37;6.75;7.04;21.22;670.8;40.7;;2;23;WARNING
101897;Compressor;Afternoon;Intermediate;N;95,49;10.29;5.07;18.77 A;290.3;41.9;90.3;7;65;FAILURE
100588;Pump;Night;Senior;;72.0;7.1;6.88;27.23;921.5;35.9;87.8;0;75;FAILURE
101234;Compressor;AFT;Senior;No;75.15;6.36;?;20.13;1208,0;48.3;N/A;3;74;FAILURE
101491;CNC;M;Intermediate;No;53.95;8.17 bar;1.16;27.69;671.4;30.6;123.3;0;55;OK
100600;Compressor;night;Intermediate;No;96.16;7.41;2.91;6.56;N/A;27.4;83.5;2;77;WARNING
102012;CNC;Morning;senior;No;50.38;5,62;1.76;17.44;522,4;57,4;81,2;0;43;OK
101387;Compressor;MORNING;Junior;N;86.52;7.97;0,25;12.67;955.7 h;26.5;;1;75;FAILURE
101466;Compressor;Night;Senior;No;82.04;11.1;8.21;24.28;786.9;57.1;103.2;6;118;FAILURE
100091;CNC;N;Intermediate;0;68.86;5,88;4.66;17.63;1110.0;56.6;86.6;0;107;FAILURE
102486;Pump;A;Sr;yes;74.83;4.53;5.71;22.03;971.1;56.0;89.5;2;104;FAILURE
100152;Conveyor;Night;Senior;No;62.61;5.34;4.44;;1024.8;14.1;113,0;2;2;FAILURE
101641;Compressor;Night;Senior;No;94.95;9,77;6.98;18.25;1018.4;52.2;63.2;3;23;FAILURE
101412;Conveyor;Morning;Intermediate;No;61.6;6.05;3.02;16.86;755.6;33.0;87.8;1;29;OK
100231;CNC;Morning;Intermediate;N;72.39;6.56;2.31;19.08;122.8;57.8;96.3;2;30;OK
101223;Conveyor;Afternoon;intermediate;0;69.6;5.84;3.73;10.25;1185.1;55.7;140.1;2;93;FAILURE
102178;Conveyor;Morning;Senior;No;56.72;6.52;1.43;13.51;473.7;80.1;109.3;2;79;OK
101083;Conveyor;A;intermediate;No;61.71;3.51;2,59;16.75;1758.1;57.9;125.3;0;42;FAILURE
102112;Pump;Morning;intermediate;No;87.47;8.18;3,72;23.08;709.4;42.3;;4;111;FAILURE
102108;Conveyor;Afternoon;Senior;No;53.87;7.35;2.99;14.74;598.7;36.0;73.2;0;9;OK
100672;Compressor;Afternoon;Intermediate;No;72.75;8.38;4.94;18.79;920.0;49.3;84.2 u/h;1;33;FAILURE
100046;Conveyor;Night;Intermediate;No;61.27;4.28;0.79;18.11;452.2;45.8;89.9;0;64;OK
100199;CNC;Afternoon;Intermediate;N;77.25;6.04;0.82;13.53 A;1710.1;23.0;111.8;1;107;FAILURE
102473;Compressor;Afternoon;Senior;No;75.02;7.36;2.09;23.74;336.5;58.5;92.2;2;45;OK
100004;Compressor;Night;Intermediate;0;73.26;7.74;1,99;26.35;1094.3;50.5;104.3;3;65;WARNING
100586;Compressor;Morning;Senior;No;81.14;7.75;1.31;26.11 A;518.9;32.1;79.3;0;8;OK
102181;Compressor;MORNING;Intermediate;No;72.91;5.54;1.59;19.83;412.7;54.7;82.9;1;94;OK
100931;CNC;Morning;Intermediate;0;61.09;6.14;0.68;15.65;927.7;63.1;100.9;0;53;WARNING
101761;Pump;Morning;Intermediate;No;74.86;9.86;0.41;28.33;941.7 h;43.8;88.6;2;103;FAILURE
100257;Conveyor;Afternoon;Junior;No;47.29;5.62;2.38;19.67;1784.7;37.9;103.6;0;22;FAILURE
100774;Conveyor;Morning;Senior;No;46.85;8.18;1.81;23.51;750.3;64.3 %;107.2;0;4;OK
100657;Conveyor;morning;Mid;No;51.1;;2.57;18.24;185.4;71.5;117.7;0;75;OK
100130;Compressor;Night;Intermediate;No;90.28;10.38;3.05;24.62;;65,1;115.8;2;118;FAILURE
101542;CNC;Afternoon;intermediate;yes;82.59;8.33;4.58;19.79;697.7;75.1;107.7;2;85;FAILURE
100689;Compressor;MORNING;Senior;No;82.92;8.1;7.21;11.63;397.8;44.5;74.7;6;62;FAILURE
100494;Pump;Night;Senior;Y;84.55;7.73;6.44;21.14;533.0;29.7 %;84.5;5;39;FAILURE
100485;CNC;Night;Intermediate;Yes;79.05;5.62;3,15;15.3;N/A;30.7;118.4;3;102;OK
100901;Pump;Afternoon;Intermediate;No;67.07 C;7.12;2.0;20.38;486.1;42.3;100.6;2;29;OK
102091;Pump;Afternoon;intermediate;No;85.03;7.11;0.23;17.94;951.5;61.2;90.7;4;75;FAILURE
100347;Conveyor;Morning;Senior;No;59.57;5.76;2.52;15.36;796,9;43,2;102,7;1;5;OK
100146;CNC;Night;junior;No;84,17;6.35;2.26;20.36;1617.2;47.5 %;;0;113;FAILURE
101255;CNC;Afternoon;Intermediate;N;57.7;6.46;1.78;20.63;840.8;43.3;105.0;0;75;WARNING
101089;Pump;A;intermediate;No;78,85;6.44;3.9;16.94;953.8;80.8;102.1;2;90;FAILURE
101120;Conveyor;AFT;Intermediate;0;72.02;6.98;1.71;19.62;310.1;63.0;106.6;0;44;OK
102010;Compressor;Night;intermediate;0;94.05;8,42;5.1;22,14;591.4;51.7;84.7;6;32;FAILURE
102386;Compressor;Morning;Intermediate;;77.57;7.7;6,8;35.46;597.7;51.8;98.9;5;29;WARNING
100461;Compressor;Afternoon;intermediate;no;78.47;5.68;5.37;19.14;1593.5;38.0;84.6;1;32;FAILURE
100864;Compressor;Morning;intermediate;No;101.33;8.99;5.97;18.09;369.9;61.6;74,4;4;60;FAILURE
101575;CNC;night;Intermediate;No;89.35;3.95;0.4;17.05;637.7;32.8;93.7 u/h;3;35;OK
102434;Pump;Afternoon;Intermediate;No;66.95;9.11;N/A;24.34;465.3;33.4;82.1;2;33;OK
101302;Compressor;Night;Intermediate;No;109.79;7.81;1.95;20.5;680.8;47.7;;4;1;WARNING
100628;CNC;Morning;junior;No;80.34;7.85;1.91;22,0;1631.5;52.3;98,7;3;69;FAILURE
100352;CNC;night;Junior;No;81.14;7.15;2.88;11.15;303.1;30.6;107.4;3;48;OK
102300;Compressor;NIGHT;Junior;0;83.91;7.89;6.46;16.78;315.5;45,9;82.5;2;102;FAILURE
101202;Compressor;Morning;Junior;no;86.37;8.45;4.13;27.67;717.5;53.3;73.6;4;96;FAILURE
101308;Compressor;Night;Junior;No;69.42 C;7.24;5.98;27.89;695,9;56.2;87.9;1;32;FAILURE
101797;Compressor;MORNING;Sr;Yes;82.49;6.97;2.7;18.83;1133.1;24.9;111.3;3;63;FAILURE
100460;Compressor;Morning;Senior;0;83.85;7.33;3.88;31.2;540.6;54.5;96.1;5;70;WARNING
100608;CNC;Morning;Senior;No;;6.31;3.56;20.55;419.1;48.0;98.9;1;103;OK
101361;Compressor;M;Intermediate;No;80.64;5.93;7.4;23.08;586,8;55.4;100,5;3;83;FAILURE
100311;Pump;night;Jr;N;90.99;6,53;4.84 mm/s;N/A;648.2 h;52.8;84.7;3;37;WARNING
102304;Pump;Night;intermediate;0;118.7;8.75;;18.13;255.2;50.7 %;94.4;3;88;FAILURE
101446;Compressor;Morning;Junior;N;65.73 C;8.68;4.28;28,24;399.6;54.4;97.8;0;14;WARNING
100934;Compressor;Morning;intermediate;No;63.93;7.6;1.86;20.11;478.6;35.0;61.9;0;28;OK
102080;CNC;Night;Senior;no;81.57;5.2;6.03;23.44;212.9;26.3;85.5;5;11;OK
100872;CNC;Afternoon;Jr;0;73,24;7.45;1,9;22.1;1345.7;21.7;98.0;0;83;FAILURE
101840;Compressor;Morning;Senior;No;65.82;N/A;0,89;18.61;1799.7;29.6;76.5;0;103;FAILURE
101782;Compressor;morning;Senior;Yes;86.35;6.81;6.13;26.33;1011.6;16.0;77.1;4;70;FAILURE
100039;CNC;Night;Mid;No;75.61;4.5;4.41;21.65;482.7;49.4;108.9;1;22;OK
100360;Compressor;Night;Junior;N;108.38;5.99 bar;1.96;24.17;776.0;42.1;98.7;3;107;FAILURE
100205;CNC;MORNING;intermediate;No;54.17;6.44;2.06;11.61;;36,0;92.6;1;99;OK
100885;CNC;AFT;junior;No;63.12;5.8;2.74;18.77;342.7;61.5;89.2;1;3;OK
101294;Pump;A;Junior;No;67,88;7,15;8.63;28.4;803.7;44.7;103.6;3;25;FAILURE
100856;Pump;Night;Junior;0;85.68;8.16;3.45;14,96;718,9;41.6;96.6;2;44;FAILURE
100443;Compressor;Night;senior;N;97.99;;4.34;30.28;1193.2;31.5;70.6;3;94;FAILURE
100232;Pump;Afternoon;Intermediate;No;76,16;9.05;2.83;23.99;785.6;20.3;92.1;2;53;WARNING
102404;Conveyor;Morning;Intermediate;No;58.66;5.6;1.09;15.62;1382.0;50.7;105.7;0;59;FAILURE
102227;Compressor;morning;Senior;no;93.41;9.64;;25.65;68.5;30.7;62.4;3;64;WARNING
101267;CNC;Afternoon;junior;0;60.07;8.93 bar;7.15;21.0;2123.7 h;53.5;124.0;2;104;FAILURE
101413;Conveyor;Night;Intermediate;1;59.59;4.62;2.93;14.06;516.3;38.2;119.9 u/h;1;73;OK
100499;Pump;Morning;Senior;yes;;8.78;4.7;22,81;939.6;59.7;78.0;2;30;FAILURE
102223;Pump;Afternoon;Mid;N;79,94;7.2;3.93 mm/s;17.77;600.9;47.1;100.6;3;37;WARNING
102035;CNC;Afternoon;Intermediate;No;88.17;6.05;2.07;13.86;?;18.5;126.6;1;46;WARNING
100895;Compressor;Morning;senior;No;94.62;6.4;6.12;20.73 A;653.4;54.1;103.4;3;9;FAILURE
102294;Pump;Morning;Junior;No;93.8 C;7.38 bar;3.43;19.77;1136.0;45.7;74.7;1;97;FAILURE
100131;CNC;MORNING;Sr;N;69.4;6.33;1.33;24.61;1292.0;;95.4;3;81;FAILURE
101553;Pump;Afternoon;Senior;No;102.27;7.57;1.26;18.64;722.6;42.7;91.4;4;69;WARNING
102218;Conveyor;afternoon;Senior;No;67.05;4.81;0.92;15.78;547.4;49.9;125.5 u/h;0;52;OK
100799;Compressor;A;Senior;No;86.11;5.04;3.81;12.5;640.8;25.6;113.8;3;58;WARNING
102065;Pump;Afternoon;Intermediate;Y;76.93;6.21;1.46;18.32;601.3;49.5;107.7;1;86;OK
100063;Compressor;Afternoon;Junior;Yes;74.39;8.87;5.09;23.27;1776.4;15,9;74.3;2;114;FAILURE
102399;CNC;MORNING;Intermediate;No;68.25;6.46;2.92;20.14;355.4;65.0;;0;8;OK
101064;Compressor;Afternoon;Senior;no;62.88;9.8;2.32;20.04;271.5;error;67.6;1;46;OK
101530;CNC;NIGHT;Intermediate;No;81.92;6.14;9.5;20.05;;10.0;122.6;6;94;FAILURE
100839;Pump;Morning;Junior;No;71.99;8.69 bar;1,73;17.49;630.6;54.3;53.9;3;73;WARNING
102188;Compressor;Night;Junior;no;101.16;6.22;6.47;15.67;548.0;45.6;71,3;5;95;FAILURE
102374;CNC;Night;Mid;Yes;77.1;4.97;5.3;18.01;552.0;32.0;113.3;4;48;WARNING
102099;CNC;Afternoon;Senior;No;84.99;6.55 bar;1.55;19,18;283.4;;123.3;3;106;OK
101059;Pump;Night;Intermediate;No;76.87;7.64 bar;4.52;28.36;380.2;31.6;100.3;3;107;FAILURE
100083;Conveyor;Morning;Senior;no;57.23;5.75;1.36;16.95;370.6;43.0;127.8;0;109;OK
101177;Pump;Night;Intermediate;Yes;76.23;8.26;3.38;22.27;875.6;62.5;64.1;1;16;WARNING
100210;Pump;Morning;senior;no;74.13;5.1;1.32;;743.5;31.1;93.4;1;24;OK
102267;Compressor;Morning;;no;69.43;6.93;4.11;18.44;715.6;46.3;62,1;1;26;WARNING
101096;Pump;Afternoon;senior;Yes;82.3;7.26 bar;;22.18;1560.3;55.8;131.4;1;28;FAILURE
100555;CNC;Morning;Junior;No;69.61;6.39;3.19;15.53;754.8;36.9;114.0;2;12;OK
100114;Compressor;morning;Intermediate;0;92.84;8.13;1.84;22.2 A;684.3;51.6;58.0;4;56;OK
100533;Pump;Morning;Intermediate;Yes;error;6.67;5.4;21.35;489.2;30.6;101.7;2;110;FAILURE
100540;Conveyor;Afternoon;Intermediate;No;76.1;5.04;1,23;21.62;284.6;18,4;117.7;2;81;OK
102290;CNC;Night;Junior;No;63.34;6.06;2,34;9.71;403,6;32.8;125.5;1;68;OK
100080;Compressor;Morning;Senior;No;88.75;7.44;1.44;21.17;667.0;10.0;81.5;1;42;OK
101390;CNC;Night;Intermediate;No;83.54;5.13;1.32;22.03;546.2;40.2;114.5 u/h;1;98;OK
100861;Compressor;A;Intermediate;No;97.52;6.91;2.8;20.37;1694.5;58.1 %;85.4;3;39;FAILURE
102583;CNC;Morning;Intermediate;Yes;76.59;4.63;1.71;13.87;210.7 h;38.1;86.2 u/h;2;95;OK
101658;Conveyor;afternoon;Intermediate;Yes;73.58;5.01;1.22;23.19;1127.5;24.1;113.5;1;107;FAILURE
100523;CNC;morning;Junior;1;64.66;4,93;1.33;18.68;842.9;31.9;131.1;1;44;OK
101525;Compressor;N;Intermediate;N;71,35;7.04;4.68;21.86;752.9;62.5;78.8;1;25;WARNING
101023;Conveyor;Afternoon;Intermediate;No;63.87;5.32;1,91;15.3 A;437.7;45.8;99.1;2;26;OK
101273;Pump;morning;Sr;no;70.24;;0.67;21.81;301.8;60,1;114.6;0;94;OK
101543;Pump;M;junior;0;63.48;8.13;2.25;9.64;378,8;52.9;93.1;1;67;OK
100932;Pump;morning;Intermediate;no;70.62;6.56;4.75;19.45;584.9;44.4;106.7;2;72;WARNING
100125;CNC;Morning;Junior;;75.69;6.71;0.61;21.12;1022.9;61.5;113.4;0;96;WARNING
100860;Pump;Night;Senior;no;;8.65;1.88;16.45;157.4;29.6;74.6;4;44;OK
100224;Conveyor;Night;junior;N;85.76;5.4;1.03;;689.1;78.5;161,5;1;110;WARNING
101126;Compressor;Night;Junior;0;81.12;9.26;3.14;20.91;550.4;27.2 %;67.9;3;32;WARNING
100966;Pump;Night;Intermediate;N;92.13;5.83;0.18;15.18;615.6;37.1;67.8;2;74;OK
101749;Pump;Afternoon;Senior;No;75.71;7.15;6,65;13.35;372.0;47.3;107.3;2;62;WARNING
102175;Pump;morning;Mid;no;81.79;6.18;0.91;24.16;333.4;62.1;127.0;1;95;WARNING
100150;CNC;Morning;Junior;No;68.73;5.19;1.85;17.18;1021.5;37.2;98.8;1;99;WARNING
101488;Pump;Afternoon;Senior;No;65.62;7.67;0.53;19.71;922,7;39.0;N/A;0;18;WARNING
102482;CNC;Afternoon;Intermediate;No;58.33;6.46;3.4;16.66;237.4;25.1;151.2;2;87;OK
100881;Pump;Afternoon;Junior;Yes;67.24;6.27;2.83;13.89;482.1;43.3 %;112.7 u/h;1;50;OK
100269;CNC;night;Intermediate;yes;82.42;5.75;2.36;19.94;435.6;57.4;97.3 u/h;1;109;OK
102547;Conveyor;Night;Intermediate;No;87.3;4.63;3.23;15.54;1131.4;45.2;115.5;2;73;FAILURE
100675;Compressor;Night;Junior;No;64.57;8.31;0.7;21.61;303.6;19.2;22.7;1;84;OK
101738;CNC;MORNING;Intermediate;No;65.2;5,14;4.04;18.5;420.6;39.3;90.2;1;55;OK
101732;CNC;N;Senior;No;71.57;8.03;2,22;unknown;unknown;37.1;94.7;0;112;FAILURE
101567;CNC;Morning;senior;N;61.9;5.42;2.61;21.68;781.0;62.9;73.0;1;75;WARNING
100228;Compressor;M;Senior;N;81.58;7.99;8.8;23.2;759.5;35.9;86.1;5;17;FAILURE
100618;Pump;M;Junior;No;61,16;8.48;1.0;19.86;702.9;38.9;75.6;1;41;OK
100405;Conveyor;Morning;Intermediate;no;40.2;5.66;2.43;16,93;790.1;47.4 %;116.9;1;44;OK
102420;Conveyor;Afternoon;Senior;no;68.31;4.45;0.93;16.3;345.6;48.3 %;95.0;2;109;OK
100123;CNC;M;;No;59.57;5.12;5.08 mm/s;17.04;927.7;23.0;109.2;1;40;WARNING
100944;Pump;M;Intermediate;No;74.47;5.89;2.29;27.38 A;761.7;52.0;128.0;2;36;OK
101637;Pump;Afternoon;Junior;No;91.41;5.96;0.56;22.16;N/A;13.7;78.4;3;92;WARNING
102296;CNC;afternoon;Senior;0;59.21;6.93;1.47;18.21;396.6;49.8;134.3;0;47;OK
101032;Compressor;Night;Intermediate;No;87.59;8.18;3.04;29.8;418.7;36.1;55.6;1;93;FAILURE
100439;Compressor;Morning;Jr;no;85.49;8.56;5.91;21.24;651.2;63,7;68,7;4;3;FAILURE
101933;Compressor;afternoon;Junior;No;78.76;8.9;0.9;14.65;664.6;41.3;68.8;1;19;OK
100165;Compressor;Morning;Senior;Yes;92.34;6.95;2.4;33.71;147.0;53.3;83.5;2;76;OK
100211;Compressor;Morning;Mid;No;85.03;7.61;1.74;25.75;811.6;74.4;67.7;0;47;WARNING
101667;Conveyor;Afternoon;intermediate;no;71.35;4.18;1.63;15.42;513.6;56.2;139.1;0;14;OK
101904;CNC;Afternoon;junior;No;67.5;5.16;3.09;20.98;687.5;57.4;102.5;2;100;OK
101325;Pump;Morning;Mid;No;78.68;7.15;7.54;22.89;558.1;50.5;N/A;5;65;FAILURE
102237;CNC;Morning;Junior;No;51.76;6,19;2.29;17.22;1375.2;45.3;124.5;0;115;FAILURE
101899;CNC;Night;Junior;Y;;3.86;3.22;18.85;911.8;48,1;99.0;3;1;WARNING
101771;Compressor;Morning;Senior;Y;88.08;8.98;2.38;21.98;835.5;46.0;88.7;3;71;FAILURE
100121;Compressor;Afternoon;junior;no;81.15;7.33;2.35;21.33;415.4;38.2;72.7;2;105;OK
101377;Compressor;Morning;Intermediate;No;81.79;6.47;5.08;14.6;477.4;38.3;74,3;2;73;OK
101746;Compressor;Night;Senior;No;102.44;9.12;1.55;27.45;818.3;45.3;80.7;2;20;FAILURE
101174;Compressor;NIGHT;Senior;1;95.7;8.67;5.8;27.12 A;832.6;51.1;70.7 u/h;3;45;WARNING
101041;CNC;Morning;Mid;Yes;60.99;3.78;3.49;23.25;669.0;34.7;139.5 u/h;0;9;OK
101565;Compressor;AFT;Intermediate;No;85.4;8.88 bar;2.3;28.98;981.8;52.5;71,1;2;108;FAILURE
102345;Compressor;Afternoon;Intermediate;N;84.33;6.62;4.17;25.03;804.6;26.0;78.0;6;101;FAILURE
101497;Conveyor;Afternoon;Intermediate;yes;61.55;6.93;4.46;21.98;850.0;48.7;122.3 u/h;0;119;FAILURE
101207;Compressor;Afternoon;Senior;1;72.1;6,32;0.34;21.99;732.8;37.4;71.8;0;39;OK
100963;CNC;N;Intermediate;N;73.06;7.59;8.33;25.7;688.4;46.2;?;4;7;FAILURE
100115;CNC;Night;intermediate;N;73.33;4.94;5.58;18.49;767.9;47.7;119,5;1;34;WARNING
100825;Conveyor;Morning;Senior;No;50.43;3.69;4.68;21.11;951.7;68.7;125.9;3;70;WARNING
100591;Conveyor;MORNING;Sr;N;55.54;6.52;1.0;13.92;774.1;62.5;91.0;0;109;OK
101611;CNC;afternoon;Junior;No;66.02;4.52;;13.21;235.2 h;;114.3;1;31;OK
102206;Compressor;night;Junior;yes;102.31;;7.26;23.14;1564.0;43.7;79,3;6;64;FAILURE
102337;Conveyor;afternoon;Intermediate;no;57.57;5.51;5.26;16.81;152.4;52.6;;2;33;OK
101956;Conveyor;Night;Senior;No;61.54;5.6;1.42;14.53;941.8;23.5;100.2;0;84;OK
102506;CNC;Afternoon;Intermediate;No;;6.03;1.32;18.66;827.4;64.6;131.5;2;10;OK
100428;Conveyor;Night;Senior;Yes;59.29;6.24;0.79;10.4;2180.6;48.6;93.4;0;20;FAILURE
100053;Compressor;NIGHT;Intermediate;N;93.1;;4.61;25.61;853.4;48.2;84.0;0;79;FAILURE
101336;Conveyor;Morning;Junior;No;66.03;3.87;1.91;18.55;435.2;36.2;114.6;0;67;OK
101858;CNC;Afternoon;Junior;Y;51.89;7.69;6.36;21.21;175.5;34.5;96.1;0;111;OK
101233;CNC;Afternoon;Junior;N;62.53;5.78;2.69;19.99;464.7;37.6;101.0 u/h;3;46;OK
102421;CNC;NIGHT;Mid;No;74.18;7.24;11.18;13.99;525.2;62.9;116.4;4;13;FAILURE
101243;Pump;Afternoon;Sr;N;77.01;9.95;7.22;20.35;1557.7;42.9;80.7;1;75;FAILURE
101529;CNC;NIGHT;Senior;Yes;95.11;4.89;1.02;13.75;555.0;;118.1;3;68;OK
100888;CNC;Night;Junior;no;78.35;7.42;10.3;24.23;563.0;55.3;90.9 u/h;4;74;FAILURE
101467;Pump;M;Sr;No;71.33;6.64 bar;2.07;15.0;536.0;41.1;72,7;1;15;OK
100929;Compressor;night;Intermediate;1;110.58;9.09;7.09;23.25;523.7;63.7;97,4;4;50;FAILURE
101133;CNC;Afternoon;intermediate;Yes;57.22;6.89;4.15;16.59;838.7;51.0;108.1;1;10;WARNING
100761;Compressor;morning;Junior;No;88.59;7.52;5.36;30,89;840.9;42.5;83.8;4;77;FAILURE
102243;Pump;Morning;Senior;no;58.34;8.08;3.29;23,99;;32.4;63.6;4;14;WARNING
101604;Conveyor;afternoon;intermediate;N;53.19;5.03 bar;2.07;23.75;744.2;35.7;85.2;0;112;WARNING
100033;Pump;Night;Intermediate;Yes;82.8;7.73;4.08;24.22;767.5;54.0;88.7;3;87;FAILURE
102247;CNC;Morning;intermediate;No;64.41;6.65;5.77;19.2;596.1;57.4;91.5;1;49;OK
100697;Compressor;N;Jr;;96.69 C;7.0;10.28;10.95;858.9;33.7;79,9;5;20;FAILURE
100842;Compressor;Morning;junior;No;73.99;9.26;1.52;18.74;665.7;49.1;40,6;2;22;WARNING
100690;Pump;Afternoon;Junior;No;91.48;;2.92;17.14;382.9;61.8;79.1 u/h;1;8;OK
101263;Pump;Afternoon;Sr;No;94.03;7.51;1,16;20.28;270.5;47.5;111.9;2;71;WARNING
101862;Conveyor;Afternoon;Junior;0;61.04;5.29;1.17;16,89;350.6;35.9;113.1;1;10;OK
102037;Conveyor;Morning;Intermediate;Yes;62.38;3.24;0.51;16.99;355.3;45.3;103.2;1;45;OK
102104;Conveyor;Afternoon;Intermediate;No;59.86;5.52 bar;3.9 mm/s;9.69 A;;63.4;107.9;1;74;FAILURE
101400;Pump;M;Intermediate;no;68.29;7.16;3.12;13.65;1041.3;46.8;102.2;1;86;FAILURE
100338;Compressor;morning;Intermediate;1;78.9;6.18;5.19;13.15;976.6 h;44.6;74.8;1;48;FAILURE
101837;CNC;Night;Junior;No;74.86;7.99;6.0;17.88;757.0;20.3;76.7;5;93;FAILURE
101132;Pump;Night;Senior;no;69.36;8.38;3.37;29.02;761.8;40.4;94,7;1;35;WARNING
101420;Conveyor;Night;Intermediate;yes;68.5;6.09;1.89 mm/s;14.3;710.9;45,5;98.2;1;99;WARNING
100874;Pump;Afternoon;Junior;Yes;105.26;5.97;1,51;;742.4;44.7;87.9;4;65;FAILURE
100455;CNC;Afternoon;Mid;0;72.55;7.94;2.75;21,44;653.7;43,3;110.4;0;2;OK
100701;CNC;Night;Senior;Y;78.23;7,82;4.18;17.22;451.6;54.5;86.7;4;116;WARNING
100912;Conveyor;N;intermediate;Yes;64,99;6.11;5.0;15.31;612.3;49.6;117.7;1;14;WARNING
101115;Conveyor;Night;Intermediate;N;67.45;5.64;2.1;18,42;257.5;65.8;78,4;1;88;OK
100085;CNC;M;Junior;yes;74.59;7,29;2.56 mm/s;14.96;762.7;43.1 %;76.5;3;89;WARNING
102382;CNC;Morning;Senior;N;72.0;6,21;1.25;16.93;474.0;49.3;144.4;1;48;OK
102461;Conveyor;M;Intermediate;0;62.66;3.96;2,0;14.4;;unknown;122.0;0;102;OK
101415;CNC;AFT;Senior;Yes;65.45;5.48;1.85;16.58;1129.5;20.7;118.4;0;108;WARNING
100723;CNC;Night;Senior;0;83.36;6,55;2.53;16.34;516.1;39.1;127.0;2;23;WARNING
101913;Conveyor;Night;Mid;No;63.27;4.67;0.9;12.77 A;;30.9;146.9;1;26;OK
100495;Compressor;Afternoon;Senior;No;94.35;8.24;unknown;29.16;650.2;47,6;72.0;0;36;WARNING
102036;Compressor;Morning;Senior;Y;78,42;6.89;3.75;23.51;830,1;61.0;85.5;2;113;FAILURE
100772;Compressor;Morning;junior;No;88.6;9.09;1,83;14.31;695.6;60.5;89.7;3;56;WARNING
101024;Pump;Night;Junior;No;84.14;6.23;0.87;18.35;355.7;55.3;104.2;3;18;OK
102515;CNC;Morning;intermediate;No;60.65;6.92;2.21;25.53;606.9;64.5;115.1;0;88;OK
100264;CNC;M;Senior;0;73.39;8.72;0.95;17.57;752.5;50.4;113.5;4;40;WARNING
101986;Conveyor;Night;Intermediate;no;78.03;;1.12;20.98;752.1;73.3;117.7;0;34;OK
101972;Conveyor;Night;Intermediate;No;64.59;5.96;3.04;17.17;526.2;36.0 %;114.1;1;27;OK
100468;Conveyor;morning;Senior;Yes;56.97;6.58;;17.66;582.3;35.5;128.0;2;102;OK
102090;Pump;Night;Junior;no;78.71;7.13;3.11;22.37;561.2;63.1;99.4 u/h;2;88;FAILURE
102239;Pump;Morning;Junior;N;70.41;5.88;3,55;13.62;755.8;25.4;73.1;0;100;FAILURE
100529;Compressor;Afternoon;Senior;N;71.41;8.26;1.55;17.21;1362.2;36.0;92.3;1;92;FAILURE
102463;CNC;M;Intermediate;Yes;81.08 C;;1.5;22.0;238.7;63.1;79.5;2;92;OK
101827;Pump;morning;Intermediate;No;77.29;6.5;2.4;13.18;606.7 h;39.5 %;104.4;1;58;WARNING
100516;CNC;Afternoon;Junior;No;50.3;5.88;0.43;16,98;?;37.3;87.0;1;29;OK
100379;Pump;Night;Senior;no;82,91;7.29;0.22;21.23;569,3;44.7;69.0;2;22;OK
101264;Conveyor;Morning;Intermediate;No;47.71;5.49;0.73;19.18;683.8;20.3;128.1;1;18;OK
100752;Pump;Morning;Intermediate;No;77.94;6.54;0.36;23.17;765.6;48.6;61.0;1;39;OK
101247;Compressor;Night;Mid;No;74.31;6.85;2,58;25.37;272.4;31,5;112.4;2;100;OK
102221;Pump;Night;Junior;Yes;85.21;8.25;6.93;20.71;811.8;46,8;91.7;7;29;FAILURE
100692;Conveyor;Night;intermediate;N;90.29;4,84;2,27;11.13;568.5;36.3;118.5 u/h;2;4;OK
101993;Pump;Night;Intermediate;1;86.11;6.56;3.49;22.78;1136.3;24.5;101,0;4;110;FAILURE
101780;Pump;MORNING;senior;Yes;89,63;5.91;3.72 mm/s;21.04;435.6;31.3;82.7;3;61;OK
100245;Compressor;Morning;Senior;No;76.4;8.97;0.93;26.71;1010.4;24.9;104.9;0;37;FAILURE
100385;Pump;Morning;Senior;N;72.18;5.95;1.59;24.34;620.3;63.3;89.2;1;79;OK
101876;Compressor;Afternoon;intermediate;yes;102.88;8.16;5.56;27.47;758.9;40.7;78.6;7;98;FAILURE
102113;CNC;AFT;Intermediate;No;51.48;4.6;6.46;23.19;896.4;54.1;83.1;1;104;FAILURE
101034;Conveyor;Afternoon;junior;No;70.95;6.3;1.3;21.05;935.0;60.4;163.0;0;49;WARNING
101789;Conveyor;night;Junior;No;62.66;5.73;5.72;20.45;320.8;67.2;127.5;2;58;OK
102240;Pump;Morning;Senior;N;;6.3;1.59;19.02;637.8 h;47.0;;3;75;OK
101570;Pump;Afternoon;Intermediate;No;93.86;6,98;1.5;17.52;1050.2;42.6;105.2;3;58;FAILURE
101191;Pump;Morning;Junior;N;71.47;;2.88;19.36;840.9;30.8;101.9;1;80;WARNING
101602;CNC;NIGHT;Intermediate;no;68.12;5.4;0.8;24.32;872.0;44.4;104.3;6;101;WARNING
100779;Compressor;afternoon;Junior;No;90.53;7.17;2.72;16.79;621.6;27.8;60,3;3;79;WARNING
101866;Conveyor;Morning;Senior;No;64.76;6.55;1,14;16.0;918.1;48.3;124.9;1;97;WARNING
100071;CNC;Afternoon;Sr;yes;80,45;4.14;3.88;16.4;633.3;45.1;96.0;3;41;WARNING
100052;CNC;Afternoon;Junior;no;53.29;7.02;5.96;18.7;657.9;61.8;100.3;2;29;FAILURE
101616;CNC;Morning;Junior;no;54.87;8.61;2.58;16.55;1438.1;44.2;129.7;1;91;FAILURE
101648;Compressor;Morning;Intermediate;No;64.45;8.7;1.48;24.51;254.9;68.1;87.8;1;6;OK
100589;CNC;Morning;senior;No;51.78;5.33;2.36;8.05;837.6;30.2;81.3;1;99;WARNING
100007;Compressor;Afternoon;Junior;No;79.7;8.38;;29.47;806.2;53.6;81.2;3;49;FAILURE
100670;Pump;Morning;Junior;No;68.51;7.93;2.14;25.8;213.5;59.1;;1;119;OK
101666;Conveyor;A;Intermediate;N;51.36;3.47;1.75;19.55;528.3;45.4;93.1;0;53;OK
101237;CNC;Afternoon;Intermediate;N;72.16;6.46;0.89;15.49;697.8;52.9;96.2;0;37;OK
101192;Pump;Morning;Intermediate;Y;93.01;9.68;2.07;18.33;443,2;62.9;109.8;1;99;WARNING
100196;CNC;AFT;Intermediate;No;65.98;4.99;3.52;21.81;915.6;41.1;128.1;2;103;WARNING
102153;Compressor;Afternoon;Senior;no;98.73;9.08;4.5;19.88;695,4;49.6;86.7;2;51;FAILURE
101212;Conveyor;Morning;Sr;no;;7.17;1.79;13.59;867.1;49.2;140.1;0;78;OK
100925;CNC;Afternoon;Junior;no;70.52;6.0;1.91;21.45;204.9;37.8;91.9;0;110;OK
100436;CNC;Night;Mid;Y;68.15;4.85;4.99;16.28;275.3 h;36.9;117.0;1;35;OK
102100;CNC;Night;intermediate;No;72.42;6.03;1.63;18.3;1197.9;36.4;94.5;2;119;FAILURE
102057;Conveyor;Night;intermediate;N;64.44;5.99;5.26;19,2;184.9;52.5;99.3;0;119;WARNING
100322;Pump;morning;Junior;No;77.28;;0.84;22.05;663.5;60.1;86.2;1;111;OK
102198;Pump;Afternoon;Intermediate;Yes;82.2;5.67;3.58;10.49;924.7;42.2;106.8;3;84;FAILURE
100715;Compressor;MORNING;Intermediate;No;60.9;9.5;0.73;24.6;1186.0;64.6;81.9;0;13;FAILURE
102301;Conveyor;Afternoon;Intermediate;0;58.26 C;4.68;3.4;18.77;388.7;36.7;102.6;0;14;OK
100230;CNC;Night;Intermediate;0;84.12;;0.9;18.2;656.3;38.0;90.0;4;23;OK
100492;Compressor;NIGHT;Junior;N;105.67;6,18;4.08;21.26;;49.9;83.4;5;96;FAILURE
101730;Pump;Night;senior;No;111,99;9,11;3.53;17.03 A;2189.2;41.1;79.5;7;21;FAILURE
101814;CNC;Morning;senior;No;73.96;4.81;0.55;16.08;687.6;39.4;103.1;0;31;OK
102373;Pump;Morning;Junior;no;;8.52;2.69;16.63;499.7;49.6;93.5;3;37;WARNING
100342;Conveyor;Morning;Intermediate;No;56.19;3.47;1.36;15.01;1331.2;30.3;133.5;0;80;FAILURE
102568;CNC;night;Intermediate;no;75.8 C;7.36;1.19;20,81;366.1;43.9 %;93,4;3;39;OK
100816;Conveyor;morning;Junior;No;66.13;5.47;2.87;17.66;1044.5;46.5;118,1;2;115;FAILURE
100216;Compressor;Afternoon;Intermediate;No;92.12;9.38;1.59;28.6;726.5;38.5;96.3;4;66;FAILURE
100571;Pump;Night;Senior;No;63.26;7.22;1.04;8.06;253.1;72.0;112.6;0;69;OK
102578;Conveyor;Morning;senior;N;52.52;5.23;3.09;17.9 A;1714.7;32.2;107.2;0;34;FAILURE
100666;Compressor;Morning;Intermediate;No;74.46;9.62;3.03;27.2;635.9;49.1;63.6;0;71;WARNING
102416;CNC;Morning;Senior;No;68.1;6.09;1.29;13,61;392.9;54.6;119.9;0;50;OK
101732;CNC;N;Senior;No;71.57;8.03;2,22;unknown;unknown;37.1;94.7;0;112;FAILURE
101039;Pump;Night;Senior;yes;82.92;11.05;N/A;22.22;614.8 h;45,0;87.2;0;3;OK
102042;Compressor;MORNING;intermediate;;;5.75;0.21;20.42;606.6;61.7;67.5;1;57;OK
101846;Compressor;Afternoon;Sr;No;76.47 C;6.84;1.79;21.97;1022.9;53.0;82.8;0;32;WARNING
101012;Compressor;MORNING;senior;No;74.69;;2.18;23.37;418.9;33.9 %;66.7 u/h;1;50;OK
101136;Pump;Night;intermediate;no;90.2;5,53;1.87;21.09;1549.6;43,6;84.0;2;63;FAILURE
102565;Compressor;Afternoon;intermediate;Yes;unknown;7.69;0.31;16.46;347.6;42.0;103.6;4;118;WARNING
100661;CNC;Morning;Mid;No;66.65;N/A;7.93;26.19;755.1;42.8;115.1;1;104;FAILURE
101256;Conveyor;M;Senior;no;65.83;6.53;1.75;14.91;642.5;33.3;115.4;1;110;OK
100530;Pump;Night;Intermediate;no;80.57;8.18;3.82;19.02;1384.6;52.4;97.7;2;33;FAILURE
102423;Compressor;Night;junior;No;110.35 C;9,68;1.69;21.51;316.9;37.2;68,7;2;84;WARNING
100015;Pump;Morning;Intermediate;N;84.92;6.49;6.31;16,5;627.4;50.0;75.4;4;113;FAILURE
101239;CNC;Night;Sr;no;66.78;N/A;0.52;24.03;299.8;46.0;99.0;0;52;OK
100307;Pump;Night;Junior;No;95.67;9.5 bar;3.11;19.62;error;44.0;58.3;1;92;FAILURE
100235;Conveyor;afternoon;Senior;Yes;65.55;6.2;1.44;16.02;462,7;51.6;105.4;0;65;OK
101151;CNC;Morning;Senior;No;68.5;6.8;5.03;17.67;441.0;49.5;115.2;0;78;OK
102040;Compressor;Morning;Sr;;64.64;6.27;0.85;20.73;403.5;10.5;111.5 u/h;0;77;OK
102250;Pump;Night;;No;85.47;6.13;1.43;17.24;557.9;37.9;89,6;3;46;OK
100928;Conveyor;Morning;Junior;No;;6.77;1,77;21.68;723.9;43.5;113.6;0;21;OK
100563;Conveyor;Morning;Senior;No;61.34;5.8;0.93;15.05;569.1;?;147.7;0;32;OK
102586;Pump;night;Senior;no;77.08;8,22;2.89;24.09;539.0;27.4;99.0;1;79;WARNING
101477;Pump;Afternoon;Intermediate;N;;6.0;1.24;19.8;659.8 h;40.4;90.9;2;47;OK
100124;Pump;Afternoon;Junior;No;73.91;7.2;1.6;19.2;1525.7;41.9;94.4;2;110;FAILURE
100609;Compressor;Morning;Junior;No;N/A;9.65;5.57;24.08;;51.4;;3;77;FAILURE
102068;Conveyor;Morning;Intermediate;No;55.06;5.05;2.6;14,56;719.8;48.4;137.2;0;93;WARNING
100570;Pump;Afternoon;Senior;Yes;;;;25.59;255.9;37.1;105.0;1;3;OK
102339;Compressor;Afternoon;Junior;No;66.31;7.14;0.69;18.65;1276.7;29.2;69.2;0;13;WARNING
100789;Compressor;Afternoon;Sr;No;63.2;6.94;2.48;20.48;335.9;32.9;103.9;0;43;OK
102512;Pump;Afternoon;Sr;no;105.13;7.02;1.57;12.26;1133.4;22.0;98.8;3;29;FAILURE
101568;CNC;Afternoon;intermediate;;67.19;5.43;4.14;22.64;1124.1;58.2;111.9;1;116;FAILURE
100712;Compressor;night;junior;no;78.66;7.14;4.1;10.0;679.7;64.5;52.9;2;12;FAILURE
101474;Pump;Morning;Intermediate;No;76.03;6.59;2.44;21.46;341,9;46.2;105.9;1;44;OK
102355;Pump;Morning;intermediate;No;72.26;8,05;3.04;23.05;437.1;50.8;49.3;2;68;OK
100003;Conveyor;Afternoon;Junior;No;60.77;5.23;1,16;16.98;821.5;34.5;127.5;1;73;OK
100639;Compressor;MORNING;intermediate;No;69.69 C;5.02;2.28;23.56;673.4;40.9;72.4;1;97;OK
100197;Compressor;Afternoon;Mid;Y;59.44;9.31;5.26;20.61;520.0;48.0;84.4;3;101;WARNING
101401;Pump;Night;Junior;Yes;102.38;6.86;;19.26;603.3;51.0;77.9;0;13;OK
102268;Pump;Morning;junior;0;77.55 C;5.76;8.06;26,86;1247.0;33.4;92.4;3;35;FAILURE
101410;Compressor;afternoon;Junior;no;93.54;6.31;1.73;22.34;436.6;42.7;63.3;3;37;OK
101947;CNC;Night;Intermediate;N;64.2;6.95;2.43;22.0;968.4;52.1;103.5;2;84;FAILURE
101169;Conveyor;Afternoon;Intermediate;no;61.87;5.44;0.94;15.44;891.3;35.6;122.6;0;95;FAILURE
101134;Compressor;Afternoon;Intermediate;N;78.02 C;6.81;1.05;19.18;466.1;50.6;101.7;4;94;OK
100946;CNC;afternoon;Intermediate;No;75.4;8.52;3.75;14.73;857.2;34.7;110.5;2;42;FAILURE
101427;CNC;Afternoon;Intermediate;No;52.37;7.09;2.07;23.53;519.8;20.4;85.2;1;95;OK
101030;Pump;Morning;Intermediate;No;78.53;5.87;7.96;17.11;522.9;28.2;82.1 u/h;6;1;FAILURE
101985;Compressor;Afternoon;Jr;no;69.27;10.22;3,3;24.45 A;287,8;57.6;88.8;3;2;OK
102211;Conveyor;Afternoon;Senior;N;49.82;5.36;1.23;21.91;595.9;16.7;98.5;0;4;OK
101854;Compressor;Afternoon;intermediate;no;55.13;6.45;6.48;30.51;739.7 h;;76,1;1;74;FAILURE
102554;Conveyor;Morning;Senior;No;;5.31;2.01;16.16;547.3;58.3;129.2;1;27;OK
101326;Conveyor;Afternoon;Senior;No;50.06;5.28;1.77;14.22;979,4;60.1;90.8;0;92;WARNING
101170;CNC;AFT;Senior;no;62.08;4.9;2.83;16.86;376.3;25.9;90.8;0;63;OK
102043;Compressor;Afternoon;senior;yes;105.24 C;8.86;4.98;24.2;454.2;36.0;98.4;2;78;FAILURE
101442;CNC;Night;Senior;No;76.0;5.45;3.42;18.18;570,2;34.4;97.7;4;49;OK
100413;CNC;night;Intermediate;No;;5.36;1.6;18.75;677.4;41.7 %;104.7;3;18;OK
100500;Pump;Morning;Junior;N;77.26;7.8;1.68;18.87;519.7;49.7;80.8;1;107;WARNING
101215;CNC;Afternoon;Intermediate;No;64.76;6.64;0.32;14,27;405.6;48.4;102.6;3;14;OK
102594;CNC;Afternoon;Intermediate;No;65.05;5,59;1.42;25.35;1351.3;63.1;?;1;85;FAILURE
100358;Compressor;Morning;Mid;No;;4.87;2.54;28,68;750.7;34.8;50.7;1;67;OK
102064;CNC;MORNING;Jr;No;59.39;7.81;3.89;17.47;;53.3;121.4;2;21;FAILURE
100160;Compressor;Afternoon;Senior;N;89.52;6.61;4.05;19.32;612,1;54.9;98.7;0;14;WARNING
101924;Pump;night;senior;no;73.07;7.74;2.78;23.87;525.1;44.9;78.5;2;70;WARNING
100502;Conveyor;morning;Junior;N;48.25;5,06;3.03;;N/A;32.0;96.3;1;84;OK
100103;CNC;afternoon;senior;No;67.5;3.86;2.86;17.87;542.9;35.7;114.7;0;79;OK
102302;Compressor;Morning;Senior;No;72.29;7.88 bar;2.1;20.96;1050.3;39.0;88.6;3;59;FAILURE
100023;Conveyor;morning;Junior;no;66.37;8.04;0.58;15.41;939.0;46.3;150.0;4;87;WARNING
101382;CNC;Afternoon;intermediate;Yes;77.09;6,63;7,12;11.48;1118.4;49.5;98.8;3;17;FAILURE
100181;Conveyor;Morning;Junior;No;64.66;5.64;2,59;19.94;373.2;45.4;98.9;1;74;OK
100780;Conveyor;NIGHT;Intermediate;Yes;86.53;6.59;1.54;15.06;801.0;51.1;140.7;2;22;WARNING
101447;Conveyor;Morning;junior;N;54,26;5.92;1.2;12.95;626.5;44.9;115.0;0;35;OK
101044;Compressor;Morning;senior;No;68.42;7,65;1.34;15.74;198.3;22.0;84.9 u/h;0;85;OK
102253;Pump;Night;Intermediate;No;75.65;9.22;0.89;21.45;1379.0;54.9;121.9;2;59;FAILURE
101703;Pump;N;Intermediate;No;89.44;5.08;1.38;14.01;743.5 h;39.9;63.8;0;17;OK
100184;Pump;Morning;Junior;0;60.5;6.86;1.76;25.62;643.6;49.0;83.8;0;119;OK
100067;Compressor;night;intermediate;Y;95.54;5.22;2.59;26.65;694.0;39.9;65.9;3;113;FAILURE
101285;Conveyor;night;Senior;Yes;57.15;5.05;1.0;16.44;1130.6;52.2;126.6;1;106;WARNING
102422;CNC;Night;Senior;No;87.74;7.51;3.11;20.03;1164.7;62.9;104.7;3;95;FAILURE
101472;CNC;Afternoon;intermediate;No;64.79;5.28;3.79;;687.8;45.4;129.1;0;95;WARNING
100363;CNC;morning;Junior;No;67.77;3.23;1,57;26.74;476.6;;80.8;1;111;OK
101625;Pump;Morning;Intermediate;No;69.75;4.51;0.6;18.95;1112.3;40.8;81,5;2;110;WARNING
100644;CNC;morning;Intermediate;0;59.78;5.96;4.62;14,35;;20.9;126.5;2;78;WARNING
100754;Pump;Morning;junior;No;79.87;7.21;3.48;9.98 A;410.0;60.6;82.4;1;38;OK
101218;Compressor;Morning;Junior;0;90.53;9.51;3.97;20.49;945.9;53.7;87.5;1;88;FAILURE
101792;Pump;night;Intermediate;Yes;;;0.52;24.77;278.8;44.7;92.3;2;5;OK
100580;Pump;Afternoon;Junior;No;65.81 C;6.25;3.7;23.13;1017.4;55.5;99.9 u/h;2;13;WARNING
101222;CNC;Afternoon;Intermediate;no;72.53;7.61;1,58;11.84;1014.0 h;44.1;106.6;3;38;WARNING
101606;CNC;Night;senior;No;62.06;4.65;3,23;10.17 A;596.8;39.5;98.1;1;114;OK
100835;Compressor;morning;Senior;Yes;86,51;7.39;0.92;21.06;581.7;59.7;79.6;2;72;OK
101355;Conveyor;Morning;Jr;No;57.38;5.63;2.67;16.73;807.0;32.8;102.5;1;75;OK
100829;Conveyor;Night;Senior;no;71.1;4.81;1.33;15,63;1028.4;47.5;111.8;0;6;OK
101175;Pump;night;;No;85.09;6.97;6.47 mm/s;20,75;709.4;unknown;107.3;0;91;FAILURE
100504;Pump;Night;senior;no;59.24;7.33;5.28;11.47;185.7;50.7;83.2;1;55;OK
101131;Conveyor;Night;intermediate;No;85.8;5,28;3.26;18.69;901.7;68.5;106.3;1;84;WARNING
101681;Compressor;Morning;Junior;No;82.42;6.51;4.4;19.16;615.6;67.5;78.7;5;113;FAILURE
101268;Conveyor;MORNING;Senior;no;63.51;N/A;2.96;14.79;1032.0;39.6;110.7;3;108;FAILURE
101462;Pump;Night;Senior;Yes;86.52;8.24;1.64;26.33;1056.9;57.5;85.4;4;12;WARNING
101042;Compressor;morning;Junior;Y;76.16;7.74;2.93;25.94;504.9;58.9;;2;46;WARNING
100776;Conveyor;Afternoon;Junior;No;47.05;6.57;1.78;11.66;1207.9;36.2;118.9;1;82;FAILURE
101038;Pump;Morning;Intermediate;No;68.44 C;10.52;2.1;21.8;1414.5;49.7 %;74.2;0;115;FAILURE
101609;Pump;Afternoon;Intermediate;No;70.07;7.05;1.89;21.3;964.1;12.9;70.3;0;24;WARNING
101358;Pump;NIGHT;junior;Y;94.26;7.01;2.18;29.18;951.0;53.3 %;99.9;5;48;FAILURE
100596;CNC;Afternoon;Intermediate;No;62.79;5.14;4.24;17.65;365.4;64.2;114.1;2;52;OK
100986;Conveyor;Night;;No;61.67;;2.65;19,79;263.8 h;52.7;105.2;1;118;OK
102172;CNC;Afternoon;Senior;Y;70.76;7.99;2.01;20.72;678.9;13.2;112.3;1;72;OK
100464;Pump;night;Junior;N;98.41;6.69;4.43;19.66;729.1;57,0;116.1;3;73;FAILURE
102537;Compressor;M;Sr;0;72.66;6.43;6.02;;1510.1;65.4;55.2;3;68;FAILURE
100735;CNC;afternoon;Intermediate;No;68.08;5.83;5.96;17.17;467.9;30.3;98.5;7;60;WARNING
100314;Pump;AFT;intermediate;No;81.4;8.75;0.27;25.96;518.4;59.1;86.2;2;35;OK
101266;Conveyor;M;Senior;No;61.89;4.91;2.4;10.69;362.6;39.6;?;0;88;OK
101979;Compressor;Afternoon;Senior;No;82.62;7.44;2.4;28.3;959.5;43.4;74.4 u/h;3;68;FAILURE
100056;Compressor;Night;senior;;89.14;8.29;2.82;20.75;390.7 h;53.1;83.2;2;42;WARNING
100134;Pump;Morning;Junior;1;71.72;7.13;1.18;15.36;457.5;35.2;93.5;1;69;OK
100291;Conveyor;MORNING;intermediate;no;58.0;3.93;4.47;19.12;940.3;42.0;129.5;1;24;WARNING
101742;CNC;Morning;Intermediate;0;;4.81;3.42;15.19;390.0;55.8;109.1;1;89;OK
100750;Conveyor;Afternoon;intermediate;No;44.93;?;1.42;16.97;189.5;54.3;128,3;1;18;OK
102165;Conveyor;Afternoon;Junior;Yes;65.72;;5.23;20.46;552.3;43.8;119.3;0;26;WARNING
102476;CNC;Morning;Intermediate;Y;60.9;6.54;2.91;23.58;959.1;36.7;116.3;0;94;WARNING
102146;Conveyor;Morning;Intermediate;Yes;71.18;5.12 bar;1,05;15.46;232.4;35.5;124.0;2;82;OK
101122;CNC;Afternoon;Intermediate;no;64.48;6.84;1.82;19.07;563.3;68.0;88.9;2;22;OK
101845;CNC;Morning;Senior;0;66,16;7.04;4.93;20.03;347.2;56.7;107.3;2;57;OK
102233;CNC;AFT;Senior;No;61.05;6.85;1.94;22.95;284.2;42.8;92.5;0;115;OK
101347;Pump;morning;Junior;0;92.4;8.93;;23.19;768,6;43,3;84.3;3;100;FAILURE
101912;CNC;AFT;intermediate;No;48.61;5.11;4.07;28.2;993.1;60.5;102.4;0;106;WARNING
101501;Compressor;morning;Junior;No;69.71;7.6 bar;3.06;21.82;939.1;41.9;65.0;2;35;FAILURE
100943;CNC;Night;Jr;Y;69.88;7.66;3.68;15.56;608.0;?;88.1;2;28;OK
101660;CNC;Morning;Junior;N;68.25;5.14;1.45;10.31;178.4;42.9;86.8;2;72;OK
100510;CNC;Night;Intermediate;No;87.29;error;3.51;16.65;578,3;60.1;127.1;2;71;WARNING
101600;CNC;Morning;junior;No;73.98 C;8.6;2.09;10.41;395.8;34.8;108.4;0;35;OK
100480;Pump;morning;Intermediate;No;88.13;5.36;3.73;27.55;567.7;55.3;95.7;2;87;FAILURE
100040;Compressor;Morning;Intermediate;No;71.18;11.91;4.13;8.83;693,0;44.5;89.4;0;67;FAILURE
101229;Conveyor;Night;Intermediate;yes;77.4;4.55;1.2;;479.7;58.0;119.5 u/h;1;102;OK
100195;CNC;Night;Intermediate;Yes;69.77;5.32;8.76;18.55;662.5;53.6;123,2;6;78;WARNING
102095;Conveyor;Afternoon;Intermediate;N;54.12;5.57;1.15;15.71;925.8;32.4;130.7;0;80;OK
102444;Pump;Afternoon;Sr;no;86.47;9.2;;24.95;1435.0 h;70.1;72,7;4;9;FAILURE
102370;Pump;Afternoon;Senior;Yes;89.15;6.57;3.27;16.87;691.3;61.2;66.9;2;44;WARNING
100432;Compressor;Morning;junior;No;86.04;9.36;2.29;19.29;137.7;50.8;80.2;2;107;OK
101721;CNC;NIGHT;Senior;No;74.16;7.68;9.2;11.59;unknown;57.8;110.7;5;51;FAILURE
101801;Compressor;Night;Senior;No;87.69;6.73;2.63;28.67;95.8;27.7;77.8;4;85;OK
101740;Compressor;Night;intermediate;Yes;85.07;11.07;8.99;22.92;475.4;54.9;73.7;3;95;FAILURE
101515;Conveyor;Night;Intermediate;Yes;67.3;8.42;7.03;12.81;314.7;40.1;126.0;1;106;OK
101941;CNC;morning;Intermediate;No;64.47;4.81;0.34;20.08;755.2;45.0;101.5;1;63;OK
100318;Compressor;N;Junior;No;116.13;7,35;2,63;26.57;748.7;35.6;104.5;0;87;FAILURE
100958;Pump;night;Junior;Yes;71.19;7.91;8.8;20.54;517.2;50.8;104.9;2;108;FAILURE
101235;CNC;Morning;Intermediate;No;66.53;6.73;2.37;18.66;1329.0;21.6;95.4;0;51;FAILURE
102066;Conveyor;afternoon;junior;no;44.59;4.99;1.16;20.08;251.1;30.6;114.3;0;80;OK
101487;Conveyor;AFT;Senior;No;61.42;4.56;4.43;8.78;677.8;12.5 %;125.1 u/h;0;33;WARNING
100088;Pump;Afternoon;Intermediate;No;77.38;8.1;0.44 mm/s;21.2;225.3;41.7 %;129.2;0;51;OK
102550;CNC;morning;Senior;No;58.78;5.45;2.17;;902.1;48.4;58.8;1;44;WARNING
100177;Pump;Afternoon;Mid;No;70.87;7.85;1.63;25.54;721.5;54.3;93.3;1;72;OK
100784;Compressor;Afternoon;Intermediate;Y;88.91;8.65;10.79;unknown;544.4;26.0;63.5;3;105;FAILURE
101017;Compressor;A;Intermediate;No;85.61;4.86;9.64;27,79;871.0 h;55.0;99.2;6;24;FAILURE
102279;Conveyor;Afternoon;Intermediate;No;56.61;7,02;5.12;15.44;357.6;48.3;143.8;3;90;WARNING
101172;Compressor;night;Jr;No;74.96;8.8;1.81;23.09;305.2 h;48.2;102.8;0;14;OK
100149;Pump;afternoon;intermediate;No;63.59;;5.22;25.8;1626.1;50.7;103.0;1;109;FAILURE
102142;Pump;Morning;Mid;No;95.84;5.67;8.89;17.48;330.0;37.2;94.2;3;13;WARNING
101394;CNC;Morning;Senior;no;68.67;4.08;3.89;23.29;1009.1;49.3;99.9;2;28;FAILURE
102215;Conveyor;Afternoon;Intermediate;No;error;4.24;3.46;15.13;285.3;10.0;119.3;0;105;OK
100126;Pump;Night;junior;yes;89.44;6.04;7.15 mm/s;24.03;592.4;39,1;62.3;5;69;FAILURE
100683;CNC;Morning;Senior;No;77.3;6.23;1.07;15.98;874.0;42.0;65.6;1;94;WARNING
102180;Conveyor;AFT;intermediate;Yes;71.7;2,99;0.77;16.16 A;807.1;42.3;106.7;2;85;OK
101141;Pump;Morning;Senior;Y;82.14;8.79;2.24;26.6;184.4;32.9;83.9;0;118;OK
101371;CNC;Night;Intermediate;Y;?;5.55;6.49;19.07;723.9;38.7;98.2;1;36;FAILURE
102030;Compressor;morning;Senior;No;67.12 C;9.94;3,15;14.87;292.4;48.3;107.7;1;48;OK
102255;Conveyor;MORNING;Senior;No;49.44;7.13;2.75;unknown;737.0;40.7;97.5;0;22;WARNING
102558;CNC;Afternoon;;no;78.26;6.28;4.07;16.11;unknown;55,8;110.0;1;75;WARNING
102362;CNC;morning;intermediate;N;78.32;4,42;;17.65;457.0;42.7;88.9;3;106;OK
101605;CNC;Night;Senior;0;69.54;5.7;4.73 mm/s;17.97;403.8;41.8;126.1;3;78;OK
101974;Pump;AFT;Intermediate;No;72.97;9.22;3.22;17.01;161.3;26.1;104,0;1;4;OK
102499;Conveyor;night;Junior;No;59.93;4.83;3.61;20.01;841.6;44.6;126.1;2;53;WARNING
100599;Conveyor;Morning;Mid;N;50.79;5.76;2.52;11.37;807.2 h;65.3;149.5;0;109;OK
101383;Pump;Afternoon;Sr;No;91.85;3.96;5.04;;1001.0;43.1 %;109.7;3;33;FAILURE
101510;Compressor;A;junior;No;81,53;8.28;2.55;20.83;924.3;59.7;100.1;0;58;WARNING
100079;Compressor;Night;junior;no;101.88;6.97;0.74;17.93;685.0;49.3;101.8;3;88;WARNING
100641;Compressor;Night;intermediate;No;95.54 C;5.31;2.05;22,37;156.8;45.9;85.5;4;102;OK
101665;Conveyor;afternoon;Intermediate;No;58.95 C;4.91;1.93;19.66;641.9;50.7;144.0;1;50;OK
102254;Compressor;Morning;Intermediate;No;80.09;4.77;2.07;22.25;673.8;55.4;79.2;1;97;OK
100882;Compressor;NIGHT;Junior;No;N/A;8.0;2.14;29.53;750.5;39.7;53.9;5;92;FAILURE
101367;CNC;Afternoon;Intermediate;No;N/A;5.46;1.02;20.17;1352,7;48.4;94.6;3;6;FAILURE
101200;Compressor;M;senior;No;59.69;7.51;2.5;27.14;621.1;67.1;100.3;1;100;WARNING
100583;CNC;Afternoon;Intermediate;Yes;70.27;6.62;1.21;18.89;601.0;40.1;92,7;1;65;OK
102006;Conveyor;MORNING;intermediate;No;53.37;4.73;4.83;18.79;;63.2;99.9;0;107;FAILURE
102189;CNC;M;Junior;;60.82;5.59;5.49;12.48;519.7;21.5;135,1;2;97;WARNING
101443;CNC;Morning;junior;Yes;54.98;5.88;1.47;13.01;951.1;47.2;114.9;2;41;WARNING
100658;CNC;morning;Intermediate;0;55.54 C;6.28;3.25;19.55;627.2;47.9;110,2;2;22;OK
100883;Conveyor;NIGHT;Intermediate;;77.23;5.41;2.48;18.58;796.0;56.2;94.8;1;3;WARNING
101973;Compressor;Morning;Senior;no;82.98;11.06;5.57;21.65;1034.4;42.0;81.7;1;75;FAILURE
100299;Compressor;Afternoon;Junior;No;96.65;7.45;4.6;25.42;1649.2;37.4 %;unknown;1;29;FAILURE
101117;CNC;Night;Intermediate;N;unknown;7.67;3.1;21.01;848.8;48.5;140.6;2;49;WARNING
102475;Pump;Night;Intermediate;Yes;92.06;7.32;3.35;26.65;525.5;48.5 %;94.6;2;61;WARNING
102546;Pump;Night;intermediate;no;106.41;7.62;3.03;20.36;1668.1;45.2;;7;94;FAILURE
100447;Conveyor;Afternoon;Intermediate;Yes;69.08;6,82;2.15;8.86;364.6 h;47.9;143.5;1;119;OK
102139;Compressor;Morning;Junior;No;81,4;6.35;2.66;28.82;595.3;51.5;100.6;0;9;OK
102070;Pump;morning;Intermediate;no;66.89;5.51;3.87;23.05;317.9;32.2;85.7;3;59;OK
101656;Pump;Morning;Intermediate;Yes;73.63;8.56;3.55;18,62;890.9;38.8;82.5;0;68;FAILURE
102363;Pump;Afternoon;junior;no;66.69;7.95;3.92;26.04;784.1;54.1;87.2;1;72;FAILURE
100846;Conveyor;Morning;intermediate;N;51,36;5.39;5,7;13.29;827.4;21.4;111.0;3;9;OK
102511;Pump;MORNING;intermediate;Yes;66.35;5.65;3.58;17.28;880.8;58.0;82.9;1;99;WARNING
102196;Conveyor;Morning;Sr;no;59.56;5.43;1.18;17.27;644,4;30.8;123.7;0;69;OK
101977;Pump;Night;Junior;1;88.84;9.9;7,46;18.75;576.5 h;56.9;97.2;5;98;FAILURE
100449;CNC;NIGHT;Intermediate;N;80.45;4.41;6.04;19.6;644,6;51.9;123.3;5;109;FAILURE
101720;Conveyor;Afternoon;Intermediate;Yes;61.53;6.71;4.86;14.93;809.4;40.5;106.0;1;104;WARNING
100590;CNC;M;Intermediate;no;70.15;3.84;3.55;22.14;1292.3;45.7;82.1;2;8;FAILURE
102119;CNC;afternoon;Intermediate;yes;79.82;7,0;1.35;26.41;780.0;46.3;121.8;5;98;FAILURE
100574;Compressor;Night;Intermediate;N;124.43;9.93;;29.17;699.0;47.5;89.6;1;36;FAILURE
100951;Pump;Night;senior;No;97.79;5.45;2.68;22.44;689.6;60,5;92.6;2;85;FAILURE
100911;Compressor;Night;Junior;No;99.55;9.65;0.41;36.38;343,5;47.5;76.4;3;57;WARNING
101918;Compressor;Morning;Intermediate;Yes;82.76;7.94;5.38;17.04;1054.9;52.1;84.0;2;74;FAILURE
102540;Pump;Night;Intermediate;No;83.29;8.61;2.37 mm/s;24.15;421.7;67.2;91.6;2;96;WARNING
101403;Conveyor;NIGHT;Intermediate;No;66.36;6.05;6.17;15.83;549.2;31.2;90.2;2;56;FAILURE
101867;Conveyor;Morning;Senior;0;55.44;4.98;6.74;20.64;855.7;53.8;125.2 u/h;3;79;WARNING
100249;Pump;night;intermediate;no;99.52;8.03;5.28;13,56;1295.4;52.0;103.2;3;115;FAILURE
100167;Conveyor;Afternoon;Intermediate;No;71.77;3.27;1.03;13.44;352.3;57.7;109.3;2;38;OK
101574;Conveyor;morning;Sr;N;57.51;6.18;1.55;19.09;234.5;70.6;135.4;0;53;OK
100768;CNC;Afternoon;Intermediate;No;64.28;8.08 bar;0.49;20.41;492.2;58.3;83.5;1;66;OK
102155;Compressor;Night;Intermediate;N;84.83;;4.01;18.94;756.9;33.1;73.8;5;78;FAILURE
102324;CNC;Night;Jr;Yes;79,31;5.59 bar;5.65;12.2;;38,0;99.7;2;92;FAILURE
102387;Conveyor;Afternoon;Jr;No;54.53;5.48;1.55;11.14;617.1;64.6;106.3;0;57;OK
101480;Pump;afternoon;Mid;no;79.72;6.32;4.88;?;1090.6;30.4;121,5;2;17;WARNING
100952;CNC;afternoon;Sr;N;67.71;5.42;6.96;21.74;551.9;69.1;101.3;1;91;WARNING
102162;CNC;Afternoon;Senior;No;80,83;5.94;5.06 mm/s;24.63;317.8;48.3;127.9;0;14;OK
101824;Compressor;M;intermediate;no;81.82;9.13;0.71;23.01;530.7;44.7;;2;25;OK
100430;Conveyor;afternoon;Mid;No;61.69;6.47;1.43;9.4;529,8;68.2;139.8;1;90;OK
101047;CNC;Morning;Sr;no;52.39;?;1.74;17.9;456.0;61.3;70.4;0;23;OK
100962;Pump;Afternoon;Mid;Yes;82.69;7.4;1.4;21,88;215.8;36.6;107.4 u/h;1;61;OK
102454;Compressor;Morning;;No;79.79;7.7;1.57;21.19;344.1;50.3;89.4;2;22;OK
101756;Compressor;Afternoon;Intermediate;yes;86.09;9.19;2.85;24.2;?;50.7;97.5;3;62;FAILURE
102208;Pump;Afternoon;Intermediate;no;74.93;6,13;1.21;20.91;599.7;38.3;61.2;1;99;OK
101402;CNC;Morning;Junior;;71.89;7.22;0.75;21.47;622.7;37.4;unknown;0;44;OK
102574;Conveyor;Morning;Senior;;44.88;4.21;2.09;14,86;654.0;46,6;127.6;0;61;OK
100724;Conveyor;Night;Intermediate;No;60.21;4.53;4.02;14.86 A;1515.8;49.6;125.7;1;72;FAILURE
102094;CNC;NIGHT;junior;No;79.7;6.97;2.57;15.5;504.5;39.7;110.4;2;14;OK
101142;Compressor;MORNING;senior;Yes;95.2;9,47;2.87;30.5;296.8;26.6;67.3;4;109;WARNING
101800;Compressor;Night;Senior;No;97,16;5.54;4.29;24.77;293.1;19.1;94.5;1;13;OK
100729;Pump;Afternoon;Senior;No;71.19;7.54;?;26.48;1356.5;34.1;77.5;1;1;FAILURE
101365;Pump;morning;Intermediate;No;84.96;7.7;4.31;unknown;551.4;57.4;64.8;1;37;WARNING
100350;CNC;night;Intermediate;Yes;84,39;6.96;4.81;20.44;;68.5;94.9;2;47;FAILURE
102439;Pump;NIGHT;Intermediate;No;85.06;7.92;4.11;20.51;1562.6;38.6;85.3;2;84;FAILURE
100924;Pump;Afternoon;Intermediate;No;;7.71;3.46;24.78;642.0;47.9;120,3;6;102;FAILURE
101445;CNC;AFT;;N;62.42;4.58;2.01;20.48;876.2;54.5;106.5;1;83;OK
100653;Compressor;Morning;Junior;Yes;79.21;5.2;3.78;17,37;850.1 h;32.9;;2;65;WARNING
100429;CNC;AFT;Jr;N;65.06;5.82;3.27;17.65;217.2;62.2;140.2;1;12;OK
101544;CNC;Afternoon;Junior;no;74.18;4.23;1.14;15.86;323,5;55.5;;0;68;OK
101188;Conveyor;M;;N;55.51;4.16;3.35;13.0;;10.0;96.6;1;3;OK
101529;CNC;NIGHT;Senior;Yes;95.11;4.89;1.02;13.75;555.0;;118.1;3;68;OK
102055;Pump;AFT;Intermediate;Yes;70.05;8.0;;33.08;695.6;45.5;90.6;3;6;WARNING
101459;Conveyor;Afternoon;Senior;No;57.71;5.83;;13.74;1390.1;28.1;138.0;0;80;WARNING
100321;Conveyor;Night;Intermediate;;71.05;7.83;0.39;21.5;672.9;40.2;124.6;0;62;OK
100381;Compressor;AFT;Intermediate;no;87.75;6.01;6.72;18.97;1057.8;43.1;79.7;3;64;FAILURE
100512;Conveyor;Morning;Intermediate;N;54.53;4.97;3.23;19.07;882.8;42.9;105.5;1;64;FAILURE
102054;Conveyor;Morning;Intermediate;Yes;59.05;6.53;1.02;13.79;392,7;37.5;128.5;0;37;OK
100367;Compressor;Morning;Intermediate;no;74.9;7.95;4.66;15.74;2247.9;50,5;83.9;1;76;FAILURE
102457;Compressor;Afternoon;Senior;0;103.26;7.42;0,98;27.13;558.7;54.6;98.6;1;6;OK
102281;Pump;Morning;Intermediate;No;60.44;8,22;11.16;28.65;828.5;54.3;74.2;2;26;FAILURE
101873;Conveyor;Afternoon;intermediate;No;65.15;5.92 bar;3,52;9.99;1065.3;30.3;135,9;2;55;FAILURE
101074;Conveyor;MORNING;Junior;no;55.81;5.47;0.85;17.63;864.2;60.3;119.5;0;62;OK
100873;Conveyor;Afternoon;junior;no;67.54;5.59;0.68 mm/s;17.7;661.2;32.4;118.5;0;109;OK
101693;CNC;Morning;Junior;No;56,9;6.35;2.79;19.33;438.9;32.2;90.2;1;69;OK
102493;CNC;MORNING;Intermediate;No;62.13;6.29;2.57;19.44;378.2;27.4;143.3;1;112;OK
100537;Pump;NIGHT;Intermediate;No;93.74;6.36;2.31;14.51;405,7;29.2;104.7;6;43;OK
101190;Compressor;afternoon;junior;no;82.62;7.62;10.88;19.74;687.6;46.7;123.4;4;15;FAILURE
101861;Compressor;Afternoon;junior;No;87.64 C;6.9;2.72 mm/s;21.52;337.3;61.9;99.3;3;66;OK
100823;CNC;Afternoon;Junior;yes;66.37 C;4,98;4.08;17.05;N/A;36.3;106.9 u/h;0;97;OK
100140;CNC;afternoon;Intermediate;no;65.83;6.0;1.7;18.75;895.3;16.3;115.5;0;93;WARNING
102504;Conveyor;AFT;Mid;No;73.71;5.6;2.7;13.41 A;517.8;24.1;126.3;1;88;WARNING
101108;Pump;afternoon;Senior;No;61.49;5.06;3,46;19.96;677.3;47,6;104.9;1;72;OK
102269;Compressor;Afternoon;Senior;No;98.47;7.21;2.65;21.76;462.1;47.6;83.6;5;95;OK
101968;Conveyor;Morning;Jr;No;59.23;6,96;1.16;15.78;;28.9;129.8;0;95;WARNING
100977;Pump;Night;Senior;no;71.6;5.55;2.8 mm/s;25.11;636.8;44.4;86,1;3;63;WARNING
102031;CNC;Morning;intermediate;No;75.76;5.94;6.87;17.26;584.4;42.7;142.9;3;44;FAILURE
101816;Pump;Night;senior;N;78.12;9.38;5.39;23.43;809.2;39.2;80.1;4;68;FAILURE
100335;CNC;afternoon;senior;No;73.29;7.7;2,47;11.24;866.3;25.1;99.2;4;52;WARNING
101634;Compressor;Night;Senior;No;89.12;8.46;6.2;27.01;476.3;70.5;93.5;2;85;FAILURE
100627;Compressor;A;Intermediate;No;80.5;6.93;2.75;31.36;658.3;48.8;72.0;2;78;WARNING
101417;Pump;Morning;Mid;No;79.86;6.51;1.37;19.27;155.9;45.2 %;91.5;1;34;OK
101948;Conveyor;Morning;senior;no;58.22;5.79;3.56 mm/s;20.28;1030.8 h;46.4;107.5;1;65;WARNING
101293;Compressor;afternoon;Senior;Yes;76.06;6.32;0.61;10.27;1214.0;59.7;89.1;1;3;OK
100188;CNC;A;Junior;No;63.62;6.56;2.0;20.18;1062,2;32.6;64.1;0;113;FAILURE
101333;Pump;Afternoon;senior;No;79,99;6.58;8.72;29.22;321.4;67,5;103,7;2;34;WARNING
101549;Pump;Afternoon;intermediate;N;84,04;9.18;0.89;23.59 A;672.5;47.0;94.7;2;75;WARNING
101337;CNC;Morning;Junior;No;64.06;4.28;1.83;17.97;1006.9;60.1;95.4;0;92;FAILURE
102131;CNC;Morning;Junior;Yes;58.99;9.01;10.82;15.53;90.3;60.7;129.2 u/h;3;19;WARNING
100388;Conveyor;afternoon;Mid;N;67.12;7.82;3.3;17.88;1051.2;22.7;123.5;1;17;FAILURE
100250;Pump;Afternoon;Intermediate;No;81.32;6.0;;28.53;1465.8;51.9;90.9;4;119;FAILURE
101184;CNC;Morning;Senior;no;65.45;4,96;1.17;18.02;1651.9;50,7;133.7;1;11;FAILURE
101892;Compressor;Night;Intermediate;Yes;96.56;6.63;3.75;27.12;867.9;43.4;76.0;4;111;FAILURE
100681;CNC;Afternoon;intermediate;yes;63.87;7.85;1.14;16.12;;49.4;99.1;1;108;WARNING
100955;Conveyor;Morning;Intermediate;yes;52.9;4.83;1.83;20.75;276.6;47.9;126.1;1;33;OK
100139;Compressor;Night;Sr;No;85.04;7.49;10.56;9.72;N/A;38.3;90.2;7;27;FAILURE
101125;Pump;Night;Intermediate;No;85.56;7.39 bar;5.9;16.48;723.3;48.9;90.4;5;102;FAILURE
102086;CNC;morning;senior;;75.13;6.27;8.3;19.34;484.7;44.1;112.4;3;113;FAILURE
101996;Compressor;night;Senior;0;111.23;6.02;5.7;29.15;906.2;64.4;64.4;6;85;FAILURE
100824;Compressor;AFT;senior;N;74.15;8.09;0.77;24.04;874.3;41.3;86,3;0;81;WARNING
100909;CNC;Afternoon;Intermediate;yes;86.93;7.99;3.16;23.58;800.2;38.3;67.3;0;41;FAILURE
101279;Conveyor;MORNING;Junior;Y;64.2;5.36;4.16;15.64;817.9;50.4;108.2;1;16;OK
101217;Pump;Afternoon;Intermediate;no;71.75;7.49;1.61;24.71;399.3;;84.5;1;9;OK
102287;Conveyor;MORNING;Mid;N;52.36;5,02;unknown;12.6;588.8;38.5;131.8;0;82;OK
100418;Compressor;MORNING;Sr;0;86.34;8.25;4.31;29.91;341.0;30,6;96.5;2;49;WARNING
100564;Compressor;Night;Senior;No;83.04;9.17;3.78 mm/s;26,61;834.1;49.2;103.7;3;114;WARNING
102545;Pump;Morning;Senior;No;66.15;7.12;0.95;15,51;246.8;43.9 %;78.4;1;62;OK
100330;CNC;AFT;Senior;no;64.3;6.86;1.57;10.88;535.2;62.0;87.0;1;54;OK
101482;CNC;morning;Senior;no;81.15 C;7.89;3.37;error;801.1;67.1;86.2;1;10;FAILURE
101118;Compressor;night;Senior;No;105.2;8.03;6.18;26.9;374.2;60.1;104.8;2;16;WARNING
101160;Compressor;Morning;Intermediate;No;106.13;7.0;2.69;;839.5;31.8;77.9;1;23;FAILURE
100730;Pump;Morning;Junior;No;87.95;6.93;2.49 mm/s;26.13;;39.0;87.6;4;109;FAILURE
101639;CNC;Afternoon;Senior;no;65.25;5.14;1.13;15.76 A;590.2;58.8;116.3;0;111;OK
100187;Pump;Afternoon;Junior;No;68.1;8.6;4.09;18.52;1475.3 h;27.4;113.1;1;10;FAILURE
101856;Conveyor;morning;intermediate;no;57,17;5.15;0.89;16.46;619.5;42.8;107.3;0;108;OK
102350;CNC;Afternoon;Junior;No;69.31;7.53;0.38;20.47;1242.8;54.4;91.7;1;70;FAILURE
102143;Compressor;Night;Senior;No;89.78;9.28;3.16;25.47;769.7;;89.3;2;38;FAILURE
102075;Pump;Afternoon;Senior;No;72.84;9.14;3.84;24.03;870.0 h;66.4;86.8;5;101;FAILURE
101468;CNC;Afternoon;intermediate;no;65.97;7.62;1.99;13.46;524.0;65.7;126.1;2;29;OK
101220;CNC;Night;intermediate;no;91.26;4.25;1.07;12.89;436.4 h;47.6;98.7;2;112;OK
101925;CNC;N;intermediate;No;71.47;6.47;6.58;15.14;942.8 h;50.2;115.7;5;70;FAILURE
102020;Pump;Afternoon;Junior;no;87.72;6.36;5.21;21.6;1302.5;32.7;97.6;4;23;FAILURE
102033;Pump;MORNING;Junior;No;66.18;8.7;2.03;29.02;394.7;57.8;115.4;0;86;OK
101077;Pump;Morning;Jr;No;68.87;9.02;1.79;22.0;641.8;55.3;87.7;1;15;OK
102364;Conveyor;Morning;intermediate;N;64.25;6.96;1.78;17,07;1391,1;71.7;111.9;0;59;FAILURE
100714;Conveyor;Afternoon;intermediate;No;67.99 C;5.94;3.4;12.26;861,6;?;;0;85;WARNING
102430;Compressor;morning;Senior;N;95.08;7.43;4.5;23.1;277.7;41.7;86.3;2;87;OK
100207;CNC;Morning;Intermediate;0;64.97;7.14;0.67;21.04;543.1;46.3;127,6;0;37;OK
102190;Conveyor;Afternoon;junior;No;49.99;4.99;8.06;14.89;764.2;57.0 %;131.6;0;92;WARNING
101146;Pump;Night;Mid;;92.97;7,34;3.28;13.84;1260.9;38,1;67.6 u/h;6;45;FAILURE
102336;Compressor;Morning;Senior;No;82.47;6.99;2.97;27.36;334.3;21.7;84.6;1;16;WARNING
101086;Compressor;Morning;Intermediate;1;57.7;9.03;1.06;24.35;1233.1;25.3;97.6;0;27;WARNING
100048;CNC;night;junior;;92.7;7.66;2.64;error;727.1;32.2;118.6;2;89;FAILURE
100777;Compressor;Morning;Senior;Yes;77,29;8.8;2.89;14.65 A;1677.8;40,7;63.2;1;61;FAILURE
100469;CNC;Night;Intermediate;No;64.15;4.79;0.69;18.4;339.9;38,3;91.6;1;104;OK
101051;Compressor;Morning;senior;No;83,96;7.08;4.9;;419.1;44.6;53.8;0;3;OK
102477;CNC;Afternoon;Intermediate;No;59,96;8.1;0.33;14.23;661.4;36.8 %;139.3;0;114;OK
100960;Pump;afternoon;Senior;Yes;80.72;6.06;3.71;18.73;713,7;59.4;99.4;1;17;OK
100698;Compressor;Afternoon;Senior;no;92.33;;2.98;26.57;389.9;36.0 %;103.5;3;75;WARNING
100607;Conveyor;M;senior;Y;60.83;6.34;5.83;17.82;630.4;32.8;111.1;1;15;OK
100903;CNC;Morning;Senior;No;90.51;8.24;0.63 mm/s;13.82;662.5;55.0;90,7;2;71;WARNING
100262;Conveyor;Afternoon;Junior;No;56.05;?;3.25;13.08;1117.6;47.0;122.2;1;6;WARNING
101694;Compressor;afternoon;Junior;N;;6.82;0.82;19.29;1043.8;44.9;90.7 u/h;3;81;FAILURE
100032;Conveyor;Afternoon;Sr;No;83.04;4.8;0.95;13.89 A;671.5;55.0;107.6;1;95;OK
100208;Compressor;Night;Junior;N;93.65;8.5;2.61;20.36;812.7;35.6;78.8;3;116;FAILURE
102000;Pump;Afternoon;Intermediate;0;86.18;7.5;0.92;;713.7;;;1;17;OK
100339;CNC;morning;Intermediate;No;82.65;?;4.5;15,15;617.1;29.1;88.6;3;64;WARNING
101473;CNC;Afternoon;intermediate;No;55.03;7.07;1.6;20.9;1145.9;42.4;109.5;2;1;WARNING
102396;Conveyor;Morning;Sr;No;66.78;6.47;0.81;15.95;484.8;31,6;90.7;2;58;OK
102204;CNC;Afternoon;intermediate;yes;73,82;5.26;8.84;21.78;496.3;65.1 %;103.3;3;46;WARNING
100136;CNC;Afternoon;Senior;No;73.26;6.09;2,52;9.46;408.3;44.3;N/A;0;46;OK
100206;CNC;morning;Senior;No;78.98;5.37;0.49;14.68;788.7;18.4;93.7;2;34;OK
102110;CNC;Morning;Mid;N;65.45;6.93;2.97;8.88;491.7;33.2;122.4;2;62;OK
100736;Compressor;Morning;Intermediate;N;92.44;4.96;0.65;13.35;1098.1;40.4;107,8;4;113;FAILURE
102351;CNC;Morning;Sr;No;79.27;3.41;3.47;19.43;963.9;35.5;80.6;0;25;WARNING
101754;Conveyor;MORNING;Intermediate;Yes;55.46;4.98;2.46;10.98;465.4;58.0;107.6;0;88;OK
102427;CNC;afternoon;Senior;0;62.46;7.66;1.31;21.71;667.5;N/A;123.1;0;68;OK
100820;CNC;Night;senior;No;76.44;5.19;2.18;17.48;1098.2;52.1;98.3;1;84;FAILURE
101685;CNC;Night;senior;No;85.7;6.75;6.91 mm/s;19.11;702.2;38.6;109.8;3;116;FAILURE
101397;Pump;Morning;Junior;No;85.57;6.86;2.23;20.39;480.1;72,9;91.0;3;25;WARNING
102260;Pump;morning;Intermediate;N;76.05;7.4;5.26;20.43;437.0;51.3;80.7;4;98;FAILURE
101807;CNC;night;Senior;N;82.71;;5.01;20,84;564.8;45.9;109,1;1;11;WARNING
102402;Compressor;Afternoon;senior;No;94.61;6.31 bar;1.04;17.48;504.8;63.0;44.4 u/h;1;95;OK
101457;CNC;morning;Intermediate;No;73.94;5.84;2.93;18.12;484.8;22.7;150.8;1;5;OK
102191;CNC;Afternoon;Intermediate;no;57.33;6.96 bar;3.29;18.03 A;1787.5;41.2;90.8;1;112;FAILURE
101676;Conveyor;Morning;Intermediate;No;57.3;5.53;2.37;21.83;155.6;45.4;117.6;0;22;OK
100987;Pump;Afternoon;Senior;no;63.93;8.7;1.63;18.89;848.5;51.2;105.3;2;87;FAILURE
102315;Pump;Morning;Senior;Yes;77.2;9.04;1.0;16.41;1275.7;55,7;81.9;1;119;FAILURE
101823;Pump;Afternoon;Intermediate;No;65.11;7.48;4.05;27.56;422.8;39.4;92.2;5;60;WARNING
100738;Pump;Night;Intermediate;No;84.58;6.66;7.29;23.09;591.3;55.5;89.8;7;12;FAILURE
101031;Compressor;M;Senior;Yes;48.41;5.47;6.27;24.69;727.5;39.0;93.0;2;33;FAILURE
101102;Pump;morning;Intermediate;No;76.89;7,89;2.03;13,72;257.2;42,0;60.1;0;50;OK
101105;CNC;Morning;Senior;no;63.46;6.27;2.96;17.48 A;467.5;34.3;112.9;0;83;OK
101430;Pump;Night;Intermediate;N;135.71;6.84;3,7;28.65;635.6;53.5;114.5;3;97;FAILURE
101364;CNC;MORNING;Senior;no;57.81;5.98;3.69;21.52 A;149,7;55.7;90.1;1;90;OK
102158;CNC;Night;Jr;Yes;74.29;6.51;1.88;16.84;588.2 h;53.8;93.0;1;25;OK
102109;Pump;Morning;Junior;;84.26;6.37;8.98;12.3;635.4;50.4;75.7;3;35;FAILURE
102116;Conveyor;Morning;Junior;No;59.77;4.96;3.44;13.38;421.8;39.3;109.2;2;57;OK
100818;Pump;Night;Senior;no;88.2;7.57;2.69;17.98;982.9;43.8;78,7;1;68;FAILURE
100866;Conveyor;Night;senior;N;;5.55;1.72;14.71;534.0;31.1;147.7;1;109;OK
100415;CNC;Morning;Mid;N;;8.37;1.53;20.82;623.9;47.4;114.1;1;13;OK
102470;Pump;Afternoon;Intermediate;N;70.64;7.35;1.79;17.42;468.6;44.2;98.2;0;37;OK
100395;CNC;AFT;Mid;No;65.06;7.09;6.66;22.66;593.8;49.4;105.0;5;5;WARNING
101341;CNC;Morning;Senior;;;4.99;3.68;18.93;848,7;52,1;89.3;0;79;FAILURE
102276;CNC;afternoon;Intermediate;No;61.9;4.9;3.67;17.76;1145.0;49.2;107.5;1;3;WARNING
102375;Pump;afternoon;Junior;N;89.35;?;1.01;27.31;1401.0;49.2;86.2;1;56;FAILURE
100190;CNC;Afternoon;senior;N;error;6.72;;16.33;676.0;47.6;93.6;2;99;WARNING
100904;Pump;Afternoon;Senior;0;81.34;7.25;4.03;20.05;1265.7;25,9;62.3;2;39;FAILURE
100309;CNC;NIGHT;senior;No;75.16;4.94;;20.36;646.1;39.0;104.7;1;38;OK
100416;CNC;Night;Junior;Yes;71.57;5.09;2.89;17.32;967.1;;106.1;1;111;FAILURE
102145;Pump;Morning;Intermediate;No;75.6;5.95;7,83;20.42;306.6;31.7;92.7;4;52;FAILURE
102195;Compressor;morning;Senior;No;75.81;8.86;3.41;20.52;757.1;59.8;103.1;2;93;FAILURE
102213;Conveyor;Afternoon;Junior;Yes;65.53;4.96;3.26;16.88;497.9;57.4;119.3;0;68;OK
100451;CNC;NIGHT;senior;No;73.61;6.97;0.54;15.84;258.4;59.8;136,8;1;88;OK
100261;CNC;Afternoon;Intermediate;no;73.37;5.3;11.57;20.63;1135.9;43.2;95.6;4;66;FAILURE
100021;Compressor;Night;Junior;N;;8.98;0.46;21.45;774,3;54.4;99.0;5;26;FAILURE
101152;Conveyor;Afternoon;senior;No;65.26;6.56;1.17;11.31;748.0;59.8;119.0;1;73;OK
101166;Conveyor;Night;intermediate;Yes;74.91;6.09;4.85;11.26;673.0;13.5;73.2;1;42;WARNING
102152;CNC;Afternoon;Junior;No;71.41;5.33;7.19;12.83;188.0;58.2;;2;94;OK
101651;CNC;Morning;Senior;No;86.43;8.47;0.88;15.38;166.0;45.5;106.4;4;108;OK
102464;Compressor;Morning;Senior;No;62.68;5.79 bar;1.95;18.46;175.9;28.5;137.6;0;70;OK
101869;Pump;Night;Mid;No;73.46;4.72;1.87;30.06;349.6 h;47.0;101.9;5;104;WARNING
102016;Pump;MORNING;junior;Yes;76.86;8.52;2.03;21.62;1002.9;53.0;120.1;1;115;WARNING
101353;CNC;Night;senior;N;70.87;7.46;2.34;20.5;642.7;37.7;67.1;1;15;WARNING
102453;Compressor;Afternoon;Intermediate;No;76.06;6.89;0.55;27.98;1003.4;73.6;68.2;1;30;WARNING
100256;Compressor;Night;Intermediate;No;74.44;7.16;2.35;21,95;547.0 h;42.5;88.9;2;116;FAILURE
102063;Pump;AFT;Intermediate;Y;79.53;6,74;1.15;22.35;677.2;39.7;;0;50;OK
100708;Compressor;Morning;intermediate;No;49.99;7.93;4.48;27.64;888.0;59.4;76.4;0;13;OK
100814;Compressor;Morning;Intermediate;Yes;96.79;5.78;3.87;19.38;711.1;;94.6;2;25;FAILURE
100109;CNC;morning;Junior;No;59.4;6.15;7.13;16.35 A;342.6;65.2;97.8;0;86;OK
101159;Pump;Night;Intermediate;Yes;83.85;8.14;4.11;23.7;1140,7;40.9;115.2;5;87;FAILURE
101550;CNC;Afternoon;Intermediate;1;64,7;6.21;4,42;16.71;844.0;53.6;108.0;2;7;WARNING
102349;CNC;Afternoon;Junior;no;65,6;6.97;0.77;17.39;663.6;31.2;111.5;0;63;OK
100191;Conveyor;Night;Intermediate;no;61.36;5.14;1.35;16.37;654.7;58.2;113.3;0;39;OK
101244;CNC;afternoon;Senior;No;65.06;6,4;2.38;12,21;545.9;47.0;104.3;1;53;OK
101578;Conveyor;Night;Intermediate;Y;78.41;6.68;1.18;20.58;399.2;35.5;78.6;0;3;OK
102098;Pump;Afternoon;junior;N;81.81;8.4;3.65;26.35;598.6 h;56.3;error;3;58;FAILURE
102026;Pump;Afternoon;Junior;Yes;84,58;8.36;4.15;23.31;518.5;68.9;122.6;1;57;WARNING
101863;Conveyor;Morning;Intermediate;no;63.86;4.7;1.18;13.25;577.8;66.0;135.7;1;85;OK
101880;Compressor;Night;Senior;No;98.43;9.71;7.55;24.86;448.6;43.2;95.5;2;46;FAILURE
101087;Compressor;Morning;intermediate;yes;88.05;8.86;3.05 mm/s;29.81;649.4;57.5;47.8 u/h;4;11;WARNING
100422;CNC;Night;Intermediate;No;83.95;5.6;4.78;15.48;389.5;26.8;87.8;3;22;WARNING
101101;CNC;Night;Junior;Yes;71.06;6.55;10.23;14.7;502.3;60.0;103,4;5;46;FAILURE
100981;Conveyor;Night;Jr;no;65.21;4.96;0.87;16.99;1158.4;60.7;87.5;1;13;OK
101960;Compressor;Night;Junior;;98,83;8.52;6.95;20,14;806.5;54.9;80.2;1;25;FAILURE
102049;CNC;Morning;senior;No;57.48;6.41;1.46;;401.4 h;50.2;94.4;0;33;OK
100568;CNC;Morning;intermediate;No;63.55;5.48;0.63;21.56;269.6;27.1;102.2;0;83;OK
100153;CNC;Night;intermediate;N;73.54 C;6.97;4.14;17.47;277.2;61.9;94.6;5;97;OK
101116;CNC;NIGHT;intermediate;N;90.71;5.52;1.46;17.11;944.3;20.8;150.2;2;109;FAILURE
100411;Compressor;morning;Jr;No;92.05;9.14;2.56;18.74;601.2;53.6;91.2;3;93;WARNING
100226;Conveyor;Night;Intermediate;No;62,43;4.21;1.17;18.43;746.5;43,7;84.2;0;46;OK
101971;Pump;Morning;intermediate;No;;7.6;0.57;23.09;994.2;83.9;73.7;0;13;FAILURE
101522;Pump;night;Intermediate;no;87.06;7.96;7.9;20.54;unknown;42.4;37.8;5;60;FAILURE
100348;CNC;Night;Intermediate;no;87.17;5.2;0,96;18.78;878.2;29.4;95.6;0;79;WARNING
100988;CNC;Afternoon;Intermediate;N;68.93;6.62;1.5 mm/s;15.64;526.1;46.0;111.7;1;77;OK
100218;CNC;AFT;Senior;N;59.21;5.81;1.42;10.99;283.6 h;40.8;73.8;0;89;OK
102413;Pump;Morning;intermediate;;76.82;8.08;2.12;28.42;966.8;43.1;113.4;0;36;FAILURE
100353;Compressor;Morning;Intermediate;No;86.09;9.67;2,36;19.96;715.8;51.3;101.6;0;95;FAILURE
102222;Pump;Morning;Jr;No;67.92;7.59;8.44;23.63;636.8;60.6;85.4;5;96;FAILURE
101396;CNC;Morning;Intermediate;Yes;53.34;8,35;3.84;11.08;292.1;41.9 %;119.6;2;115;OK
100364;CNC;afternoon;Junior;N;58.4 C;5.87;2.38;12.34;584.3 h;52.5;126.0;1;47;OK
100740;Pump;Afternoon;Senior;N;70.19;7,74;0.59;12,01;233.1;38.0;112.8;1;29;OK
101821;Conveyor;morning;senior;Y;65.21;5.22;5.12;19.28;911.3;40.6;122.8;2;114;FAILURE
100106;Compressor;Afternoon;Intermediate;Yes;81.97;6.85;1,16;17.7;1119.0;48.3 %;68.5;4;70;FAILURE
101027;Conveyor;Night;Intermediate;N;73.55;4.84;0.5;10.81;538.4;52.3;134.1;0;31;OK
101652;CNC;Morning;Intermediate;no;61.29;7.52;2.72;15.67;378.3;46.4;95.5;1;61;OK
102159;Pump;Morning;intermediate;No;64.86;5.47;1.5 mm/s;20.78;453.7;22.7;79.3;0;90;OK
102201;CNC;AFT;intermediate;0;69.66;4,85;4.23;20.1;431.4;35.6;121.9;2;116;WARNING
100503;Conveyor;Night;Junior;No;77.22;5.04;6.32;19.4;807.8;57.1;96.6;2;25;FAILURE
102126;Pump;Morning;Intermediate;No;78.0;8.45;;17.71;340.5;26.0;108.7;3;53;WARNING
100172;Pump;Night;senior;Y;93,85;6.33;3,12;23,01;?;43.6;94.1;1;5;FAILURE
100327;Conveyor;AFT;intermediate;No;62.12;4.79;3.96;10.82;250.8;45.0;97.7;3;16;OK
102017;CNC;Morning;Intermediate;Yes;59.94;6.47;2.15;;408.9;42.7;85.7;1;85;OK
100089;CNC;Morning;Intermediate;No;;6.56;2.93;12.54;714.7;18.2;78.3;0;41;OK
101211;Compressor;afternoon;Junior;N;77.59;6.36;0.32;17.09;714.3 h;37.4;60.3;1;109;WARNING
100185;Compressor;Morning;Junior;0;78.82;6.84;0.61;20.27;504.1;30.4;64.7;1;47;OK
100788;Pump;Night;Intermediate;no;?;6,61;1.78;28.2;;26.0;113.0;3;80;WARNING
101788;Compressor;Morning;Junior;No;80.78;8.03 bar;?;19.47;1880.5;57,0;93.2 u/h;2;5;FAILURE
101678;Pump;Night;Intermediate;;89.81;7.26;6.15;15.19;1736,2;57,6;80.8;4;85;FAILURE
101129;Compressor;NIGHT;Intermediate;No;113.21;8.95;2.97;23.93;;58.0;;5;88;FAILURE
100282;CNC;Morning;Junior;no;79.27;7.62;6.19;18.21;350.0;35.3;88.6;2;90;WARNING
101084;Conveyor;Afternoon;junior;Yes;58.81;4.28;4.69;11.39;708.2;48.6;108.7;3;97;WARNING
100507;Pump;Morning;Sr;No;66.52;5.37 bar;3.41;17.37;;39.8;107.8;2;47;OK
100896;Conveyor;Night;Intermediate;No;84.64;unknown;5.29;19.35;851.0;48.5;136.2;1;119;FAILURE
101871;Pump;Night;Intermediate;no;98.03;9.35;4.22;23.37;651.9 h;46.2;;0;33;WARNING
100801;Compressor;Morning;Intermediate;No;52.64;6.96;6.56;24.0;447.3;55.9;72.2;2;3;OK
101531;Pump;Night;senior;N;104.37;7.46;1.08;22.69;1231.7;49.0;113.7;3;113;FAILURE
101424;Pump;Night;Intermediate;0;107.9;7.56;;26.57;733.8;33.2;96.0;2;10;FAILURE
101284;Compressor;Afternoon;senior;No;100,57;6.64;4.1;23.02;331.5;69.4;105.0;2;112;WARNING
100275;Compressor;Morning;Intermediate;no;61.29;8.13;2.63;21.44;819.2;54.6;94.9;2;104;FAILURE
101774;Conveyor;MORNING;Senior;No;54.0;7.88;2.82;17.72;777.9;40.8;90.2;1;84;WARNING
101770;Conveyor;afternoon;Intermediate;no;53.34;;1.38;10.02;1206.4;64.4;152.5;0;71;WARNING
100954;CNC;AFT;intermediate;No;60.28;8.32;1.29;18.65;873.7;59.1;105.2;1;97;FAILURE
100445;CNC;Night;;N;75.17;6.06;7.01;16.61;443.9;42.7;101.3 u/h;1;25;OK
102553;Compressor;Afternoon;;No;82.53;6.76;3.37;19,38;819.8 h;28.3;55.1;2;94;FAILURE
100783;Pump;NIGHT;Senior;N;84.88;5.06;3.35;;1140.7;49.6;89.1;1;12;FAILURE
101999;Conveyor;Morning;Senior;yes;49.46;6.73;0.66;20.64;646.4;29.6;110.8;1;80;OK
101253;CNC;AFT;Intermediate;No;62.97;5.13;2.6;17.8;1091.9;51.6;107.4;0;115;FAILURE
101507;Compressor;Night;Junior;No;96.44;6.02;4.54;28.21;925.6;46.2;86.5;4;88;FAILURE
102101;Compressor;Night;Mid;No;101,93;7.49 bar;8.05 mm/s;23.8;668.0;36.4;86.4;3;55;FAILURE
102526;CNC;Morning;Intermediate;Y;;5,82;1.95;13.13;953.7;39.3;114.8;0;119;OK
102516;Conveyor;night;Junior;No;63.3;6.73;2.52;19.35;306.7;50.6;103.7;1;5;OK
100668;Conveyor;Night;senior;no;60.84;5.28;5.1;21.52;;39,7;137,2;2;79;FAILURE
100626;Pump;NIGHT;Junior;no;58.17;7.82;2.2;27.26;935.0;27.9;92.2;0;33;WARNING
101219;Compressor;A;Senior;No;76.43;;5.23 mm/s;29,84;880.8;52.5;134.1;3;58;FAILURE
102053;Pump;Morning;Senior;No;64.56;5,21;1.94;29.27;578.8;35.8;77.6;0;54;OK
100179;Conveyor;M;Junior;;57,51;6.45;2.15;15.41;483.0;64.7;106.4;1;110;OK
100920;Compressor;Night;Junior;Yes;108.89;7.52;4.33;24.88;N/A;71.8;86.5;6;75;FAILURE
100679;CNC;Morning;Senior;no;68.22;6.6;1.71;16.64;;43.1;116.7;0;10;OK
100240;CNC;Morning;Junior;No;71.39;6.8;2.47;15.15;934.7;54.5;125.1;1;104;FAILURE
100973;CNC;Morning;intermediate;No;61.03;3.83;2.83;29.01;604.6;71.5;104.0;3;73;OK
102447;CNC;M;Junior;yes;66.96;7.27;0.9;19.99;614.5;30.4;109.6;0;87;WARNING
101922;Pump;afternoon;Junior;N;71.39;8.5;5.62;7.16;963.5;47.7;97.7;2;53;FAILURE
101638;Conveyor;Night;Intermediate;No;68.3;5,72;3.06;18.96;1253.1;20.8;112.5;1;49;FAILURE
100098;CNC;MORNING;Jr;yes;81.69;5.71;3.57;25.49;461.4;44.1;125.3;2;85;FAILURE
101354;Pump;Night;Junior;No;89.77;6.39;5.32;16.06;220.9;33.1;96.7;5;72;WARNING
101099;Conveyor;MORNING;Intermediate;No;56.41;6.19;2.82;14,22;257,8;N/A;109.7;2;56;OK
101930;Pump;Afternoon;Mid;no;61.6;error;2.92;27.43;696.9;51.1;114.2 u/h;3;24;WARNING
100717;Compressor;NIGHT;senior;no;88.73;7.29 bar;6.12;21.36;847.8;54.8;96.1;5;32;FAILURE
100937;Conveyor;Morning;Senior;No;59,86;5.56;0.57;18.28;497.6;30.9;142.1;0;83;OK
101425;Pump;N;Jr;Y;96.78;6.28;3.79 mm/s;18.22;318.6;40.8;90.2;4;107;WARNING
100651;Pump;Night;Sr;No;90.36;8.35;4.27;23.2;747.5;31.7;86.9;3;97;FAILURE
100982;Conveyor;N;Intermediate;yes;67.12;6.24;1.49;13.34;474.1;44.6;98.1;1;7;OK
100281;CNC;M;Junior;N;69.9;8.18;0.67;26.14;836.1;41.3;132.0;2;110;WARNING
100248;Pump;MORNING;Intermediate;N;75.69;7.3;2,48;;909.2;63.7;63.4;5;74;FAILURE
100853;Conveyor;Morning;senior;0;;3.98;4.26;20.14;1007.0;53.8;146.0;1;60;OK
102455;Compressor;Night;Junior;No;106.37;6.95;2.77;17.36;1870.7;20.3;unknown;2;36;FAILURE
101769;CNC;morning;Intermediate;Yes;60,99;7.13;2.12;22.66;453.9;53.5;112.2;0;53;OK
101928;Compressor;Afternoon;Intermediate;No;80,63;7.47;;28.51;292.0;47.1 %;82.8;4;65;FAILURE
101036;Compressor;Morning;junior;Y;74.76;9.91 bar;2.42 mm/s;22.68;348.2;88.0;92.8;1;61;OK
101181;Compressor;morning;Senior;No;71.35;8.28;3.97;23.6;419.8;52.2;68.5;1;18;OK
101646;Pump;Morning;Junior;0;74.38;6.94;1.29;20.21;302.5;20.9;50,4;1;16;OK
101929;CNC;Morning;Senior;No;53.76;7.48;0.86;18.4;835.9;31.3;120.6;1;17;OK
102002;Pump;Night;Intermediate;0;?;5.26;8.95;23.33;768.4;36.7;116.2;4;70;FAILURE
102151;Compressor;M;Junior;Yes;93.81;8.05;2.62;17.32;706.0;45.8;96.2;7;2;OK
102129;CNC;Afternoon;Intermediate;no;64.76;5.17;0.83;14.91;1042.1;45.2;92.6;3;90;WARNING
100629;Compressor;afternoon;Intermediate;No;81.31;9.04;8.0;23.66;774.1;24.2;89.6;4;112;FAILURE
100745;Pump;Afternoon;Junior;No;85.54;6.96;6.71;22.69;459.7;50.8;99.0;1;82;FAILURE
102077;Conveyor;Morning;intermediate;0;64.37;5.17;2.27;13.58;;34.1;132.5;1;14;OK
101289;Pump;Night;Junior;No;64,46;4.61;3.83;12.63;1213.3;40,4;86.2 u/h;1;86;FAILURE
101597;CNC;MORNING;Sr;no;68,37;6.64;;22.38;1114.3;47.5;119.6;3;7;FAILURE
102149;Compressor;Night;Intermediate;No;90.24;6,74;;21.07;1080,7;59.9;76.3;4;77;FAILURE
102120;CNC;Morning;intermediate;N;80.47 C;5.17;1,59;25.5;1140,1;59.8;74.2;2;93;FAILURE
100482;CNC;Morning;Intermediate;;75.32;4.75;2.34;9.55;1197.1;52,9;100.3;2;19;FAILURE
102589;Pump;Night;intermediate;yes;83.51;5.68;0.65;18.43 A;422.2;52.7;92.7;1;36;OK
101520;CNC;Afternoon;intermediate;yes;76.43;5.33;4.35;15.63;670.6;40.5;115.1;1;41;OK
102157;CNC;Afternoon;Senior;No;67.65;5.7;2.12;17.52;607.7;28.6;102.6;1;100;WARNING
100101;Conveyor;A;Intermediate;No;49.86;4,83;0.7;16.45;495.9 h;58.9;113.8;0;11;OK
102032;Pump;Afternoon;Junior;no;82.57;7.73;8.43;N/A;579.2;41.2;86.8;3;13;FAILURE
100102;Compressor;A;Mid;no;91.38;6.3;0.91;19.92;746.5;32.0;75.8;3;106;FAILURE
101594;Pump;Night;Mid;0;77.1;6.5;4.47;unknown;546.7;47.2;90.2;1;41;OK
100346;Compressor;AFT;Intermediate;N;93,15;9.99;3.01;15.89;362.2;15.7;70.3;3;91;FAILURE
100186;Compressor;Afternoon;senior;No;77.13;3.6;2.48 mm/s;22.65;924.1;73.0;78.1;0;97;WARNING
102182;Conveyor;NIGHT;Intermediate;Yes;55.89;4.56;2.1;16.4;892.5;55.6;110.3;0;22;OK
101596;Compressor;afternoon;Intermediate;No;84.0;9.33;0.8;22.03;898.6;47.9;error;1;113;FAILURE
100171;CNC;MORNING;Junior;No;71.71;4.77;2.62;14.92;1399.2;53.9;86.3;0;9;FAILURE
102185;Pump;Night;junior;0;65.24;5.76;2.11;13.29;680.1;52.0;75.6;2;108;WARNING
101879;Pump;Night;Junior;No;64.01;7.97;4.67;;407.5;48.3;101.3;1;11;OK
100412;Compressor;Night;Senior;No;86.11;8.15;0.63;24.9;372.3;47.9;82.1;2;30;OK
100807;Compressor;Afternoon;Intermediate;N;82.32;8.16;2.6;18.61;463.9;27.5;67.2;2;54;OK
100595;CNC;Afternoon;Senior;Yes;82.94;4.62;3.52;19.8;400.7;34.9;105.2;4;101;OK
101589;CNC;Morning;Senior;N;66.25;7.01 bar;0.51;18.47;270.0;66.4;102.3;2;96;OK
102303;Pump;morning;junior;no;77.2;5.98;4.79;14.03;1451.4;50.5;104.3;4;46;FAILURE
101902;CNC;Afternoon;Intermediate;yes;57.66;6.06;2.42;18.06;920.9;32.8;73.4;0;108;WARNING
101198;Compressor;NIGHT;Junior;N;88.77;6.57;5.3;17.4;291,1;26,2;68.4;1;30;OK
100655;Conveyor;Morning;Junior;Yes;;5.48;0.99;16.22;1048.0;67.1;176.3;1;8;OK
101225;CNC;Night;junior;No;62.31;8.8;1.11;14.09;893.4;56.2;140.0;0;33;WARNING
101037;Pump;Night;Intermediate;no;87.02;8.39;11.19;17.18;1404.4;36.4;78,4;1;2;FAILURE
100446;Compressor;Night;;1;106.09;9.17;4.89;24.85;990.2;22,6;64.9;7;76;FAILURE
100897;CNC;Night;Jr;yes;77.48;5.06;0.17;22.31;717.8;42,4;130.9;1;7;OK
101143;Conveyor;night;Senior;Y;72.14;6.3;1,99;17.01;1035.2;57.2;160.6;0;54;FAILURE
102580;Conveyor;Afternoon;Senior;Yes;58.24;4.51;1.18;14.99;1127.0;37.6;129.9;2;102;WARNING
100691;CNC;Morning;Senior;No;73.5;8.58;1.5;19.41;242.1;41,9;121.6;1;37;OK
102051;Conveyor;Night;intermediate;No;51.98;6.08;4.82;17.88;649.9;41.6 %;87,4;1;79;OK
101342;Conveyor;M;Junior;No;61,87;5.97;0.3;17.03;;32.1;;0;71;OK
100382;Conveyor;Morning;Intermediate;no;48,17;7.35;0.62;16.4;605.8;37.8;107,2;0;72;OK
101954;Conveyor;AFT;Intermediate;Yes;57.29;3.85;3.09;20.93;1552.4;38.7;97.6;1;12;WARNING
100525;CNC;MORNING;senior;no;59.99;6,1;1.93;14.05;336.9;30.5;119.7;1;86;OK
100604;Compressor;Afternoon;Intermediate;No;70.04;7.99;1.78;17.87;808.9;79.3;84.6;1;21;OK
100242;Compressor;Afternoon;Senior;No;73.02;;1.05;22.24;439.8;55.7;60.6;0;41;OK
100176;CNC;Morning;Intermediate;no;59.7;6.02;4.96;14.72;506.1;47,6;121.2;0;89;OK
101421;Compressor;Morning;Senior;No;70,98;6.2;9.52;13.17;721.2;27.6;104,7;2;66;FAILURE
102505;CNC;night;intermediate;0;73,27;6.73;2.64;18.33;247.3;64.9;121.2;0;105;OK
100477;Pump;Morning;junior;No;;7.5;2.59;15.74;826.6;52.2;93.1;3;68;WARNING
101757;CNC;Night;intermediate;No;72.02;7.05;4.39;20.86;378.9;58.9;125.5 u/h;3;48;OK
101583;Pump;afternoon;Intermediate;No;79.69;6.95;3.18;18.71;1187.0;64.3;99.9;2;38;FAILURE
100435;CNC;Night;junior;No;;5.44;2.2;23.4;359.5;41.8;80.4;0;57;OK
100263;Pump;M;Junior;No;63.38;6,16;2.64;19.66;1147.0;30.7;98.2;0;54;FAILURE
101555;CNC;Afternoon;Mid;0;72.49;5.94;2.35;15,62;1160.8;50.6;99.0;0;55;WARNING
100671;CNC;NIGHT;intermediate;No;71.34;3.76;3.83;14.97 A;992.0;41.1;122.7 u/h;1;83;WARNING
101576;CNC;AFT;Intermediate;No;90.26;5.52;0.98;15.64;724.6;22.4;144.1;5;23;OK
102197;CNC;MORNING;Mid;No;65.93;7.36;5.47;22.98;339.9;40.0;109.9;1;18;OK
101895;Pump;Morning;Intermediate;no;45.04;6.88;0.74;17.52;1431.1;49.0;140.9;0;23;WARNING
101592;CNC;NIGHT;Intermediate;No;77.56;6.12;0.97;19.39;1513.9;33.3;;3;73;FAILURE
101950;Conveyor;morning;Intermediate;Yes;74.13;5.26;7.2;18.76;457.7;24.2;112.0;2;64;WARNING
100084;CNC;Afternoon;Intermediate;No;67.54;4.42;4.71;17.78;752.4;25.1;79.2;0;97;WARNING
100133;Compressor;afternoon;junior;yes;96.21;6,93;0.95;28.34;802.7;42.7;95.6;2;103;FAILURE
100209;CNC;MORNING;Junior;No;78.22;;1.14;14.17;987.2;;125.6;1;108;FAILURE
102410;Conveyor;Afternoon;Senior;no;59.01;7.54;2.63 mm/s;17.88;821,8;21.1 %;111.2;0;70;OK
101785;CNC;Night;Intermediate;N;76.8;6.73;1.66;12.34;153.9;29.6;110.0;0;105;OK
100169;Pump;Night;;Yes;78.83;8.64;3.42;24.95;364.2;59.1;96.7;2;65;OK
100155;CNC;Night;senior;No;66.03;6.87;4.02;20,7;1069.6;59.4;?;0;84;FAILURE
100192;CNC;M;Mid;0;48.97;5.74;1,48;11.67;292,1;51,8;98.7;1;79;OK
101966;CNC;Afternoon;;0;;5,74;2.33;13.96;830.5;39.6;94.6;1;37;OK
102500;Pump;Night;intermediate;N;84.67;6.91;10.08;20.42;696.7;44.0 %;121.9;2;77;FAILURE
101777;Compressor;NIGHT;Senior;yes;89.37;8.92;5.23;29.22;270,2;42.7;75.7;0;81;WARNING
102331;Compressor;Night;Junior;No;122.08;9.01;2.87;19.18;878.1;44.6;66.6;3;85;FAILURE
101580;Conveyor;Night;Senior;1;;7.02;2.45;22.89;752.2;68.6;128.7;0;45;OK
101743;CNC;afternoon;Intermediate;No;88.94;6.49;2.29;15.88;570.8;67.6;114.8;2;9;OK
100425;Compressor;morning;Junior;No;94.82;7.74;7.64;21.78;835.0;51.1;86.8;5;109;FAILURE
102494;Conveyor;AFT;Junior;no;65.89;5.69 bar;2.81;18.98;1119.2;34.5;99.3;1;65;FAILURE
101331;Compressor;Afternoon;Intermediate;Y;94.61;9.74;1.21;14.85;148.2;52.3;83.0;2;81;OK
101932;Compressor;Morning;Intermediate;no;81.53;7,46;4.96;21.36;517.4;42.6;62.2;3;60;WARNING
100794;CNC;Morning;Senior;no;74.29;5.13;3.8;18.04;675.0;43.4;109.2 u/h;1;19;WARNING
101107;CNC;Morning;Intermediate;0;50.02;7.1;1.69;20.64;623.8;43.6;72.9;0;16;OK
101287;Pump;Night;Intermediate;No;95.77 C;6.81;1.51;15.92;250.5;41.2;96.7;1;78;OK
101962;Pump;Morning;Mid;Y;76.42;8.22;0.22;22.56;1267.6;41.5;99.6;2;55;FAILURE
100753;CNC;Morning;Mid;No;79.52;5.63;2.38;23.7;730.7;16.4;107.6;4;11;OK
100579;Conveyor;Morning;senior;No;48.04;6.21;;15.08;1090.5;46.0;160.0;1;44;WARNING
101633;Compressor;Night;Intermediate;0;91,24;6.12;7.56;20.02;651.4;51.6;75.0;2;97;FAILURE
100919;Pump;Afternoon;senior;No;81.75;7.26;2.18;25.08;1152.8;43,5;92.1;3;103;FAILURE
100520;Conveyor;morning;Junior;no;57.58;6.36;2.27;17.81;327.4;61.0;95,8;0;37;OK
101577;Compressor;Afternoon;Intermediate;No;93.39;8.15;2,17;21.01;851.4;57.9;66,8;4;109;WARNING
101946;Conveyor;Morning;Senior;No;62.41;4.02 bar;2.19 mm/s;11.97;620.8;62.9;84.1;2;53;OK
101138;Pump;Night;Intermediate;Yes;78.4;6.93 bar;3.81;12.74;1005,9;33.0;106.6;2;67;FAILURE
100956;Conveyor;night;Junior;No;unknown;5.09;1.09;23.06;1341,2;40.7;132,9;0;65;FAILURE
100107;Pump;NIGHT;Senior;No;93.74;9.54;2.76;21.59;542.7;51.0;90.7;6;35;FAILURE
101643;Pump;afternoon;Senior;N;71.44;5.59;3.89;28.73;815.1;62.6;78.6;1;55;WARNING
100349;Compressor;Night;Intermediate;no;111.19;5.25;1.91;22.23;590.1;36.5;74.2;2;30;WARNING
101906;Pump;AFT;junior;Yes;89.84;7.2;2.67;26.49;413.3;61.3;67.7;3;10;FAILURE
101504;Pump;Morning;Junior;No;94.6;7.47;2.01;22.46;655.6;25.4;;3;9;WARNING
100058;Compressor;Afternoon;Intermediate;N;64.33;6.85 bar;1.29;21.69;326.4;57.0;85.3;1;73;OK
102359;Conveyor;Afternoon;Senior;N;59.73;6.01;3.48;18.45;393.1;30.0;87.0;0;104;OK
100028;CNC;Morning;Junior;Yes;54.33;6.12;;18.1;1100.8;82.1;101.5;0;44;WARNING
102293;Compressor;Afternoon;Senior;yes;82.97;8.13;1.48;25.66;329.7;62,5;103.7;5;111;OK
101339;Conveyor;Afternoon;Intermediate;No;74.09;5.03;1.88;8.57;550.4;50.7;119.8;1;22;OK
102334;CNC;Morning;Junior;No;66.82;4.88;2.22;;;60.6;99.3;0;5;OK
102081;Pump;Night;Senior;No;80.67;7.13;2.86;20.1;972.4;41.0;89.0;1;73;FAILURE
100762;CNC;M;Junior;N;66.95;7.63;N/A;19.5;706.8;50,0;94.2;1;36;OK
102415;Pump;Morning;Mid;No;71,8;8.19;3.34;17.46;937.1;53,1;64.1;3;72;FAILURE
100797;CNC;Morning;Intermediate;no;64.99;6.23;5.15;25.11;961,0;42.7;91.5;3;9;WARNING
102326;Conveyor;Morning;junior;N;56.42;5.97;5.21;10,57;1019.2;36.4;149.7;2;89;WARNING
102395;Compressor;afternoon;Intermediate;;94.23;6.6;4.41;22.49;483.0;37.3;79.5;2;16;FAILURE
102084;CNC;Night;Junior;no;67.53;8.72;2.57;16.16;1059.4;24.9;121.4;0;67;FAILURE
100646;Conveyor;Afternoon;Senior;Yes;50.96;4.28;0.76;18.04;687.8;;156.8;0;92;OK
100331;Compressor;Afternoon;Intermediate;No;89.76;8.47;6.21;17.01;1250.2;55.3;74.4;0;73;FAILURE
101759;Conveyor;AFT;Intermediate;no;54.85;4.4;6.52;14.12 A;1326.4;56.6;127.8;1;43;FAILURE
100828;CNC;night;Junior;0;;7.45;5.12;20.55;720.2 h;61.2;102.9;1;29;WARNING
101893;Compressor;Night;Senior;No;128.1;7.51;5.84;23.42;503.4;45.4;94.2;0;53;FAILURE
101700;Compressor;Afternoon;Senior;No;87.31;7.92;7.9;16.81;782.9;48.8;99,8;1;2;FAILURE
100527;Conveyor;Afternoon;intermediate;No;49.41;5.67;1.75;17.14;756.6;47.2 %;106.4;0;104;WARNING
101623;Conveyor;MORNING;Intermediate;0;63.13;4.85;?;19.86;469.0;47.9;153.4;0;51;OK
101149;Pump;Morning;Intermediate;no;63.44;9.54;6.29;23.18;420.9;24.0;117.6;2;74;FAILURE
100786;Pump;A;intermediate;No;88.52;7.05;2.89;15.5;828.7;41.2;75.8;3;72;FAILURE
101878;Pump;Morning;Senior;N;86.54;8.17;2.1;16.76 A;696.2;71.7;87.3;2;61;OK
102225;Conveyor;Afternoon;Senior;no;57.69;5.25;0.24;17.86;912,4;56,6;123.7;0;57;OK
101833;Pump;Night;Junior;no;96.74;7.28;4.16;23.04;579.2;63.4;106.9;0;106;FAILURE
102538;Pump;Morning;Intermediate;No;71.04;6.75;1.4;19.26;829.3;62.4;;1;79;OK
102501;CNC;AFT;Junior;0;81.48;5.74;5.85;11.33;1366.3;48.1;106.7;3;56;FAILURE
102135;Pump;N;intermediate;N;88.98;;8.68;21.66;592.0;10.0;108.3;3;54;FAILURE
102166;CNC;Morning;Junior;Yes;57.55;7.91;6.53 mm/s;16.71;496.6;55.0;108.0 u/h;2;119;WARNING
101434;CNC;Afternoon;Intermediate;No;60.37;6.24;0.72;20.75;544.6;68.6;122.4;0;21;OK
100806;CNC;NIGHT;Intermediate;No;84.75;7.37;9.05;17.58;491.7;45.9;120.4;3;114;FAILURE
101180;CNC;Night;Intermediate;No;78.97;6.06;2.69;24.95;882.6;55.4;110.8;4;91;FAILURE
102460;Pump;Morning;Intermediate;no;70.81;9.38;1.52;24.28;418.2;38.7;112.6;0;91;OK
102270;Conveyor;afternoon;Intermediate;yes;59.35;5.78 bar;3.2 mm/s;25.2;460.6;48.9;105.3;1;67;OK
101483;Compressor;Night;Intermediate;No;84.81;7.47;4.99;18.6;945.0;42.6;107.5;2;13;FAILURE
101246;CNC;Afternoon;Junior;Yes;67.31;6.48;1.78;14.79;984.6 h;39.1;113.0;1;69;WARNING
102397;CNC;MORNING;Intermediate;1;61.37;6.48;5,48;12.72;484.6;40,3;102.4;2;66;OK
101399;Compressor;MORNING;Junior;0;80.95;;;25.09;545.1;36,2;84.8;2;76;WARNING
100906;Compressor;Afternoon;Senior;No;89.59;8.3;2.38;25.93;1486.9;45.9;91.0;0;113;FAILURE
100674;Compressor;Night;Junior;yes;;8.98;4.46;24.91;1225.8;58.8;70.8;6;117;FAILURE
100615;CNC;Morning;Intermediate;Yes;66.0;7.56;2.27;20.4;863.9;69.6;116.6;3;23;FAILURE
101081;CNC;Night;senior;0;73.13;7.89;1.27;19.77;1578.0;48.1;107.8;1;20;FAILURE
102569;Compressor;Morning;Senior;No;80.56;6.1;1.57;;728.5;39.6;87.9;0;89;OK
101056;Compressor;Morning;Senior;yes;64.35;6.49;0.42;19.1;275.1 h;41.2;83.5;0;111;OK
100778;CNC;Night;Mid;No;71.03;5.43;3.3;;527.5;32.7;83.2;3;87;WARNING
101781;CNC;Afternoon;Sr;No;74.76;6.81;2.96;16.87;196.2;40.6;92.1;3;62;OK
100821;CNC;Night;Sr;No;82.43;6.87;3.52;21.7;666.8;32.0;?;1;107;WARNING
101033;Pump;Afternoon;Senior;yes;66.28;7.8;2.23;24.8;682.5;49.7;79.6;2;86;WARNING
102140;Conveyor;Afternoon;Senior;N;64.18;5.6;9.69;9.47;324.0;46.4;118.1;2;21;WARNING
102442;CNC;Morning;senior;Yes;52.29;7.71 bar;4.52;17.88;152.0;41.8;91.2;1;33;OK
100054;Compressor;Night;Senior;no;99.77;7.86;1.19;26.21;630.7;41,9;66.1;0;58;FAILURE
101481;Pump;Afternoon;Intermediate;no;82.59;6.51;1.24;20.91;431.3;14.2;103.1;0;48;OK
101130;Conveyor;Night;junior;No;53.76;6.5;2.8;13.73;1000.8;41.0;94.0;0;50;WARNING
101460;Pump;NIGHT;intermediate;no;88.36;9.15;5.54;15.56;592.3;33.2;77.7;4;3;FAILURE
100688;Conveyor;Afternoon;Junior;Yes;63.69;6,01;6.34;19.1;549.4;58.2;106.0;1;81;OK
100630;Conveyor;Afternoon;Senior;No;61.93;4.76;4.03;22.77;948.8;64,0;107.1;1;112;FAILURE
101011;Compressor;Afternoon;Junior;0;97.29;9.11;1,37;29.02;1168.0;47.9;88.3;4;119;FAILURE
101250;Conveyor;Morning;Sr;No;58.79 C;5.16;0.64;20.46;308.0 h;47.1;113.2;0;55;OK
100941;CNC;night;Junior;yes;85.38;4.63;2.2;16.99;371.1;32.1;96.7;1;116;OK
101123;Conveyor;Night;;Y;67.37;5.28;3.82 mm/s;8.32;887.3;52.6;96.9;2;43;WARNING
102322;CNC;Morning;Intermediate;no;55.34;3.79;15.02;21,93;262.2;45.3;107.3;2;110;FAILURE
101286;Conveyor;Morning;Senior;Yes;64.93;5.92;1.75;16,84;1092.2;39.7;72.0;0;23;WARNING
102591;Compressor;Afternoon;Senior;No;78.47;error;;19.72;845,0;23.4;62.2;2;93;FAILURE
100815;CNC;Morning;Junior;Yes;78.79;5.69;1.91;14.83;689.5;75.9;90.0;1;53;OK
100070;Pump;Afternoon;Intermediate;N;80.92;7.83;;20.59;1039,6;50.1;93.7;5;106;FAILURE
101054;CNC;MORNING;Intermediate;No;62.02;5.98;3.03;20.75;532.0;52.2;112,2;2;14;OK
102491;Conveyor;Afternoon;Jr;No;60.79;5.8;1,19;16.69;853.1;50.6;123.0;2;19;OK
100851;CNC;Afternoon;Intermediate;No;71,76;6.08;1.83;9.21;724,0;30.4;104.3;0;99;OK
100601;Pump;Night;Intermediate;no;94.0;9.94;2.58;18.79;703.6;31.3;100.7;1;115;FAILURE
100497;Pump;Morning;Junior;No;79.55;8.08;3.36 mm/s;26.79;281.2;61.9 %;114.8;1;2;OK
100968;CNC;AFT;Mid;No;;6.37;2.09;15.11;413.3;27.2;100.0;0;118;OK
102008;CNC;M;Junior;Yes;66.61;5.62;1.01;21.21;382.2;46,7;106.8 u/h;1;37;OK
100303;Pump;Morning;junior;No;84.52;unknown;2.18;19.69;758.4;68.5 %;69.0;2;54;FAILURE
100332;CNC;Morning;Senior;0;64.98;8.42;N/A;11.05;1782,5;55.5;116.9;0;48;FAILURE
102278;CNC;Afternoon;intermediate;yes;62.92;9.33;2.23;16.62;1444.9;33.4;121.1;0;61;FAILURE
100159;Compressor;A;intermediate;1;92.53;7.51;1.3;10.78;1150.5;27,2;78.6;6;117;FAILURE
101124;CNC;Afternoon;Junior;no;59.19 C;4.63;4.51;14.12;976.4;69.1;131.3;1;86;FAILURE
101512;CNC;Night;Senior;No;84.37;5.9;0.86;17.36;735.4;45.0;91.6 u/h;3;10;OK
100099;CNC;afternoon;intermediate;0;75.22;5.49;2.96;11.31;1260.8;27.7;117.5;2;33;FAILURE
102313;Pump;Afternoon;Junior;No;78.42;8.4;2.31;19.47;252.5;66,2;107.2;4;45;OK
101822;Pump;Morning;Senior;No;89.24;7.95;14.41;10.81;948.3;36.3;69.0;4;112;FAILURE
101815;Conveyor;M;Junior;yes;58,57;6.62;5.49;18.93;;69.4;92.1;1;22;OK
102107;Compressor;M;Junior;0;77.66;8.89 bar;0.88;25.92;562.8;29.6;63.6;0;113;OK
100561;CNC;Night;Junior;Yes;84.14;5.86 bar;1,79;14,32;389.3;57.9;83.9;1;58;OK
101168;Pump;Morning;Junior;no;69.27;6.34;1.13;25,89;230.7;61.8;81.4;0;94;OK
101689;Compressor;NIGHT;Intermediate;No;98.62;9.69;2.09;16.47;521.4;28.7;;3;55;FAILURE
100252;Conveyor;Afternoon;Intermediate;no;62.28;5.88;0.78;19.61;1082.7 h;39.8;120.8;2;49;WARNING
102089;Compressor;NIGHT;intermediate;Yes;87.32;7.26;5.79;25.17;721.4;44.6;71.2;3;30;WARNING
100116;Conveyor;Morning;Intermediate;No;68.7;4.63;2.03;16.12;708.7;50.8;119.6;0;32;OK
101701;Conveyor;Afternoon;Intermediate;0;47.49;4.83;0.94;17.72;852.0;;100.6;0;48;OK
100640;Conveyor;Morning;Junior;yes;66.82;4.6;2,78;18.52;554.6;47.3;128.9;1;17;OK
100016;CNC;Afternoon;Intermediate;;49,06;6.99;3.87;15.95;371.3;51.2;78.3;1;8;OK
100587;CNC;Night;Senior;No;65.13;7.52;0.72;10.74;1107.3;45.8;88.2;0;117;FAILURE
101106;Compressor;Morning;Junior;No;89.6 C;6.17 bar;0.9;25,11;1409.7;17.4;72.8 u/h;2;11;FAILURE
100684;Pump;Morning;Senior;no;66.2;;5.15;11.48;1061.3;43.6;67,1;2;60;FAILURE
101584;CNC;Afternoon;Junior;N;71.15;unknown;3.36;26.3 A;1599.1;53,9;89.3;1;39;FAILURE
101290;Compressor;Morning;Senior;No;74.67;8.26;5.13;25,38;1004.2;52.6;72.1;1;84;FAILURE
101179;CNC;Night;Intermediate;0;74.06;7.8;1.65;13.89;1035.0;44.4;50.5;1;119;FAILURE
100142;Pump;Night;Junior;N;102.18;6.57;2.11;23.22;648.3;52.2;106.5;5;75;FAILURE
100703;CNC;Morning;Junior;1;58.76;7.94;1.61;21.35;1307,0;44.0;76.4;0;83;WARNING
100065;Compressor;afternoon;Mid;no;81.31;8.13 bar;0.4 mm/s;30.66;1062.5;29.2;70.6;1;31;FAILURE
100180;Compressor;Morning;senior;0;66.05;5.61;4.97;18,1;1086.3;23.1 %;100.3;1;70;FAILURE
101622;Pump;MORNING;Senior;Yes;58.1;5.7;2,95;12.37;412.2;19.3;107.5;1;91;OK
101478;Conveyor;Afternoon;Senior;Yes;46.29;5.25;1.37;17.29;761.0;;94,4;0;27;OK
102562;Compressor;Night;Senior;0;80.98;8,52;5.28;18.51;644.9;52.9;;4;103;FAILURE
101511;CNC;MORNING;junior;No;62.59;7.37;3.42;19.65;706.4;42.5;97.0;4;10;OK
101049;Conveyor;morning;Mid;No;64.02;5.38;1.97;23.71;605,5;55.6;118.1;1;56;OK
102312;CNC;Afternoon;Intermediate;N;78.92;4.71;2.33 mm/s;16.56;637.1;45.0;107.3;2;39;OK
101388;Pump;Afternoon;Senior;no;85.82;4.84;4.71 mm/s;error;;43.9;84.1;2;106;FAILURE
100450;Compressor;Morning;Jr;Yes;79.57;6.57;3,47;23.33;846.6;43.0;96.5;5;3;WARNING
101231;CNC;Afternoon;Mid;No;69.27;6.9;1.95;14.33;898.0;34.5;61.4 u/h;2;2;OK
101539;Conveyor;NIGHT;Senior;no;70.54;5.45;2.4;17.85;500.4;43.0;error;2;40;OK
102261;Compressor;AFT;intermediate;No;61.04;5.88;5.81;21.55 A;303,0;29.7;102.3;2;89;OK
100290;CNC;Morning;Senior;Yes;72.78 C;7.05;3.1;19.56;830.7;28.6;99.1;0;97;WARNING
100193;CNC;Night;Senior;Yes;58.81;5.35;4.24;17.7;492.7;64.1;122.3;1;90;OK
100545;CNC;night;Intermediate;No;87.54;5.07;2.31;16.76;416.5;57.4;105.9;0;15;OK
101581;Conveyor;Night;intermediate;no;82.79;6.44 bar;9.9;14.15;550.2;27.1;79.2;1;47;FAILURE
101915;CNC;MORNING;Senior;1;71.3;6.12;;16.55;337.0;22.6;120.2;2;96;OK
102448;Pump;Night;Intermediate;no;71.97;7.13;1.32;;531.4;50.8;102.1;0;61;OK
102285;CNC;Night;Intermediate;No;62.74;6.64;0.68;17.95;855.9;48.3;79.0;1;85;WARNING
102534;CNC;Afternoon;Junior;Y;56.48;6.43;2.31;20.97;470.4;25.5;86.9;1;69;OK
100008;Compressor;Morning;senior;no;78.47;10.74;2.0;25.93;955.9;64.3;98.2;3;97;FAILURE
102431;Conveyor;Morning;Intermediate;0;55.68;4.29;1.52;13.75;144.5;36.8;100.8;0;49;OK
100340;Conveyor;Morning;junior;No;44.03;5.54;3.02;15.93;1131.8;44.5;107,5;0;103;FAILURE
101359;Compressor;M;Sr;0;85.22;6.95;3.99;23.32;947.7;55.0;82.6;5;36;FAILURE
101673;Compressor;night;Intermediate;Yes;103.96;9.69;4.71;25.47;1705.4;34.6;85.8;7;3;FAILURE
100518;Compressor;Afternoon;senior;;89.94;3.82;1.69;14,55;671.4;64.8 %;82.8;1;61;OK
100403;Compressor;Morning;senior;no;73.09;7.45;2.07;34.16;948.8;62.5;69,6;2;23;WARNING
100734;Pump;MORNING;Junior;no;96.1;7.37;2.08;22.27;185.1;61.4;90.2;2;25;OK
101621;CNC;Morning;Intermediate;Y;75.99;5.97;3.76;13.19;293.5;56.1;95.6;3;19;OK
101675;Compressor;MORNING;Junior;no;77.23;7.56;7.01;20.47;472.9;43.4;90.6;2;100;FAILURE
100144;Compressor;night;Intermediate;No;87.67;5.32;3.17;26.37;849.6;61.7;105.1;2;30;WARNING
100560;Pump;Morning;Jr;yes;77.96;?;;25.83;1172.0;63.7;93.8;1;95;FAILURE
102330;Pump;Morning;Junior;0;73.61;7.24;0.91;16.78;590.8;40.4;71.4;3;67;OK
101688;Pump;Morning;;0;;9.53;2.58;17.73;675.4;36.5;102.8;1;100;FAILURE
100060;CNC;Morning;Junior;N;65.98;4.95;2.43;10.84;error;48.4;84.3 u/h;2;44;OK
100879;Compressor;Night;Junior;No;93.69;6.32;5.13;22.14;;45.8;90.3;1;46;FAILURE
100012;Conveyor;Night;Junior;;68.0;5.38;2.66;19.62;378.5;50.1;93.0;1;100;OK
101786;Conveyor;Night;Intermediate;no;68.44;4.18;0.55;19.63;960.9;26.1;147.7 u/h;1;10;WARNING
102123;CNC;Morning;intermediate;No;65.09;7.1;5.11;16.63;375.2;51.8;110.7;3;27;OK
101573;Compressor;NIGHT;Intermediate;No;87.74;7.65;6.19;21.92;882.6;35.3;;5;70;FAILURE
101111;CNC;Night;Junior;N;82.95;5.71;5.52;20.34;839.1;46.2;87.4;0;107;FAILURE
100178;Conveyor;AFT;Senior;No;64.52;6.17 bar;6.61;14.12;1322.6;38.2;126.9;5;35;FAILURE
102342;CNC;Morning;Mid;No;65.09;8.36;1.59;19,22;258.1;69.7 %;133.6;1;24;OK
101147;Compressor;MORNING;senior;Y;76.8;7.7;3.51;14.85;977.0;46.7;94.6;1;19;FAILURE
102426;Compressor;Afternoon;Junior;No;111.55;6,88;5.89;26.85 A;493.0;31.8;82,4;3;95;FAILURE
101438;Pump;night;Sr;No;72.82;7.64;4,36;15.26;749.4;36.6;108.9;5;108;WARNING
101319;Compressor;Afternoon;junior;no;86.38;4.86;4.68;25.69;193.4;29.5;88.8;7;69;OK
101270;Pump;AFT;Sr;No;85.39;7.36;1.41;17.67;1229.4;41.9;71.4;2;62;FAILURE
100605;Conveyor;NIGHT;intermediate;No;73.57;4.56;4.01;19.34;801.8;;79.8;4;56;WARNING
100490;Compressor;Night;Senior;No;74.08;9.43;1.91;26.93;619.8;45.1;97,1;0;67;WARNING
100765;Conveyor;morning;Intermediate;No;71.8;5.13;1.68;18.33;637.4;22.0;131.6;1;44;OK
101426;Pump;night;Senior;No;94.99;9.14;2.43;23.77;1247.4;39.1;69.3;4;6;FAILURE
101282;Pump;Night;Intermediate;No;61.01;5.27;1,62;18.67;641.2;51.9;84.9;2;50;OK
100748;Pump;Afternoon;Intermediate;No;78.95;6.72;4.59;18.96;891.8;;69.3;2;108;FAILURE
102097;CNC;Afternoon;Intermediate;No;63.06;;0.57;16.7;441.1;54.3;135.2;0;103;OK
101896;CNC;morning;Intermediate;No;65.14;6.07;8.19;15.81;1113.8;61.2;99.0;4;75;FAILURE
101307;Compressor;Night;Senior;N;79.58;8.17;1.09;21.92;98.9;42.7;68.9;1;84;OK
101677;Compressor;Afternoon;Jr;no;66.89 C;9.25;0.83;14.22;204.1;46.4;90.7;2;27;OK
100081;Compressor;NIGHT;Senior;No;89.37;6.13;2.05;26.6;840.4;45.0;101.1;3;105;FAILURE
100473;CNC;N;Intermediate;0;73.82;7,13;1.95;24.14;741,1;39.1;90.2;2;15;WARNING
102489;CNC;night;Intermediate;no;69.09;7.79;2.37;24.34;310.3;43.7;81.2 u/h;2;78;WARNING
101416;Compressor;Afternoon;Junior;No;87,29;7.8;4.93;20.88;343.4;57.3;101.7;3;48;WARNING
100229;Compressor;Night;Senior;no;97.24 C;7.24;2.33;;466.3;31.2;84.7 u/h;3;43;OK
100942;Conveyor;Afternoon;Jr;No;60.0;4,22;3.36;11.18;686.5 h;36.3;123.1;0;56;OK
101713;Conveyor;Morning;intermediate;no;70.82;5.37;1.18;13.33;326.2;33.3;110.3;0;30;OK
100884;Pump;Afternoon;Junior;0;80.67;6.51;7,1;17.26;949,5;41.4;101.7;5;68;FAILURE
101631;Pump;Night;Intermediate;no;80.8;6.7;4.37;20.68;504.5;37.1;76.5;3;113;FAILURE
102443;CNC;Morning;intermediate;N;69.35;4.39;7.3;14.4;401.0;50,4;88.2;1;86;OK
101323;CNC;Morning;Junior;No;67.77;6.79;0.88;14.71;600.1;60,8;110.8;0;49;OK
100254;CNC;Morning;Junior;no;74.8;6.72;2.81;20.36;754.3;;115.0;2;22;OK
102441;Conveyor;Morning;Junior;no;71,36;4.53;2.07;20.55;1688.9;54.8;141.7;0;40;FAILURE
101395;Conveyor;morning;Senior;no;53.14;5.34;0.47;16.0;417.4;58.6;162.1;0;50;OK
100764;CNC;Afternoon;Intermediate;No;59.12;7.96;3.33;9.79;1278,8;45.0;124.5;1;38;FAILURE
101523;Conveyor;Night;Intermediate;yes;N/A;4.82 bar;2.4;?;1160.3;40.9;142,0;2;3;WARNING
100766;CNC;Morning;Jr;N;70.0;3.6;4.79;20.78;414.0;51.8;78.2;3;85;WARNING
102522;Compressor;Morning;Senior;N;76.75;6.94 bar;2.25;17.15;469.9;29.1;97.8;2;24;OK
100594;Compressor;Afternoon;junior;no;70.95;5.39;9.31;22.31;987.7;61,5;92.6;3;117;FAILURE
102154;Compressor;Afternoon;intermediate;0;77.46;9.14;3.27;24.93;615.6;70.3;78.6;1;79;WARNING
101914;Pump;Morning;Intermediate;No;78.77;9.05;2.78;25.56;1006.2;25.9;96.5;2;96;FAILURE
100025;Compressor;Afternoon;Intermediate;No;71.69;5.54;3.49;20.28;1161.9;58.8;76.3;2;28;FAILURE
102532;Compressor;MORNING;intermediate;No;79.65;7.22;3.65;19.34;470,9;59.2;106.3 u/h;2;21;OK
101945;Conveyor;Morning;Senior;No;58.38;5.34;2,65;22.8;570.7;39.1;85,7;1;69;OK
101931;Compressor;night;intermediate;0;97.84;6.07;4.37;28.16;527.6;53.5;94.4;5;21;FAILURE
100164;CNC;Morning;Senior;No;74.54;7.36;1.21;13.68;387.0;49.0;81.9;1;2;OK
100635;CNC;Morning;Intermediate;no;80,52;6.24;1.55;17.97;886,1;55.1;82.4;1;44;OK
100365;Compressor;morning;senior;No;85.65;8.85;0,37;24.98;481.4;38.7;91.1;3;17;OK
100355;Pump;AFT;Intermediate;No;61.96;7.83;5.84 mm/s;18.3;254.8;47.0 %;80.7;5;72;WARNING
101330;CNC;Night;Jr;N;81.23;8.26;4.7;;984.7;38.3;135.0;7;90;FAILURE
101057;Conveyor;Morning;Mid;N;71.65;4.45;1.31;15.99;339,0;42.5;104,8;5;104;OK
102210;CNC;Afternoon;Junior;no;74.7;5.75;1.66;19.75;510.2;46,2;96,4;0;89;OK
101489;Conveyor;Morning;Intermediate;no;47.22;5.83;0.92;12,24;925,7;44,5;138.8;1;105;WARNING
102596;Conveyor;Night;Sr;no;63.01;4.8;1.91;17.24;669.4;62.6;92.5 u/h;0;73;OK
100344;Compressor;Morning;intermediate;0;77.78;;1.19 mm/s;33,23;865.0;27.8;98.4;1;93;FAILURE
102438;Compressor;MORNING;Senior;1;72.03;8.3;5.53;23.14;691.0;53,9;77.5;2;35;FAILURE
100532;Compressor;Night;Senior;No;87.48;6.05;2.29;18.43;642.7;45.1;;2;64;WARNING
102083;Compressor;Night;junior;no;95.18 C;5.55;7.34;26.97;593.1;60.2;68.6;6;35;FAILURE
101176;Compressor;Afternoon;Junior;Y;66.52;9.88;3.47;27.96 A;1049.9;48.6;89.6;0;107;FAILURE
101776;Pump;Morning;junior;no;57.07;6.28;2.25;17.32;554.3;31.1;84.0;2;14;OK
100315;Pump;Afternoon;Jr;Yes;73.41;6.38;1.43;18.67;1024.5;42.9;105.1;1;92;FAILURE
100237;Pump;Afternoon;Sr;no;82.96;6.36;2.59;17.11;1435.9 h;48.6;103.4;0;27;FAILURE
102435;Compressor;Afternoon;junior;No;83.16;8,06;6,04;;541.3;58.2;84.3;4;107;FAILURE
100923;Compressor;Morning;Intermediate;No;76.22;5.42;1.6;17.46;449.2;;;1;85;OK
100096;Compressor;MORNING;Intermediate;no;84.82;9.46;0.68;13.35 A;903.7;39.3;84.5;1;84;FAILURE
102234;Conveyor;Night;junior;yes;66.06;6.35;3.79;12.29;537.6;37.3;85,2;1;59;OK
100573;Pump;night;junior;No;86.06;8.31;2.51;22.22;N/A;45.5;78.2;2;59;FAILURE
101357;Pump;Night;Senior;No;77.32;6.43;12.05;19.67;432.7;41.9;89.9 u/h;4;93;FAILURE
101943;Pump;night;Senior;No;72.38;8.4;2.18;13.85;817.8;42.4;113.9;2;16;FAILURE
100610;Pump;Morning;Senior;N;77.72;4.38;1.19;22.94;454.8;35.8;99.3;2;16;OK
102388;CNC;Morning;Senior;no;54,99;5.5;4.11;19.19;209.5;53.7;161.6;0;11;OK
102343;Compressor;AFT;Intermediate;no;97.27;8.79;4.09;26.53;816.5;66.5;76.2;3;48;FAILURE
100031;Compressor;Morning;Senior;No;76.63;7.13 bar;6.14;20.46;1015.2;32.6;79.8;3;14;FAILURE
101278;CNC;Night;Intermediate;No;74.87;6.79;6.2;12.54;772.0;36.0;62.6;2;80;FAILURE
102471;Pump;morning;Senior;No;80.19;5.29;4,7;25.59;502.0;41.3;82.5;0;48;OK
100258;CNC;Afternoon;Intermediate;N;65.06;5.4;1.65;14.11;1020.4;44.1;62.4;0;58;WARNING
101456;CNC;night;Intermediate;No;77.22;5.94 bar;1.73;22,26;1196.4;36.7;94.9;3;73;FAILURE
102170;Pump;NIGHT;Senior;No;98.03;6,5;6.39;17.45;240.9;59.3;99.7 u/h;3;52;FAILURE
101853;Pump;Afternoon;Intermediate;Yes;76.01;5.75;2.16;21.71;808.4;65.5;104.4;2;64;OK
100637;Compressor;Night;Senior;No;90.39;4.68;;15.42;408.8;38,2;85.9;1;58;WARNING
100441;Conveyor;Afternoon;intermediate;Yes;70.04;4,05;1.67;12.4;810.7;52.7;116.7;0;36;OK
102027;Conveyor;Night;Junior;No;71.26;7.77;3.79;;579.3;49.3;142.9;0;48;OK
101028;Pump;Afternoon;Intermediate;0;72.37;7.47;1.01;20.88;770.6;45.0;87.7;1;85;FAILURE
100221;Pump;Morning;Intermediate;Yes;58.88;7.38;3.8;N/A;350.8;64,0;125.1 u/h;1;22;OK
100974;Conveyor;Afternoon;Intermediate;No;50.52 C;6.82;0.5;15.69;820.3;21.5;138.1;0;12;OK
101998;Pump;morning;senior;No;67.09;7.28;2.26;13.5;630.7 h;48.9;68.5;2;32;OK
101000;CNC;afternoon;Sr;no;76.39;6.87;0.3;16.79;?;38.4 %;118.5;0;14;OK
101251;CNC;Afternoon;Mid;Yes;52.87;7.19;4.58;18.29;401.0;68.6;88.0;2;36;OK
100328;Pump;Afternoon;Junior;no;89.85;8.16;2.91;25.58;617.4;48.2;92.4;0;6;OK
100390;Conveyor;Afternoon;Mid;no;50.72;7.28;0.18 mm/s;14.53;659.5;48.4;139.2;1;36;WARNING
101100;CNC;AFT;Senior;Yes;79.01;7.33;5.57;19.43;689.8;50.2;69.4;6;46;WARNING
100227;CNC;Afternoon;;No;53.24;5.8;1.91;20.88;1244.5;34.1;84.1;0;23;WARNING
101826;CNC;Afternoon;Intermediate;No;65.65;5.25;3.4;14.21;1440.0;44.5;128.7;1;32;FAILURE
101959;Conveyor;Morning;Jr;Yes;63.7;6.6;2,56;12.31;1073.0;41.1;124.9;2;92;FAILURE
101655;Conveyor;Night;Junior;no;70.3;4.58;2.09;14.49;625.8;35.0;101.8;3;13;OK
100112;CNC;MORNING;intermediate;Yes;60.9;8.28;5.65;15.71;285.1;24.1;103.4;1;11;OK
101868;CNC;Afternoon;Senior;No;93.41;8.55;9.4;12.75;526,5;unknown;103.0;6;12;FAILURE
101695;Compressor;Night;Jr;Yes;86.56;7.64;0.89;21.07;?;41.1;61.2;1;6;WARNING
101110;CNC;Night;Sr;no;84.08 C;5.78 bar;4.02;error;1066.3;30.2;97.2;1;115;FAILURE
100204;CNC;Afternoon;Junior;Yes;69.31;4.5;1,15;13.98;201.6;46.3;97.4;0;63;OK
101987;CNC;AFT;Intermediate;no;67.48;8.71;1.95;21.15;168.1;49.4 %;135.6;1;27;OK
100614;Conveyor;afternoon;Senior;No;60.92;6.12 bar;3.38;17.95;982.8;49.2;100,6;0;43;FAILURE
100057;Pump;Afternoon;Mid;Yes;78.41;7.45;3.69;18.61;778,8;43.5;87.1;3;49;WARNING
101591;CNC;MORNING;Intermediate;No;64.54;5.61;1.82;13.12;1143.0;62.2;94.9;1;96;FAILURE
102563;Compressor;morning;Intermediate;Yes;99.15;7.25;0.16;24.01;706.9;39.0;77.7;4;33;OK
102528;Conveyor;Morning;Intermediate;Yes;56.61;4.38;1.93;14.71;651.5;32.6;127.5;3;96;OK
101476;Pump;Afternoon;Junior;Yes;86.92;7.81;4.68;17.45;362.1;17.5;86.7;3;25;WARNING
100289;Pump;Morning;Intermediate;N;81.34;6.99;8.13;21.99;741.5;61.2;91.6;2;89;FAILURE
100378;Pump;night;Mid;N;85.74;?;6.93 mm/s;19.78 A;1264.1;34.0;89.1;3;70;FAILURE
102344;CNC;Night;Senior;Y;82.01;7.95;0.73;20.18;316.3;33.0;92.7;1;46;OK
101005;Compressor;Night;junior;N;75.89;8.82;5.97;19.58 A;1357.8;56.3;60.7;5;19;FAILURE
101748;Pump;Night;Senior;0;66.77;6.64;;19.57;;29.3;96.6;1;95;WARNING
101508;Pump;NIGHT;Intermediate;No;84.07;5.28;0.77;19.01;910.2;15.3;97.9;0;101;FAILURE
100462;CNC;Afternoon;Junior;Yes;66.86;7.82;2.31;11.63;1145.5;65.4;70.7;0;1;WARNING
101552;Pump;Afternoon;Mid;No;63.11;5.55;0.53;22.45;625.1;45.0 %;72.8;1;57;OK
100362;CNC;Night;Intermediate;N;;6.65;4.66;15.2;891.6;47.1 %;98.0;2;73;FAILURE
101046;Pump;night;Jr;;91.14;6.79;2.25;27,6;524.6;63,8;70.7;1;62;OK
100215;Compressor;Morning;;1;104.12;5.63;5.53;33.53;1012.4;21.3;81.0;6;4;FAILURE
101335;Conveyor;Afternoon;Intermediate;Yes;67.79 C;6.04;1.68;21.05;497.5;43.2;90.4;1;11;OK
100198;Conveyor;M;Intermediate;no;57.43;5.4;0.55;14.55;536.5;59.4;109.5;0;91;OK
100018;CNC;Night;Jr;no;71.43;6.2;4.18;11,96;1057.8;39.9;74.8;2;117;FAILURE
102241;CNC;Night;Senior;Yes;88.66;7.22;1.27;12.14;858.2;49.9;120.3 u/h;2;97;WARNING
102199;CNC;Night;senior;No;81.19;6.15;7.84;20.49;53.7;31.2;116.0 u/h;4;21;OK
100373;Pump;M;Intermediate;No;91.25 C;8.01;3.32;23.89;;43.7;118.2;6;66;FAILURE
100544;Conveyor;Morning;Senior;no;65.79;6.32;1.83;12.78 A;491.5;68.2;110.7;1;3;OK
101514;Compressor;afternoon;Mid;No;100.83;4.51;3.89;31.19;390.8;44.9;103.9;0;37;OK
102160;CNC;Night;Intermediate;No;88.24;7.66;3.67;23.58;864.7;29.2;111.1;3;87;FAILURE
102127;Pump;Night;senior;no;79.16;6,36;2.69;15.63 A;409.4;34.6;115.2;5;111;FAILURE
101916;CNC;Morning;Senior;No;84.06;4.35;0.58;20.86;101.0;54.6;91.7;4;38;OK
100475;CNC;Night;Intermediate;No;76.33;6.8;8.14;14.74;751.9 h;23.4;113.5;3;51;FAILURE
101907;Pump;Afternoon;Mid;No;62.21;4.93;1,07;20,05;856.6;46.4;93.1;2;84;OK
102414;Pump;Night;Intermediate;No;73.66;7.07;4.24;22.92;798.1;36.4;69.7;3;34;OK
101620;CNC;Afternoon;Senior;No;79.47 C;4.17;5.13;22.82;415.8;58.4;88,0;3;30;OK
101612;Compressor;Morning;Intermediate;No;92,03;10.65;4.17;23.09;1205.4;37.4;73.8;4;22;FAILURE
102169;Pump;Morning;Senior;Yes;76.76;7.76;?;25,15;363.7;46.9;91.7;0;44;OK
102000;Pump;Afternoon;Intermediate;0;86.18;7.5;0.92;;713.7;;;1;17;OK
100515;Pump;Afternoon;Junior;No;75.62;8,62;2.17;21.8;639.2;30.2;113.7;2;100;FAILURE
101432;Compressor;Morning;Junior;No;91.83;9.48;3.29;24.37;1096.1;57.2;72.5 u/h;2;108;FAILURE
100592;Pump;morning;Intermediate;No;55.89;6.2;3.42;23.95;676.4;44.3;117.5;4;86;WARNING
101745;Compressor;Night;Intermediate;No;93.98;6.4;1.55;14.92;528.1;60.2;;5;102;OK
102575;Pump;Morning;Intermediate;No;84.95;9.56;2.84;22.9;1521.2;43.6;57.6;3;22;FAILURE
100300;Compressor;Afternoon;Intermediate;N;100.03;8.26;2.91;28.62;1166.3 h;41.1;88.0;3;83;FAILURE
100613;Conveyor;Night;Intermediate;No;?;6.48;2.4;14,95;617.4;45.5;128.0;1;89;OK
102299;CNC;night;Mid;;75.74;5.05;3.67;16.96;311.2;42.2;99.4;5;47;OK
100001;Compressor;A;intermediate;Yes;74.83;8.09;5.59;15.79;811.8;N/A;64.8;3;107;FAILURE
102216;CNC;Morning;Senior;Y;72,35;5.81;3.79;23.44;627.4;45.0;128.7;2;76;WARNING
102403;Compressor;Night;Intermediate;N;108.94;9.57;3.02;26.8;671.6;55.6;93.3;1;77;FAILURE
100484;Pump;night;Intermediate;No;89.47;7.15;4.02;22.11;447.1;21.1;126.8;3;115;WARNING
101428;CNC;Afternoon;Intermediate;0;60.87;5.51;2.64;15.49;1354.4;49.2 %;134.5;0;44;FAILURE
100908;CNC;Night;Junior;1;66.48;4.08;4.37;24.35;649.5;76.1;102.1;1;55;OK
102171;Pump;Afternoon;Intermediate;No;85.38;9.39;1.32;20.46;1011.4;31.3;97.9;2;16;FAILURE
100791;CNC;Morning;Junior;no;71.83;5,69;1.88;14.65;509.3;?;64.7;1;21;OK
102354;Pump;Night;Junior;;70.9;5,18;2.78;22.02;1854.3;69.7;91.1;3;108;FAILURE
100239;CNC;Afternoon;Sr;1;68.62;5.98;3.91;20.18;414.0;22.3;85.1;3;4;OK
100940;CNC;MORNING;Mid;No;77.53;5.14 bar;1.89;7.21;478.2;N/A;111.4;0;21;OK
100834;Compressor;Morning;junior;No;85.71;10.48;1.27;24.23;;24.2;82.2 u/h;2;105;FAILURE
102317;CNC;night;Senior;no;66.53;6.18;2.49;13.02;350.6;26.3;109.5;1;77;OK
101894;CNC;Morning;Sr;Yes;78.67;5.35;2.36;10.18;489.8;64.1 %;105.0;2;53;OK
101965;Compressor;Morning;senior;N;77.81;7.4;2.37;20.13;349.2;76.8;66.6;2;32;OK
102203;Conveyor;Morning;Mid;no;39.45;7.3;3.35;13,48;1045.7;51.8;103.3;0;3;OK
101668;CNC;Night;Junior;N;71.08;5,38;0.93;22.4;511.9;;117.5;2;72;OK
100887;Pump;Afternoon;Intermediate;No;78.15;6.9;5.15;20.96;258.0;38.8;84.0;3;65;WARNING
102163;Pump;Night;Sr;Yes;87.73 C;7.58;2.68;25.12;386.1;49.6;88.7;4;101;WARNING
100976;Compressor;A;Sr;Yes;103.73;8.03;2.24;16.8;533.9;65.4;83.0;2;6;WARNING
102117;CNC;Morning;Senior;No;59.57;5.37;3.36;23.44;1033.0;46.4;131.3;3;13;WARNING
102259;CNC;Morning;Junior;no;64,27;7.78;3.39;15.46;565.5;27.5;116.2;2;71;WARNING
102275;Conveyor;A;Intermediate;Yes;65.89;6.77;3.67;16.49 A;328.4;25.1;105.3;2;72;OK
101316;Compressor;M;Intermediate;No;78.21;7.29;1.04;31.61;643.5;38.7;86.2;1;22;OK
102597;CNC;AFT;Junior;yes;80.68;8.05;5.36;19,09;2157.7;51.3;120.8;3;48;FAILURE
100870;CNC;Night;Junior;No;91.06;6,51;3,0;17.08;1878.8;44.4;113.4;2;8;FAILURE
101375;Conveyor;Morning;Intermediate;N;51.27;5.89;1.04;19.47;578.5;68.7;92.4;0;41;OK
100936;CNC;night;Junior;no;78.48;4,32;2.29;11.36;195.6;73.3;87.1;3;40;OK
102348;Conveyor;Night;Junior;Yes;55.2;6.43 bar;2.81;10.56;867.5;;105.8;1;10;OK
100478;Compressor;Afternoon;Intermediate;No;104,94;5.68;6.68;unknown;853.7;57.7;97.4;7;55;FAILURE
101547;CNC;Morning;Intermediate;0;57.5;7.93;4,48;15.91;;25.9;95.7;3;25;WARNING
101901;Compressor;Morning;Intermediate;Yes;86.65;8.37;2.74;26.52;394.9;57.6;98.4;0;114;WARNING
101119;CNC;Night;Intermediate;0;79.5;6.89;3.64;16.75;568.2;40.4;92.3;1;88;WARNING
100356;Pump;Morning;Senior;N;54.4;8.77;6.15;24.33;420.2;33.1 %;94.3;2;24;OK
102570;Conveyor;Morning;Intermediate;no;53.66;5.6;2.47;16.75;682.7;58.0;95.6 u/h;0;110;OK
101369;CNC;Afternoon;Intermediate;Yes;63.62;6.85;6.18;22.63;1216.6;63.2;103.4;4;60;FAILURE
101288;Pump;Night;Intermediate;No;79,17;6.24;0.77;21.19;701.1;71.3;98.3;3;21;OK
101526;CNC;morning;Intermediate;N;unknown;5.85;2.22;8.08;512.2;49.8;132.7;1;96;OK
102308;Pump;MORNING;Senior;No;61.08;6.79;1.19;23.34;830.8;37.3;89.0;2;47;OK
101921;Pump;Morning;Intermediate;No;70.67;5.78;1.64;21.04;529.3;32.0;95.3;2;15;OK
101718;Compressor;Night;Intermediate;No;77.29;7.3;1.99;20.85;1594,9;54.9;87.4;1;7;FAILURE
101982;Pump;Night;Mid;No;88.98;5.76;2.63;22.96;573.6;41.3;104.2;2;75;WARNING
100631;Conveyor;Afternoon;Intermediate;1;67.38 C;5.43;1.42;17.07;1193.7;28,9;110.9;1;98;FAILURE
101061;Conveyor;morning;Senior;No;55.65;6.91;1.2;14.31;284.6;49.8;110,0;0;19;OK
102383;CNC;morning;junior;no;64.4;7.13;1.41;20.9;1260.3;56.9;103.0;1;51;FAILURE
101026;Pump;A;;No;77.23;6.71;3.51;26.57;330.8;59.1;102.0;3;89;OK
101345;Conveyor;MORNING;Intermediate;Y;61.05;4.61;5.0;18.47;1059.2;42,4;102.6;3;56;FAILURE
101025;Compressor;afternoon;Intermediate;No;81.92;7.33;3.55;29.24;1268.3;35.3;89.7;1;115;FAILURE
100145;Pump;Afternoon;Intermediate;No;74.5;9.12;4.28;20.74;984.4;37,4;75.8;1;84;FAILURE
100581;Pump;Night;Senior;No;84.97;6.51;7.22;24.26;521.5;56.1;84.0;0;80;FAILURE
102378;Compressor;morning;Junior;No;82.69;7.53;4.63;33.39;1007.5;35.1;83.5;3;75;FAILURE
101035;Pump;Afternoon;Mid;No;73.64;7.83;1.53;17.4;453.7 h;32.2;100.9;2;118;OK
102468;Compressor;Morning;;No;95.01;8.11;5.38;30.55;1887.8;56.3;114.4;1;51;FAILURE
102437;Compressor;Night;Intermediate;No;92.95;7.85;2.96;22.28;200,7;69.2;67.3;3;54;OK
101818;Pump;Morning;Junior;Yes;81.7;6.38;2.32;29.12;232.7;36.1;105.8;0;109;OK
101516;CNC;Morning;Senior;No;64.18;6.78;5.83;18.34;327.9;37,0;89.0;4;54;OK
102561;Compressor;night;intermediate;No;71.57;N/A;3.6;25.77;167.0;57.2;101.9;3;73;OK
102346;CNC;Night;Intermediate;No;69.83;4.44;1,16;10.53;135.8;55.0 %;124.3;1;5;OK
100409;CNC;morning;Intermediate;0;54.6;6.09 bar;0.45;18.36;1413.0;26.8;83.1;1;62;FAILURE
101373;Pump;AFT;Intermediate;yes;92.0;6.43;7.7;;855,8;44,5;105.2;5;7;FAILURE
101967;Compressor;Night;Senior;No;117.17;8.33;1,27;23.97;743.2;48.2;56.8;5;62;FAILURE
101063;CNC;Night;junior;0;63.18;5.51;1.13 mm/s;19.11;1560.9;61.4;117.1;1;86;FAILURE
101540;Pump;Night;Intermediate;no;84.7;;7.29 mm/s;15.74;576.9;46.4;66,8;2;44;FAILURE
100108;CNC;Morning;;0;68.38;6.64;1.64;13.54;319.9;50.7;86.0;1;11;OK
101310;Conveyor;Night;Intermediate;No;60.21;3.33;1.61;13.9;492.6;60.0;77,8;0;12;OK
101994;CNC;Morning;intermediate;1;60.45;5.63;2.45;18.32;1011.8;59.3;101.2;0;70;WARNING
102174;CNC;afternoon;Senior;no;72.93;6,02;1.7;14.72;715.9;21.5;104.9;1;80;OK
100471;Pump;Morning;Intermediate;No;78.97;7.39;1.1;22.35;705.8;44.4;87.6;1;36;OK
102469;Compressor;M;Intermediate;no;89.92;10.13;5.96;unknown;813.1;19.0;75.4;3;57;FAILURE
100742;CNC;Night;Intermediate;Yes;85.11;7.33;4.28;20.58;687.6;23.1;87.6;3;17;WARNING
101208;Pump;Afternoon;Junior;No;77.39;6.41;1.44;18.77;343.7;64.9 %;99.9;1;111;OK
100758;Conveyor;Afternoon;Junior;N;71.09;3.49;2.61;8.05;1076.8;51.5;150.2;1;70;WARNING
100247;Compressor;Morning;Senior;no;94.75;8.68;;24.54;547.0;43.5;80.9;2;111;FAILURE
101230;CNC;Afternoon;Junior;yes;64.13;5.7;2.81;21.5;415.7;33.1;84.3;1;65;OK
102316;CNC;Night;intermediate;no;74.37;6.47;4.51;15.87;786.6;52.1;95.7;3;37;FAILURE
100546;Pump;Afternoon;Junior;0;72.64;7.42;1.16;31.81;91.6;25.6;92,9;1;38;OK
100050;CNC;Night;senior;No;74.51;5.13;1.72;21.82;465,1;40.1;126.7 u/h;1;113;WARNING
100162;Conveyor;Night;Junior;No;65.38 C;2.58;3.19;16.36;274.7;38.9 %;110.3;1;85;OK
102256;Pump;NIGHT;Intermediate;1;67.61;7.24;3.06;22.19;435.5;44.6;85.3;0;34;OK
100578;Compressor;A;Intermediate;No;68.52;5.26;6.8;17,87;435.7 h;63.1;66.7;2;52;WARNING
100068;Pump;Morning;Senior;Y;61.9;6.79;1.03;23.97;1261.1;60.3;91.3;0;6;OK
101362;Pump;M;Intermediate;No;70.24;7.85;3.91;19.27;531.4;45.2;56.6;3;63;OK
102394;CNC;Morning;Senior;No;81.96;6.87;3.81;19.92;378.2;69.2;;2;15;OK
102391;Compressor;Morning;Intermediate;no;72,87;7.95;2.23;;1253.4;54.8;98,3;3;19;FAILURE
100800;Compressor;afternoon;senior;No;85.78;7.42;4.43;21.49;498.0;37.2;108.7;3;82;FAILURE
101569;Pump;Afternoon;senior;no;;7.19;1.5;23,48;1246.4;45.4;42.8;0;7;FAILURE
100759;CNC;Afternoon;Intermediate;no;60.01;7.14;4.98;17.76;772.0;64.0;106.6;1;28;OK
101186;Conveyor;Night;senior;No;71.45;5.47;;14.02;521.4;38.0;96.5;3;15;OK
101564;Conveyor;AFT;Intermediate;No;53,21;5.09;;12.13;435.9;71,6;111.2 u/h;1;17;OK
102050;Pump;Afternoon;Intermediate;Y;68,55;7.46;1.41;20.79;1238.9;52.3;79.6;2;80;FAILURE
102356;Compressor;Morning;Senior;N;89.43;7.98;;16.96;603.1;40.9;71.2;2;106;FAILURE
101538;Compressor;Night;Intermediate;no;95.15 C;5,47;1.92;18.21;336.4;48.9;69.4;4;81;OK
101252;CNC;Morning;Intermediate;no;67.61;6.22;0.99;14.07;484.8;59,3;74.0;1;105;OK
101532;CNC;Afternoon;Intermediate;yes;73.81;?;1.3;13.93 A;253.7;52.0 %;133.0;2;47;OK
100826;CNC;Afternoon;Senior;Yes;84.54;4.58;2.39;19.96;629.9;53.0;90.2;1;104;WARNING
101699;Conveyor;Afternoon;Mid;N;62.18;4.23;0.88;18.84;262.9;37.1;130.1;1;7;OK
100645;Compressor;Morning;intermediate;no;75.69;7.39;3.44 mm/s;22.2;223.1;55.8;56.8;2;32;OK
100006;Conveyor;Morning;Junior;No;50.73 C;5.91;1.01;13.69;551.9;46.8;136.0;0;9;OK
101245;Pump;Night;Junior;No;92.94;7.12;3.14;16.86;581.2;41.0;92.8;7;24;FAILURE
100620;CNC;MORNING;intermediate;Yes;62.84;9.09;1.91;20.24;737.5;21.3;116.5;1;115;WARNING
101306;Conveyor;Afternoon;Junior;N;52.16;6.76;2.05;16.11;1105.9;50.2;100.4;0;75;WARNING
100793;Pump;Night;Senior;No;101.2;8.28;6.36;15.36;381.9;58.3;109.9;2;5;WARNING
100991;Compressor;Night;Senior;N;83.75;8.15;8.31;26.17;351.5;48.9;;3;62;FAILURE
100009;CNC;Afternoon;Junior;No;68.35;6.51;3.63;22.23;error;53.8;90.6;0;83;FAILURE
102082;CNC;morning;Junior;Yes;76.26;6.22;0.78;6,11;1284.6;51.0;110.7;0;105;FAILURE
100122;Compressor;Night;Intermediate;No;84.29;9.88;2.18;18.18 A;265.4;33.3;111.5;1;54;OK
100511;CNC;Morning;senior;0;58.74;6.5;0.53;17.29;361.9;62.2;80.5;0;74;OK
100182;Conveyor;MORNING;Intermediate;no;54.44;5.31;2.85;13,8;925.9;39.7;112.5;0;60;OK
100410;Conveyor;night;Senior;no;74.63;7.14;1.99;15.49;438.2;24.3;123.1;1;51;OK
101137;Pump;MORNING;Mid;No;71.89;7.06;2.13;18.28;419.9;75.9;110.8;1;7;OK
102209;CNC;Afternoon;Intermediate;Yes;58.18;5.71;2.44;14.04;639.3;60.2;103.8;1;17;OK
100148;Pump;Morning;Senior;No;70,06;8,05;4.84;22,45;1276.5;29.7;83.2;0;61;FAILURE
101755;Pump;Night;Senior;Y;90.41;6.21;2.26;15.87;1352.1;39.6;120.5;4;90;FAILURE
101441;CNC;Afternoon;Junior;No;68.91;5.34;2.89;19.91;881.2;46.7;94.2;2;41;WARNING
101767;Conveyor;Afternoon;Intermediate;No;N/A;6.72;4.23;20.41;605.6;44.5;149.5;5;119;OK
101311;Pump;Afternoon;Senior;No;73.41;9.76;3.27;26.24;609.8;64.6;78.5;0;21;OK
100389;CNC;Morning;Intermediate;0;55.7;5.53;;15.16;353.7 h;39.7;108.9;0;23;OK
100236;Conveyor;Afternoon;Junior;No;57.09;6.65;3.21 mm/s;15.89;350.9;;112.1;2;72;OK
101350;CNC;Morning;intermediate;yes;70.83 C;5.63;3.05;16,6;492.6;54.6;90.1;1;82;OK
101158;CNC;Morning;Senior;No;51.19;7.92;2.11;18.52;902.4;28.9;88.5;0;58;OK
102433;Compressor;Morning;Senior;No;96.0;7.77;1.99;12.26;313.2 h;30.9;87.4;5;96;FAILURE
100465;Compressor;Afternoon;Junior;0;68.51;9.54;0.14;29.8;695.2;57.5;84.4;1;81;OK
101053;CNC;MORNING;Intermediate;Y;83.28;6.83;;18.06;727.7;56.6;95.6;3;87;OK
100859;Pump;Morning;Senior;0;85.43;6.55;1.43;17.62;435.0;32.6;90.5;0;115;FAILURE
102320;Conveyor;Afternoon;Junior;no;57.08;5.0 bar;3.72;15.07;828.1;29.7;90.4;1;86;FAILURE
101875;Conveyor;Afternoon;Senior;No;44.32;6.15;2.33;14.31;546.7;39.5;137.1;1;66;OK
102289;CNC;afternoon;Junior;1;70.03;6.38;5.85;14.88;194.2;38.5 %;84.7;4;25;OK
100781;CNC;MORNING;Intermediate;No;47.97;6.36;2.32;17.81;332.5;50.2;130.6;0;27;OK
100930;Compressor;Afternoon;Junior;no;79.86;6.72;5.85;25.33;609.6;54.9;86.0;3;15;FAILURE
102524;Compressor;Afternoon;Intermediate;no;85.31;7.33;3.42;28.96 A;415.5;28.7;80.4;0;104;WARNING
102297;Compressor;Morning;Intermediate;Yes;68.64;9.16;3.52;16.81;1047.1;52.7;87.4;1;80;FAILURE
101719;Compressor;Night;intermediate;no;91.15;7.53 bar;2.48;19.75;243.8;35.6;79.0;7;41;OK
101798;CNC;Night;Intermediate;No;71.5;8.26;9.32;20.98;1658.7;58.0;133.1;2;63;FAILURE
102531;Compressor;MORNING;Intermediate;No;81.01;7.49;1.21;24.81;1329.3 h;54.8;90.0;3;47;FAILURE
101773;Compressor;Afternoon;Junior;No;78.61;9.58;2,09;25.99;1548.8;43.1;65.1;0;98;FAILURE
100953;CNC;Morning;Intermediate;No;57,47;6.53 bar;;19.98;1171.5;23.0;114.3;1;68;FAILURE
100051;CNC;Night;Intermediate;No;63.78;5.85;0.81;18.63;1058.4;40.3;111,7;1;19;WARNING
101479;Pump;MORNING;Junior;No;?;7.27;2.02;20.54;775.5;48.2;86,6;3;93;FAILURE
102323;Pump;MORNING;intermediate;Yes;81.96;8.23;3.48;22.87;475.7;57.7;68.3;1;61;WARNING
101766;CNC;MORNING;Mid;0;85.3;5.7;unknown;14.19;827.5;38.4;81,4;0;102;WARNING
100487;Pump;MORNING;Jr;No;77.43;7.42;0.85;23.52;311.4;61,5;103.4;0;115;OK
101670;Conveyor;NIGHT;Mid;No;76.18;5.87;5.12;19.69;507.7;52.8;147.2;1;103;WARNING
100682;CNC;Morning;Junior;Yes;62.59;6.66;4.87;19.63;1283,4;47.9;97.3;2;3;FAILURE
101209;CNC;Night;Intermediate;No;71.11;5.43;0.83;8.02;1108.6;43.8;116.1;1;21;OK
100999;Conveyor;Night;Intermediate;yes;88.6;5.55;;15.3;1571.6;39.5 %;;2;38;FAILURE
102353;CNC;morning;Intermediate;yes;57.21;6.57;3.72;13,61;324.7;44.5;95.7;1;51;OK
102171;Pump;Afternoon;Intermediate;No;85.38;9.39;1.32;20.46;1011.4;31.3;97.9;2;16;FAILURE
101790;CNC;Afternoon;Junior;Yes;73.29;;2.54;18.98 A;1068.1;50.8;83.7;1;29;FAILURE
100234;Compressor;Night;intermediate;No;86.37;9.32;4.68;22.62;703.3;59.1 %;88.8 u/h;3;65;FAILURE
100830;CNC;Night;Junior;N;66.27;5.3;4.18;18.74;515.6;23.7;error;6;28;WARNING
101453;Conveyor;Afternoon;Intermediate;No;76.23;4.24;0.75;16.97;599.2;79.2;123.6;2;69;OK
100448;Compressor;Afternoon;Jr;yes;100.73;10.51;1.58;19.68;270.2;53.8;109.3;3;48;OK
101647;CNC;NIGHT;Junior;no;78.28;6.72;2.06 mm/s;24.51;732.0;49.5;93.2;2;1;WARNING
100841;CNC;Morning;Intermediate;N;65.32;5.36;3.33;19.35 A;1042.0;51.8;84.3;3;45;FAILURE
100203;Pump;M;Intermediate;no;65.89;7.52;;18.01;175.6;36.0;87.3;1;103;OK
102560;CNC;Morning;Intermediate;No;60,45;3.83;1.34;15.9 A;683.7;41.0;121.0;2;66;OK
100611;Compressor;morning;Intermediate;No;87.61;6.59;1.86;27.25;617.4;45.3;71.2 u/h;1;27;OK
101145;Pump;M;Intermediate;No;62.05;5.44;error;18.69;469,9;61.5;95.9;2;83;OK
102417;CNC;AFT;Mid;no;82.21;5.56;5,25;21.95;322.9;41.0;96.6;5;21;OK
100049;Compressor;Afternoon;Junior;No;83.41;8.91;5.43;33.07;932.9;65,3;98.5;3;16;FAILURE
100773;Compressor;Night;Intermediate;N;;7.63;0.83;15.52;551.0;56.3;86.1;1;56;OK
101849;Pump;Afternoon;Intermediate;0;71.66;7.55;1.36;?;1022.2;79.0;96.2;1;23;OK
101232;Compressor;Afternoon;Intermediate;;69.41;9.52;7.48;23.88;204.4;26.9;110.3;2;116;FAILURE
