customer_id,orders_12m,spend_12m_eur,website_visits_90d,avg_discount_rate,return_rate,days_since_last_order,support_tickets_12m,avg_order_value_eur,mobile_share,newsletter_open_rate,loyalty_years
1,4.0,80.54,7.0,0.238,0.056,16.0,0.0,21.01,0.028,0.256,0.24
2,22.0,2415.74,65.0,0.014,,8.0,3.0,109.75,0.254,0.119,1.98
3,8.0,789.73,29.0,0.042,0.015,14.0,2.0,103.0,0.136,0.335,1.96
4,3.0,449.67,29.0,0.072,0.064,11.0,0.0,152.33,0.084,0.282,2.76
5,8.0,672.52,27.0,0.043,0.072,17.0,2.0,84.74,0.119,0.22,3.32
6,15.0,576.64,43.0,0.423,0.143,5.0,1.0,37.85,0.603,0.32,0.97
7,1.0,53.38,1.0,0.022,0.011,89.0,1.0,53.38,0.177,0.0,1.26
8,8.0,135.23,5.0,0.155,0.051,12.0,0.0,17.42,0.296,0.304,2.35
9,32.0,1762.94,48.0,0.049,0.025,10.0,4.0,55.48,0.319,0.357,2.12
10,11.0,464.59,18.0,0.109,0.073,13.0,0.0,41.27,0.188,0.35,2.16
11,2.0,10.12,4.0,0.206,0.063,40.0,1.0,4.74,0.36,0.174,1.36
12,0.0,125.16,4.0,0.0,0.047,146.0,0.0,125.16,0.319,0.29,0.65
13,47.0,1317.52,39.0,0.087,,13.0,1.0,27.99,0.199,0.258,1.78
14,9.0,1962.61,43.0,0.056,0.068,12.0,1.0,223.73,0.636,0.332,1.55
15,13.0,610.06,38.0,0.159,0.033,22.0,0.0,45.58,0.393,0.28,2.2
16,14.0,1141.5,54.0,0.48,0.062,9.0,1.0,83.54,0.407,0.189,1.6
17,8.0,431.33,23.0,0.178,0.08,12.0,2.0,55.28,0.682,0.087,2.54
18,21.0,481.25,25.0,0.047,0.083,5.0,1.0,23.33,0.751,0.197,2.27
19,2.0,91.49,11.0,0.118,0.05,24.0,1.0,38.73,0.435,0.22,0.35
20,3.0,208.19,7.0,0.066,0.079,10.0,1.0,63.3,0.024,0.347,0.92
21,13.0,502.38,38.0,0.146,0.057,8.0,0.0,38.25,0.671,0.109,0.76
22,5.0,509.79,36.0,0.174,0.0,18.0,1.0,110.4,0.384,0.237,2.09
23,24.0,1644.35,55.0,0.083,0.0,4.0,2.0,68.88,0.398,0.252,3.07
24,0.0,143.94,11.0,0.09,0.054,40.0,1.0,143.94,0.452,0.369,1.54
25,17.0,625.06,32.0,0.127,0.098,7.0,1.0,37.26,0.376,0.234,2.95
26,17.0,492.01,29.0,0.155,0.084,15.0,1.0,28.85,0.807,0.142,1.46
27,1.0,159.49,6.0,0.183,0.046,65.0,0.0,159.49,0.45,0.139,1.93
28,18.0,558.48,28.0,0.062,0.046,14.0,2.0,30.81,0.712,0.078,2.23
29,12.0,485.23,32.0,0.0,0.04,14.0,0.0,41.05,0.116,0.486,0.64
30,6.0,361.56,40.0,0.026,0.027,7.0,2.0,59.78,0.129,0.0,2.03
31,6.0,112.51,11.0,0.239,0.047,62.0,0.0,18.19,0.411,0.252,2.19
32,18.0,804.3,36.0,0.274,0.047,21.0,0.0,45.9,0.167,0.063,2.05
33,15.0,490.41,19.0,0.424,0.048,29.0,1.0,33.27,0.436,0.196,1.46
34,32.0,1860.01,27.0,0.073,0.046,0.0,1.0,58.56,0.19,0.121,1.75
35,12.0,604.73,40.0,0.216,0.069,13.0,0.0,49.96,0.451,0.016,1.66
36,2.0,80.28,3.0,0.147,0.0,111.0,0.0,52.3,0.554,0.124,0.93
37,12.0,851.79,35.0,0.116,0.044,12.0,1.0,73.42,0.153,0.221,2.28
38,8.0,694.13,22.0,0.156,0.049,14.0,0.0,90.11,0.248,0.195,1.76
39,1.0,92.8,2.0,0.232,0.057,44.0,0.0,62.21,0.227,0.1,2.3
40,10.0,270.07,29.0,0.179,0.021,5.0,2.0,27.15,0.578,0.287,2.48
41,32.0,2190.96,49.0,0.021,0.0,3.0,1.0,68.21,0.437,0.424,2.67
42,13.0,479.4,27.0,0.159,0.025,13.0,1.0,37.0,0.267,0.236,0.58
43,3.0,83.24,8.0,0.165,0.081,49.0,1.0,26.71,0.176,0.251,1.16
44,38.0,2271.47,66.0,0.104,0.037,2.0,1.0,60.32,0.682,0.357,1.18
45,4.0,99.16,7.0,0.356,0.104,36.0,0.0,23.83,0.626,0.344,1.06
46,14.0,260.98,36.0,0.062,0.0,0.0,1.0,19.31,0.242,0.019,0.96
47,18.0,520.36,28.0,0.13,0.033,14.0,0.0,28.4,0.016,0.346,0.0
48,3.0,209.22,11.0,0.038,0.0,22.0,0.0,78.86,0.347,0.11,0.71
49,20.0,2158.41,52.0,0.009,0.013,4.0,0.0,108.06,0.683,0.322,2.62
50,16.0,373.32,26.0,0.0,0.065,15.0,0.0,23.91,0.46,0.084,1.09
51,34.0,1142.23,67.0,0.064,0.054,5.0,3.0,33.45,0.491,0.11,2.6
52,7.0,424.92,20.0,0.043,0.076,20.0,0.0,63.82,0.535,0.024,0.81
53,9.0,402.92,28.0,0.129,0.118,0.0,0.0,43.96,0.389,0.311,2.73
54,12.0,304.99,28.0,0.011,0.044,25.0,0.0,25.06,0.189,0.323,1.35
55,7.0,607.77,25.0,0.089,0.095,17.0,2.0,92.67,0.357,0.084,1.74
56,11.0,1746.45,29.0,0.047,0.036,12.0,3.0,163.81,0.41,,1.46
57,16.0,568.47,23.0,0.062,0.049,9.0,0.0,35.98,0.458,,2.23
58,9.0,399.43,40.0,0.102,0.067,21.0,0.0,46.67,0.411,0.159,1.55
59,2.0,74.25,14.0,,0.008,45.0,1.0,39.61,0.109,0.296,2.1
60,31.0,561.65,66.0,0.419,0.101,9.0,3.0,18.13,0.308,0.162,2.45
61,10.0,658.43,29.0,0.066,0.091,10.0,0.0,64.81,0.555,0.242,1.29
62,16.0,614.46,16.0,0.045,0.114,7.0,2.0,37.34,0.579,0.178,2.07
63,14.0,603.18,23.0,0.082,0.008,14.0,2.0,42.79,0.141,0.384,1.11
64,7.0,102.21,10.0,0.343,0.019,57.0,1.0,15.65,0.599,0.282,1.18
65,2.0,77.07,2.0,0.075,0.0,52.0,1.0,36.33,0.309,0.113,1.21
66,3.0,109.79,2.0,0.081,0.013,150.0,0.0,41.65,0.517,0.0,1.22
67,0.0,32.38,12.0,0.018,0.021,35.0,0.0,32.38,0.468,0.267,0.31
68,15.0,403.79,26.0,0.075,0.027,13.0,0.0,26.76,0.187,0.173,3.23
69,17.0,1751.8,56.0,0.013,0.008,7.0,1.0,103.29,0.613,0.076,2.03
70,16.0,519.76,24.0,0.148,0.0,11.0,0.0,32.74,0.513,0.23,2.3
71,15.0,252.78,25.0,0.087,0.072,1.0,1.0,16.81,0.486,0.289,2.8
72,14.0,802.99,22.0,0.147,0.12,10.0,1.0,58.49,0.546,0.156,2.87
73,23.0,833.32,25.0,0.321,0.107,11.0,1.0,36.12,0.447,0.335,0.59
74,0.0,59.33,1.0,0.215,0.0,66.0,0.0,59.33,0.228,0.105,2.91
75,20.0,752.48,48.0,0.361,0.16,15.0,1.0,36.87,0.337,0.085,0.0
76,34.0,1672.5,34.0,0.023,0.041,2.0,0.0,49.71,0.51,0.336,1.93
77,4.0,110.78,7.0,0.207,0.047,42.0,1.0,28.08,0.341,0.0,0.0
78,2.0,16.24,1.0,0.143,0.0,162.0,1.0,7.45,0.029,0.0,0.62
79,4.0,106.33,9.0,0.182,0.076,4.0,1.0,29.76,0.854,0.126,
80,9.0,793.88,19.0,0.126,0.057,18.0,1.0,86.76,0.273,0.152,1.91
81,16.0,352.96,29.0,0.141,0.031,16.0,1.0,22.71,0.232,0.24,2.8
82,39.0,1421.73,73.0,0.046,0.05,3.0,2.0,36.16,0.075,0.249,3.04
83,14.0,542.04,32.0,0.056,0.0,23.0,0.0,38.8,0.677,0.104,1.02
84,4.0,154.64,3.0,0.288,0.038,33.0,0.0,35.45,0.364,0.323,2.26
85,3.0,187.14,2.0,0.151,0.046,63.0,1.0,66.63,0.27,0.34,0.51
86,18.0,2801.26,67.0,0.046,0.033,9.0,0.0,151.53,0.58,0.184,2.35
87,9.0,529.31,32.0,0.147,0.065,17.0,1.0,57.26,0.611,0.152,1.15
88,30.0,1783.53,84.0,0.043,0.054,10.0,1.0,59.37,0.602,0.237,0.71
89,19.0,599.17,11.0,0.13,0.091,11.0,1.0,30.88,0.31,0.146,1.7
90,27.0,662.65,47.0,,0.076,6.0,0.0,24.2,0.844,0.343,1.2
91,0.0,15.66,2.0,0.101,0.03,82.0,1.0,15.66,0.175,0.158,1.27
92,6.0,143.26,4.0,0.246,0.058,31.0,0.0,25.97,0.451,0.0,1.34
93,3.0,79.59,4.0,0.035,0.09,95.0,1.0,25.06,0.17,0.0,1.39
94,12.0,864.42,48.0,0.331,0.094,10.0,2.0,70.39,0.405,0.198,0.8
95,17.0,1746.97,47.0,0.065,0.03,0.0,0.0,103.22,0.091,0.059,1.72
96,35.0,1116.7,59.0,0.057,0.019,8.0,3.0,32.16,0.03,0.023,2.32
97,11.0,603.41,29.0,0.114,0.065,14.0,2.0,54.48,0.32,0.181,2.72
98,2.0,96.95,0.0,0.099,0.054,102.0,1.0,49.73,0.266,0.128,1.07
99,1.0,128.52,4.0,0.307,0.005,41.0,0.0,92.31,0.378,0.297,1.71
100,12.0,273.76,18.0,0.037,0.061,14.0,0.0,22.61,0.399,0.306,2.07
101,19.0,388.14,35.0,0.357,0.027,12.0,4.0,20.55,0.424,0.385,1.36
102,3.0,126.07,7.0,0.147,0.098,42.0,1.0,43.68,0.258,0.413,0.03
103,14.0,1796.41,54.0,0.057,0.029,8.0,2.0,127.45,0.868,0.423,1.52
104,18.0,544.1,28.0,0.09,0.059,14.0,0.0,30.22,0.687,0.265,3.69
105,25.0,591.82,41.0,0.35,0.047,1.0,1.0,23.42,0.8,0.1,1.23
106,5.0,16.6,13.0,0.22,0.027,55.0,1.0,3.69,0.694,0.293,0.76
107,19.0,1859.34,61.0,0.023,0.062,0.0,1.0,95.47,0.322,0.22,0.79
108,14.0,756.08,66.0,0.173,0.079,11.0,1.0,53.41,0.671,0.16,0.25
109,31.0,2136.86,47.0,0.054,0.036,5.0,1.0,68.15,0.734,0.379,2.58
110,12.0,551.08,33.0,0.132,0.044,16.0,2.0,45.87,0.465,0.178,0.97
111,15.0,1858.5,86.0,0.062,0.057,3.0,3.0,121.55,0.266,0.313,2.1
112,7.0,646.5,28.0,0.086,0.05,0.0,1.0,92.44,0.183,0.134,3.34
113,33.0,1183.41,60.0,0.098,0.047,0.0,1.0,35.65,0.565,0.282,2.76
114,5.0,132.2,11.0,0.104,0.023,39.0,0.0,24.24,0.116,0.412,1.54
115,0.0,97.8,8.0,0.068,0.046,27.0,0.0,97.8,0.4,0.178,0.0
116,4.0,242.94,1.0,0.163,0.031,32.0,1.0,66.07,0.302,0.0,1.56
117,4.0,100.89,10.0,0.259,0.026,47.0,0.0,25.07,0.71,0.124,0.0
118,17.0,563.07,15.0,0.032,0.067,23.0,2.0,32.63,0.366,0.133,2.23
119,2.0,179.27,11.0,0.226,0.078,24.0,0.0,117.09,0.203,0.546,0.0
120,8.0,501.63,21.0,0.084,0.046,6.0,1.0,63.67,0.293,0.205,1.11
121,43.0,1859.95,62.0,0.061,0.025,5.0,0.0,43.61,0.692,0.295,1.21
122,22.0,619.74,38.0,0.335,0.084,4.0,1.0,28.52,0.526,0.054,1.61
123,16.0,814.38,30.0,0.108,0.038,11.0,1.0,51.21,0.595,0.159,2.89
124,12.0,513.22,34.0,0.098,0.078,20.0,2.0,42.16,0.441,0.121,2.58
125,9.0,318.17,16.0,0.019,0.125,16.0,1.0,37.38,0.456,0.204,1.04
126,3.0,127.84,8.0,0.043,0.033,67.0,0.0,50.3,0.199,0.208,1.25
127,15.0,1104.13,79.0,0.034,0.021,3.0,0.0,75.0,0.737,0.084,1.43
128,17.0,679.02,67.0,0.576,0.046,10.0,0.0,39.2,0.285,0.173,0.0
129,7.0,629.76,25.0,0.023,0.071,10.0,0.0,88.83,0.528,0.457,2.1
130,12.0,196.13,10.0,0.108,0.063,11.0,1.0,16.0,0.406,0.201,3.24
131,2.0,91.91,3.0,0.0,0.045,68.0,1.0,52.52,0.489,0.243,1.13
132,31.0,1950.19,55.0,0.018,0.015,14.0,0.0,63.04,0.329,0.302,2.85
133,31.0,2552.52,51.0,0.065,0.014,3.0,3.0,82.4,0.5,0.191,2.63
134,22.0,633.83,12.0,0.398,0.07,6.0,2.0,28.77,0.861,0.119,0.91
135,3.0,197.29,12.0,0.178,0.025,16.0,0.0,68.1,0.471,0.388,0.49
136,28.0,1658.16,58.0,0.105,0.024,10.0,0.0,58.99,0.292,0.343,2.53
137,31.0,1645.3,63.0,0.074,0.043,7.0,2.0,53.2,0.55,0.102,3.19
138,16.0,498.3,49.0,,0.083,11.0,1.0,30.98,0.384,0.322,1.39
139,21.0,412.48,18.0,0.111,0.02,24.0,2.0,19.82,0.551,0.153,2.83
140,22.0,842.27,62.0,0.069,0.0,5.0,0.0,38.69,0.309,0.346,1.79
141,29.0,1438.43,58.0,0.042,0.045,8.0,1.0,49.28,0.319,0.091,1.15
142,13.0,524.07,24.0,0.1,0.076,13.0,2.0,39.01,0.627,0.444,2.31
143,4.0,32.39,4.0,0.165,0.0,57.0,2.0,8.29,0.186,0.128,0.58
144,13.0,601.17,24.0,0.018,0.051,16.0,3.0,44.72,0.549,0.098,0.97
145,2.0,103.71,2.0,0.104,0.04,70.0,0.0,51.95,0.633,0.112,0.25
146,0.0,225.11,6.0,0.134,0.059,76.0,1.0,225.11,0.36,0.215,0.69
147,2.0,132.58,17.0,0.175,0.046,18.0,1.0,64.03,0.756,0.288,0.0
148,11.0,177.4,39.0,0.135,0.03,2.0,2.0,16.29,0.403,0.22,1.94
149,1.0,77.98,8.0,0.225,0.048,42.0,0.0,56.84,0.247,0.371,0.77
150,5.0,133.6,8.0,0.293,0.063,39.0,1.0,27.68,0.6,0.187,2.34
151,2.0,70.95,3.0,0.145,0.026,77.0,1.0,38.99,0.593,0.0,1.59
152,6.0,337.07,40.0,0.115,0.032,7.0,2.0,53.6,0.506,0.165,1.88
153,8.0,749.3,30.0,0.012,,10.0,0.0,99.55,0.238,0.162,4.33
154,3.0,145.62,5.0,0.194,0.061,16.0,1.0,45.83,0.249,0.129,2.51
155,39.0,1882.64,55.0,0.034,0.012,4.0,3.0,48.35,0.229,0.261,1.05
156,4.0,57.16,8.0,0.177,0.016,12.0,2.0,14.3,0.065,0.323,0.77
157,15.0,366.48,36.0,0.454,0.092,16.0,1.0,24.43,0.769,0.324,0.99
158,16.0,519.06,37.0,0.18,0.052,9.0,1.0,32.53,0.077,0.0,2.55
159,2.0,165.0,1.0,0.167,0.045,29.0,1.0,71.31,0.674,0.274,0.61
160,22.0,2250.74,80.0,0.072,0.031,11.0,2.0,104.18,0.115,0.152,2.72
161,16.0,691.34,32.0,0.097,0.087,20.0,1.0,43.42,0.186,0.312,1.7
162,10.0,420.82,29.0,0.093,0.005,21.0,0.0,41.51,0.296,0.217,3.72
163,2.0,31.3,12.0,0.178,0.064,50.0,0.0,14.46,0.102,0.288,1.72
164,21.0,787.88,57.0,0.424,0.099,16.0,2.0,38.09,0.437,0.301,0.84
165,9.0,321.35,31.0,0.031,0.042,12.0,1.0,34.76,0.451,0.347,3.1
166,6.0,83.89,2.0,0.178,0.018,39.0,3.0,13.23,0.335,0.214,1.04
167,2.0,123.44,3.0,0.234,0.004,127.0,0.0,55.62,0.446,0.022,0.0
168,4.0,23.74,13.0,0.103,0.035,47.0,0.0,6.43,0.193,0.215,0.23
169,0.0,60.62,12.0,0.343,0.064,44.0,1.0,60.62,0.208,0.329,0.0
170,19.0,356.2,31.0,0.173,0.037,13.0,0.0,18.55,0.246,0.057,0.75
171,0.0,90.97,11.0,0.145,0.048,15.0,1.0,90.97,0.348,0.07,0.0
172,12.0,251.61,23.0,0.183,0.096,15.0,1.0,20.92,0.29,0.219,2.51
173,8.0,455.37,21.0,0.176,0.064,16.0,2.0,57.75,0.28,0.418,1.03
174,2.0,82.74,4.0,0.102,0.069,63.0,0.0,43.73,0.378,0.108,0.03
175,2.0,112.88,4.0,0.0,0.019,71.0,0.0,52.7,0.833,0.022,0.72
176,2.0,0.0,6.0,0.119,0.053,37.0,0.0,0.0,0.554,0.172,0.88
177,25.0,987.54,47.0,0.527,0.045,6.0,1.0,39.67,0.489,0.063,2.13
178,5.0,32.38,5.0,0.117,0.038,17.0,0.0,6.94,0.587,,0.62
179,18.0,540.18,42.0,0.379,0.04,17.0,1.0,29.26,0.525,0.311,0.69
180,17.0,683.29,39.0,0.072,0.081,17.0,3.0,40.59,0.5,0.1,1.15
181,31.0,1969.8,57.0,0.056,,11.0,0.0,64.38,0.249,0.313,1.29
182,30.0,2616.48,43.0,0.034,0.017,7.0,2.0,88.21,0.694,0.246,0.97
183,11.0,529.36,49.0,0.441,0.032,9.0,1.0,47.41,0.743,0.151,0.5
184,0.0,135.96,6.0,0.058,0.039,90.0,1.0,135.96,0.368,0.0,0.0
185,0.0,119.97,5.0,0.205,0.065,13.0,1.0,119.97,0.143,0.335,0.44
186,37.0,2274.56,46.0,0.049,0.041,5.0,3.0,61.95,0.188,0.28,1.25
187,24.0,1844.65,75.0,0.101,0.033,10.0,1.0,76.89,0.229,0.227,1.96
188,1.0,166.32,1.0,0.274,0.054,56.0,0.0,111.33,0.28,0.0,1.5
189,34.0,2486.55,68.0,0.031,0.051,0.0,3.0,72.35,0.182,0.273,0.62
190,14.0,271.0,23.0,0.161,0.042,13.0,1.0,19.56,0.546,0.023,1.18
191,3.0,202.65,6.0,0.027,0.085,45.0,1.0,79.54,0.208,0.251,1.13
192,17.0,652.91,39.0,0.148,0.049,15.0,2.0,38.86,0.722,0.301,1.04
193,5.0,462.12,32.0,0.052,0.072,13.0,0.0,87.67,0.356,0.234,1.72
194,4.0,650.47,30.0,0.166,0.04,9.0,0.0,160.14,0.359,0.304,2.01
195,33.0,1870.83,62.0,0.067,0.043,7.0,1.0,56.17,0.231,0.098,1.88
196,11.0,325.22,28.0,0.0,0.036,0.0,1.0,29.38,0.218,0.036,2.13
197,1.0,8.91,2.0,0.055,0.061,112.0,0.0,8.91,0.77,0.24,0.0
198,0.0,61.49,9.0,0.224,0.0,45.0,0.0,61.49,0.605,0.047,1.13
199,8.0,738.95,33.0,0.171,0.083,7.0,1.0,92.76,0.248,0.191,2.8
200,0.0,639.72,37.0,0.088,0.102,13.0,0.0,639.72,0.573,0.146,1.45
201,13.0,913.05,39.0,0.494,0.101,23.0,3.0,71.53,0.488,0.153,1.74
202,29.0,1363.02,50.0,0.0,0.045,0.0,2.0,47.23,0.644,0.493,0.7
203,1.0,125.22,10.0,0.255,0.072,45.0,1.0,125.22,0.196,0.213,0.57
204,26.0,1928.79,63.0,0.114,0.033,8.0,1.0,74.9,0.693,0.268,2.2
205,18.0,452.12,58.0,0.435,0.074,0.0,4.0,25.22,0.746,0.152,2.43
206,12.0,449.09,44.0,0.548,0.018,16.0,0.0,36.52,0.542,0.102,0.0
207,4.0,154.67,3.0,0.257,0.074,24.0,1.0,42.8,0.289,0.0,2.15
208,2.0,168.06,4.0,0.162,0.046,38.0,3.0,97.94,0.203,0.21,0.92
209,26.0,1067.58,48.0,0.381,0.135,16.0,1.0,41.29,0.441,0.097,0.0
210,13.0,713.11,33.0,0.467,0.131,11.0,0.0,57.04,0.997,0.066,1.44
211,1.0,86.96,5.0,0.098,0.017,35.0,1.0,62.96,0.661,0.148,1.79
212,13.0,492.64,21.0,0.138,0.0,7.0,1.0,37.49,0.682,0.186,1.65
213,6.0,86.63,7.0,0.208,0.029,59.0,1.0,14.97,0.665,0.229,0.11
214,7.0,452.28,36.0,0.043,0.034,0.0,2.0,61.16,0.133,0.065,1.3
215,4.0,172.31,7.0,0.239,0.05,36.0,0.0,45.81,0.549,0.421,2.07
216,13.0,395.37,40.0,0.047,0.069,15.0,1.0,29.78,0.848,0.172,1.13
217,3.0,70.61,5.0,,0.024,21.0,1.0,24.45,0.149,0.258,0.5
218,2.0,44.61,5.0,0.228,0.042,123.0,0.0,22.01,0.309,0.0,0.0
219,19.0,490.16,42.0,0.168,0.025,23.0,0.0,25.23,0.453,0.182,1.68
220,5.0,70.16,17.0,0.058,0.058,49.0,1.0,13.51,0.306,0.064,0.74
221,18.0,497.22,32.0,0.075,0.051,21.0,1.0,27.35,0.49,0.182,0.37
222,10.0,398.43,23.0,0.001,0.033,13.0,2.0,41.53,0.434,0.156,2.41
223,31.0,1583.4,41.0,0.0,0.038,5.0,1.0,50.35,0.396,0.032,1.93
224,20.0,592.38,29.0,0.04,0.095,12.0,1.0,30.21,0.297,0.124,
225,16.0,418.88,42.0,0.092,0.062,19.0,1.0,25.93,0.465,0.149,4.28
226,11.0,695.22,34.0,0.12,0.026,8.0,1.0,66.13,0.256,0.238,1.3
227,15.0,667.56,12.0,0.211,0.066,21.0,2.0,44.51,0.492,0.393,1.72
228,2.0,18.2,2.0,0.181,0.081,149.0,0.0,9.02,0.362,0.078,0.0
229,12.0,466.56,24.0,0.146,0.095,8.0,1.0,40.4,0.368,0.188,2.7
230,12.0,850.83,43.0,0.339,0.069,12.0,1.0,71.05,0.295,0.045,0.63
231,4.0,98.82,4.0,0.366,0.0,14.0,2.0,24.46,0.252,0.21,0.43
232,4.0,117.44,11.0,0.253,0.066,21.0,0.0,28.18,0.252,0.32,0.71
233,19.0,689.33,26.0,0.485,0.067,5.0,0.0,37.25,0.571,0.158,0.84
234,11.0,746.76,29.0,0.147,0.005,9.0,1.0,66.99,0.664,0.197,3.29
235,19.0,602.9,30.0,0.139,0.033,8.0,0.0,31.42,0.327,0.0,1.87
236,16.0,311.3,19.0,0.09,0.013,5.0,0.0,19.18,0.314,0.19,0.52
237,12.0,392.37,28.0,0.161,0.094,1.0,0.0,32.71,0.347,0.26,1.94
238,41.0,2337.49,54.0,0.055,0.015,3.0,1.0,56.76,0.459,0.182,1.01
239,18.0,171.56,32.0,0.161,0.118,12.0,0.0,9.48,0.478,0.238,1.5
240,19.0,510.59,40.0,0.132,0.056,3.0,1.0,27.17,0.072,0.096,3.47
241,7.0,563.13,40.0,0.483,0.017,15.0,1.0,77.83,0.721,0.217,1.74
242,0.0,41.35,3.0,0.282,0.0,115.0,0.0,41.35,0.623,0.097,0.43
243,2.0,84.31,0.0,0.099,0.079,108.0,1.0,37.43,0.611,0.084,1.06
244,15.0,707.92,31.0,0.163,0.017,23.0,1.0,48.61,0.287,0.242,1.89
245,6.0,108.16,8.0,0.078,0.036,59.0,0.0,17.16,0.45,0.083,1.11
246,7.0,97.85,6.0,0.023,0.0,24.0,1.0,13.5,0.198,,0.0
247,13.0,428.36,36.0,0.14,0.038,21.0,3.0,31.87,0.693,0.434,1.8
248,2.0,183.94,13.0,0.237,0.058,36.0,0.0,73.94,0.16,0.076,1.61
249,3.0,64.85,16.0,0.1,0.053,46.0,2.0,19.82,0.248,0.205,0.77
250,5.0,164.68,7.0,0.151,0.035,12.0,0.0,30.42,0.485,0.287,0.92
251,1.0,82.58,3.0,0.075,0.092,83.0,1.0,65.6,0.059,0.0,0.68
252,3.0,109.55,6.0,0.172,0.095,40.0,0.0,33.05,0.19,0.219,1.05
253,4.0,201.67,13.0,0.233,0.041,55.0,1.0,48.15,0.449,0.592,0.36
254,1.0,0.0,4.0,0.097,0.049,96.0,1.0,0.0,0.042,0.103,1.09
255,33.0,1564.63,55.0,0.0,0.016,10.0,0.0,47.64,0.757,0.141,1.65
256,31.0,1435.28,39.0,0.053,0.06,4.0,1.0,45.86,0.247,0.347,2.64
257,7.0,568.37,28.0,0.017,0.008,26.0,1.0,81.49,0.407,0.29,1.79
258,1.0,78.64,4.0,0.065,0.0,105.0,1.0,54.4,0.256,0.113,2.32
259,1.0,43.87,3.0,0.092,0.0,28.0,0.0,43.87,0.545,0.295,0.0
260,3.0,586.12,21.0,0.08,0.059,18.0,0.0,178.1,0.478,0.207,2.36
261,1.0,81.47,2.0,0.048,0.0,112.0,0.0,81.47,0.311,0.091,1.7
262,12.0,422.69,27.0,0.153,0.045,0.0,1.0,36.62,0.232,0.143,1.11
263,15.0,822.18,28.0,0.004,0.071,8.0,1.0,54.29,0.191,0.043,2.26
264,20.0,621.54,43.0,0.403,0.115,20.0,2.0,31.23,0.328,0.158,1.27
265,41.0,2039.75,29.0,0.013,0.049,0.0,1.0,49.44,0.209,0.126,1.99
266,7.0,209.28,5.0,0.226,0.072,36.0,0.0,29.05,0.256,0.271,1.97
267,0.0,627.95,29.0,0.0,0.112,16.0,1.0,627.95,0.296,0.047,2.78
268,4.0,23.31,11.0,0.168,0.0,29.0,1.0,5.68,0.478,0.055,0.47
269,19.0,328.95,51.0,0.309,0.081,6.0,0.0,17.53,0.423,0.23,1.29
270,6.0,304.02,33.0,0.068,0.094,9.0,0.0,53.48,0.366,0.05,3.03
271,7.0,120.02,3.0,0.116,0.046,46.0,1.0,17.98,0.316,0.039,1.04
272,2.0,117.31,5.0,0.132,0.073,61.0,0.0,48.0,0.502,0.066,1.61
273,1.0,56.86,1.0,0.208,0.03,113.0,0.0,56.86,0.461,0.095,2.48
274,36.0,1571.37,44.0,0.036,0.053,6.0,0.0,44.18,0.292,0.123,0.73
275,17.0,863.35,27.0,0.101,0.061,5.0,1.0,50.94,0.607,0.001,0.92
276,15.0,851.31,31.0,0.048,0.033,14.0,1.0,58.59,0.278,0.291,1.64
277,3.0,100.76,11.0,0.078,0.019,20.0,0.0,32.97,0.111,0.236,2.82
278,4.0,70.75,6.0,0.035,0.03,50.0,2.0,17.16,0.208,0.167,1.27
279,21.0,744.24,42.0,0.099,0.08,10.0,0.0,35.5,0.368,0.193,1.6
280,16.0,150.25,33.0,0.096,0.077,16.0,0.0,9.5,0.04,0.293,2.91
281,27.0,2617.4,53.0,0.136,0.037,0.0,1.0,95.94,0.705,0.316,1.39
282,3.0,146.76,4.0,0.215,0.009,35.0,0.0,45.51,0.592,0.222,1.33
283,0.0,69.15,8.0,0.193,0.055,37.0,0.0,69.15,0.465,0.289,0.1
284,23.0,2952.74,77.0,0.074,0.066,5.0,3.0,127.41,0.392,0.214,2.64
285,16.0,750.14,11.0,0.331,0.082,0.0,3.0,47.24,0.8,0.172,0.85
286,22.0,613.96,54.0,0.481,0.079,0.0,1.0,28.36,0.613,0.352,2.57
287,39.0,1842.51,86.0,0.052,0.012,4.0,3.0,47.53,0.381,0.051,2.75
288,1.0,34.3,1.0,0.137,0.025,91.0,1.0,24.58,0.522,0.0,0.53
289,13.0,426.99,37.0,0.104,0.102,16.0,0.0,33.35,0.52,0.257,1.48
290,8.0,425.86,42.0,0.401,0.126,15.0,1.0,55.6,0.666,0.094,2.33
291,12.0,478.61,17.0,0.113,0.042,12.0,1.0,39.07,0.599,0.094,1.12
292,13.0,592.5,40.0,0.0,0.004,20.0,1.0,46.87,0.433,0.0,0.9
293,1.0,105.28,4.0,0.193,0.024,87.0,0.0,105.28,0.453,0.0,1.94
294,15.0,348.25,21.0,0.21,0.006,14.0,2.0,23.25,0.602,0.222,1.16
295,20.0,1964.48,54.0,0.066,0.065,3.0,1.0,99.68,0.559,0.11,2.01
296,8.0,144.05,51.0,0.079,0.048,19.0,0.0,19.2,0.33,0.342,1.54
297,2.0,16.6,3.0,0.257,0.013,47.0,1.0,8.87,0.29,0.136,0.63
298,2.0,112.37,5.0,0.214,0.06,51.0,1.0,48.47,0.261,0.106,0.49
299,13.0,675.85,31.0,0.109,0.027,16.0,0.0,52.62,0.563,0.0,3.91
300,30.0,2106.71,37.0,0.067,0.037,6.0,4.0,69.28,0.723,0.375,2.1
301,23.0,2277.1,40.0,0.059,0.039,8.0,3.0,99.23,0.538,0.0,2.5
302,9.0,681.94,32.0,0.209,0.046,17.0,2.0,77.9,0.336,0.233,0.53
303,4.0,238.0,7.0,0.205,0.085,29.0,1.0,58.89,0.809,0.105,2.1
304,6.0,267.38,25.0,0.05,0.025,7.0,0.0,43.84,0.088,0.12,1.28
305,5.0,101.63,11.0,0.071,0.067,18.0,1.0,18.76,0.221,0.21,0.48
306,12.0,465.38,23.0,0.17,0.064,19.0,0.0,40.22,0.243,0.356,1.58
307,4.0,251.51,17.0,0.11,0.0,9.0,2.0,62.79,0.436,0.282,2.24
308,13.0,694.11,27.0,0.091,0.1,14.0,2.0,53.91,0.439,0.319,2.71
309,5.0,433.86,37.0,,0.06,9.0,0.0,80.89,0.225,0.145,1.94
310,1.0,57.86,7.0,0.167,0.002,24.0,0.0,41.31,0.385,0.371,1.73
311,4.0,128.99,4.0,0.347,0.07,12.0,1.0,35.19,0.552,0.129,1.24
312,12.0,902.04,39.0,0.421,0.158,17.0,2.0,72.34,0.435,0.345,0.65
313,10.0,846.04,13.0,0.032,0.088,11.0,1.0,82.35,0.303,0.174,1.53
314,13.0,984.64,62.0,0.281,0.103,21.0,1.0,74.44,0.34,0.264,0.89
315,10.0,568.49,31.0,0.365,0.054,17.0,2.0,55.42,0.539,0.374,1.92
316,2.0,128.64,14.0,0.143,0.024,16.0,2.0,57.76,0.673,0.305,1.06
317,16.0,530.62,24.0,0.032,0.044,5.0,1.0,33.39,0.731,0.428,
318,10.0,463.17,27.0,0.117,0.045,16.0,1.0,45.92,0.335,0.178,3.42
319,2.0,88.87,11.0,0.16,0.015,31.0,2.0,36.03,0.186,0.245,1.79
320,5.0,111.81,5.0,0.274,0.06,56.0,1.0,24.07,0.435,0.324,1.38
321,13.0,718.2,39.0,0.323,0.13,8.0,3.0,55.82,0.706,0.394,1.04
322,12.0,717.56,38.0,0.367,0.077,6.0,1.0,60.72,0.579,0.183,1.31
323,14.0,674.33,41.0,0.072,0.001,22.0,2.0,47.32,0.248,0.2,2.86
324,32.0,1484.2,56.0,0.096,0.048,2.0,4.0,45.95,0.293,0.029,1.71
325,8.0,817.96,30.0,0.097,0.033,9.0,3.0,98.58,0.613,0.059,1.09
326,28.0,3040.75,70.0,0.046,0.07,9.0,2.0,109.2,0.772,0.204,2.12
327,7.0,186.52,35.0,0.148,0.022,10.0,0.0,25.4,0.215,0.26,2.59
328,11.0,535.21,14.0,0.057,0.077,6.0,1.0,49.8,0.305,0.319,2.87
329,17.0,685.65,45.0,0.427,0.079,25.0,2.0,41.29,0.305,0.037,1.83
330,11.0,565.02,31.0,0.375,0.103,8.0,0.0,50.82,0.423,0.0,1.43
331,14.0,522.29,21.0,0.077,0.081,15.0,1.0,38.0,0.292,0.166,1.61
332,22.0,622.58,40.0,0.455,0.074,0.0,2.0,28.54,0.76,0.204,1.14
333,18.0,677.88,47.0,0.06,0.068,19.0,0.0,37.98,0.369,0.241,0.59
334,24.0,1960.16,46.0,0.084,0.029,10.0,1.0,82.65,0.232,0.46,3.14
335,33.0,2472.51,36.0,0.039,0.015,7.0,1.0,74.57,0.137,0.097,1.42
336,12.0,706.53,40.0,0.166,0.057,16.0,3.0,57.7,0.439,0.108,3.07
337,21.0,460.4,42.0,0.32,0.115,29.0,1.0,22.41,0.764,0.267,1.41
338,13.0,520.56,27.0,0.13,0.127,17.0,2.0,40.53,0.54,0.015,
339,2.0,65.32,7.0,0.093,0.013,117.0,1.0,40.96,0.608,0.04,1.06
340,1.0,8.62,3.0,0.154,0.053,116.0,1.0,7.92,0.497,0.023,0.0
341,1.0,106.15,1.0,0.087,0.02,156.0,0.0,76.3,0.424,0.243,1.22
342,0.0,96.3,4.0,0.137,0.094,58.0,0.0,96.3,0.506,0.127,0.13
343,4.0,87.77,7.0,0.006,0.045,26.0,0.0,19.84,0.689,0.086,0.73
344,5.0,872.41,56.0,0.037,0.056,2.0,2.0,161.22,0.452,0.139,1.48
345,40.0,2432.27,68.0,0.078,0.056,8.0,2.0,60.3,0.534,0.243,1.73
346,12.0,409.44,53.0,0.124,0.002,18.0,0.0,34.19,0.086,0.194,0.02
347,12.0,924.57,34.0,0.119,0.055,12.0,0.0,77.0,0.212,0.122,2.62
348,5.0,90.34,1.0,0.181,0.042,23.0,0.0,19.71,0.575,0.318,1.04
349,0.0,199.95,9.0,0.099,0.027,35.0,0.0,199.95,0.485,0.232,1.01
350,17.0,1009.91,28.0,0.523,0.101,15.0,2.0,57.95,0.91,0.236,2.46
351,4.0,109.12,5.0,0.187,0.09,26.0,0.0,29.53,0.418,0.297,1.71
352,25.0,1813.46,69.0,0.049,0.034,4.0,2.0,73.07,0.264,0.045,1.73
353,4.0,111.09,8.0,0.249,0.0,32.0,1.0,24.94,0.466,0.323,0.0
354,9.0,931.54,44.0,0.071,0.089,10.0,2.0,106.7,0.158,0.081,1.4
355,2.0,85.86,9.0,0.21,0.027,48.0,0.0,42.5,0.551,0.019,0.92
356,29.0,2111.28,87.0,0.012,0.019,5.0,0.0,72.7,0.394,0.134,3.19
357,18.0,587.95,29.0,0.091,0.063,11.0,1.0,33.4,0.295,0.119,2.33
358,10.0,638.31,25.0,0.123,0.051,9.0,2.0,66.27,0.103,0.197,3.08
359,13.0,320.75,29.0,0.061,0.082,11.0,0.0,23.98,0.493,0.451,2.13
360,18.0,387.62,22.0,0.028,0.096,16.0,2.0,21.52,0.127,0.205,1.34
361,34.0,1836.63,89.0,0.016,0.045,8.0,2.0,54.26,0.372,0.135,3.1
362,3.0,24.52,6.0,0.029,0.043,14.0,1.0,9.33,0.333,0.206,1.45
363,20.0,474.5,39.0,0.169,0.158,2.0,2.0,23.54,0.618,0.367,0.0
364,15.0,467.83,44.0,0.402,0.07,15.0,1.0,31.34,0.51,0.217,0.0
365,2.0,2.81,4.0,0.264,0.027,103.0,0.0,1.63,0.628,0.122,0.37
366,9.0,384.66,35.0,0.142,0.018,9.0,2.0,43.39,0.438,0.536,1.76
367,19.0,928.89,30.0,0.338,0.07,13.0,0.0,48.54,0.706,0.179,0.44
368,3.0,79.61,0.0,0.265,0.035,32.0,0.0,22.95,0.181,0.273,1.43
369,1.0,113.19,2.0,0.214,0.025,83.0,0.0,113.19,0.592,0.061,0.75
370,0.0,35.54,5.0,0.267,0.019,49.0,1.0,35.54,0.75,0.0,1.65
371,11.0,271.81,26.0,0.015,0.037,13.0,1.0,24.47,0.192,0.398,2.47
372,4.0,173.18,19.0,0.289,0.035,6.0,2.0,46.93,0.735,0.131,0.09
373,27.0,549.67,54.0,0.402,0.088,8.0,1.0,20.2,0.259,0.187,0.55
374,11.0,499.28,27.0,0.113,0.078,24.0,0.0,45.57,0.524,0.154,1.11
375,1.0,24.0,1.0,0.1,0.008,72.0,1.0,17.29,0.51,0.0,0.56
376,2.0,104.15,7.0,0.177,0.034,52.0,0.0,43.51,0.345,0.162,1.93
377,11.0,936.41,55.0,0.168,0.138,12.0,0.0,82.13,0.466,0.325,0.95
378,6.0,519.09,23.0,0.095,0.043,16.0,1.0,86.35,0.341,0.163,2.28
379,3.0,201.47,14.0,0.239,0.021,14.0,0.0,58.13,0.161,0.098,0.0
380,21.0,2319.78,39.0,0.029,0.039,1.0,1.0,109.1,0.293,0.224,1.21
381,1.0,135.25,9.0,0.193,0.048,25.0,0.0,119.35,0.369,0.132,0.72
382,9.0,694.52,27.0,0.133,0.054,11.0,2.0,74.34,0.458,0.046,2.84
383,14.0,377.25,19.0,0.074,0.052,7.0,2.0,27.74,0.428,0.18,3.02
384,7.0,96.16,12.0,0.211,0.064,63.0,1.0,14.53,0.591,0.224,0.48
385,16.0,424.28,33.0,0.054,0.051,18.0,1.0,26.98,0.338,0.287,2.91
386,13.0,583.19,38.0,0.056,,10.0,0.0,45.69,0.503,0.105,2.94
387,3.0,189.53,12.0,0.247,0.047,14.0,1.0,62.68,0.315,0.312,1.61
388,1.0,15.43,4.0,0.09,0.057,67.0,0.0,10.97,0.446,0.0,0.62
389,11.0,555.43,44.0,0.109,0.056,2.0,1.0,50.41,0.107,0.195,1.49
390,3.0,191.49,7.0,0.317,0.035,30.0,1.0,71.18,0.472,0.124,0.44
391,33.0,1736.97,64.0,0.047,0.05,5.0,2.0,52.24,0.35,,1.71
392,8.0,379.34,29.0,0.061,0.021,7.0,2.0,47.97,0.191,0.182,2.85
393,19.0,461.38,28.0,0.1,0.092,7.0,1.0,24.19,0.27,0.005,2.51
394,13.0,704.16,27.0,0.052,0.056,10.0,1.0,52.5,0.479,0.254,2.62
395,39.0,1437.57,58.0,0.005,0.068,0.0,0.0,36.44,0.542,0.246,1.75
396,11.0,2239.26,80.0,0.098,0.044,12.0,1.0,197.24,0.193,0.408,2.04
397,12.0,718.19,35.0,0.127,0.064,6.0,1.0,59.89,0.325,0.226,2.54
398,17.0,779.48,19.0,0.447,0.12,9.0,0.0,45.27,0.483,0.249,1.32
399,30.0,1403.37,59.0,0.012,0.002,11.0,3.0,47.04,0.216,0.166,0.78
400,32.0,644.14,36.0,0.067,0.022,10.0,0.0,20.22,0.339,0.0,2.79
401,5.0,170.64,9.0,0.4,,25.0,1.0,35.72,0.451,0.206,0.0
402,4.0,52.07,13.0,0.164,0.098,53.0,0.0,14.53,0.753,0.3,0.0
403,14.0,496.24,35.0,0.172,0.064,13.0,1.0,35.35,0.119,0.31,1.46
404,1.0,101.17,8.0,0.205,0.049,52.0,2.0,101.17,0.53,0.294,1.3
405,0.0,91.47,0.0,0.284,0.049,49.0,1.0,91.47,0.694,0.386,0.94
406,27.0,1911.44,67.0,0.047,0.028,3.0,3.0,69.93,0.207,0.221,0.73
407,6.0,600.89,33.0,0.039,0.013,14.0,0.0,94.73,0.192,0.212,2.29
408,39.0,2455.16,47.0,0.03,0.063,9.0,3.0,63.0,0.159,0.292,0.69
409,4.0,43.17,7.0,0.195,0.0,33.0,1.0,12.27,0.239,0.083,2.75
410,41.0,2229.82,63.0,0.024,0.037,2.0,2.0,54.93,0.211,0.346,2.7
411,3.0,135.18,3.0,0.206,0.037,62.0,1.0,48.31,0.214,0.232,1.67
412,16.0,753.72,45.0,0.274,0.088,5.0,1.0,46.28,0.363,0.249,0.99
413,0.0,50.78,3.0,0.232,0.0,98.0,0.0,50.78,0.333,0.041,0.82
414,45.0,1525.79,61.0,0.026,0.019,9.0,3.0,33.56,0.709,0.271,1.56
415,41.38142710392749,2198.5040043235563,25.0,0.038,0.062,12.0,2.0,28.01,0.473,0.317,1.59
416,6.0,258.35,7.0,0.197,0.044,57.0,0.0,40.74,0.41,0.462,1.66
417,7.0,405.2,60.0,0.378,0.156,10.0,1.0,61.13,0.91,0.303,0.23
418,8.0,573.77,16.0,0.159,0.03,4.0,1.0,75.68,0.445,0.0,2.3
419,2.0,97.24,12.0,0.179,0.021,39.0,1.0,49.14,0.308,0.221,1.1
420,13.0,141.44,41.0,0.062,0.047,11.0,2.0,10.68,0.364,0.219,1.71
421,1.0,95.44,6.0,0.169,0.044,30.0,1.0,88.54,0.123,0.329,1.46
422,10.0,199.22,44.0,0.109,0.063,8.0,2.0,20.58,0.7,0.137,0.66
423,29.0,1443.85,26.0,0.05,0.021,2.0,3.0,49.24,0.103,0.0,1.66
424,20.0,828.95,41.0,0.372,0.165,14.0,3.0,41.74,0.641,0.143,0.02
425,10.0,174.85,38.0,0.109,0.073,16.0,0.0,18.4,0.463,0.256,1.85
426,4.0,153.99,14.0,0.175,0.066,64.0,1.0,35.47,0.072,0.337,1.02
427,13.0,444.76,20.0,0.064,0.017,22.0,1.0,33.07,0.063,0.095,2.46
428,4.0,154.87,8.0,0.283,0.103,32.0,3.0,42.36,0.288,0.369,0.84
429,2.0,192.36,3.0,0.14,0.018,89.0,1.0,92.0,0.75,0.028,0.0
430,27.0,844.85,65.0,0.49,0.14,8.0,0.0,31.38,0.468,0.213,1.63
431,22.0,1587.74,50.0,0.0,0.07,10.0,0.0,72.62,0.151,0.399,1.98
432,3.0,106.79,7.0,0.162,0.084,19.0,0.0,36.17,0.323,0.108,0.72
433,4.0,141.69,6.0,0.072,0.085,75.0,0.0,32.05,0.517,0.08,1.01
434,2.0,66.59,5.0,0.218,0.041,122.0,1.0,34.32,0.258,0.014,0.4
435,1.0,29.55,9.0,0.22,0.087,60.0,1.0,21.91,0.486,0.33,1.1
436,0.0,182.38,1.0,0.189,0.013,20.0,1.0,182.38,0.254,0.093,1.7
437,26.0,804.97,58.0,0.361,0.086,0.0,1.0,31.35,0.351,0.116,1.2
438,13.0,513.31,26.0,0.022,0.109,0.0,1.0,39.98,0.058,0.187,2.1
439,11.0,633.54,30.0,0.09,0.019,19.0,1.0,57.86,0.527,0.417,1.87
440,13.0,578.69,24.0,0.196,0.0,15.0,1.0,46.29,0.206,0.196,2.08
441,39.0,1628.55,49.0,0.072,0.024,2.0,2.0,41.25,0.192,0.228,1.78
442,11.0,762.15,52.0,0.036,0.074,12.0,1.0,69.92,0.186,0.302,3.18
443,22.0,838.52,35.0,0.383,0.045,18.0,1.0,37.69,0.785,0.086,0.0
444,13.0,488.3,26.0,0.024,0.054,14.0,3.0,38.13,0.124,0.284,1.24
445,20.0,586.62,29.0,0.141,0.04,0.0,1.0,29.35,0.37,0.059,1.71
446,1.0,65.36,7.0,0.269,0.079,40.0,1.0,45.99,0.545,0.278,0.5
447,21.0,1803.2,33.0,0.068,0.041,7.0,0.0,84.75,0.667,0.348,1.92
448,8.0,110.67,3.0,0.163,0.037,19.0,0.0,13.92,0.212,0.307,0.74
449,41.0,1484.27,61.0,0.056,0.033,7.0,2.0,36.65,0.133,0.061,2.78
450,25.0,1883.07,43.0,0.113,0.012,6.0,1.0,75.12,0.47,0.089,3.23
451,3.0,86.38,3.0,0.114,0.0,116.0,0.0,29.84,0.464,0.0,0.76
452,5.0,58.95,6.0,0.264,0.0,49.0,1.0,12.16,0.246,0.348,0.02
453,4.0,23.72,8.0,0.19,0.068,45.0,1.0,6.43,0.268,0.126,0.45
454,30.0,1447.67,31.0,0.037,0.033,12.0,2.0,48.07,0.665,0.125,3.01
455,12.0,496.75,37.0,0.076,0.064,13.0,0.0,41.09,0.16,0.195,1.26
456,2.0,122.04,8.0,0.0,0.034,27.0,1.0,48.84,0.143,0.032,0.28
457,22.0,851.84,74.0,0.328,0.13,6.0,2.0,39.44,0.64,0.347,0.11
458,26.0,899.08,46.0,0.083,0.018,4.0,0.0,34.9,0.425,0.05,2.48
459,3.0,89.36,8.0,0.235,0.007,56.0,0.0,29.11,0.146,0.075,2.08
460,2.0,148.58,12.0,0.094,0.051,26.0,1.0,59.49,0.081,0.112,1.09
461,15.0,654.87,43.0,0.416,0.09,4.0,2.0,43.69,0.416,0.317,1.34
462,2.0,581.99,41.0,0.052,0.076,15.0,1.0,236.41,0.563,0.462,1.88
463,1.0,69.35,5.0,0.126,0.027,101.0,1.0,69.35,0.416,0.115,1.82
464,13.0,948.99,22.0,0.195,0.067,8.0,0.0,75.84,0.648,0.209,2.67
465,0.0,142.09,17.0,0.167,0.0,37.0,1.0,142.09,0.495,0.355,0.6
466,0.0,100.55,11.0,0.118,0.007,22.0,1.0,100.55,0.403,0.258,1.37
467,21.0,259.09,28.0,0.053,0.067,13.0,2.0,12.21,0.426,0.069,3.23
468,21.0,2581.06,58.0,0.031,0.032,5.0,1.0,122.74,0.27,0.102,1.6
469,1.0,184.61,10.0,0.103,0.024,24.0,0.0,157.94,0.773,0.036,1.1
470,2.0,586.86,18.0,0.221,0.05,10.0,1.0,312.37,0.198,0.315,2.66
471,13.0,673.94,26.0,0.135,0.026,1.0,0.0,50.13,0.326,0.075,2.0
472,40.0,1307.43,33.0,0.09,0.026,3.0,1.0,32.47,0.307,0.144,2.0
473,8.0,40.57,10.0,0.114,0.047,25.0,1.0,5.27,0.189,0.087,0.61
474,19.0,433.39,41.0,0.465,0.11,6.0,1.0,22.36,0.504,0.12,1.14
475,14.0,601.25,32.0,0.071,0.05,12.0,1.0,41.76,0.411,0.055,1.76
476,13.0,613.14,56.0,0.518,0.084,12.0,3.0,45.84,0.86,0.0,0.69
477,19.0,742.2,67.0,0.326,0.131,10.0,2.0,39.79,0.551,0.159,2.25
478,21.0,336.43,52.0,0.299,0.056,17.0,1.0,16.06,0.303,0.174,2.35
479,3.0,92.63,7.0,0.07,0.044,27.0,1.0,28.41,0.555,0.35,0.26
480,22.0,433.82,24.0,0.292,0.07,9.0,1.0,19.59,0.839,0.393,1.22
481,1.0,109.91,5.0,0.119,0.066,29.0,1.0,94.28,0.467,0.217,1.66
482,15.0,851.09,23.0,0.098,0.0,11.0,2.0,56.4,0.373,0.387,1.22
483,4.0,149.31,5.0,0.232,0.007,11.0,0.0,37.99,0.203,0.422,0.0
484,23.0,479.89,13.0,0.146,0.015,25.0,1.0,20.45,0.158,0.0,2.33
485,0.0,79.92,7.0,0.212,0.053,54.0,1.0,79.92,0.735,0.258,1.81
486,2.0,88.64,3.0,0.074,0.037,152.0,0.0,42.34,0.834,0.0,2.32
487,6.0,250.53,11.0,0.257,0.068,19.0,0.0,44.16,0.839,0.33,1.06
488,22.0,653.9,35.0,0.156,0.1,7.0,1.0,29.77,0.283,0.479,2.24
489,19.0,733.51,48.0,0.293,0.124,11.0,1.0,37.83,0.428,0.111,0.0
490,2.0,228.35,0.0,0.176,0.027,18.0,0.0,94.46,0.34,0.373,0.0
491,21.0,626.2,18.0,0.169,0.08,8.0,1.0,29.37,0.098,0.155,0.81
492,9.0,148.69,34.0,0.085,0.041,12.0,1.0,16.3,0.639,0.376,2.55
493,22.0,2413.67,17.0,0.036,0.043,10.0,3.0,108.23,0.167,0.057,3.4
494,18.0,1776.19,45.0,0.042,0.0,11.0,2.0,96.65,0.185,0.119,1.95
495,9.0,497.73,45.0,0.404,0.084,17.0,3.0,58.13,0.509,0.179,0.0
496,20.0,936.87,52.0,0.367,0.035,15.0,0.0,47.78,0.75,0.213,0.72
497,9.0,545.97,15.0,0.143,0.035,11.0,0.0,62.24,0.245,0.21,1.6
498,8.0,548.89,26.0,0.052,0.079,9.0,4.0,64.74,0.421,0.182,1.31
499,2.0,171.73,5.0,0.159,0.053,0.0,0.0,87.39,0.297,0.414,1.77
500,3.0,45.41,4.0,0.226,0.0,60.0,0.0,16.02,0.389,0.081,1.6
501,11.0,916.39,34.0,0.364,0.133,19.0,3.0,82.96,0.565,0.222,0.0
502,4.0,135.01,7.0,0.047,0.052,30.0,0.0,30.3,0.159,0.455,0.0
503,14.0,418.38,58.0,0.343,0.068,6.0,1.0,30.37,0.679,0.352,2.09
504,13.0,143.39,26.0,0.02,0.046,11.0,2.0,10.82,0.109,0.248,0.2
505,3.0,211.41,3.0,0.112,0.024,38.0,0.0,79.71,0.58,0.104,0.81
506,12.0,553.3,46.0,0.086,0.023,22.0,0.0,45.89,0.37,0.305,2.29
507,9.0,178.74,23.0,0.071,0.084,6.0,1.0,20.38,0.079,0.302,1.16
508,3.0,80.24,8.0,0.141,0.017,51.0,1.0,26.23,0.552,0.12,1.58
509,9.0,248.82,21.0,0.06,0.015,10.0,1.0,28.64,0.196,0.137,2.3
510,19.0,651.93,64.0,0.337,0.103,10.0,3.0,34.07,0.478,0.207,0.05
511,16.0,609.76,15.0,0.134,0.073,17.0,1.0,37.4,0.301,0.0,1.54
512,13.0,550.88,17.0,0.156,0.043,6.0,1.0,42.85,0.767,0.275,2.39
513,2.0,135.42,0.0,0.144,0.065,154.0,0.0,62.0,0.176,0.235,0.54
514,2.0,35.91,6.0,0.253,0.007,38.0,1.0,18.53,0.454,0.229,1.29
515,17.0,1014.31,36.0,0.087,0.027,20.0,2.0,59.41,0.18,0.474,4.49
516,2.0,103.0,4.0,,0.0,136.0,1.0,50.64,0.269,0.08,0.99
517,8.0,467.37,28.0,0.044,0.021,17.0,1.0,57.0,0.154,0.218,2.22
518,11.0,570.76,24.0,0.061,0.033,10.0,0.0,54.2,0.269,0.158,2.8
519,20.0,558.83,40.0,0.111,0.012,16.0,1.0,27.79,0.516,0.215,3.49
520,0.0,75.92,10.0,0.254,0.074,38.0,1.0,75.92,0.043,0.271,1.34
521,38.0,1842.52,43.0,0.06,0.025,2.0,2.0,48.14,0.188,0.355,1.2
522,2.0,92.22,3.0,0.087,0.0,166.0,0.0,49.75,0.808,0.0,1.5
523,1.0,76.55,3.0,0.097,0.002,69.0,0.0,61.88,0.358,0.014,0.39
524,16.0,572.22,17.0,0.109,0.08,10.0,1.0,35.49,0.083,0.174,1.64
525,4.0,345.2,37.0,0.194,0.03,10.0,2.0,76.92,0.179,0.33,2.8
526,45.0,1473.26,62.0,0.08,0.031,5.0,2.0,33.04,0.586,0.177,1.55
527,2.0,17.77,3.0,0.198,0.043,126.0,1.0,10.63,0.18,0.0,0.95
528,1.0,48.04,2.0,0.149,0.046,60.0,1.0,38.28,0.627,0.0,1.07
529,20.0,499.68,28.0,0.067,0.022,13.0,2.0,25.34,0.565,0.0,1.84
530,2.0,160.88,2.0,0.193,0.05,30.0,0.0,101.26,0.446,0.0,1.61
531,21.0,2761.86,30.0,0.063,0.037,3.0,2.0,133.43,0.064,0.195,1.12
532,14.0,522.38,21.0,0.41,0.169,10.0,0.0,36.21,0.575,0.224,1.2
533,4.0,227.37,7.0,0.199,0.082,15.0,0.0,55.5,0.646,0.422,0.23
534,1.0,15.87,4.0,0.283,0.0,89.0,1.0,15.87,0.401,0.0,0.0
535,34.0,1940.57,57.0,0.03,0.012,6.0,0.0,57.23,0.507,0.008,1.15
536,6.0,186.45,1.0,0.136,,3.0,0.0,29.69,0.604,0.23,1.76
537,7.0,680.32,37.0,0.105,0.0,19.0,0.0,91.83,0.465,0.387,2.49
538,4.0,137.91,10.0,0.214,0.036,36.0,1.0,34.95,0.31,0.182,0.7
539,39.0,1674.34,52.0,0.056,0.041,5.0,5.0,42.44,0.17,0.11,
540,11.0,174.29,32.0,0.179,0.021,20.0,0.0,15.31,0.453,0.37,2.52
541,11.0,336.1,24.0,0.068,0.06,11.0,1.0,31.13,0.613,0.125,3.24
542,22.0,420.1,23.0,0.32,0.07,14.0,4.0,19.27,0.524,0.043,0.7
543,18.0,689.21,71.0,0.425,0.099,14.0,1.0,39.36,0.435,0.208,0.49
544,0.0,192.16,10.0,0.223,0.052,48.0,1.0,192.16,0.144,0.138,1.47
545,16.0,809.09,50.0,0.322,0.081,21.0,2.0,51.92,0.591,0.199,1.14
546,16.0,490.51,33.0,0.08,0.0,5.0,1.0,30.66,0.543,0.314,1.36
547,3.0,109.15,1.0,0.257,0.078,44.0,1.0,42.44,0.525,0.0,1.55
548,10.0,256.45,24.0,0.119,0.06,11.0,1.0,25.65,0.364,0.391,2.03
549,9.0,557.66,23.0,0.15,0.037,14.0,1.0,60.67,0.139,0.242,0.68
550,15.0,407.14,18.0,0.485,0.023,2.0,1.0,26.69,0.594,0.32,1.49
551,14.0,684.44,34.0,0.279,0.062,9.0,1.0,48.04,0.214,0.318,0.99
552,3.0,48.82,3.0,0.251,0.066,70.0,0.0,18.94,0.662,0.213,0.54
553,18.0,441.61,37.0,0.169,0.061,8.0,0.0,24.03,0.16,0.247,2.13
554,14.0,634.3,52.0,0.597,0.071,12.0,1.0,43.8,0.793,0.356,2.15
555,30.0,1570.3,36.0,0.036,,1.0,0.0,53.13,0.162,0.345,2.34
556,23.0,685.34,53.0,0.444,0.111,1.0,2.0,29.39,0.763,0.292,1.15
557,7.0,572.94,46.0,0.133,0.103,5.0,0.0,84.77,0.053,0.212,2.24
558,3.0,135.16,9.0,0.19,0.027,55.0,1.0,51.64,0.195,0.221,1.71
559,12.0,479.79,40.0,0.116,0.06,5.0,1.0,41.22,0.52,0.517,2.34
560,15.0,346.14,27.0,0.122,0.02,14.0,0.0,23.56,0.62,0.148,1.4
561,16.0,890.87,44.0,0.425,0.149,13.0,0.0,56.95,0.234,0.016,0.0
562,12.0,820.0,24.0,0.158,0.097,15.0,2.0,70.83,0.167,0.276,3.89
563,8.0,144.67,11.0,0.224,0.071,37.0,0.0,18.64,0.407,0.137,1.51
564,35.0,2330.61,42.0,0.073,0.045,0.0,3.0,66.1,0.474,0.296,1.64
565,7.0,519.24,28.0,0.2,0.082,11.0,0.0,76.17,0.573,0.096,1.19
566,11.0,265.15,33.0,0.146,0.048,20.0,1.0,23.45,0.125,0.0,1.47
567,2.0,49.01,3.0,0.037,0.001,95.0,0.0,21.61,0.035,0.325,0.98
568,32.0,2217.16,30.0,0.042,,7.0,0.0,69.07,0.317,0.253,4.48
569,43.0,1979.57,69.0,0.05,0.046,5.0,3.0,45.96,0.819,0.319,
570,1.0,50.38,4.0,0.172,0.0,130.0,0.0,39.68,0.822,0.185,0.98
571,34.0,2403.24,81.0,0.072,0.028,2.0,1.0,70.23,0.591,0.096,0.94
572,2.0,84.48,4.0,0.172,0.063,22.0,1.0,53.75,0.518,0.0,1.06
573,17.0,2396.2,61.0,0.02,0.031,5.0,1.0,144.81,0.405,0.159,1.81
574,10.0,657.06,24.0,0.142,0.096,21.0,0.0,65.25,0.369,0.209,1.25
575,16.0,656.0,38.0,0.084,0.073,24.0,0.0,40.04,0.753,0.478,0.95
576,2.0,91.74,8.0,0.295,0.124,28.0,1.0,60.97,0.58,0.162,0.0
577,17.0,527.09,26.0,0.116,0.028,24.0,1.0,30.31,0.487,0.14,2.39
578,3.0,54.4,8.0,0.247,0.0,40.0,1.0,15.72,0.332,0.005,1.16
579,6.0,174.59,18.0,0.386,0.033,33.0,1.0,29.2,0.344,0.197,0.0
580,14.0,2372.66,42.0,0.012,0.053,6.0,4.0,173.76,0.04,0.311,1.89
581,26.0,1237.66,78.0,0.076,0.055,4.0,1.0,47.84,0.223,0.306,1.49
582,5.0,101.83,8.0,0.102,0.06,45.0,1.0,21.73,0.744,0.366,0.0
583,0.0,130.48,13.0,0.135,0.061,36.0,0.0,130.48,0.66,0.042,1.41
584,29.0,1296.61,48.0,0.047,0.063,1.0,3.0,44.94,0.341,0.146,1.59
585,14.0,588.35,23.0,0.089,0.073,15.0,1.0,42.03,0.746,0.237,2.56
586,12.0,797.22,36.0,0.139,0.052,21.0,2.0,66.01,0.643,0.243,1.56
587,5.0,152.54,13.0,0.169,0.0,49.0,0.0,30.15,0.155,0.278,0.0
588,13.0,456.06,41.0,0.462,0.141,23.0,2.0,34.13,0.714,0.477,1.51
589,3.0,128.41,10.0,0.226,0.061,10.0,2.0,43.71,0.242,0.323,0.31
590,10.0,482.34,17.0,0.144,0.054,13.0,1.0,50.11,0.477,0.377,0.51
591,5.0,590.22,15.0,0.1,0.049,17.0,0.0,117.44,0.476,0.062,1.86
592,21.0,641.96,41.0,0.123,0.046,12.0,0.0,31.2,0.049,0.237,2.97
593,2.0,13.51,4.0,0.0,0.0,48.0,1.0,5.86,0.217,0.23,0.39
594,4.0,67.71,6.0,0.208,0.039,19.0,0.0,16.77,0.526,0.344,0.0
595,1.0,127.9,14.0,0.262,0.052,58.0,1.0,106.46,0.775,0.06,0.43
596,2.0,157.48,1.0,0.14,0.02,8.0,0.0,80.7,0.185,,1.93
597,15.0,651.3,57.0,0.388,0.151,15.0,0.0,44.34,0.751,0.475,3.01
598,10.0,463.51,18.0,0.04,0.04,16.0,1.0,44.29,0.44,0.127,1.33
599,2.0,88.0,0.0,0.093,0.036,126.0,0.0,36.6,0.438,0.0,0.82
600,4.0,219.61,9.0,0.237,0.028,34.0,1.0,55.94,0.71,0.162,0.84
601,15.0,322.52,20.0,0.072,0.091,10.0,1.0,21.8,0.45,0.267,1.58
602,27.0,1686.89,43.0,0.009,0.021,5.0,4.0,62.78,0.575,0.339,2.81
603,13.0,374.4,31.0,0.136,0.0,10.0,1.0,28.57,0.734,0.331,3.64
604,12.0,521.78,46.0,0.095,0.055,28.0,0.0,41.96,0.081,0.198,2.15
605,13.0,406.87,44.0,0.325,0.041,8.0,1.0,31.01,0.741,0.101,0.0
606,13.0,526.21,30.0,0.143,0.083,12.0,2.0,39.3,0.129,0.201,0.98
607,1.0,11.64,4.0,0.093,0.025,89.0,0.0,9.26,0.296,0.229,0.0
608,2.0,135.47,8.0,,0.062,52.0,0.0,58.37,0.285,0.462,2.5
609,12.0,424.71,26.0,0.01,0.088,15.0,0.0,34.4,0.167,0.119,2.08
610,31.0,2323.92,38.0,0.05,0.055,0.0,2.0,75.89,0.524,0.257,0.86
611,1.0,67.13,1.0,0.035,0.087,104.0,1.0,52.34,0.657,0.079,1.16
612,0.0,0.0,10.0,0.176,0.052,9.0,2.0,0.0,0.483,0.181,0.0
613,8.0,745.6,52.0,0.504,0.089,0.0,2.0,90.22,0.395,0.164,2.38
614,30.0,1784.06,76.0,0.061,0.049,3.0,3.0,58.86,0.332,0.273,1.29
615,23.0,430.86,44.0,0.228,0.097,3.0,3.0,18.67,0.278,0.127,0.08
616,26.0,2392.44,33.0,0.07,0.057,4.0,3.0,91.6,0.163,0.326,2.41
617,13.0,425.42,22.0,0.073,0.083,9.0,0.0,32.06,0.456,0.0,1.55
618,19.0,559.0,30.0,0.274,0.0,15.0,3.0,29.78,0.675,0.182,0.49
619,14.0,561.55,16.0,0.068,0.056,18.0,0.0,41.21,0.405,0.286,2.22
620,5.0,52.1,8.0,0.219,0.023,53.0,0.0,10.41,0.202,0.297,0.25
621,37.0,1810.72,59.0,0.061,0.052,8.0,0.0,48.34,0.253,0.382,1.73
622,15.0,913.1,35.0,0.453,0.046,13.0,1.0,60.51,0.924,0.339,1.44
623,27.0,979.11,34.0,0.358,,6.0,1.0,36.91,0.831,0.11,0.32
624,12.0,582.07,27.0,0.113,0.061,18.0,0.0,49.52,0.517,0.004,1.87
625,36.0,2316.93,63.0,0.03,0.028,0.0,1.0,65.25,0.424,0.375,2.72
626,32.0,1779.67,30.0,0.002,0.0,7.0,1.0,55.16,0.66,0.256,0.86
627,14.0,191.32,21.0,0.127,0.072,17.0,1.0,13.54,0.093,0.242,1.53
628,24.0,584.85,57.0,0.606,0.086,10.0,2.0,24.56,0.471,0.271,0.26
629,2.0,117.13,3.0,0.172,0.031,116.0,0.0,54.44,0.698,0.0,1.49
630,5.0,185.62,26.0,0.027,0.031,9.0,1.0,34.36,0.297,0.107,2.5
631,5.0,101.33,12.0,0.228,0.049,45.0,1.0,22.21,0.269,0.201,0.58
632,11.0,470.68,33.0,0.106,0.065,26.0,2.0,43.91,0.419,0.24,2.81
633,27.0,570.48,46.0,0.366,0.064,18.0,0.0,21.23,0.417,0.153,0.88
634,30.0,2008.73,50.0,0.097,0.065,9.0,0.0,67.28,0.399,0.336,1.02
635,3.0,62.82,3.0,0.188,0.029,113.0,0.0,20.91,0.411,0.0,1.47
636,1.0,70.65,5.0,0.045,0.0,82.0,0.0,70.65,0.657,0.078,0.45
637,22.0,2961.97,61.0,0.054,0.024,16.0,2.0,133.76,0.307,0.374,2.54
638,25.0,2431.0,65.0,0.024,0.01,9.0,3.0,97.87,0.653,0.251,2.06
639,1.0,108.7,10.0,0.168,0.032,43.0,0.0,74.76,0.319,0.147,0.0
640,12.0,421.77,26.0,0.223,0.069,9.0,0.0,34.53,0.293,0.137,1.22
641,14.0,578.43,62.0,0.449,0.121,6.0,2.0,41.05,0.591,0.197,0.19
642,15.0,331.32,33.0,0.117,0.09,6.0,0.0,21.78,0.431,0.181,3.09
643,6.0,96.48,7.0,0.165,0.086,23.0,1.0,16.79,0.417,0.18,0.78
644,4.0,76.73,0.0,0.171,0.019,35.0,0.0,19.26,0.706,0.063,1.0
645,2.0,0.0,4.0,0.14,0.096,16.0,1.0,0.0,0.299,0.391,2.2
646,15.0,467.74,37.0,0.101,0.054,8.0,2.0,30.64,0.329,0.245,2.23
647,4.0,17.25,2.0,0.084,0.031,74.0,0.0,4.84,0.164,0.0,1.65
648,16.0,946.92,21.0,0.025,0.083,7.0,2.0,60.13,0.339,0.332,3.93
649,29.0,501.04,54.0,0.354,0.059,13.0,2.0,17.04,0.419,0.388,0.88
650,5.0,176.83,12.0,0.157,0.028,36.0,2.0,38.66,0.675,0.084,1.82
651,24.0,531.75,45.0,0.334,0.054,7.0,1.0,21.87,0.529,0.272,1.17
652,2.0,90.79,4.0,0.0,0.028,55.0,0.0,45.62,0.231,0.0,1.29
653,15.0,657.78,32.0,0.182,0.074,17.0,0.0,42.56,0.192,0.159,2.75
654,16.0,568.07,22.0,0.057,0.014,13.0,2.0,34.6,0.438,0.295,2.26
655,1.0,85.58,1.0,0.262,0.055,106.0,0.0,85.58,0.508,0.186,0.31
656,5.0,154.39,7.0,0.211,0.061,19.0,0.0,32.7,0.604,0.067,0.92
657,1.0,71.95,2.0,0.083,0.0,149.0,0.0,50.19,0.259,0.11,1.63
658,1.0,74.54,3.0,0.125,0.048,103.0,0.0,56.56,0.299,0.004,0.28
659,3.0,32.56,4.0,0.111,0.04,126.0,0.0,12.9,0.157,0.026,0.79
660,15.0,430.74,49.0,0.463,0.101,11.0,2.0,29.64,0.763,0.221,1.87
661,14.0,564.6,24.0,0.102,0.06,18.0,2.0,41.5,0.443,0.121,1.36
662,42.0,2506.96,55.0,0.024,0.032,5.0,1.0,59.45,0.043,0.064,1.62
663,14.0,373.84,27.0,0.105,0.009,17.0,0.0,27.12,0.499,0.185,1.84
664,10.0,284.06,22.0,0.083,0.089,15.0,1.0,28.64,0.254,0.329,2.13
665,0.0,15.14,2.0,0.174,0.0,45.0,0.0,15.14,0.49,0.101,1.05
666,3.0,96.3,7.0,0.213,0.027,37.0,1.0,36.46,0.315,0.253,1.6
667,4.0,200.04,6.0,0.199,0.023,60.0,2.0,49.21,0.682,0.081,0.7
668,3.0,129.94,2.0,0.109,0.032,87.0,0.0,50.22,0.429,0.0,0.81
669,0.0,73.75,1.0,0.206,0.016,116.0,1.0,73.75,0.247,0.128,0.61
670,2.0,270.3,9.0,0.246,0.001,33.0,1.0,109.25,0.403,0.102,1.13
671,2.0,93.41,5.0,0.159,0.039,61.0,0.0,48.16,0.123,0.214,0.0
672,14.0,723.24,51.0,0.431,0.081,2.0,1.0,51.53,0.431,0.332,0.0
673,18.0,631.37,52.0,0.357,0.0,2.0,1.0,34.25,0.403,0.208,1.03
674,12.0,494.77,16.0,0.128,0.056,7.0,1.0,41.16,0.305,0.237,0.44
675,9.0,554.07,29.0,0.072,0.044,10.0,0.0,58.45,0.192,0.284,2.09
676,7.0,106.96,3.0,0.037,0.087,34.0,0.0,14.73,0.278,0.113,1.47
677,5.0,441.0,35.0,0.18,0.09,18.0,2.0,90.04,0.394,0.085,1.94
678,20.0,489.02,40.0,0.058,0.055,10.0,0.0,24.52,0.515,0.241,1.79
679,2.0,0.0,7.0,0.149,0.037,57.0,1.0,0.0,0.527,0.013,0.07
680,2.0,123.64,13.0,0.101,0.047,37.0,0.0,67.71,0.604,0.04,1.33
681,0.0,169.31,14.0,0.087,0.004,65.0,2.0,169.31,0.526,0.324,1.81
682,18.0,514.72,31.0,0.159,0.088,8.0,1.0,29.2,0.307,0.084,2.08
683,22.0,767.7,45.0,0.357,0.09,19.0,0.0,34.47,0.3,0.297,0.0
684,8.0,435.96,32.0,0.127,0.03,30.0,2.0,52.47,0.405,0.117,1.8
685,14.0,447.7,30.0,0.125,0.061,6.0,0.0,31.84,0.125,0.184,2.17
686,19.0,884.21,51.0,0.403,0.067,7.0,2.0,45.97,0.536,0.324,1.68
687,24.0,485.54,59.0,0.37,0.11,14.0,1.0,20.47,0.765,,1.18
688,11.0,760.55,22.0,0.09,0.0,14.0,1.0,66.16,0.176,0.122,1.56
689,18.0,2025.92,53.0,0.091,0.041,5.0,3.0,109.82,0.284,0.5,2.01
690,2.0,12.18,2.0,0.082,0.036,97.0,0.0,7.33,0.413,0.0,1.48
691,5.0,98.12,0.0,0.101,0.037,36.0,0.0,21.2,0.14,0.241,0.54
692,23.0,2158.89,67.0,0.032,0.019,7.0,1.0,92.19,0.081,0.352,3.5
693,17.0,315.69,27.0,0.259,0.169,18.0,2.0,18.53,0.492,0.266,0.1
694,9.0,638.1,34.0,0.151,0.035,5.0,2.0,71.66,0.405,0.104,3.05
695,30.0,1817.78,23.0,0.073,0.075,13.0,0.0,59.98,0.655,0.359,2.84
696,18.0,896.66,43.0,0.29,0.071,0.0,0.0,50.09,0.436,0.214,2.31
697,7.0,926.77,29.0,0.451,0.097,19.0,1.0,133.31,0.565,0.368,0.86
698,9.0,251.48,38.0,0.142,0.014,15.0,0.0,26.55,0.281,0.329,0.56
699,39.0,1481.88,35.0,0.095,0.04,8.0,3.0,38.29,0.761,0.134,2.1
700,32.0,1497.29,48.0,0.054,0.049,5.0,1.0,47.4,0.24,0.382,1.18
701,9.0,670.73,23.0,0.079,0.047,3.0,0.0,76.78,0.275,0.276,0.0
702,0.0,183.17,14.0,0.206,0.001,14.0,0.0,183.17,0.363,0.326,2.01
703,1.0,112.34,1.0,0.147,0.0,100.0,0.0,100.13,0.373,0.174,0.97
704,11.0,587.54,27.0,0.077,0.034,4.0,1.0,51.58,0.52,0.109,1.08
705,9.0,93.82,20.0,0.142,0.111,4.0,3.0,9.99,0.608,0.112,2.16
706,6.0,79.05,8.0,0.24,0.048,51.0,0.0,12.87,0.229,0.321,3.03
707,15.0,364.27,23.0,0.082,0.008,15.0,2.0,24.02,0.461,0.289,2.3
708,18.0,784.29,39.0,0.095,0.032,6.0,1.0,43.85,0.2,0.307,1.88
709,15.0,398.26,29.0,0.199,0.029,6.0,1.0,26.37,0.278,0.0,1.94
710,18.0,683.73,28.0,0.215,0.032,6.0,0.0,38.66,0.148,0.259,2.55
711,1.0,42.85,7.0,0.166,0.063,28.0,1.0,42.85,0.118,0.0,0.15
712,2.0,83.42,3.0,0.223,0.075,93.0,0.0,50.75,0.692,0.232,1.2
713,3.0,94.0,12.0,0.243,0.039,25.0,0.0,31.48,0.517,0.181,1.26
714,1.0,57.58,0.0,0.014,0.056,107.0,1.0,47.32,0.306,0.103,1.04
715,0.0,132.66,11.0,0.187,0.053,47.0,0.0,132.66,0.47,0.242,0.0
716,9.0,443.69,29.0,0.084,0.079,22.0,3.0,51.82,0.138,0.257,0.21
717,18.0,1036.03,54.0,0.396,0.068,10.0,1.0,58.05,1.0,0.123,0.43
718,25.0,1697.55,55.0,0.083,0.059,8.0,1.0,67.39,0.368,0.292,0.57
719,23.0,1387.38,34.0,0.033,0.035,6.0,2.0,60.76,0.309,0.233,0.89
720,5.0,175.92,5.0,0.144,0.062,50.0,0.0,32.52,0.394,0.159,1.41
721,18.0,438.79,60.0,0.401,0.054,2.0,0.0,24.52,0.617,0.203,0.63
722,31.0,1803.27,41.0,0.023,0.049,2.0,3.0,58.48,0.215,0.325,1.44
723,2.0,82.71,2.0,0.232,0.044,137.0,0.0,34.44,0.291,0.071,0.11
724,2.0,75.16,0.0,0.071,0.038,101.0,1.0,40.53,0.285,0.213,1.07
725,26.0,1697.23,36.0,0.087,0.021,16.0,1.0,64.51,0.177,0.277,2.21
726,21.0,531.33,31.0,0.342,0.105,4.0,1.0,24.91,0.761,0.231,0.0
727,1.0,32.47,1.0,0.004,0.044,57.0,0.0,24.59,0.487,0.052,1.1
728,31.0,1857.9,53.0,0.035,0.011,6.0,2.0,60.35,0.194,0.213,2.75
729,22.0,2096.26,49.0,0.027,0.04,6.0,1.0,93.46,0.19,0.155,3.31
730,12.0,574.27,15.0,0.158,0.04,16.0,0.0,49.31,0.243,0.218,2.63
731,15.0,668.09,43.0,0.175,0.041,16.0,0.0,43.3,0.075,0.089,2.15
732,23.0,1290.96,43.0,0.075,0.035,3.0,4.0,56.52,0.183,0.048,1.58
733,31.0,1542.19,62.0,0.063,0.073,4.0,1.0,49.77,0.603,0.154,2.01
734,4.0,112.11,8.0,0.141,0.03,38.0,1.0,31.74,0.582,0.149,0.18
735,1.0,74.34,5.0,0.205,0.034,45.0,1.0,50.61,0.26,0.279,0.97
736,12.0,691.18,40.0,0.089,0.032,11.0,0.0,56.37,0.294,0.2,1.79
737,12.0,734.19,30.0,0.123,0.015,5.0,1.0,61.23,0.464,0.315,2.26
738,42.0,2216.12,52.0,0.054,0.051,9.0,1.0,52.38,0.389,0.122,1.95
739,0.0,108.3,4.0,0.255,0.007,92.0,1.0,108.3,0.032,0.062,0.57
740,0.0,215.5,3.0,0.12,0.04,29.0,1.0,215.5,0.298,0.191,0.0
741,15.0,834.05,41.0,0.371,0.104,19.0,1.0,54.04,0.457,0.461,1.18
742,9.0,594.05,8.0,0.0,0.022,12.0,0.0,65.64,0.483,0.164,2.14
743,42.0,1198.19,48.0,0.06,0.042,3.0,1.0,28.71,0.31,0.381,2.08
744,5.0,99.09,10.0,0.014,0.03,19.0,2.0,18.72,0.716,0.233,0.05
745,31.0,2341.87,52.0,0.08,0.043,7.0,1.0,74.93,0.433,0.17,1.98
746,9.0,784.63,23.0,0.213,0.052,5.0,0.0,88.66,0.623,0.468,0.7
747,17.0,747.63,46.0,0.447,0.059,13.0,1.0,42.86,0.518,0.248,0.0
748,7.0,130.72,10.0,0.185,0.0,38.0,1.0,18.97,0.545,0.218,0.34
749,10.0,641.36,36.0,0.101,0.013,14.0,2.0,66.4,0.359,0.326,2.08
750,24.0,944.2,39.0,0.403,0.089,19.0,1.0,39.16,0.457,0.261,0.9
751,25.0,2416.48,47.0,0.034,0.007,7.0,0.0,95.53,0.442,0.252,2.48
752,2.0,106.15,7.0,0.027,0.025,18.0,2.0,63.45,0.198,0.197,0.35
753,19.0,869.85,44.0,0.318,0.162,0.0,3.0,44.65,1.0,0.356,2.34
754,5.0,148.51,6.0,0.131,0.059,62.0,0.0,30.03,0.391,0.342,0.0
755,4.0,196.49,13.0,0.246,0.005,0.0,1.0,50.15,0.777,0.076,0.02
756,6.0,0.0,9.0,0.304,0.0,61.0,0.0,0.0,0.18,0.213,0.54
757,23.0,693.8,74.0,0.299,0.066,4.0,1.0,29.75,0.349,0.245,0.0
758,17.0,424.01,31.0,0.303,0.064,9.0,1.0,24.47,0.434,0.141,0.0
759,9.0,628.43,31.0,0.369,0.137,10.0,0.0,72.53,0.449,0.255,0.0
760,27.0,1694.82,52.0,0.111,0.018,7.0,1.0,63.34,0.842,0.118,0.18
761,6.0,751.0,29.0,0.423,0.127,15.0,4.0,131.55,0.423,0.151,0.58
762,1.0,75.93,3.0,0.0,0.016,47.0,0.0,75.93,0.399,0.012,0.0
763,15.0,633.98,27.0,0.2,0.019,13.0,0.0,42.73,0.26,0.142,2.21
764,33.0,1749.73,79.0,0.061,0.012,9.0,0.0,52.94,0.31,0.015,3.49
765,2.0,71.68,4.0,0.229,0.005,107.0,1.0,39.14,0.237,0.115,1.26
766,17.0,629.43,25.0,0.069,0.058,3.0,0.0,36.55,0.734,0.087,2.1
767,1.0,70.83,6.0,,0.003,42.0,2.0,54.7,0.328,0.424,0.39
768,0.0,22.29,3.0,0.032,0.057,50.0,1.0,22.29,0.326,0.077,0.35
769,5.0,146.46,10.0,0.13,0.031,0.0,1.0,30.96,0.225,0.235,1.84
770,19.0,416.25,34.0,0.1,0.042,14.0,3.0,22.14,0.15,0.151,0.83
771,2.0,52.78,5.0,0.171,0.01,78.0,0.0,33.43,0.324,0.066,1.28
772,35.0,2529.49,87.0,0.014,0.024,8.0,2.0,71.5,0.594,0.144,2.11
773,15.0,2071.9,88.0,0.096,0.053,5.0,0.0,136.3,0.489,0.033,2.31
774,28.0,670.19,28.0,0.039,0.087,14.0,3.0,23.89,0.809,0.023,2.56
775,7.0,0.0,16.0,0.276,0.02,42.0,2.0,0.0,0.139,0.109,2.08
776,3.0,463.29,35.0,0.077,0.077,12.0,1.0,165.53,0.451,0.22,2.57
777,31.0,1348.33,45.0,0.075,0.043,12.0,2.0,43.25,0.823,0.224,3.14
778,17.0,643.22,30.0,0.132,0.08,0.0,1.0,38.49,0.277,0.244,1.73
779,21.0,619.08,37.0,0.417,0.0,7.0,2.0,29.93,0.379,0.239,0.38
780,0.0,139.37,5.0,0.171,0.038,107.0,0.0,139.37,0.262,0.0,0.3
781,38.0,2681.92,39.0,0.071,0.012,3.0,0.0,70.66,0.737,0.131,2.13
782,31.0,2361.73,60.0,0.042,0.053,6.0,1.0,76.22,0.286,0.044,2.56
783,21.0,547.75,72.0,0.484,0.012,0.0,0.0,25.64,0.407,0.265,1.63
784,16.0,557.22,39.0,0.139,0.047,10.0,2.0,34.75,0.251,0.265,
785,9.0,464.38,41.0,0.071,0.054,9.0,1.0,54.45,0.76,0.237,2.38
786,12.0,479.4,44.0,0.426,0.05,6.0,0.0,38.57,0.513,0.189,1.29
787,18.0,480.84,42.0,0.315,0.074,4.0,1.0,26.16,0.726,0.086,1.65
788,2.0,117.76,2.0,0.09,0.0,110.0,0.0,54.07,0.432,0.0,0.99
789,4.0,48.1,12.0,0.096,0.021,2.0,0.0,11.84,0.174,0.196,0.93
790,15.0,379.13,32.0,0.086,0.015,11.0,1.0,25.79,0.504,0.267,2.39
791,3.0,69.94,11.0,0.283,0.0,3.0,1.0,22.06,0.207,0.088,0.97
792,13.0,603.75,15.0,0.106,0.049,14.0,1.0,46.51,0.318,0.215,1.25
793,15.0,529.51,28.0,0.198,0.062,10.0,1.0,35.42,0.565,0.194,2.03
794,3.0,85.82,2.0,0.191,0.062,41.0,1.0,28.79,0.605,,0.0
795,3.0,58.02,6.0,0.18,0.07,76.0,0.0,21.77,0.274,0.117,0.26
796,25.0,889.54,58.0,0.055,0.039,0.0,0.0,35.51,0.548,0.274,1.42
797,10.0,353.17,27.0,0.113,0.141,9.0,0.0,36.66,0.221,0.27,1.11
798,13.0,640.32,57.0,0.185,0.118,0.0,1.0,47.57,0.199,0.446,1.13
799,3.0,73.39,6.0,0.13,0.042,53.0,1.0,21.18,0.177,0.151,1.63
800,18.0,498.31,26.0,0.117,0.045,18.0,2.0,27.71,0.489,0.243,2.46
801,16.0,667.98,45.0,0.357,0.138,22.0,3.0,42.06,0.728,0.196,0.31
802,42.0,1422.92,32.0,0.09,0.029,9.0,1.0,34.07,0.53,0.281,1.57
803,22.0,855.58,52.0,0.464,0.046,7.0,3.0,39.71,0.78,0.098,0.84
804,14.130371898467939,2632.90058801945,33.0,0.164,0.074,3.0,0.0,97.91,0.423,0.31,3.08
805,1.0,89.6,8.0,0.237,0.047,43.0,0.0,89.6,0.157,0.372,1.19
806,11.0,545.67,21.0,0.088,0.085,14.0,2.0,51.92,0.177,0.193,2.16
807,25.0,1989.33,45.0,0.0,0.012,13.0,0.0,78.06,0.507,0.061,1.85
808,16.0,803.45,41.0,0.289,0.102,12.0,2.0,50.74,0.628,,1.52
809,2.0,67.57,3.0,0.088,0.0,96.0,0.0,37.15,0.258,0.0,0.01
810,0.0,8.33,4.0,,,121.0,0.0,8.33,0.301,0.252,0.8
811,11.0,575.77,36.0,0.16,0.03,13.0,1.0,51.17,0.541,0.058,1.46
812,14.0,940.63,41.0,0.415,0.084,11.0,2.0,64.95,0.391,0.128,0.07
813,1.0,64.45,6.0,0.209,0.04,136.0,0.0,49.26,0.148,0.321,1.61
814,2.0,213.39,10.0,0.2,0.057,8.0,1.0,115.89,0.417,0.0,0.26
815,6.0,115.09,9.0,0.323,0.068,34.0,1.0,19.36,0.37,0.084,1.74
816,6.0,134.71,5.0,0.219,0.019,57.0,1.0,22.9,0.359,0.276,1.95
817,21.0,958.04,33.0,0.384,0.11,8.0,2.0,45.46,0.236,0.016,1.22
818,9.0,311.52,45.0,0.398,0.106,14.0,2.0,34.29,0.836,0.096,0.0
819,2.0,212.83,4.0,0.133,0.037,44.0,1.0,117.54,0.766,0.327,2.42
820,4.0,71.58,5.0,0.127,0.055,102.0,0.0,17.4,0.12,0.0,0.82
821,3.0,150.7,11.0,0.285,0.0,43.0,0.0,44.3,0.52,0.389,0.73
822,44.0,1210.65,47.0,0.073,0.047,3.0,1.0,27.66,0.517,0.0,2.21
823,5.0,51.24,7.0,0.066,0.0,35.0,1.0,10.2,0.172,0.0,1.12
824,28.0,1819.06,58.0,0.083,0.055,10.0,2.0,65.89,0.147,0.423,1.7
825,4.0,23.45,12.0,0.233,0.02,45.0,1.0,6.04,0.724,0.206,3.21
826,13.0,463.11,33.0,0.062,0.087,10.0,1.0,36.05,0.133,0.322,0.8
827,6.0,730.8,33.0,0.16,0.031,2.0,2.0,119.54,0.455,0.443,1.73
828,18.0,1945.69,64.0,0.061,0.072,13.0,3.0,107.99,0.909,0.262,1.53
829,17.0,505.44,21.0,0.336,0.035,9.0,1.0,28.93,0.781,0.301,1.62
830,13.0,311.64,36.0,0.0,0.013,2.0,0.0,24.43,0.14,0.132,2.13
831,2.0,86.28,0.0,0.07,0.013,115.0,0.0,34.8,0.121,0.042,1.93
832,0.0,658.83,30.0,0.04,0.055,11.0,1.0,658.83,0.485,0.106,1.88
833,10.0,730.45,35.0,0.128,0.02,0.0,1.0,74.98,0.405,0.196,1.45
834,3.0,54.43,12.0,0.126,0.019,17.0,0.0,19.29,0.478,0.184,0.57
835,9.0,132.72,14.0,0.211,0.0,22.0,1.0,14.44,0.469,0.253,0.21
836,2.0,115.25,7.0,0.087,0.009,34.0,0.0,58.57,0.214,0.265,1.77
837,15.0,845.64,39.0,0.294,0.097,14.0,1.0,56.19,0.374,0.291,1.25
838,0.0,169.66,0.0,0.091,0.011,43.0,0.0,169.66,0.342,0.027,0.08
839,36.0,1002.72,62.0,0.055,0.046,1.0,1.0,27.74,0.312,0.397,1.94
840,26.0,2771.56,50.0,0.03,0.054,2.0,2.0,107.67,0.299,0.16,1.96
841,9.0,1132.21,22.0,0.078,0.063,15.0,0.0,119.31,0.323,0.224,2.11
842,15.0,608.45,33.0,0.156,0.053,5.0,0.0,40.6,0.373,0.247,2.05
843,2.0,98.89,0.0,0.211,0.016,40.0,1.0,49.7,0.333,0.223,1.7
844,3.0,303.53,2.0,0.268,0.013,40.0,2.0,119.91,0.409,0.06,0.44
845,20.0,1696.92,40.0,0.079,0.044,10.0,2.0,83.31,0.132,0.315,2.4
846,16.0,746.21,59.0,0.485,0.105,14.0,0.0,46.62,0.241,0.271,2.29
847,13.0,714.17,27.0,0.108,0.08,14.0,3.0,56.36,0.67,0.145,1.82
848,17.0,556.68,27.0,0.003,0.102,19.0,2.0,32.21,0.32,0.278,2.5
849,15.0,554.24,27.0,0.432,0.111,10.0,1.0,37.46,0.326,0.0,1.5
850,6.0,58.55,8.0,0.179,0.0,38.0,1.0,9.87,0.223,0.162,1.38
851,11.0,202.62,35.0,0.0,0.029,18.0,2.0,18.25,0.551,0.281,1.86
852,2.0,69.25,5.0,0.086,0.039,154.0,0.0,36.04,0.814,0.0,
853,14.0,470.11,21.0,0.044,0.069,11.0,1.0,32.65,0.376,0.073,1.59
854,13.0,290.65,29.0,0.138,0.032,29.0,2.0,23.1,0.322,0.049,1.76
855,12.0,403.4,37.0,0.072,0.055,1.0,0.0,34.41,0.372,0.349,3.3
856,13.0,351.85,47.0,0.106,0.003,14.0,0.0,28.05,0.836,0.302,1.32
857,16.0,680.44,61.0,0.391,0.066,9.0,2.0,43.04,0.471,0.193,1.23
858,24.0,2488.6,42.0,0.067,0.018,9.0,2.0,101.72,0.207,0.047,1.93
859,16.0,566.7,15.0,0.134,0.037,14.0,1.0,35.63,0.786,0.32,1.78
860,14.0,621.36,30.0,0.062,0.069,9.0,2.0,44.0,0.366,0.155,1.97
861,40.0,1460.21,48.0,0.047,0.033,11.0,2.0,36.65,0.222,0.055,1.04
862,24.0,1945.83,48.0,0.001,0.033,3.0,2.0,81.37,0.35,0.246,2.1
863,5.0,109.51,7.0,0.169,0.0,19.0,3.0,20.36,0.329,0.202,2.08
864,14.0,478.27,21.0,0.064,0.0,16.0,1.0,35.22,0.179,0.027,1.26
865,30.0,1332.55,47.0,0.018,0.069,6.0,1.0,43.97,0.365,0.0,1.67
866,3.0,229.66,11.0,0.26,0.032,21.0,0.0,84.74,0.28,0.244,1.43
867,21.0,467.4,24.0,0.428,0.054,30.0,2.0,22.7,0.377,0.052,1.52
868,5.0,109.03,6.0,0.211,0.004,65.0,1.0,24.11,0.543,0.216,0.54
869,4.0,98.62,6.0,0.181,0.034,59.0,1.0,24.32,0.79,0.167,0.0
870,22.0,595.9,23.0,0.115,0.09,15.0,2.0,27.2,0.446,0.341,2.94
871,14.0,858.93,65.0,0.264,0.05,0.0,3.0,60.29,0.569,0.17,0.72
872,35.0,1745.83,51.0,0.053,0.024,12.0,1.0,50.44,0.265,0.381,0.09
873,88.75934699728911,9551.272586352272,64.0,0.074,0.044,4.0,2.0,78.06,0.596,0.396,1.84
874,4.0,119.13,7.0,0.0,0.021,42.0,1.0,28.72,0.457,0.463,0.54
875,9.0,416.88,26.0,0.109,,18.0,0.0,49.03,0.157,0.541,1.75
876,13.0,236.73,14.0,0.067,0.024,26.0,0.0,17.57,0.185,0.265,2.21
877,2.0,59.76,10.0,0.141,0.086,60.0,1.0,25.83,0.181,0.169,0.45
878,17.0,191.91,36.0,0.315,0.085,15.0,0.0,11.47,0.239,0.147,1.34
879,0.0,33.87,8.0,0.287,0.027,39.0,1.0,33.87,0.592,0.097,1.58
880,12.0,305.45,19.0,0.127,0.113,6.0,1.0,25.28,0.331,0.088,2.12
881,5.0,836.26,20.0,0.068,0.053,17.0,0.0,162.72,0.548,0.27,1.77
882,29.0,1333.0,66.0,0.038,0.033,6.0,1.0,46.41,0.859,0.181,2.39
883,20.0,523.86,45.0,0.508,0.092,7.0,0.0,26.45,0.465,0.148,0.73
884,24.0,794.91,48.0,0.32,0.102,12.0,1.0,33.62,0.503,0.172,0.53
885,4.0,210.7,6.0,0.191,0.058,17.0,1.0,53.97,0.368,0.39,1.48
886,4.0,79.96,11.0,0.231,0.079,47.0,0.0,18.62,0.384,0.053,0.95
887,15.0,602.3,25.0,0.085,0.04,12.0,1.0,39.0,0.531,0.158,1.08
888,14.0,398.41,44.0,0.084,0.055,8.0,0.0,27.63,0.026,0.386,2.4
889,23.0,2596.99,38.0,0.037,0.04,4.0,2.0,112.59,0.55,0.32,1.32
890,11.0,431.4,30.0,0.166,0.029,23.0,3.0,37.59,0.356,0.071,2.21
891,21.0,650.92,21.0,0.125,0.022,6.0,1.0,31.57,0.395,0.232,1.93
892,16.0,1888.1,54.0,0.0,0.009,11.0,2.0,116.14,0.12,0.208,0.54
893,12.0,623.02,23.0,0.112,0.019,3.0,2.0,52.32,0.427,0.154,1.82
894,21.0,523.13,29.0,0.352,0.141,12.0,2.0,25.28,0.559,0.153,
895,29.0,1500.22,79.0,0.063,0.041,6.0,3.0,51.27,0.206,0.091,1.61
896,20.0,161.73,53.0,0.412,0.139,7.0,1.0,8.12,0.545,0.028,1.0
897,1.0,21.07,7.0,0.168,0.0,52.0,1.0,21.07,0.535,0.121,0.36
898,26.0,1447.78,47.0,0.043,0.022,6.0,2.0,55.77,0.384,0.216,1.09
899,30.0,2068.57,44.0,0.038,0.023,5.0,1.0,69.7,0.371,0.294,1.97
900,24.0,1032.67,31.0,0.325,0.116,15.0,2.0,43.82,0.893,0.257,1.0
901,20.0,2081.93,63.0,0.058,0.016,11.0,1.0,104.44,0.323,0.187,2.51
902,3.0,122.02,1.0,0.173,0.044,39.0,0.0,47.11,0.183,0.164,0.87
903,14.0,715.94,26.0,0.07,0.05,9.0,0.0,51.47,0.252,0.164,1.37
904,7.0,610.14,30.0,0.124,0.078,17.0,0.0,93.11,0.295,0.217,0.93
905,3.0,185.97,16.0,0.078,0.048,41.0,1.0,59.56,0.717,0.369,0.57
906,3.0,99.48,0.0,0.057,0.041,110.0,1.0,38.2,0.376,0.0,0.99
907,4.0,134.21,10.0,0.099,0.045,36.0,1.0,30.76,0.193,0.325,0.95
908,2.0,110.93,1.0,0.102,0.008,140.0,0.0,49.01,0.551,0.068,0.65
909,10.0,438.3,19.0,0.062,0.048,3.0,1.0,43.74,0.529,0.074,4.05
910,2.0,94.99,6.0,0.196,0.05,123.0,1.0,47.54,0.364,0.093,0.0
911,3.0,148.02,9.0,0.071,0.043,56.0,2.0,44.53,0.406,0.241,0.35
912,3.0,61.73,9.0,0.183,0.011,56.0,0.0,18.45,0.788,0.32,0.38
913,20.0,505.2,52.0,0.491,0.112,2.0,1.0,24.89,0.883,0.188,0.68
914,17.0,679.67,39.0,0.142,0.013,0.0,1.0,40.5,0.604,0.124,2.43
915,17.0,623.14,33.0,0.071,0.06,11.0,1.0,36.55,0.343,0.145,2.25
916,5.0,172.12,15.0,0.069,0.062,34.0,0.0,36.87,0.593,0.304,0.99
917,2.0,87.42,14.0,0.073,0.096,26.0,2.0,57.95,0.234,0.112,0.69
918,15.0,708.35,37.0,0.575,0.101,15.0,4.0,47.84,0.887,0.048,0.48
919,31.155790412379247,2149.6949076833494,35.0,0.102,0.044,0.0,1.0,38.55,0.129,0.364,2.62
920,22.0,564.78,62.0,0.396,0.076,2.0,0.0,26.17,0.347,0.113,1.27
921,15.0,332.46,30.0,0.066,0.038,5.0,0.0,21.99,0.317,0.326,2.98
922,12.0,422.03,59.0,0.105,0.0,22.0,1.0,34.98,0.182,0.287,1.05
923,0.0,101.81,0.0,0.131,0.018,98.0,1.0,101.81,0.514,0.199,1.3
924,3.0,0.0,3.0,0.042,0.0,93.0,0.0,0.0,0.278,0.234,1.33
925,11.0,645.89,13.0,0.025,0.0,4.0,1.0,57.9,0.505,0.372,1.62
926,31.0,1544.38,48.0,0.031,0.063,0.0,2.0,49.61,0.366,0.14,0.49
927,2.0,168.16,18.0,0.147,0.013,40.0,1.0,76.05,0.299,0.392,1.16
928,12.0,439.03,22.0,0.062,0.08,2.0,2.0,36.84,0.295,0.352,3.32
929,17.0,473.02,19.0,0.062,0.0,12.0,0.0,28.02,0.486,0.339,1.23
930,14.0,469.68,23.0,0.049,0.064,17.0,1.0,32.83,0.237,0.32,2.0
931,14.0,520.86,35.0,0.098,0.057,11.0,3.0,36.63,0.35,0.219,2.56
932,33.0,2124.53,77.0,0.019,0.049,16.0,1.0,65.32,0.098,0.33,0.8
933,2.0,113.59,3.0,0.217,0.0,15.0,1.0,64.07,0.565,0.284,0.97
934,2.0,110.3,5.0,0.024,0.0,20.0,1.0,61.86,0.45,0.144,0.68
935,7.0,212.27,11.0,0.135,0.042,43.0,1.0,31.64,0.4,0.191,0.53
936,30.0,1605.27,47.0,0.046,0.028,7.0,2.0,52.81,0.384,0.181,1.62
937,9.0,461.7,30.0,0.093,0.043,10.0,1.0,52.15,0.595,0.1,2.74
938,37.0,1627.57,32.0,0.048,0.015,1.0,0.0,43.61,0.492,0.035,1.53
939,14.0,611.67,34.0,0.035,0.101,0.0,1.0,44.31,0.471,0.328,1.93
940,13.0,442.29,31.0,0.089,0.031,16.0,1.0,34.51,0.169,,2.77
941,24.0,2449.44,78.0,0.0,0.042,4.0,2.0,100.23,0.279,0.299,2.3
942,3.0,51.28,6.0,0.036,0.009,151.0,1.0,18.65,0.159,0.0,0.06
943,28.0,1990.69,52.0,0.056,0.028,8.0,0.0,72.25,0.329,0.183,1.1
944,5.0,160.43,5.0,0.233,0.061,11.0,0.0,30.47,0.142,0.28,0.73
945,2.0,73.52,6.0,0.121,0.07,58.0,1.0,33.31,0.608,0.26,0.17
946,3.0,98.59,9.0,0.235,0.057,42.0,0.0,32.67,0.116,0.247,1.46
947,16.0,781.54,22.0,0.139,0.016,20.0,2.0,49.53,0.058,0.115,1.53
948,8.0,55.14,0.0,0.204,0.0,20.0,0.0,6.91,0.384,0.247,2.09
949,1.0,179.36,4.0,0.048,0.019,48.0,1.0,179.36,0.235,0.237,0.0
950,4.0,183.34,16.0,0.302,0.065,32.0,1.0,41.81,0.423,0.205,0.87
951,14.0,629.17,18.0,0.128,0.045,11.0,1.0,45.46,0.266,0.302,1.21
952,5.0,68.89,7.0,0.049,0.025,48.0,1.0,14.13,0.675,0.156,0.67
953,14.0,715.11,52.0,0.128,0.093,22.0,2.0,50.99,0.828,0.094,2.27
954,12.0,293.69,19.0,0.035,0.029,16.0,0.0,25.03,0.193,0.0,1.53
955,13.0,471.5,26.0,0.077,0.078,21.0,3.0,37.49,0.079,0.373,2.04
956,6.0,176.7,14.0,0.115,0.051,45.0,1.0,28.46,0.36,0.34,0.03
957,34.0,2402.88,70.0,0.015,0.021,7.0,3.0,71.46,0.112,0.099,0.54
958,2.0,124.67,5.0,0.105,0.116,127.0,0.0,56.54,0.696,0.0,1.27
959,3.0,172.89,6.0,0.243,0.0,49.0,0.0,57.0,0.529,0.3,0.86
960,4.0,107.17,11.0,0.139,0.01,45.0,2.0,30.18,0.235,0.407,0.77
961,30.0,1229.64,50.0,0.064,0.042,6.0,1.0,41.51,0.394,0.21,1.46
962,13.0,487.54,21.0,0.162,0.033,11.0,1.0,36.75,0.235,0.135,1.4
963,1.0,74.08,14.0,0.197,0.008,50.0,1.0,52.09,0.547,0.382,0.73
964,2.0,20.44,6.0,0.115,0.046,10.0,1.0,11.04,0.388,0.219,0.35
965,2.0,33.74,4.0,0.018,0.0,8.0,1.0,13.72,0.375,0.012,1.43
966,26.0,2193.63,63.0,0.068,0.038,3.0,2.0,84.11,0.265,0.37,1.51
967,12.0,486.38,17.0,0.148,0.042,17.0,0.0,39.88,0.6,0.31,2.39
968,2.0,89.73,10.0,0.008,0.032,53.0,0.0,54.26,0.025,0.297,0.62
969,3.0,146.69,5.0,0.085,0.056,66.0,0.0,54.86,0.295,0.074,1.12
970,15.0,330.2,18.0,0.147,0.049,11.0,1.0,21.41,0.367,0.138,2.16
971,15.0,518.05,24.0,0.156,0.084,0.0,0.0,34.62,0.808,0.196,1.56
972,19.0,746.69,33.0,0.259,0.078,0.0,2.0,39.81,0.602,0.233,0.0
973,15.0,833.75,64.0,0.379,0.119,21.0,2.0,54.9,0.685,0.298,0.2
974,5.0,130.76,9.0,0.302,0.0,45.0,1.0,27.94,0.595,0.33,1.54
975,12.0,536.24,38.0,0.195,0.037,8.0,0.0,46.61,0.731,0.264,2.37
976,18.0,705.07,26.0,0.172,0.021,0.0,0.0,38.86,0.498,0.262,1.39
977,3.0,70.53,1.0,0.089,0.034,107.0,0.0,24.06,0.558,0.082,0.41
978,10.0,263.23,36.0,0.111,0.048,6.0,1.0,25.43,0.408,0.233,1.82
979,6.0,376.88,33.0,0.139,0.034,10.0,1.0,64.39,0.47,0.274,1.93
980,37.0,687.24,72.0,0.006,0.031,4.0,1.0,18.72,0.275,0.046,2.59
981,1.0,62.88,5.0,0.234,0.014,24.0,1.0,62.88,0.18,0.109,0.52
982,25.0,1949.17,18.0,0.076,0.023,9.0,0.0,77.37,0.273,0.126,3.47
983,21.0,408.64,33.0,0.061,,5.0,1.0,19.61,0.38,0.069,2.42
984,1.0,115.79,12.0,0.264,0.059,52.0,0.0,115.79,0.428,0.234,0.21
985,1.0,35.47,5.0,0.095,0.002,49.0,1.0,31.42,0.284,0.258,1.02
986,14.0,801.3,44.0,0.334,0.01,4.0,2.0,57.89,0.809,0.321,0.51
987,4.0,47.9,6.0,0.226,0.057,49.0,2.0,13.55,0.459,0.249,1.34
988,2.0,77.14,4.0,0.177,0.018,66.0,1.0,43.95,0.217,0.124,0.75
989,1.0,1.11,7.0,0.166,0.003,136.0,1.0,0.83,0.228,0.012,0.12
990,44.0,1386.22,65.0,0.027,0.027,9.0,0.0,31.32,0.391,0.415,1.41
991,10.0,345.53,29.0,0.051,0.051,13.0,0.0,34.3,0.418,0.499,1.72
992,1.0,0.0,2.0,0.169,0.011,53.0,1.0,0.0,0.598,0.0,2.13
993,20.0,527.51,49.0,0.358,0.096,17.0,2.0,25.77,0.295,0.039,1.29
994,27.0,1420.51,48.0,0.0,0.04,9.0,0.0,53.53,0.323,0.241,3.15
995,4.0,216.73,5.0,0.216,0.083,55.0,0.0,58.21,0.66,0.315,0.52
996,37.0,1538.05,73.0,0.048,0.056,3.0,2.0,41.29,0.749,0.126,2.21
997,17.0,440.36,72.0,0.455,0.106,0.0,3.0,25.94,0.629,0.0,1.53
998,1.0,82.5,11.0,0.177,0.056,20.0,0.0,55.32,0.56,0.069,3.2
999,4.0,18.54,11.0,0.184,0.0,18.0,1.0,4.52,0.508,0.295,0.96
1000,13.0,318.95,28.0,0.05,0.007,19.0,1.0,24.38,0.166,0.248,3.56
1001,10.0,546.28,54.0,0.234,0.067,5.0,1.0,55.05,0.603,0.23,0.13
1002,1.0,10.42,10.0,0.087,0.054,32.0,0.0,8.59,0.19,0.012,2.37
1003,35.0,1079.64,60.0,0.075,0.03,6.0,1.0,31.18,0.283,0.017,1.82
1004,13.0,280.38,28.0,0.184,0.085,1.0,1.0,20.97,0.504,0.105,2.12
1005,30.0,1810.18,46.0,0.117,0.055,3.0,2.0,60.2,0.392,0.233,1.65
1006,3.0,60.77,12.0,0.101,0.042,44.0,0.0,20.59,0.381,0.345,0.5
1007,1.0,17.14,3.0,0.054,0.12,121.0,0.0,17.14,0.667,0.234,1.03
1008,3.0,53.72,0.0,0.219,0.013,22.0,0.0,18.22,0.412,0.187,1.28
1009,21.0,668.66,45.0,0.39,0.121,0.0,1.0,31.8,0.594,0.024,0.78
1010,4.0,178.04,10.0,0.2,0.0,4.0,0.0,45.43,0.252,0.217,0.0
1011,37.0,1749.24,70.0,0.136,0.069,6.0,3.0,47.64,0.598,0.014,3.77
1012,15.0,442.64,31.0,0.153,0.061,19.0,0.0,29.51,0.31,,3.19
1013,15.0,454.35,20.0,0.189,0.096,0.0,0.0,29.49,0.52,0.437,1.63
1014,21.0,364.37,62.0,0.255,0.115,12.0,0.0,17.34,0.836,0.272,2.03
1015,12.0,307.09,31.0,0.116,0.062,22.0,1.0,26.6,0.249,0.154,2.43
1016,11.0,768.02,42.0,0.148,0.023,4.0,2.0,67.37,0.418,0.236,1.54
1017,33.0,1445.43,50.0,0.02,0.03,2.0,0.0,43.83,0.304,0.24,2.65
1018,1.0,5.01,7.0,0.185,0.017,27.0,1.0,5.01,0.13,0.321,1.26
1019,16.0,1554.17,68.0,0.046,0.028,2.0,0.0,95.04,0.261,0.203,1.96
1020,2.0,67.45,0.0,0.23,0.0,89.0,0.0,27.18,0.1,0.0,1.15
1021,8.0,322.37,41.0,0.098,0.076,14.0,0.0,41.96,0.454,0.14,2.16
1022,21.0,813.79,51.0,0.416,,1.0,1.0,38.2,0.326,0.47,0.63
1023,2.0,100.39,12.0,0.046,0.0,28.0,0.0,50.81,0.14,0.202,0.0
1024,15.0,685.14,27.0,0.099,0.038,12.0,2.0,46.61,0.337,0.221,3.29
1025,1.0,161.05,7.0,0.258,0.082,25.0,1.0,113.69,0.132,0.056,0.0
1026,2.0,144.27,8.0,0.183,0.056,40.0,0.0,68.53,0.502,0.245,0.79
1027,24.0,2004.68,49.0,0.069,0.0,13.0,0.0,82.02,0.138,0.0,1.97
1028,2.0,21.74,9.0,0.112,0.03,7.0,0.0,11.02,0.756,0.313,0.75
1029,1.0,36.6,3.0,0.169,0.066,146.0,0.0,36.6,0.135,0.032,2.1
1030,42.0,1149.22,81.0,0.0,0.025,0.0,2.0,27.33,0.434,0.077,2.48
1031,6.0,11.71,11.0,0.231,0.018,3.0,1.0,2.09,0.298,0.284,1.48
1032,19.0,1810.59,70.0,0.03,0.06,6.0,1.0,95.68,0.338,0.141,1.56
1033,4.0,33.3,10.0,0.2,0.022,39.0,0.0,9.39,0.662,0.308,1.35
1034,30.0,1360.87,12.0,0.02,0.056,6.0,1.0,45.36,0.144,0.24,2.7
1035,27.0,965.08,21.0,0.506,0.09,17.0,2.0,35.38,0.689,0.0,0.76
1036,16.0,606.21,50.0,0.354,,3.0,2.0,37.37,0.656,0.264,1.12
1037,5.0,192.78,4.0,0.308,0.036,12.0,0.0,40.34,0.62,0.076,1.4
1038,1.0,264.63,12.0,0.236,0.055,61.0,0.0,252.11,0.59,0.455,0.98
1039,28.0,1540.22,30.0,0.082,0.028,6.0,3.0,55.59,0.571,0.223,
1040,12.0,662.35,36.0,0.112,0.065,10.0,1.0,54.01,0.813,0.242,1.51
1041,0.0,41.76,3.0,0.11,0.011,72.0,1.0,41.76,0.314,0.021,0.0
1042,19.0,221.8,41.0,0.162,0.0,18.0,0.0,11.81,0.628,0.155,1.38
1043,17.0,655.81,27.0,0.181,0.048,11.0,0.0,39.48,0.273,0.346,0.61
1044,37.0,2143.27,88.0,0.028,0.061,16.0,2.0,58.34,0.459,0.205,2.24
1045,20.0,652.32,38.0,0.306,0.149,23.0,0.0,32.15,0.901,0.035,1.37
1046,16.0,371.8,33.0,0.096,0.073,15.0,2.0,23.51,0.576,0.273,2.48
1047,10.0,487.18,45.0,0.128,0.038,14.0,1.0,47.44,0.753,0.16,1.15
1048,1.0,17.76,7.0,0.0,0.036,22.0,3.0,11.85,0.314,0.184,1.15
1049,0.0,83.17,0.0,0.116,0.0,125.0,0.0,83.17,0.605,0.086,
1050,15.0,835.49,30.0,0.309,0.044,2.0,5.0,55.5,0.751,,1.13
1051,2.0,133.03,8.0,0.286,0.0,39.0,1.0,83.75,0.873,0.164,0.29
1052,10.0,328.66,25.0,0.147,,16.0,0.0,33.63,0.481,0.225,2.42
1053,9.0,653.76,40.0,0.299,0.103,11.0,1.0,72.12,0.91,0.29,2.6
1054,12.0,392.06,32.0,0.11,0.011,19.0,2.0,32.33,0.34,0.2,0.63
1055,17.0,818.72,40.0,0.135,0.068,1.0,1.0,46.94,0.3,0.095,2.25
1056,9.0,62.6,27.0,0.146,0.056,8.0,2.0,7.05,0.484,0.24,2.27
1057,28.0,1522.98,67.0,0.02,0.059,10.0,1.0,55.03,0.123,0.344,2.44
1058,18.0,1868.69,60.0,0.039,0.061,12.0,1.0,105.64,0.579,0.067,0.33
1059,0.0,159.21,10.0,0.165,0.047,15.0,1.0,159.21,0.642,0.365,1.73
1060,13.0,308.93,21.0,0.172,0.043,13.0,0.0,23.69,0.529,0.232,
1061,17.0,1061.06,48.0,0.377,0.093,0.0,1.0,62.53,0.868,0.224,0.61
1062,23.0,1000.04,55.0,0.46,0.084,13.0,1.0,44.15,0.728,0.213,2.12
1063,21.0,2411.39,52.0,0.048,0.04,15.0,0.0,116.36,0.048,0.251,
1064,10.0,406.15,56.0,0.21,0.039,9.0,3.0,40.2,0.412,0.0,0.17
1065,20.0,2346.3,59.0,0.052,0.007,7.0,0.0,115.3,0.393,0.169,1.88
1066,18.0,834.72,64.0,0.276,0.116,0.0,2.0,45.76,0.427,0.033,0.83
1067,16.0,538.45,39.0,0.095,0.13,7.0,1.0,33.61,0.552,0.004,1.44
1068,1.0,136.72,10.0,0.183,0.052,51.0,1.0,118.08,0.4,0.249,1.53
1069,7.0,164.76,4.0,0.254,0.0,31.0,1.0,23.38,0.624,0.447,1.41
1070,11.0,455.92,38.0,0.142,0.041,11.0,2.0,40.42,0.629,0.283,1.69
1071,6.0,147.4,5.0,0.138,0.078,88.0,1.0,25.52,0.185,0.241,0.97
1072,5.0,458.86,47.0,0.535,0.14,16.0,2.0,95.57,0.92,0.332,0.01
1073,2.0,76.58,5.0,0.116,0.01,23.0,2.0,38.3,0.711,0.24,0.0
1074,11.0,1024.96,62.0,0.352,0.107,11.0,2.0,92.45,0.471,0.049,0.5
1075,12.0,525.55,23.0,0.133,0.038,11.0,2.0,43.87,0.346,0.0,2.96
1076,3.0,176.93,8.0,0.117,0.041,8.0,0.0,67.33,0.604,,0.77
1077,11.0,671.43,36.0,0.026,0.003,3.0,3.0,61.77,0.341,0.218,3.27
1078,6.0,110.76,16.0,0.19,0.105,11.0,0.0,18.4,0.471,0.225,1.12
1079,5.0,131.25,10.0,0.131,0.023,57.0,1.0,27.04,0.245,0.167,0.0
1080,8.0,63.43,12.0,0.188,0.02,8.0,2.0,8.14,0.229,0.328,1.21
1081,1.0,64.85,6.0,0.239,0.028,95.0,0.0,64.85,0.506,0.239,0.14
1082,17.0,222.05,22.0,0.1,0.039,13.0,1.0,13.21,0.623,0.569,0.28
1083,16.0,194.1,28.0,0.186,0.076,17.0,2.0,11.92,0.701,0.204,2.89
1084,0.0,163.64,7.0,0.159,0.01,35.0,1.0,163.64,0.47,0.356,2.05
1085,0.0,117.27,8.0,0.135,0.028,44.0,0.0,117.27,0.128,0.33,1.13
1086,27.0,1729.43,80.0,0.087,0.04,0.0,1.0,63.76,0.773,0.476,0.35
1087,15.0,510.19,5.0,0.15,0.089,9.0,0.0,34.34,0.407,0.274,2.31
1088,13.0,267.56,21.0,0.034,0.029,24.0,0.0,20.01,0.541,0.265,2.54
1089,3.0,183.74,7.0,0.158,0.039,76.0,1.0,55.03,0.323,0.243,1.73
1090,29.0,2255.56,52.0,0.013,0.046,11.0,0.0,77.4,0.26,0.258,1.62
1091,2.0,103.96,4.0,0.207,0.002,100.0,0.0,44.99,0.229,0.0,0.73
1092,6.0,455.48,20.0,0.116,0.053,11.0,2.0,80.25,0.477,0.227,3.85
1093,13.0,278.6,31.0,0.131,0.029,14.0,2.0,21.74,0.199,0.122,1.73
1094,17.0,577.48,31.0,0.108,0.083,19.0,1.0,34.63,0.349,0.226,0.54
1095,4.0,110.82,7.0,0.188,0.115,52.0,1.0,28.0,0.685,0.241,2.55
1096,9.0,612.62,19.0,0.039,0.024,9.0,1.0,67.36,0.519,0.194,0.97
1097,14.0,850.75,65.0,0.411,0.095,2.0,0.0,59.66,0.239,0.319,2.23
1098,4.0,112.77,11.0,0.256,0.01,20.0,0.0,29.7,0.769,0.379,0.0
1099,15.0,430.15,44.0,0.322,0.087,10.0,3.0,27.84,0.846,0.178,0.28
1100,5.0,160.1,4.0,0.149,0.035,32.0,0.0,33.79,0.295,0.199,2.03
1101,13.0,642.85,33.0,,0.018,13.0,0.0,50.12,0.469,0.167,1.3
1102,14.0,675.86,37.0,0.462,0.091,9.0,1.0,47.46,0.882,0.234,1.63
1103,15.0,251.04,21.0,0.056,0.067,16.0,1.0,16.49,0.235,0.107,1.7
1104,17.0,858.02,36.0,0.376,0.091,15.0,2.0,51.82,0.828,0.255,0.23
1105,12.0,713.91,37.0,0.373,0.105,0.0,0.0,61.15,0.631,0.181,0.73
1106,14.0,1840.5,38.0,0.017,0.052,5.0,1.0,127.8,0.251,0.232,1.31
1107,17.0,384.89,44.0,0.174,0.012,17.0,3.0,22.13,0.619,0.167,1.54
1108,2.0,183.64,1.0,0.36,0.046,68.0,1.0,74.78,0.496,0.305,1.45
1109,19.0,346.86,35.0,0.049,0.048,10.0,2.0,18.35,0.217,0.35,1.63
1110,6.0,137.9,5.0,0.24,0.071,36.0,0.0,21.35,0.725,0.275,0.47
1111,21.0,453.24,63.0,0.406,,0.0,2.0,21.55,0.544,0.232,0.49
1112,14.0,655.11,44.0,0.275,0.073,11.0,0.0,46.7,0.526,0.125,0.82
1113,18.0,517.29,24.0,0.053,0.08,14.0,5.0,29.2,0.158,0.217,2.36
1114,34.0,2194.92,29.0,0.043,0.0,10.0,1.0,64.5,0.116,0.163,2.6
1115,33.0,2321.18,33.0,0.04,0.017,5.0,2.0,70.36,0.581,0.33,2.7
1116,18.0,662.23,27.0,0.027,0.066,13.0,2.0,37.73,0.319,0.334,1.29
1117,1.0,122.41,5.0,0.312,0.035,35.0,1.0,122.41,0.691,0.219,0.8
1118,16.0,416.29,14.0,0.19,0.073,11.0,3.0,26.15,0.708,0.232,2.07
1119,14.0,375.99,47.0,0.01,0.078,7.0,1.0,27.69,0.116,0.122,2.42
1120,23.0,1756.79,65.0,0.011,0.05,2.0,2.0,77.84,0.084,0.465,2.51
1121,31.0,1577.3,18.0,0.015,0.051,5.0,3.0,50.97,0.573,0.448,1.83
1122,5.0,88.72,8.0,0.18,0.004,84.0,1.0,16.94,0.486,0.099,1.51
1123,1.0,187.49,4.0,0.148,0.0,140.0,2.0,187.49,0.726,0.231,0.32
1124,4.0,75.83,6.0,0.134,,7.0,1.0,21.49,0.417,0.277,0.65
1125,1.0,95.11,6.0,0.124,0.011,23.0,0.0,95.11,0.275,0.286,1.18
1126,1.0,116.41,4.0,0.158,0.023,52.0,0.0,86.88,0.284,0.227,1.82
1127,13.0,827.53,28.0,0.084,0.015,8.0,1.0,65.07,0.422,0.353,2.72
1128,3.0,16.71,1.0,0.094,0.0,174.0,1.0,5.38,0.759,0.125,0.0
1129,24.0,1556.76,62.0,0.082,0.013,9.0,1.0,64.53,0.496,0.511,3.5
1130,20.0,542.76,40.0,0.036,0.016,14.0,1.0,27.1,0.242,0.256,2.24
1131,11.0,882.09,45.0,0.489,0.053,0.0,3.0,76.96,0.336,0.295,1.49
1132,1.0,67.89,1.0,0.065,0.002,81.0,0.0,50.95,0.277,0.095,3.07
1133,8.0,376.59,26.0,0.166,0.0,8.0,0.0,47.96,0.13,0.033,2.52
1134,11.0,362.42,49.0,0.485,0.107,0.0,0.0,32.31,0.898,0.199,0.12
1135,0.0,123.54,5.0,0.183,0.001,112.0,0.0,123.54,0.257,0.123,1.66
1136,3.0,74.45,0.0,0.196,0.0,9.0,1.0,23.34,0.511,0.17,0.0
1137,13.0,395.22,31.0,0.065,0.066,6.0,0.0,29.76,0.382,0.108,1.79
1138,32.0,2249.76,53.0,0.075,0.041,3.0,3.0,71.33,0.295,0.285,1.94
1139,8.0,607.11,16.0,0.084,0.009,12.0,3.0,73.71,0.337,0.165,0.54
1140,10.0,560.49,28.0,0.074,0.112,12.0,3.0,55.59,0.315,0.0,1.98
1141,3.0,99.81,10.0,0.152,0.096,19.0,0.0,34.72,0.267,0.484,2.39
1142,22.0,339.28,40.0,0.248,0.046,17.0,0.0,15.22,0.183,0.178,1.05
1143,20.0,447.06,40.0,,0.106,14.0,2.0,21.84,0.383,0.285,0.59
1144,4.0,207.89,9.0,0.179,0.043,15.0,2.0,51.47,0.671,0.307,0.0
1145,16.0,1916.78,53.0,0.035,0.045,10.0,1.0,120.86,0.173,0.368,1.85
1146,35.0,1645.79,71.0,0.04,0.031,6.0,2.0,47.47,0.194,0.197,3.16
1147,9.0,656.61,32.0,0.185,0.029,23.0,1.0,69.94,0.405,0.228,1.6
1148,8.0,517.4,19.0,0.089,0.097,8.0,1.0,63.46,0.716,0.055,2.12
1149,17.0,412.37,33.0,0.109,0.035,15.0,2.0,23.62,0.573,0.344,1.81
1150,34.0,2731.74,63.0,0.0,0.045,5.0,2.0,79.45,0.6,0.176,2.31
1151,17.0,795.83,34.0,0.163,0.065,13.0,1.0,47.42,0.152,0.117,1.35
1152,29.0,1876.57,60.0,0.041,0.039,10.0,2.0,64.12,0.439,0.16,1.27
1153,25.0,2029.99,48.0,0.048,0.061,6.0,0.0,80.75,0.217,0.283,1.37
1154,0.0,41.94,3.0,0.038,0.057,73.0,1.0,41.94,0.514,0.092,0.0
1155,30.0,1718.89,75.0,0.076,0.051,10.0,0.0,57.47,0.158,0.265,1.06
1156,2.0,71.04,3.0,0.361,0.071,19.0,1.0,28.57,0.213,0.2,0.25
1157,4.0,219.61,13.0,0.264,0.074,42.0,0.0,62.53,0.435,0.284,0.04
1158,14.0,424.35,21.0,0.136,0.033,9.0,1.0,30.88,0.125,0.26,1.64
1159,0.0,212.23,2.0,0.21,0.024,35.0,0.0,212.23,0.037,0.091,0.62
1160,16.0,452.77,41.0,0.17,0.052,6.0,1.0,27.57,0.305,0.271,3.82
1161,11.0,575.08,44.0,0.11,0.065,15.0,0.0,50.33,0.66,0.166,2.64
1162,3.0,79.29,3.0,0.147,0.058,37.0,1.0,26.27,0.64,0.0,0.69
1163,0.0,88.92,3.0,0.35,0.089,54.0,1.0,88.92,0.368,0.22,0.0
1164,6.0,65.78,4.0,0.191,0.093,48.0,2.0,10.23,0.322,0.138,2.09
1165,4.0,118.93,0.0,0.145,0.054,16.0,0.0,29.94,0.492,0.041,2.06
1166,2.0,108.91,3.0,0.148,0.024,122.0,0.0,67.83,0.234,0.028,1.17
1167,12.0,347.53,22.0,0.133,0.022,11.0,1.0,28.13,0.798,0.154,2.66
1168,3.0,92.75,3.0,0.14,0.057,81.0,1.0,33.31,0.277,0.0,2.04
1169,6.0,260.48,6.0,0.096,0.0,42.0,0.0,41.39,0.188,0.022,0.68
1170,35.0,1335.81,56.0,0.105,0.0,8.0,0.0,38.62,0.544,0.024,1.92
1171,13.0,526.58,23.0,0.15,0.057,7.0,2.0,39.88,0.367,0.216,1.97
1172,31.0,2292.67,50.0,0.068,0.0,2.0,5.0,73.91,0.387,0.199,2.26
1173,18.0,570.67,43.0,0.466,0.071,14.0,1.0,31.98,0.336,0.324,1.14
1174,16.0,669.53,31.0,0.164,0.043,23.0,1.0,42.57,0.254,0.316,3.72
1175,15.0,2031.15,73.0,0.031,0.051,5.0,2.0,132.29,0.136,0.011,2.05
1176,3.0,65.71,8.0,0.226,0.065,38.0,1.0,18.84,0.764,0.077,0.66
1177,19.0,646.58,49.0,0.296,0.136,14.0,1.0,34.62,0.26,0.189,0.0
1178,16.0,610.93,42.0,0.058,0.0,15.0,2.0,38.84,0.32,0.182,2.01
1179,4.0,207.36,9.0,0.197,0.022,68.0,2.0,50.53,0.296,0.332,0.87
1180,7.0,286.07,34.0,0.089,0.041,25.0,2.0,43.21,0.197,0.175,2.3
1181,5.0,73.4,10.0,0.242,0.0,27.0,1.0,13.79,0.326,0.245,1.29
1182,31.0,1386.78,62.0,0.021,0.017,0.0,4.0,44.12,0.779,0.187,1.48
1183,17.0,499.54,26.0,0.034,0.071,15.0,2.0,28.77,0.743,0.488,1.85
1184,6.0,524.3,26.0,0.131,0.089,19.0,0.0,94.65,0.221,0.407,0.97
1185,27.0,1451.16,63.0,0.05,0.03,10.0,0.0,54.14,0.3,0.14,3.33
1186,18.0,714.88,37.0,0.07,0.05,4.0,1.0,38.77,0.585,0.216,1.57
1187,3.0,48.1,2.0,0.131,0.006,82.0,1.0,18.12,0.363,0.0,1.02
1188,20.0,1619.69,35.0,0.085,0.016,6.0,3.0,81.78,0.072,0.163,2.43
1189,36.0,1317.27,53.0,0.049,0.032,10.0,1.0,36.34,0.42,0.267,2.99
1190,5.0,127.52,4.0,0.189,0.06,50.0,1.0,23.39,0.494,0.0,1.49
1191,13.0,778.13,20.0,0.091,0.085,19.0,1.0,60.63,0.434,0.213,2.38
1192,14.0,878.92,19.0,0.097,0.063,16.0,2.0,63.33,0.818,0.376,2.94
1193,28.0,1887.66,72.0,0.061,0.025,10.0,2.0,67.66,0.72,0.287,1.5
1194,6.0,77.38,9.0,0.374,0.079,51.0,1.0,13.5,0.384,0.314,0.0
1195,4.0,133.67,1.0,0.193,0.0,34.0,1.0,30.16,0.065,0.305,1.77
1196,20.0,620.55,42.0,0.387,0.049,12.0,1.0,31.05,0.39,0.08,1.18
1197,15.0,564.67,21.0,0.0,0.049,9.0,2.0,38.5,0.347,0.348,1.78
1198,15.0,749.38,35.0,0.128,0.057,13.0,1.0,48.39,0.331,0.164,3.47
1199,2.0,38.44,11.0,0.11,0.013,52.0,1.0,24.96,0.451,0.01,2.06
1200,3.0,90.3,9.0,0.176,0.041,31.0,0.0,27.95,0.302,0.021,1.08
1201,14.0,450.45,28.0,0.166,0.078,13.0,0.0,32.98,0.651,0.0,2.67
1202,16.0,573.47,32.0,0.0,0.092,6.0,2.0,35.24,0.177,0.165,3.0
1203,1.0,82.67,4.0,0.211,0.0,52.0,0.0,61.13,0.571,0.043,1.72
1204,18.0,1603.76,41.0,0.052,0.055,8.0,0.0,90.17,0.689,0.231,1.95
1205,3.0,103.18,6.0,0.023,0.044,0.0,0.0,30.37,0.629,0.493,0.22
1206,30.0,1832.12,32.0,0.021,0.043,4.0,1.0,60.32,0.57,0.18,1.5
1207,3.0,25.66,1.0,0.088,0.012,37.0,1.0,9.99,0.462,0.261,0.68
1208,28.0,1280.41,49.0,0.091,0.076,5.0,1.0,45.63,0.555,0.123,1.67
1209,14.0,708.62,38.0,0.115,0.024,12.0,2.0,50.61,0.826,0.093,2.05
1210,14.0,1432.5,50.0,0.097,0.021,6.0,1.0,99.38,0.099,0.087,1.79
1211,0.0,70.71,5.0,0.089,0.0,111.0,1.0,70.71,0.136,0.043,0.0
1212,0.0,93.76,2.0,0.123,0.032,141.0,0.0,93.76,0.594,0.167,1.72
1213,12.0,264.44,11.0,0.086,0.061,8.0,1.0,21.32,0.364,0.264,3.06
1214,5.0,89.35,7.0,0.193,0.068,24.0,1.0,16.38,0.258,0.218,1.15
1215,7.0,50.71,2.0,0.137,0.1,54.0,1.0,7.1,0.369,0.204,0.15
1216,3.0,91.13,0.0,0.226,0.022,13.0,1.0,34.98,0.494,0.218,0.86
1217,1.0,56.42,15.0,0.179,0.008,21.0,0.0,48.42,0.143,0.242,1.16
1218,8.0,550.33,39.0,0.113,0.023,16.0,0.0,65.49,0.269,,1.95
1219,23.0,415.67,34.0,0.322,0.088,0.0,2.0,18.08,0.642,0.249,0.21
1220,7.0,822.6,30.0,0.103,0.032,8.0,2.0,117.4,0.704,0.401,1.79
1221,10.0,684.34,31.0,0.055,0.078,11.0,0.0,68.09,0.385,0.209,2.29
1222,20.0,483.85,52.0,0.363,0.077,20.0,1.0,24.44,0.831,0.325,0.31
1223,21.0,569.89,20.0,0.232,0.076,11.0,1.0,27.57,0.562,0.08,1.0
1224,9.0,459.31,23.0,0.082,0.085,24.0,0.0,49.87,0.152,0.283,1.9
1225,11.0,467.22,40.0,0.106,0.108,7.0,2.0,43.82,0.493,0.304,2.59
1226,12.0,515.86,27.0,0.127,0.079,8.0,1.0,41.48,0.458,0.126,1.45
1227,33.0,2365.65,38.0,0.039,0.034,10.0,3.0,71.8,0.399,0.321,3.2
1228,0.0,190.99,1.0,0.006,0.028,33.0,0.0,190.99,0.31,0.282,1.68
1229,36.0,1781.24,51.0,0.065,0.033,9.0,0.0,49.05,0.515,0.418,2.25
1230,8.0,204.75,3.0,0.179,0.071,30.0,0.0,26.11,0.39,0.14,0.9
1231,9.0,484.12,23.0,0.17,0.088,18.0,1.0,53.33,0.529,0.343,0.71
1232,2.0,50.58,3.0,0.123,0.0,91.0,1.0,28.82,0.291,0.0,1.3
1233,3.0,113.76,11.0,0.169,0.007,42.0,1.0,35.62,0.34,0.064,0.6
1234,24.0,689.67,37.0,0.444,0.078,6.0,0.0,28.49,0.386,0.351,0.0
1235,12.0,690.23,19.0,0.098,0.072,11.0,2.0,55.89,0.615,0.07,1.86
1236,3.0,60.49,14.0,0.265,0.052,0.0,0.0,23.84,0.308,0.292,1.37
1237,15.0,591.16,22.0,0.118,0.006,12.0,1.0,39.67,0.104,0.15,2.2
1238,4.0,197.5,0.0,0.144,0.036,37.0,2.0,51.98,0.24,0.313,0.0
1239,19.0,269.48,27.0,0.097,0.068,13.0,0.0,14.51,0.752,0.0,1.68
1240,16.0,403.03,10.0,0.092,0.004,13.0,1.0,25.24,0.302,0.13,1.66
1241,15.0,454.85,38.0,0.441,0.051,14.0,2.0,30.04,0.492,0.131,1.81
1242,37.17815688844044,2593.759982204546,54.0,0.337,0.113,0.0,3.0,37.5,0.502,0.306,0.06
1243,11.0,891.07,51.0,0.263,0.102,0.0,0.0,81.09,0.282,0.24,2.31
1244,7.0,761.15,42.0,0.189,0.037,28.0,1.0,115.19,0.153,0.219,3.25
1245,1.0,84.75,2.0,0.071,0.025,58.0,1.0,84.75,0.568,0.0,0.67
1246,8.0,842.95,39.0,0.418,0.063,0.0,2.0,100.45,0.591,0.178,1.12
1247,14.0,459.57,25.0,0.132,0.079,8.0,0.0,32.13,0.301,0.133,2.14
1248,2.0,146.74,15.0,0.157,0.028,39.0,1.0,60.17,0.737,0.0,0.0
1249,11.0,743.06,28.0,0.07,0.072,22.0,1.0,65.07,0.578,0.298,1.95
1250,46.0,2928.46,50.0,0.054,0.05,4.0,1.0,63.44,0.631,0.333,1.92
1251,12.0,388.04,34.0,0.076,0.02,17.0,0.0,33.47,0.214,0.37,3.12
1252,2.0,33.77,5.0,0.203,0.018,26.0,1.0,15.39,0.818,,0.97
1253,18.0,436.37,54.0,0.15,0.149,14.0,3.0,24.69,0.547,0.018,0.0
1254,23.0,1723.81,44.0,0.074,0.016,11.0,1.0,73.45,0.105,0.345,1.76
1255,4.0,30.26,14.0,0.078,0.0,34.0,0.0,8.16,0.435,0.154,0.56
1256,15.0,633.61,35.0,0.487,0.084,14.0,1.0,41.0,0.908,0.165,2.3
1257,13.0,250.38,28.0,0.094,0.035,9.0,0.0,19.66,0.824,0.131,1.36
1258,8.0,624.82,23.0,0.046,0.117,7.0,0.0,79.29,0.666,0.346,1.82
1259,12.0,219.94,35.0,0.134,0.042,13.0,0.0,17.61,0.378,0.178,2.66
1260,10.0,631.15,27.0,0.127,0.033,6.0,0.0,61.07,0.354,0.351,2.16
1261,2.0,0.0,2.0,0.091,0.043,66.0,0.0,0.0,0.637,0.142,0.0
1262,33.0,2057.74,69.0,0.073,0.036,5.0,1.0,62.11,0.46,0.524,1.95
1263,3.0,97.61,8.0,0.1,0.026,60.0,0.0,29.73,0.439,0.25,0.39
1264,14.0,566.62,23.0,0.097,0.019,3.0,0.0,39.81,0.127,0.287,1.3
1265,3.0,145.01,14.0,,0.014,68.0,0.0,45.52,0.3,0.277,0.49
1266,8.0,342.9,27.0,0.093,0.049,18.0,2.0,40.95,0.516,0.329,2.43
1267,16.0,922.27,57.0,0.504,0.021,6.0,3.0,59.26,0.634,0.213,0.38
1268,6.0,369.27,30.0,0.147,0.062,15.0,1.0,62.48,0.25,0.245,1.92
1269,14.0,607.48,39.0,0.359,0.055,6.0,1.0,42.36,0.327,0.295,1.35
1270,16.0,512.07,17.0,0.146,0.071,32.0,2.0,32.11,0.798,0.29,2.32
1271,22.0,1391.3,44.0,0.041,0.031,1.0,1.0,63.29,0.324,0.267,0.53
1272,3.0,240.86,2.0,0.24,0.04,40.0,1.0,93.11,0.27,0.383,2.28
1273,6.0,111.47,18.0,0.189,0.003,32.0,0.0,18.8,0.396,0.0,1.12
1274,15.0,655.68,34.0,0.058,0.048,19.0,0.0,44.03,0.278,0.195,1.64
1275,3.0,47.24,4.0,0.029,0.034,125.0,0.0,14.8,0.126,0.0,1.14
1276,41.0,2976.94,69.0,0.078,0.042,11.0,3.0,73.05,0.345,0.173,2.05
1277,4.0,167.84,8.0,0.165,0.0,40.0,0.0,42.81,0.522,0.172,1.07
1278,19.0,271.18,21.0,0.055,0.047,16.0,1.0,13.95,0.559,0.322,3.37
1279,4.0,0.0,2.0,0.193,0.063,40.0,0.0,0.0,0.178,0.309,0.33
1280,20.0,1680.22,67.0,0.075,0.016,3.0,2.0,84.44,0.527,0.117,2.59
1281,2.0,56.6,1.0,0.178,0.034,82.0,1.0,27.6,0.366,0.23,1.45
1282,46.0,1913.16,55.0,0.059,0.03,6.0,1.0,41.55,0.264,0.138,1.97
1283,44.0,1498.98,64.0,0.093,0.056,0.0,2.0,34.34,0.631,0.3,1.11
1284,13.0,490.56,19.0,0.138,0.013,2.0,1.0,38.49,0.286,0.188,0.7
1285,17.0,792.55,52.0,0.355,0.069,15.0,1.0,45.34,0.555,0.288,0.49
1286,19.0,613.6,15.0,0.191,0.043,14.0,2.0,31.81,0.483,0.46,
1287,36.0,2220.6,51.0,0.0,0.013,1.0,2.0,61.11,0.338,0.207,2.07
1288,2.0,45.52,9.0,0.194,0.036,22.0,0.0,23.87,0.466,0.035,1.44
1289,35.0,1793.06,40.0,0.008,0.061,0.0,1.0,50.74,0.795,0.245,2.07
1290,4.0,134.58,6.0,0.0,0.026,60.0,1.0,37.27,0.388,0.044,0.71
1291,16.0,577.59,24.0,0.008,0.083,14.0,0.0,37.04,0.304,0.06,0.77
1292,10.0,659.14,31.0,0.228,0.045,14.0,3.0,65.96,0.401,0.327,1.01
1293,9.0,402.95,23.0,0.204,0.048,15.0,0.0,43.7,0.012,0.261,1.96
1294,4.0,93.11,9.0,0.024,0.05,17.0,1.0,22.84,0.261,0.097,1.7
1295,16.0,2018.63,63.0,0.07,0.015,11.0,2.0,123.93,0.726,0.318,1.89
1296,36.0,2700.67,62.0,0.047,0.073,5.0,0.0,75.04,0.608,0.0,2.5
1297,4.0,174.06,9.0,0.318,,9.0,2.0,46.55,0.588,0.204,0.83
1298,19.0,638.83,43.0,0.487,0.007,8.0,0.0,34.49,0.653,0.27,1.22
1299,37.0,1834.55,59.0,0.021,0.0,2.0,1.0,49.42,0.335,0.181,3.68
1300,0.0,126.23,1.0,0.09,,27.0,0.0,126.23,0.491,0.083,2.38
1301,20.0,586.09,67.0,0.462,0.066,2.0,2.0,28.77,0.388,0.186,0.74
1302,2.0,72.57,2.0,,0.091,58.0,0.0,39.19,0.297,0.238,1.57
1303,1.0,188.65,3.0,0.114,0.005,51.0,0.0,157.45,0.347,0.0,1.33
1304,1.0,156.96,2.0,0.16,0.0,124.0,1.0,156.96,0.811,0.0,0.0
1305,1.0,45.39,2.0,0.123,0.026,89.0,0.0,45.39,0.622,0.189,0.49
1306,2.0,66.26,3.0,0.112,0.042,117.0,0.0,27.32,0.204,0.014,0.56
1307,9.0,484.32,21.0,0.059,0.091,8.0,2.0,56.85,0.211,0.258,0.93
1308,1.0,103.7,10.0,0.185,0.027,57.0,1.0,79.52,0.65,0.437,0.96
1309,1.0,21.12,4.0,0.1,0.021,136.0,0.0,15.71,0.473,0.167,2.07
1310,20.0,567.94,27.0,0.112,0.043,19.0,1.0,28.5,0.425,0.127,1.11
1311,23.0,515.53,41.0,0.367,0.122,21.0,2.0,22.51,0.398,0.039,0.62
1312,2.0,106.91,2.0,0.096,0.014,74.0,0.0,55.69,0.314,0.196,2.64
1313,28.0,1344.06,42.0,0.057,0.046,8.0,1.0,47.56,0.27,0.096,0.95
1314,4.0,391.46,34.0,0.112,0.04,4.0,1.0,107.89,0.582,0.089,1.9
1315,43.0,1205.16,42.0,0.088,0.036,6.0,1.0,28.17,0.252,0.234,1.83
1316,12.0,577.73,34.0,0.357,0.079,12.0,2.0,47.32,0.358,0.285,1.43
1317,2.0,118.76,5.0,0.161,0.014,59.0,0.0,64.98,0.678,0.113,2.1
1318,22.0,569.45,47.0,0.529,0.091,5.0,1.0,26.27,0.629,0.267,0.0
1319,26.0,1740.67,46.0,0.057,0.027,8.0,1.0,67.14,0.375,0.057,1.19
1320,1.0,89.36,4.0,0.078,0.09,122.0,1.0,89.36,0.303,0.278,1.64
1321,5.0,735.22,33.0,0.056,0.009,11.0,1.0,138.54,0.547,0.143,1.08
1322,1.0,133.65,1.0,0.165,0.049,72.0,0.0,99.77,0.561,0.056,0.72
1323,3.0,57.47,5.0,0.126,0.016,40.0,2.0,17.15,0.232,0.097,0.0
1324,38.0,773.71,48.0,0.088,0.032,10.0,3.0,20.3,0.481,0.172,1.92
1325,1.0,13.41,5.0,0.123,0.068,123.0,0.0,13.41,0.413,0.0,0.2
1326,7.0,507.77,26.0,0.115,0.068,11.0,3.0,75.5,0.576,0.218,2.96
1327,4.0,122.33,7.0,0.108,0.035,30.0,1.0,30.37,0.618,0.006,0.73
1328,0.0,124.7,5.0,0.121,0.005,127.0,1.0,124.7,0.54,0.001,0.34
1329,14.0,364.94,19.0,0.072,0.0,5.0,3.0,25.37,0.322,0.202,2.86
1330,3.0,156.8,15.0,0.168,0.0,27.0,1.0,62.33,0.638,0.163,0.64
1331,3.0,140.73,3.0,0.145,0.016,82.0,0.0,55.55,0.516,0.169,2.51
1332,14.0,458.03,52.0,0.258,0.105,2.0,2.0,31.94,0.37,0.156,0.39
1333,0.0,79.78,4.0,0.228,0.012,131.0,0.0,79.78,0.162,0.0,0.0
1334,47.0,1914.49,94.0,0.086,0.021,4.0,1.0,40.42,0.352,0.339,1.88
1335,4.0,110.34,11.0,0.293,0.046,56.0,2.0,26.16,0.176,0.151,0.0
1336,14.0,650.83,24.0,0.123,0.045,13.0,2.0,47.59,0.047,0.368,2.23
1337,9.0,537.47,24.0,0.038,0.092,15.0,0.0,58.56,0.769,0.241,2.52
1338,13.0,444.69,27.0,0.104,0.055,20.0,1.0,33.33,0.202,0.138,1.54
1339,0.0,110.19,13.0,0.155,0.025,28.0,1.0,110.19,0.405,0.172,0.0
1340,0.0,145.29,2.0,0.148,0.067,0.0,0.0,145.29,0.311,0.161,0.0
1341,1.0,121.12,2.0,0.289,0.054,56.0,1.0,95.07,0.346,0.311,0.0
1342,4.0,132.7,10.0,0.065,0.064,52.0,0.0,32.56,0.294,0.062,0.11
1343,9.0,402.99,24.0,0.071,0.064,11.0,1.0,42.71,0.405,0.235,1.76
1344,11.0,556.74,24.0,0.076,0.044,14.0,1.0,48.83,0.18,0.396,2.19
1345,34.0,1927.79,65.0,0.03,0.05,6.0,3.0,56.75,0.563,0.272,2.81
1346,13.0,316.21,16.0,,0.064,6.0,0.0,23.47,0.235,0.091,1.65
1347,14.0,163.0,30.0,0.124,0.069,19.0,0.0,11.84,0.395,0.415,1.85
1348,4.0,103.08,12.0,0.104,0.06,25.0,0.0,28.27,0.505,0.463,1.94
1349,6.0,158.57,15.0,0.133,0.035,22.0,1.0,28.04,0.673,0.115,0.52
1350,15.0,446.44,48.0,0.077,0.031,5.0,1.0,29.07,0.784,0.186,0.95
1351,4.0,226.01,16.0,0.177,0.012,24.0,1.0,63.38,0.326,0.201,0.0
1352,0.0,144.92,3.0,0.206,0.039,34.0,1.0,144.92,0.814,0.29,1.28
1353,12.0,410.31,36.0,0.123,0.035,13.0,0.0,33.52,0.281,0.425,2.41
1354,4.0,102.72,8.0,0.225,0.031,37.0,0.0,26.36,0.635,0.27,0.0
1355,0.0,0.0,13.0,0.211,0.08,31.0,1.0,0.0,0.858,0.361,0.58
1356,24.0,391.76,29.0,0.316,0.056,14.0,2.0,16.28,0.864,0.21,0.36
1357,6.0,554.14,32.0,0.113,0.063,22.0,1.0,96.95,0.587,0.166,2.49
1358,10.0,709.13,21.0,0.131,0.047,14.0,1.0,72.04,0.489,0.315,1.0
1359,22.0,902.23,49.0,0.264,0.097,16.0,1.0,40.19,0.452,0.062,0.26
1360,16.0,391.01,52.0,0.413,0.046,5.0,0.0,24.84,0.418,0.221,0.3
1361,28.0,1464.07,34.0,0.023,0.073,7.0,2.0,52.63,0.456,0.287,2.12
1362,20.0,423.9,25.0,0.099,0.046,19.0,4.0,21.5,0.463,0.172,3.47
1363,5.0,195.88,12.0,0.172,0.023,20.0,1.0,38.94,0.207,0.313,0.38
1364,18.0,679.4,33.0,0.22,0.097,4.0,1.0,37.82,0.372,0.106,1.72
1365,28.0,1555.8,53.0,0.075,0.013,1.0,0.0,55.39,0.696,0.313,1.45
1366,1.0,77.72,1.0,0.197,0.018,109.0,0.0,68.47,0.211,0.099,0.22
1367,4.0,120.12,8.0,0.172,0.041,19.0,1.0,31.03,0.273,0.206,1.52
1368,3.0,113.86,8.0,0.192,0.061,63.0,1.0,36.15,0.867,0.232,1.26
1369,2.0,45.73,6.0,0.081,0.0,60.0,1.0,27.48,0.463,0.127,1.58
1370,18.0,481.15,23.0,0.04,0.004,20.0,1.0,26.63,0.511,0.257,1.12
1371,2.0,27.67,0.0,0.107,0.054,52.0,0.0,16.22,0.187,0.0,1.28
1372,30.0,1423.52,51.0,0.106,0.035,1.0,0.0,46.83,0.131,0.39,3.42
1373,3.0,172.29,3.0,0.087,0.026,48.0,0.0,53.55,0.211,0.109,0.91
1374,27.0,1631.73,55.0,0.029,0.014,0.0,2.0,60.65,0.176,0.275,1.93
1375,12.0,504.16,36.0,0.173,0.069,8.0,2.0,41.93,0.459,0.418,1.38
1376,16.0,814.95,34.0,0.39,0.085,11.0,3.0,50.02,0.261,0.342,1.77
1377,35.0,2140.05,54.0,0.09,0.049,11.0,2.0,61.32,0.315,0.177,1.14
1378,32.0,2125.73,62.0,0.015,0.026,2.0,0.0,66.37,0.787,0.2,2.06
1379,18.0,678.5,21.0,0.103,0.064,12.0,1.0,37.81,0.218,0.004,1.76
1380,0.0,155.5,12.0,0.104,0.037,29.0,2.0,155.5,0.342,0.142,1.12
1381,16.0,321.25,19.0,0.102,0.095,6.0,1.0,19.8,0.031,0.166,2.7
1382,30.0,1357.41,35.0,0.016,0.007,8.0,3.0,45.12,0.161,0.143,2.64
1383,1.0,85.2,2.0,0.063,0.0,77.0,0.0,62.58,0.545,0.0,0.39
1384,5.0,583.08,30.0,0.107,0.0,15.0,0.0,106.06,0.476,0.302,1.55
1385,10.0,237.88,9.0,0.015,0.084,11.0,0.0,23.46,0.296,0.038,2.57
1386,25.0,596.95,49.0,0.366,0.147,12.0,1.0,24.24,0.787,0.071,0.74
1387,0.0,94.49,8.0,0.141,0.0,49.0,0.0,94.49,0.39,0.245,2.05
1388,17.0,2056.96,66.0,0.009,0.051,8.0,0.0,120.56,0.475,0.081,2.22
1389,15.0,552.16,26.0,0.486,0.083,22.0,0.0,37.33,0.407,0.23,1.17
1390,23.0,2268.5,50.0,0.077,0.037,0.0,3.0,97.97,0.284,0.27,3.14
1391,6.0,90.29,5.0,0.117,0.034,17.0,0.0,15.62,0.41,0.071,0.0
1392,30.0,1477.31,37.0,0.077,0.03,4.0,1.0,49.28,0.371,0.204,2.91
1393,6.0,125.88,10.0,0.099,0.018,47.0,1.0,20.35,0.361,0.369,2.26
1394,14.0,684.61,29.0,0.211,0.077,10.0,1.0,50.54,0.304,0.137,2.26
1395,10.0,585.3,45.0,0.332,0.085,8.0,3.0,57.55,0.467,0.259,3.13
1396,28.0,2272.48,21.0,0.06,0.037,9.0,2.0,80.66,0.757,0.101,2.76
1397,1.0,127.27,10.0,0.092,0.047,0.0,1.0,127.27,0.185,0.147,0.74
1398,37.0,2141.09,22.0,0.021,0.025,5.0,1.0,58.28,0.409,0.263,2.09
1399,16.0,454.58,20.0,0.096,0.109,19.0,1.0,28.84,0.565,0.167,1.71
1400,13.0,447.35,52.0,0.31,0.123,9.0,1.0,34.24,0.737,0.278,
1401,26.0,1666.33,71.0,0.06,0.031,11.0,2.0,64.11,0.161,0.125,1.17
1402,26.0,677.15,34.0,0.543,0.126,14.0,2.0,25.88,0.4,0.266,0.62
1403,26.0,2059.44,60.0,0.09,0.037,2.0,1.0,80.16,0.331,0.319,0.42
1404,2.0,65.2,10.0,0.152,0.0,41.0,0.0,32.26,0.349,0.139,1.79
1405,7.0,411.43,26.0,0.079,0.097,13.0,0.0,56.07,0.826,0.155,1.36
1406,5.0,176.04,4.0,0.181,0.052,36.0,1.0,37.99,0.407,0.228,2.14
1407,9.0,370.1,9.0,0.039,0.083,10.0,0.0,39.13,0.802,0.103,1.71
1408,14.0,260.46,24.0,0.104,0.041,14.0,0.0,18.23,0.241,0.215,1.8
1409,11.0,907.98,19.0,0.0,0.052,20.0,1.0,86.47,0.132,0.218,2.02
1410,14.0,587.64,18.0,0.026,0.086,18.0,1.0,40.87,0.149,0.186,0.61
1411,4.0,114.03,3.0,0.186,0.035,2.0,0.0,31.86,0.652,0.301,1.14
1412,19.0,398.98,61.0,0.452,0.038,0.0,1.0,20.83,0.333,0.127,2.43
1413,2.0,119.65,1.0,0.096,0.067,30.0,0.0,78.3,0.63,0.0,1.76
1414,15.0,590.99,35.0,0.112,0.034,13.0,0.0,38.76,0.625,0.129,1.85
1415,29.0,1098.67,61.0,0.032,0.0,9.0,0.0,37.6,0.151,0.184,2.04
1416,7.0,33.84,10.0,0.159,0.002,32.0,0.0,4.97,0.217,0.309,1.4
1417,11.0,387.07,33.0,0.074,0.031,0.0,1.0,36.38,0.773,0.108,1.53
1418,13.0,691.19,17.0,0.11,0.044,9.0,1.0,51.61,0.092,0.075,2.0
1419,16.0,695.09,44.0,0.243,0.075,6.0,2.0,44.6,0.836,0.323,0.92
1420,2.0,86.74,3.0,0.25,0.058,49.0,0.0,50.21,0.115,0.114,0.0
1421,4.0,125.19,13.0,0.31,0.085,20.0,0.0,28.88,0.191,0.167,1.57
1422,12.0,776.36,20.0,0.077,0.117,12.0,2.0,62.95,0.278,0.454,0.72
1423,32.0,1332.8,51.0,0.06,0.023,5.0,1.0,42.22,0.538,0.223,2.32
1424,16.0,718.01,15.0,0.363,0.048,17.0,2.0,44.68,0.777,0.12,2.26
1425,15.0,417.35,33.0,0.051,0.026,22.0,1.0,27.17,0.551,0.232,2.71
1426,0.0,120.28,4.0,0.181,0.098,75.0,1.0,120.28,0.477,0.206,1.19
1427,40.0,2072.23,76.0,0.114,0.038,13.0,1.0,51.54,0.649,,1.58
1428,1.0,100.67,2.0,0.09,0.048,108.0,0.0,77.28,0.567,0.0,0.0
1429,16.0,659.5,49.0,0.259,0.0,0.0,1.0,41.92,0.725,0.323,0.01
1430,19.0,811.9,48.0,0.434,0.156,0.0,0.0,43.29,0.717,0.176,1.44
1431,3.0,166.44,10.0,0.239,0.037,34.0,1.0,60.78,0.093,0.269,1.36
1432,11.0,755.34,49.0,0.527,0.051,12.0,0.0,67.02,0.416,0.222,1.25
1433,22.0,1260.28,60.0,0.014,0.0,9.0,2.0,58.53,0.254,0.164,2.42
1434,3.0,174.97,7.0,0.145,0.045,25.0,0.0,57.19,0.491,0.068,0.47
1435,2.0,81.19,5.0,0.273,,44.0,0.0,34.1,0.071,0.058,1.79
1436,4.0,82.49,12.0,0.186,0.004,44.0,0.0,18.89,0.446,0.096,0.0
1437,16.0,263.86,40.0,0.071,0.06,11.0,2.0,16.5,0.11,0.156,1.37
1438,8.0,153.26,6.0,0.183,0.088,23.0,2.0,19.91,0.371,0.138,0.08
1439,7.0,640.16,24.0,0.173,0.037,7.0,2.0,92.61,0.144,0.074,1.18
1440,2.0,81.16,0.0,0.315,0.033,49.0,0.0,35.45,0.825,0.264,0.58
1441,1.0,51.63,10.0,0.04,0.052,7.0,0.0,34.68,0.377,0.053,0.46
1442,6.0,184.02,10.0,0.272,0.047,4.0,0.0,30.78,0.517,0.221,0.97
1443,3.0,202.2,13.0,0.129,0.012,29.0,0.0,59.29,0.634,0.254,0.0
1444,1.0,101.91,0.0,0.186,0.0,111.0,0.0,95.11,0.282,0.004,0.05
1445,31.0,1622.41,40.0,0.09,0.038,7.0,1.0,52.3,0.275,0.233,2.17
1446,24.0,1817.28,55.0,0.033,0.082,8.0,1.0,74.69,0.413,0.296,1.29
1447,2.0,11.83,0.0,0.208,0.07,139.0,1.0,5.23,0.176,0.183,0.56
1448,9.0,359.98,28.0,0.201,0.078,17.0,2.0,40.43,0.439,0.068,1.48
1449,1.0,141.53,5.0,0.005,0.029,113.0,0.0,141.53,0.383,0.002,1.72
1450,21.0,2112.36,61.0,0.006,0.059,0.0,2.0,102.71,0.866,0.482,1.85
1451,14.0,584.37,29.0,0.118,0.061,15.0,1.0,40.46,0.492,0.247,0.51
1452,34.0,1637.03,53.0,0.068,0.026,0.0,2.0,48.27,0.605,0.288,0.57
1453,18.0,308.35,22.0,0.154,0.03,17.0,1.0,17.54,0.248,0.204,2.38
1454,7.0,197.13,9.0,0.217,0.033,39.0,0.0,26.75,0.362,0.195,1.75
1455,3.0,114.91,8.0,0.299,0.058,34.0,1.0,36.56,0.652,0.154,0.0
1456,1.0,7.5,4.0,0.182,0.01,145.0,1.0,5.21,0.263,0.29,1.55
1457,5.0,270.7,34.0,0.103,0.026,20.0,0.0,59.27,0.712,0.258,3.11
1458,19.0,628.59,49.0,0.395,0.139,11.0,1.0,33.74,0.26,0.153,1.26
1459,19.0,627.92,11.0,0.06,0.018,11.0,1.0,33.04,0.222,0.076,1.36
1460,0.0,239.51,17.0,0.228,0.027,29.0,1.0,239.51,0.362,0.365,0.65
1461,7.0,384.93,26.0,,0.049,4.0,1.0,53.25,0.629,0.256,1.99
1462,3.0,118.51,11.0,0.287,0.029,45.0,1.0,39.71,0.362,0.322,1.39
1463,26.0,862.86,69.0,0.101,0.05,2.0,3.0,33.2,0.238,0.207,1.77
1464,17.0,509.56,25.0,0.093,0.068,16.0,3.0,29.92,0.578,0.173,3.91
1465,19.0,342.83,50.0,0.374,0.091,20.0,0.0,18.1,0.791,,0.67
1466,4.0,144.41,3.0,0.158,0.022,31.0,1.0,32.72,0.571,,0.72
1467,1.0,122.73,11.0,0.125,0.086,29.0,1.0,122.73,0.684,0.191,2.65
1468,2.0,196.49,6.0,0.161,0.023,21.0,0.0,87.36,0.428,0.219,0.02
1469,1.0,119.81,5.0,0.134,0.043,49.0,0.0,81.24,0.367,0.072,0.0
1470,4.0,126.12,6.0,0.07,0.059,10.0,1.0,35.16,0.829,0.206,0.51
1471,15.0,383.99,29.0,0.201,0.039,21.0,1.0,26.06,0.242,0.256,1.93
1472,7.0,670.78,28.0,0.086,0.018,20.0,0.0,101.6,0.134,0.0,2.26
1473,3.0,162.35,14.0,0.124,0.051,70.0,0.0,57.92,0.678,0.189,0.96
1474,8.0,146.34,6.0,0.259,0.052,76.0,1.0,19.07,0.583,0.235,1.01
1475,11.0,483.16,35.0,0.147,0.058,13.0,1.0,45.35,0.305,0.122,2.02
1476,11.0,229.82,31.0,0.133,0.051,10.0,0.0,20.98,0.388,0.11,2.39
1477,2.0,109.71,7.0,0.121,0.111,40.0,0.0,56.03,0.36,0.181,0.4
1478,14.0,921.18,46.0,0.304,0.06,2.0,0.0,66.59,0.576,0.323,0.0
1479,20.0,616.22,30.0,0.349,0.082,0.0,3.0,30.86,0.822,0.351,0.0
1480,0.0,197.54,11.0,0.25,0.0,32.0,2.0,197.54,0.388,0.359,0.0
1481,17.0,718.85,27.0,0.071,0.094,14.0,1.0,42.59,0.46,0.181,1.7
1482,0.0,95.95,10.0,0.141,0.037,46.0,1.0,95.95,0.27,0.089,0.58
1483,18.0,592.15,38.0,0.288,0.031,17.0,2.0,32.91,0.657,,0.32
1484,2.0,202.68,8.0,0.106,0.048,4.0,1.0,91.72,0.388,0.285,0.71
1485,17.0,301.69,28.0,0.089,0.058,9.0,2.0,17.51,0.171,0.226,0.82
1486,6.0,28.05,9.0,0.228,0.047,48.0,1.0,4.75,0.402,0.092,1.27
1487,5.0,129.43,11.0,0.242,0.028,62.0,1.0,24.53,0.474,0.177,1.16
1488,3.0,0.0,3.0,0.046,0.005,95.0,1.0,0.0,0.614,0.0,1.39
1489,16.0,565.05,26.0,0.099,0.065,7.0,0.0,34.35,0.257,0.248,1.78
1490,11.0,397.87,38.0,0.085,0.014,29.0,1.0,36.48,0.402,0.25,0.99
1491,19.0,720.65,51.0,0.33,0.116,13.0,1.0,37.04,0.812,0.378,0.82
1492,10.0,636.08,20.0,0.058,0.041,19.0,1.0,65.76,0.852,0.168,2.33
1493,15.0,693.39,46.0,0.343,0.099,10.0,1.0,46.97,0.949,0.254,0.7
1494,13.0,56.91,46.0,0.335,0.083,10.0,1.0,4.24,0.671,0.361,0.99
1495,2.0,103.6,7.0,0.045,0.043,7.0,1.0,58.71,0.444,0.184,2.48
1496,8.0,601.8,42.0,0.099,0.098,12.0,1.0,78.43,0.428,0.23,1.63
1497,3.0,151.09,0.0,0.089,0.029,39.0,1.0,51.5,0.035,0.21,0.88
1498,9.0,566.44,20.0,0.035,0.056,2.0,0.0,64.0,0.231,0.369,0.91
1499,17.0,305.98,38.0,0.113,0.049,11.0,1.0,18.51,0.373,0.336,1.08
1500,14.0,615.7,60.0,0.295,0.1,12.0,1.0,44.71,0.449,0.368,0.63
1501,3.0,96.45,5.0,0.262,0.071,34.0,0.0,33.73,0.128,0.315,0.0
1502,16.0,339.47,26.0,0.019,0.07,21.0,1.0,21.2,0.679,0.157,1.02
1503,9.0,648.94,38.0,0.07,0.0,22.0,2.0,73.44,0.438,0.267,2.07
1504,17.0,576.48,60.0,0.444,0.114,3.0,0.0,33.98,0.735,0.433,0.64
1505,22.0,479.1,74.0,0.376,0.105,15.0,2.0,21.5,0.481,0.312,1.34
1506,3.0,129.05,11.0,0.175,0.01,51.0,1.0,44.59,0.299,0.152,1.01
1507,18.0,920.64,45.0,0.359,0.091,11.0,2.0,51.72,0.689,0.233,0.0
1508,0.0,80.11,10.0,0.174,0.096,69.0,1.0,80.11,0.402,0.0,0.0
1509,8.0,1755.75,72.0,0.115,0.0,7.0,2.0,229.17,0.402,0.196,1.87
1510,2.0,140.38,9.0,0.183,0.012,44.0,2.0,72.51,0.651,0.359,1.13
1511,2.0,196.64,14.0,0.068,0.065,22.0,0.0,79.71,0.201,0.05,0.0
1512,2.0,81.22,1.0,0.129,0.0,86.0,0.0,49.59,0.195,0.171,0.77
1513,14.0,872.75,26.0,0.255,0.043,18.0,1.0,62.29,0.34,0.321,1.39
1514,9.0,465.54,31.0,0.119,0.0,3.0,2.0,51.51,0.092,0.286,3.53
1515,4.0,157.01,5.0,0.324,0.039,36.0,0.0,34.95,0.22,0.33,0.06
1516,3.0,88.91,16.0,0.235,0.026,24.0,0.0,33.0,0.896,0.335,0.68
1517,25.0,513.85,36.0,,0.056,6.0,1.0,20.76,0.842,0.281,1.29
1518,12.0,729.09,19.0,0.098,0.05,10.0,1.0,62.52,0.382,0.119,2.25
1519,1.0,144.89,6.0,0.206,0.037,38.0,0.0,144.89,0.35,0.25,0.08
1520,10.0,531.24,13.0,0.118,0.029,6.0,1.0,50.67,0.403,0.188,1.47
1521,4.0,105.12,2.0,0.176,0.085,69.0,1.0,29.49,0.711,0.035,1.82
1522,3.0,160.76,6.0,0.111,0.083,2.0,1.0,61.07,0.772,0.253,0.69
1523,22.0,807.7,59.0,0.437,0.054,2.0,1.0,36.52,0.368,0.27,1.08
1524,36.0,1547.53,57.0,0.026,0.059,4.0,1.0,42.57,0.278,0.365,3.19
1525,21.0,402.89,54.0,0.271,0.07,15.0,0.0,19.46,0.77,0.0,0.51
1526,24.0,1220.5,46.0,0.033,0.037,5.0,2.0,50.28,0.231,0.142,1.78
1527,22.0,469.68,13.0,0.026,0.069,16.0,2.0,21.11,0.39,0.31,0.95
1528,35.0,1839.21,56.0,0.06,0.027,9.0,3.0,51.91,0.594,0.176,1.88
1529,12.0,691.1,58.0,0.404,0.114,10.0,2.0,57.41,0.606,0.355,1.12
1530,0.0,0.19,0.0,0.188,0.033,97.0,0.0,0.19,0.285,0.007,2.14
1531,11.0,558.17,30.0,0.144,0.068,16.0,1.0,52.11,0.431,0.207,1.39
1532,11.0,786.65,26.0,0.346,0.159,14.0,2.0,72.87,0.381,0.127,1.29
1533,28.0,1427.97,72.0,0.027,0.074,5.0,1.0,51.55,0.486,0.211,0.46
1534,6.0,120.33,17.0,0.071,0.027,7.0,0.0,21.14,0.592,0.254,0.26
1535,3.0,556.42,28.0,0.138,0.093,5.0,0.0,162.41,0.444,0.231,
1536,6.0,652.65,29.0,0.139,0.066,0.0,2.0,105.66,0.829,0.321,1.36
1537,0.0,108.48,5.0,0.09,0.023,5.0,1.0,108.48,0.168,0.515,1.84
1538,18.0,653.82,28.0,0.143,0.079,10.0,0.0,35.55,0.13,0.176,1.73
1539,19.0,1960.77,99.0,0.03,0.04,5.0,3.0,101.26,0.711,0.341,0.79
1540,7.0,110.36,7.0,0.31,0.009,42.0,1.0,16.88,0.505,0.419,1.27
1541,14.0,519.77,17.0,0.089,0.092,11.0,0.0,37.79,0.745,0.3,3.58
1542,12.0,714.74,31.0,0.058,0.079,14.0,0.0,58.53,0.797,0.15,0.88
1543,1.0,0.0,10.0,0.229,0.072,49.0,0.0,0.0,0.498,0.017,1.79
1544,28.0,1526.28,51.0,0.0,0.042,7.0,1.0,53.59,0.361,0.285,1.58
1545,2.0,108.39,10.0,0.142,0.022,75.0,1.0,54.36,0.869,0.126,2.19
1546,10.0,673.06,27.0,0.122,0.025,2.0,3.0,66.86,0.146,0.22,1.68
1547,22.0,703.49,42.0,0.392,0.117,13.0,1.0,32.62,0.637,0.144,1.93
1548,3.0,51.18,4.0,0.084,0.031,60.0,1.0,18.57,0.695,0.0,0.44
1549,4.0,214.52,0.0,0.062,0.03,13.0,1.0,49.89,0.375,0.265,0.35
1550,0.0,197.41,8.0,0.269,0.052,53.0,0.0,197.41,0.355,0.279,1.49
1551,3.0,96.11,3.0,0.37,0.026,40.0,1.0,29.35,0.697,0.167,2.29
1552,12.0,626.78,21.0,0.122,0.06,6.0,2.0,50.48,0.105,0.31,1.91
1553,8.0,568.85,33.0,0.121,0.058,9.0,0.0,75.33,0.396,0.273,2.74
1554,28.0,2270.53,38.0,0.074,0.038,3.0,4.0,80.56,0.431,0.371,1.51
1555,13.0,467.89,23.0,0.06,0.052,8.0,0.0,35.24,0.309,0.419,1.01
1556,0.0,96.51,4.0,0.035,0.018,17.0,0.0,96.51,0.284,0.313,1.77
1557,3.0,132.12,13.0,0.231,0.037,51.0,1.0,48.89,0.59,0.0,1.62
1558,4.0,161.32,14.0,0.219,0.017,61.0,1.0,39.14,0.418,0.355,1.0
1559,22.0,436.61,51.0,0.451,0.092,0.0,1.0,20.14,0.319,0.207,0.21
1560,0.0,54.97,10.0,0.13,0.05,30.0,0.0,54.97,0.302,0.429,1.0
1561,4.0,131.53,10.0,0.248,0.041,53.0,0.0,33.55,0.35,0.128,0.67
1562,24.0,2110.17,65.0,0.041,0.025,7.0,2.0,88.53,0.389,0.346,1.46
1563,5.0,158.06,10.0,0.243,0.006,58.0,1.0,31.66,0.534,0.282,1.9
1564,31.0,2824.39,64.0,0.048,0.001,7.0,0.0,92.25,0.466,0.142,2.42
1565,4.0,169.8,8.0,0.03,0.028,49.0,1.0,43.39,0.121,0.262,0.48
1566,33.0,2601.39,75.0,0.076,0.049,11.0,1.0,79.03,0.405,0.147,1.7
1567,15.0,640.2,25.0,0.093,0.077,15.0,0.0,43.92,0.331,0.438,1.17
1568,4.0,103.42,13.0,0.089,0.021,37.0,1.0,24.08,0.253,0.176,1.14
1569,29.0,1824.04,57.0,0.063,0.013,1.0,1.0,62.15,0.279,0.18,1.75
1570,3.0,196.53,4.0,0.189,0.021,37.0,2.0,75.67,0.687,0.185,0.62
1571,10.0,1744.7,74.0,0.033,0.038,0.0,2.0,170.53,0.578,0.235,2.47
1572,1.0,53.89,5.0,0.193,0.025,118.0,0.0,47.94,0.806,0.0,1.77
1573,5.0,93.63,8.0,0.24,0.072,49.0,1.0,19.56,0.125,0.387,0.61
1574,11.0,599.03,26.0,0.089,0.07,11.0,2.0,53.73,0.489,0.248,1.88
1575,34.0,2060.07,44.0,0.016,0.034,12.0,2.0,60.36,0.137,0.096,2.35
1576,8.0,502.81,20.0,0.154,0.093,6.0,0.0,62.08,0.358,0.253,3.45
1577,17.0,874.43,38.0,0.108,0.054,18.0,0.0,52.03,0.298,0.123,0.0
1578,4.0,187.18,3.0,0.302,0.044,20.0,0.0,49.48,0.167,0.143,0.2
1579,12.0,808.87,28.0,0.112,0.002,11.0,0.0,67.74,0.064,0.285,1.08
1580,14.0,414.88,25.0,0.123,0.029,10.0,1.0,30.61,0.311,0.266,1.14
1581,38.0,1537.99,46.0,0.0,0.017,6.0,0.0,40.78,0.187,0.0,2.28
1582,19.0,2250.74,77.0,0.062,0.068,8.0,2.0,117.7,0.513,0.237,2.51
1583,21.0,1919.88,53.0,0.036,0.056,0.0,1.0,92.31,0.363,0.078,2.39
1584,24.0,490.97,44.0,0.363,0.114,5.0,0.0,20.87,0.467,0.118,0.25
1585,0.0,127.84,2.0,0.048,0.017,98.0,0.0,127.84,0.175,0.0,1.17
1586,3.0,152.41,13.0,0.075,0.063,11.0,1.0,47.4,0.283,0.073,0.21
1587,31.0,2101.32,67.0,0.033,0.019,6.0,2.0,68.43,0.297,0.119,2.2
1588,13.0,482.03,30.0,0.022,0.041,17.0,2.0,37.32,0.212,0.388,1.31
1589,13.0,387.92,29.0,0.046,0.051,20.0,2.0,30.39,0.162,0.262,1.34
1590,16.0,782.92,60.0,0.237,0.077,2.0,3.0,50.17,0.557,0.21,1.06
1591,10.0,1034.81,47.0,0.167,0.027,13.0,2.0,106.5,0.478,0.203,2.61
1592,16.0,759.61,23.0,0.112,0.018,6.0,0.0,48.57,0.755,0.442,1.65
1593,4.0,143.83,11.0,0.13,0.0,11.0,2.0,37.17,0.791,0.123,0.77
1594,35.0,1688.01,64.0,0.017,0.062,1.0,1.0,47.68,0.845,0.167,3.57
1595,31.234973797365427,2391.0123814641765,37.0,0.472,0.175,9.0,0.0,52.21,0.689,0.199,1.09
1596,39.0,2028.18,81.0,0.044,0.086,4.0,1.0,52.13,0.507,,0.82
1597,34.0,1444.12,54.0,0.073,0.025,0.0,3.0,42.69,0.133,0.401,2.29
1598,4.0,138.33,8.0,0.228,0.019,65.0,1.0,36.93,0.296,0.222,0.29
1599,13.0,498.92,21.0,0.101,0.077,12.0,1.0,37.49,0.224,0.389,0.35
1600,6.0,275.68,11.0,0.135,0.075,10.0,4.0,46.66,0.706,0.313,2.48
1601,12.0,715.86,38.0,0.465,0.029,1.0,1.0,58.74,0.739,0.29,1.64
1602,6.0,84.92,11.0,0.216,,52.0,1.0,15.0,0.081,0.254,0.51
1603,5.0,26.79,6.0,0.024,0.057,49.0,1.0,5.76,0.527,0.232,0.57
1604,2.0,143.63,5.0,0.11,0.056,158.0,1.0,73.39,0.241,0.025,1.78
1605,3.0,141.07,8.0,0.124,0.055,19.0,1.0,53.72,0.444,0.051,1.32
1606,36.0,1886.79,46.0,0.049,0.027,9.0,2.0,52.52,0.328,0.376,2.24
1607,15.0,347.12,21.0,0.024,0.074,14.0,3.0,23.61,0.498,0.149,0.92
1608,18.0,697.1,63.0,0.531,0.041,17.0,1.0,38.62,0.839,0.37,1.63
1609,6.0,172.76,3.0,0.112,0.007,30.0,0.0,29.79,0.249,0.384,0.54
1610,26.0,1562.48,59.0,0.054,0.079,0.0,1.0,60.38,0.36,0.288,3.04
1611,1.0,92.08,1.0,0.165,0.0,130.0,0.0,89.37,0.215,0.225,2.15
1612,30.0,1447.31,52.0,0.013,0.039,6.0,2.0,48.12,0.575,0.316,2.52
1613,15.0,321.24,36.0,0.018,0.077,25.0,1.0,21.15,0.482,0.125,0.51
1614,3.0,102.31,2.0,0.253,0.02,0.0,1.0,37.82,0.553,0.062,0.52
1615,12.0,885.79,17.0,0.424,0.116,10.0,0.0,73.79,0.494,0.312,0.66
1616,25.0,776.57,56.0,0.046,0.021,4.0,0.0,31.6,0.56,0.585,3.83
1617,3.0,56.86,13.0,0.106,0.021,21.0,0.0,17.68,0.396,0.028,0.96
1618,28.0,1990.17,62.0,0.03,0.058,11.0,2.0,71.82,0.115,0.355,3.42
1619,2.0,61.83,3.0,0.282,0.031,154.0,1.0,35.34,0.252,0.228,1.1
1620,34.0,1203.21,50.0,0.076,0.06,10.0,3.0,35.4,0.551,0.335,2.04
1621,8.0,641.57,31.0,0.0,0.021,16.0,0.0,78.29,0.507,0.201,2.55
1622,2.0,93.32,2.0,0.055,0.054,142.0,0.0,47.24,0.169,0.101,1.81
1623,4.0,168.39,14.0,0.261,0.031,35.0,0.0,44.75,0.094,0.0,0.0
1624,12.0,607.24,22.0,0.063,0.021,3.0,2.0,51.92,0.063,0.0,1.32
1625,2.0,132.07,3.0,0.101,0.008,106.0,0.0,62.68,0.302,0.058,1.72
1626,13.0,1619.9,49.0,,0.074,2.0,4.0,124.26,0.696,0.15,0.4
1627,4.0,172.26,8.0,0.183,0.061,28.0,0.0,48.09,0.219,0.275,1.08
1628,6.0,615.5,21.0,0.13,0.072,18.0,3.0,111.7,0.445,0.166,1.97
1629,2.0,108.11,2.0,0.125,0.061,155.0,1.0,45.11,0.233,0.0,1.11
1630,1.0,119.7,3.0,0.08,0.056,69.0,1.0,84.04,0.397,0.027,0.85
1631,13.0,516.2,23.0,0.074,0.034,6.0,1.0,38.87,0.009,0.34,2.88
1632,3.0,135.53,16.0,0.246,0.069,31.0,1.0,39.27,0.582,0.255,1.38
1633,4.0,228.91,12.0,0.216,0.038,46.0,1.0,61.37,0.502,0.27,0.74
1634,1.0,124.0,9.0,0.143,0.088,19.0,0.0,124.0,0.299,0.242,0.81
1635,5.0,13.48,13.0,0.253,0.01,29.0,1.0,2.96,0.365,0.239,0.49
1636,13.0,835.77,23.0,0.171,0.079,5.0,2.0,65.2,0.536,0.33,2.72
1637,12.0,449.32,32.0,0.417,0.097,15.0,3.0,37.18,0.752,0.301,0.12
1638,5.0,572.22,40.0,0.148,0.062,12.0,0.0,109.84,0.177,0.178,2.7
1639,5.0,68.98,7.0,0.006,0.037,29.0,1.0,12.88,0.612,0.313,2.48
1640,26.0,673.54,33.0,0.141,0.079,14.0,0.0,25.72,0.432,,2.34
1641,10.0,714.84,25.0,0.13,0.081,10.0,2.0,73.19,0.612,0.216,2.88
1642,3.0,158.6,8.0,0.267,0.028,35.0,0.0,56.77,0.594,0.113,1.57
1643,33.0,2077.52,48.0,0.091,0.036,13.0,2.0,62.23,0.149,0.291,2.81
1644,3.0,225.15,4.0,0.148,0.023,21.0,0.0,84.76,0.216,0.179,0.0
1645,4.0,15.84,7.0,,0.051,18.0,1.0,3.7,0.381,0.252,1.76
1646,22.0,360.95,49.0,0.265,0.106,15.0,2.0,16.05,0.762,0.341,1.05
1647,10.0,500.61,24.0,0.116,0.05,14.0,0.0,49.63,0.809,0.223,1.18
1648,29.0,1789.86,47.0,0.02,0.036,8.0,2.0,61.69,0.432,0.0,3.43
1649,15.0,411.19,21.0,0.137,0.03,21.0,0.0,28.31,0.537,0.243,1.63
1650,2.0,36.92,5.0,0.162,0.018,82.0,0.0,15.53,0.232,0.039,1.87
1651,3.0,94.98,2.0,0.256,0.044,68.0,2.0,27.72,0.37,0.084,1.49
1652,0.0,22.24,0.0,0.203,0.055,82.0,0.0,22.24,0.717,0.018,1.58
1653,25.0,2113.53,46.0,0.006,0.051,2.0,2.0,86.11,0.336,0.304,3.33
1654,1.0,145.36,2.0,0.13,0.021,119.0,1.0,145.36,0.226,0.03,0.19
1655,2.0,101.77,11.0,0.278,0.032,31.0,0.0,50.11,0.884,0.028,0.0
1656,10.0,698.0,27.0,0.122,0.044,7.0,1.0,70.19,0.359,0.092,3.31
1657,0.0,161.92,5.0,0.224,0.073,25.0,0.0,161.92,0.53,0.368,0.0
1658,1.0,0.0,4.0,0.049,0.072,60.0,0.0,0.0,0.377,0.146,1.49
1659,13.0,357.62,18.0,0.132,0.06,6.0,3.0,28.25,0.27,0.387,1.86
1660,4.0,182.75,9.0,0.156,0.076,37.0,0.0,42.12,0.269,0.131,0.76
1661,13.0,597.36,24.0,0.17,0.007,16.0,0.0,47.78,0.51,0.216,2.54
1662,13.0,720.28,39.0,0.342,0.079,1.0,3.0,55.56,0.721,0.348,2.21
1663,6.0,1043.04,25.0,0.09,0.006,13.0,0.0,166.69,0.246,0.185,1.97
1664,0.0,146.81,8.0,0.105,0.022,31.0,2.0,146.81,0.31,0.208,1.42
1665,14.0,539.34,25.0,0.067,0.072,14.0,2.0,39.46,0.6,0.16,0.0
1666,10.0,1196.18,75.0,0.0,0.036,9.0,2.0,121.62,0.47,0.094,2.22
1667,19.0,510.42,37.0,0.063,0.04,27.0,0.0,26.55,0.348,0.316,2.0
1668,5.0,115.97,2.0,0.109,0.056,3.0,0.0,24.49,0.035,0.27,1.12
1669,7.0,648.32,28.0,0.114,0.052,5.0,1.0,91.89,0.304,0.396,3.08
1670,10.0,546.16,9.0,0.071,0.064,6.0,1.0,57.19,0.217,0.011,0.66
1671,6.0,132.77,4.0,0.205,0.034,24.0,0.0,21.35,0.131,0.25,0.0
1672,27.0,1521.04,39.0,0.104,0.022,10.0,2.0,56.14,0.736,0.224,1.91
1673,17.0,877.09,41.0,0.245,0.026,4.0,2.0,52.27,0.311,0.187,1.23
1674,4.0,79.2,7.0,0.124,0.011,28.0,0.0,19.42,0.238,0.214,2.57
1675,13.0,553.93,55.0,0.235,0.071,13.0,3.0,42.13,0.234,0.151,1.95
1676,11.0,548.78,28.0,0.108,0.063,16.0,0.0,48.54,0.656,0.216,1.72
1677,5.0,75.79,7.0,0.305,0.033,30.0,0.0,15.12,0.215,0.153,1.48
1678,16.0,589.54,39.0,0.092,0.0,10.0,1.0,35.87,0.529,0.321,2.27
1679,1.0,0.0,9.0,0.208,0.037,41.0,1.0,0.0,0.262,0.256,0.47
1680,8.0,212.45,38.0,0.042,0.071,10.0,1.0,26.74,0.219,0.324,
1681,21.0,453.93,41.0,0.15,0.136,6.0,2.0,21.63,0.437,0.21,0.97
1682,15.0,470.55,44.0,0.105,0.069,5.0,3.0,30.83,0.306,0.239,2.84
1683,1.0,99.7,7.0,0.206,0.08,129.0,0.0,99.7,0.344,0.0,2.06
1684,4.0,14.44,13.0,0.13,0.034,46.0,0.0,3.82,0.372,0.361,2.08
1685,7.0,116.64,7.0,0.024,0.053,11.0,1.0,17.64,0.88,0.419,1.09
1686,8.0,54.1,33.0,0.072,0.095,8.0,1.0,7.17,0.773,0.219,0.72
1687,18.0,757.63,17.0,0.493,0.061,15.0,0.0,42.11,0.261,0.132,1.55
1688,11.0,791.96,36.0,0.311,0.046,18.0,2.0,75.34,0.914,0.254,0.77
1689,0.0,17.98,13.0,0.216,0.062,35.0,0.0,17.98,0.446,0.039,1.28
1690,4.0,99.13,6.0,0.191,0.054,52.0,2.0,23.91,0.279,0.262,1.45
1691,8.0,219.95,33.0,0.16,,7.0,2.0,26.95,0.398,0.114,1.63
1692,16.0,451.38,39.0,0.09,0.0,17.0,1.0,28.75,0.48,0.104,1.26
1693,5.0,115.58,4.0,0.125,0.053,39.0,0.0,24.98,0.546,0.213,1.22
1694,2.0,151.06,15.0,0.099,0.053,53.0,1.0,75.24,0.322,0.0,0.84
1695,24.0,1320.68,80.0,0.084,0.053,2.0,4.0,55.54,0.691,0.21,1.21
1696,8.0,540.35,28.0,0.141,0.034,6.0,2.0,64.92,0.69,0.065,2.57
1697,2.0,152.49,3.0,0.016,0.011,53.0,0.0,84.31,0.116,0.087,0.31
1698,6.0,507.04,27.0,0.134,0.019,5.0,1.0,81.53,0.507,0.215,2.44
1699,4.0,94.92,12.0,0.192,0.018,12.0,0.0,24.59,0.557,0.423,0.0
1700,27.0,2590.45,54.0,0.055,0.034,10.0,0.0,95.62,0.291,0.284,2.2
1701,3.0,87.13,10.0,0.261,0.039,0.0,1.0,24.94,0.379,0.293,0.92
1702,13.0,458.91,21.0,0.074,0.029,11.0,0.0,35.01,0.353,0.249,3.01
1703,11.0,499.46,12.0,0.075,0.03,26.0,0.0,43.77,0.068,0.185,1.22
1704,4.0,60.06,6.0,0.141,0.038,47.0,0.0,15.44,0.225,0.351,1.03
1705,3.0,84.97,0.0,0.113,0.0,109.0,1.0,31.99,0.524,0.0,0.96
1706,10.0,338.32,21.0,0.175,0.053,8.0,2.0,33.84,0.555,0.295,0.93
1707,33.0,1724.92,42.0,0.046,0.0,5.0,1.0,52.28,0.674,0.234,1.26
1708,4.0,102.09,0.0,0.175,0.046,23.0,1.0,23.07,0.193,0.059,0.19
1709,14.0,709.8,33.0,0.07,0.073,12.0,3.0,50.2,0.775,0.377,3.55
1710,3.0,614.57,48.0,,0.081,4.0,1.0,192.99,0.499,0.0,1.16
1711,4.0,134.39,13.0,0.074,0.055,39.0,0.0,31.97,0.475,0.324,0.71
1712,10.0,599.78,38.0,0.051,0.01,9.0,1.0,62.97,0.573,0.179,3.8
1713,11.0,474.06,26.0,0.018,0.057,14.0,1.0,42.92,0.473,0.299,0.0
1714,3.0,160.58,12.0,0.19,0.062,50.0,1.0,49.06,0.509,0.104,2.66
1715,12.0,549.06,27.0,0.001,0.044,13.0,1.0,47.61,0.076,0.282,0.77
1716,3.0,79.61,2.0,0.077,0.0,75.0,1.0,30.62,0.141,0.084,0.09
1717,17.0,671.55,41.0,0.411,0.078,17.0,1.0,38.64,0.449,0.124,2.86
1718,16.0,623.93,37.0,0.116,0.045,17.0,2.0,38.27,0.523,0.307,1.96
1719,5.0,0.0,0.0,0.274,0.047,58.0,1.0,0.0,0.278,0.112,0.98
1720,7.0,90.0,12.0,0.147,0.053,31.0,0.0,12.08,0.264,0.105,1.69
1721,21.0,1043.02,37.0,0.4,0.155,12.0,2.0,50.67,0.623,0.209,0.0
1722,27.0,1858.89,44.0,0.086,0.022,14.0,2.0,69.79,0.732,0.322,
1723,14.0,551.68,40.0,0.326,0.093,9.0,3.0,40.54,0.259,0.404,1.03
1724,7.0,570.3,33.0,0.054,0.001,24.0,0.0,77.88,0.423,0.354,1.72
1725,5.0,117.8,2.0,0.074,0.032,53.0,1.0,22.1,0.237,0.089,2.24
1726,14.0,699.81,33.0,0.019,0.051,15.0,2.0,48.31,0.51,0.441,2.49
1727,17.0,698.1,30.0,0.122,0.044,5.0,3.0,41.32,0.326,0.115,2.3
1728,2.0,81.05,16.0,0.071,0.033,26.0,2.0,40.33,0.294,0.312,0.42
1729,23.631557717673182,1385.6770437345529,35.0,0.116,0.041,22.0,2.0,36.31,0.358,0.167,2.33
1730,15.0,1392.56,71.0,0.061,0.042,10.0,1.0,94.31,0.679,0.293,3.15
1731,2.0,132.57,10.0,0.162,0.099,6.0,1.0,69.26,0.665,0.122,1.27
1732,3.0,217.26,11.0,0.176,0.063,26.0,0.0,81.97,0.712,0.053,2.15
1733,2.0,131.03,12.0,0.166,0.028,74.0,0.0,81.03,0.291,0.037,0.65
1734,41.0,2226.59,46.0,0.086,0.061,7.0,1.0,54.9,0.342,0.215,1.21
1735,7.0,347.11,26.0,0.085,0.037,12.0,2.0,51.24,0.271,0.389,1.61
1736,38.0,1478.29,53.0,0.061,0.054,2.0,3.0,39.06,0.207,0.24,2.39
1737,8.0,299.8,25.0,0.168,0.038,12.0,1.0,38.19,0.814,0.391,2.51
1738,18.0,654.89,21.0,0.027,0.019,17.0,2.0,36.14,0.78,0.281,2.74
1739,2.0,83.59,7.0,0.059,0.074,41.0,0.0,38.0,0.567,0.316,1.14
1740,15.0,694.66,34.0,0.092,,15.0,0.0,46.78,0.351,0.184,1.87
1741,2.0,132.05,2.0,0.061,0.058,133.0,0.0,82.56,0.17,0.0,1.4
1742,39.0,1881.39,57.0,0.035,0.049,9.0,3.0,48.65,0.36,0.315,2.49
1743,32.0,2032.98,49.0,0.036,0.015,6.0,1.0,62.91,0.373,0.407,2.05
1744,30.0,290.49,53.0,0.416,0.039,20.0,1.0,9.65,0.653,0.24,0.58
1745,1.0,155.3,1.0,0.125,0.027,28.0,0.0,126.28,0.382,0.181,0.48
1746,21.0,660.78,53.0,0.29,0.1,3.0,0.0,31.25,0.972,0.302,0.93
1747,21.0,620.94,49.0,0.453,0.11,7.0,2.0,29.24,0.5,0.242,0.97
1748,33.0,1878.12,77.0,0.081,0.034,7.0,3.0,56.12,0.442,0.464,2.38
1749,0.0,53.44,1.0,0.077,0.051,56.0,1.0,53.44,0.262,0.139,0.0
1750,4.0,88.63,10.0,0.255,0.055,23.0,1.0,21.95,0.541,0.447,0.5
1751,4.0,160.6,9.0,0.281,0.018,46.0,0.0,37.91,0.516,0.411,0.94
1752,0.0,34.93,2.0,0.126,0.034,136.0,0.0,34.93,0.118,0.14,0.91
1753,10.0,591.97,43.0,0.09,0.072,12.0,1.0,62.31,0.671,0.243,2.41
1754,2.0,28.31,4.0,0.093,0.0,124.0,0.0,12.94,0.722,0.173,0.0
1755,13.0,359.48,40.0,0.025,0.044,13.0,0.0,26.73,0.423,0.322,2.41
1756,17.0,554.62,30.0,0.094,0.039,17.0,1.0,32.56,0.569,0.19,1.28
1757,22.0,860.58,43.0,0.511,0.082,9.0,2.0,38.89,0.686,0.191,2.56
1758,10.0,516.56,19.0,0.139,0.009,13.0,1.0,51.74,0.204,0.009,2.62
1759,3.0,107.48,2.0,0.103,0.0,34.0,1.0,31.27,0.284,0.286,1.44
1760,17.0,416.99,34.0,0.15,0.061,4.0,0.0,24.21,0.134,0.274,1.53
1761,7.0,16.56,14.0,0.249,0.039,37.0,0.0,2.41,0.327,0.134,1.43
1762,1.0,130.54,5.0,0.277,0.066,130.0,0.0,109.14,0.569,0.0,1.07
1763,21.0,889.04,64.0,0.505,0.13,20.0,4.0,43.23,0.558,0.294,0.67
1764,2.0,65.98,4.0,0.149,0.033,27.0,1.0,43.16,0.573,0.075,0.0
1765,17.0,419.31,12.0,0.089,0.045,9.0,1.0,25.4,0.635,0.353,2.11
1766,23.0,761.37,25.0,0.458,0.042,12.0,0.0,32.89,0.485,0.301,0.44
1767,1.0,1.76,17.0,0.204,0.031,57.0,0.0,1.37,0.326,0.17,1.87
1768,4.0,80.91,0.0,0.185,0.072,42.0,0.0,20.12,0.232,0.222,0.69
1769,2.0,124.93,12.0,0.136,0.0,16.0,3.0,56.06,0.2,0.53,0.98
1770,1.0,114.25,2.0,0.074,0.036,64.0,1.0,77.46,0.433,0.112,0.0
1771,13.0,390.26,30.0,0.0,0.105,8.0,1.0,29.08,0.349,0.241,2.79
1772,4.0,107.75,2.0,0.233,0.053,44.0,1.0,27.76,0.517,0.062,0.29
1773,1.0,112.63,10.0,0.186,0.01,31.0,2.0,77.27,0.214,0.102,0.85
1774,3.0,60.87,10.0,0.427,0.019,58.0,0.0,21.69,0.46,0.239,1.12
1775,15.0,510.65,33.0,0.1,0.049,8.0,1.0,34.12,0.785,0.298,1.91
1776,1.0,94.7,15.0,0.199,0.028,47.0,1.0,92.36,0.682,0.214,0.67
1777,25.0,1835.43,61.0,0.073,0.0,4.0,1.0,72.71,0.158,0.056,1.89
1778,1.0,0.0,1.0,0.144,0.051,89.0,0.0,0.0,0.192,0.0,0.54
1779,29.0,2505.22,76.0,0.0,0.049,5.0,1.0,86.08,0.409,0.232,2.3
1780,3.0,54.27,12.0,0.149,0.06,0.0,0.0,16.48,0.51,0.169,1.78
1781,0.0,115.55,7.0,0.126,0.027,69.0,0.0,115.55,0.851,0.265,0.0
1782,14.0,973.72,26.0,0.086,0.021,12.0,0.0,72.11,0.536,0.078,2.37
1783,12.0,702.21,31.0,0.104,0.074,5.0,0.0,60.93,0.691,0.081,1.25
1784,4.0,121.08,1.0,0.028,0.084,22.0,0.0,28.47,0.866,0.337,1.8
1785,5.0,17.29,6.0,0.212,0.049,42.0,0.0,3.31,0.312,0.314,1.47
1786,16.0,756.52,46.0,0.436,0.03,15.0,3.0,46.76,0.675,0.202,2.17
1787,9.0,595.38,32.0,0.205,0.055,11.0,1.0,65.05,0.178,0.189,1.5
1788,23.0,1696.07,37.0,0.058,0.022,8.0,1.0,74.44,0.402,0.267,0.53
1789,14.0,620.15,18.0,0.09,0.101,10.0,2.0,43.38,0.342,0.286,1.69
1790,0.0,137.86,12.0,0.295,0.0,33.0,0.0,137.86,0.433,0.216,1.38
1791,13.0,1494.29,69.0,0.083,0.031,4.0,4.0,119.3,0.646,0.102,1.68
1792,7.0,738.46,35.0,0.077,0.081,5.0,2.0,109.39,0.124,0.011,1.53
1793,14.0,492.86,25.0,0.143,0.102,21.0,0.0,35.42,0.335,0.154,2.67
1794,12.0,620.82,56.0,0.482,0.062,7.0,3.0,52.55,0.696,0.129,1.51
1795,2.0,35.64,1.0,0.071,0.062,73.0,0.0,14.31,0.539,0.166,0.93
1796,30.0,828.72,45.0,0.416,0.086,9.0,2.0,27.86,0.655,0.349,0.49
1797,18.0,942.26,35.0,0.425,0.06,18.0,1.0,52.27,0.657,0.123,0.51
1798,21.0,618.09,28.0,0.146,0.04,6.0,2.0,29.64,0.476,0.164,1.48
1799,17.319645065106922,338.38277054400317,8.0,0.119,0.108,14.0,1.0,17.68,0.444,0.097,0.5
1800,12.0,481.96,56.0,0.319,0.075,7.0,2.0,40.56,0.385,0.0,2.34
1801,44.0,1734.63,63.0,0.056,0.065,2.0,0.0,39.49,0.343,0.347,1.85
1802,4.0,134.09,3.0,0.176,0.039,9.0,0.0,33.26,0.205,0.146,0.0
1803,1.0,75.37,5.0,0.107,0.091,105.0,0.0,59.12,0.794,0.0,0.0
1804,3.0,78.5,6.0,0.123,0.063,96.0,1.0,25.37,0.332,0.0,0.96
1805,7.0,498.14,8.0,0.101,0.038,14.0,2.0,72.89,0.738,0.196,1.53
1806,12.0,261.33,27.0,0.145,0.046,20.0,1.0,21.08,0.546,0.262,2.8
1807,9.0,350.62,27.0,0.057,0.026,0.0,2.0,37.09,0.743,0.177,4.06
1808,15.0,649.28,22.0,0.137,0.069,6.0,2.0,42.85,0.795,0.226,2.45
1809,0.0,58.94,4.0,0.144,0.036,41.0,0.0,58.94,0.173,0.225,1.42
1810,0.0,214.5,5.0,0.094,0.016,67.0,1.0,214.5,0.136,0.251,1.02
1811,2.0,64.3,6.0,0.136,0.01,104.0,1.0,29.79,0.382,0.043,0.6
1812,29.0,2179.83,53.0,0.067,0.043,0.0,0.0,75.58,0.383,0.268,2.18
1813,1.0,102.65,4.0,0.0,0.065,113.0,1.0,71.43,0.597,0.0,1.13
1814,18.0,1901.35,39.0,0.026,0.023,3.0,3.0,107.89,0.368,0.309,1.65
1815,16.0,776.49,42.0,0.156,0.029,12.0,1.0,48.95,0.447,0.214,3.43
1816,20.0,760.92,48.0,0.31,0.107,19.0,0.0,39.01,0.877,0.277,1.41
1817,2.0,133.1,3.0,0.141,0.066,40.0,2.0,62.62,0.533,0.248,0.59
1818,1.0,38.1,6.0,0.056,0.02,148.0,0.0,38.1,0.658,0.0,1.57
1819,9.0,527.42,26.0,0.104,0.046,23.0,2.0,56.39,0.818,0.217,0.95
1820,13.0,286.28,24.0,0.051,0.0,3.0,2.0,22.74,0.072,0.305,2.5
1821,36.0,1184.61,32.0,0.062,0.048,5.0,2.0,32.75,0.8,0.356,2.53
1822,10.0,808.23,29.0,0.118,0.065,17.0,1.0,79.52,0.631,0.225,1.57
1823,16.0,537.77,37.0,0.145,0.097,12.0,1.0,34.36,0.375,0.194,3.08
1824,11.0,597.52,20.0,0.176,0.076,1.0,1.0,56.38,0.178,0.293,1.28
1825,4.0,222.89,11.0,0.187,0.031,7.0,1.0,61.75,0.093,0.229,1.47
1826,15.0,372.72,29.0,0.041,0.096,3.0,2.0,25.38,0.722,0.34,0.82
1827,8.0,7.7,25.0,0.081,0.067,10.0,2.0,0.92,0.415,0.184,1.82
1828,12.0,606.94,35.0,0.0,0.069,14.0,1.0,52.62,0.371,0.128,2.05
1829,8.0,548.11,18.0,0.065,0.0,0.0,1.0,69.48,0.11,0.285,2.19
1830,1.0,148.26,3.0,0.0,0.032,47.0,0.0,120.3,0.517,0.216,1.77
1831,13.0,521.59,18.0,0.003,0.074,13.0,1.0,39.64,0.225,0.077,2.26
1832,37.0,1747.43,52.0,0.049,0.059,4.0,2.0,47.23,0.772,0.291,2.79
1833,11.0,254.08,22.0,0.041,0.012,18.0,1.0,22.53,0.517,0.196,1.16
1834,3.0,55.41,11.0,0.158,0.041,73.0,1.0,17.15,0.311,0.1,1.08
1835,3.0,113.73,0.0,0.229,0.022,25.0,2.0,36.95,0.666,0.242,1.76
1836,15.0,551.23,26.0,0.119,,9.0,0.0,36.36,0.388,0.097,1.63
1837,14.0,571.95,17.0,0.116,0.092,10.0,1.0,41.29,0.033,0.128,1.18
1838,6.0,264.08,16.0,0.059,0.066,20.0,0.0,46.07,0.506,0.197,2.31
1839,17.0,517.93,33.0,0.119,0.013,1.0,2.0,30.17,0.758,0.187,1.44
1840,17.0,551.72,28.0,0.0,0.08,13.0,1.0,32.67,0.371,0.363,1.48
1841,15.0,688.65,36.0,0.103,0.109,20.0,3.0,46.72,0.292,0.357,2.6
1842,9.0,309.21,35.0,0.144,0.088,17.0,2.0,33.88,0.272,0.06,2.21
1843,47.0,1491.65,55.0,0.044,0.035,3.0,2.0,32.04,0.69,0.386,3.6
1844,6.0,97.8,13.0,0.285,0.074,45.0,0.0,16.09,0.133,0.189,0.26
1845,21.0,1098.6,37.0,0.034,0.053,9.0,0.0,51.93,0.276,0.233,1.49
1846,13.0,956.43,36.0,0.311,0.011,17.0,0.0,76.46,0.383,0.226,1.96
1847,15.0,591.03,20.0,0.131,0.123,9.0,0.0,40.26,0.62,0.379,1.55
1848,4.0,173.59,13.0,0.361,0.013,39.0,1.0,43.87,0.189,0.345,1.17
1849,25.0,2613.1,45.0,0.104,0.017,5.0,3.0,104.84,0.153,0.103,1.57
1850,30.0,2302.69,34.0,0.0,0.053,4.0,1.0,77.17,0.245,0.219,2.97
1851,35.0,2172.8,77.0,0.019,0.009,10.0,3.0,62.58,0.447,0.265,0.66
1852,4.0,29.26,17.0,0.203,0.014,8.0,0.0,7.53,0.558,0.364,0.0
1853,17.0,194.26,37.0,0.116,0.015,1.0,1.0,11.61,0.276,0.034,2.58
1854,16.0,600.68,41.0,0.214,0.041,11.0,1.0,38.13,0.777,0.208,0.09
1855,3.0,90.57,6.0,0.016,0.0,19.0,0.0,30.43,0.406,0.378,0.63
1856,30.0,2424.21,43.0,0.064,0.039,5.0,1.0,81.27,0.131,0.174,1.96
1857,9.0,385.7,33.0,0.051,0.075,7.0,3.0,40.62,0.309,0.254,3.45
1858,18.0,617.09,47.0,0.307,0.091,0.0,1.0,34.07,0.567,0.227,0.28
1859,14.0,792.44,34.0,0.174,,15.0,0.0,55.21,0.482,0.045,1.98
1860,17.0,358.91,19.0,0.11,0.052,22.0,1.0,21.59,0.322,0.307,2.79
1861,1.0,125.5,5.0,0.249,0.041,35.0,1.0,125.5,0.241,0.214,1.33
1862,5.0,590.5,26.0,0.091,0.092,22.0,0.0,118.55,0.362,0.172,1.21
1863,12.0,552.44,14.0,0.005,0.029,20.0,2.0,46.66,0.66,0.107,1.2
1864,4.0,111.08,9.0,0.055,0.0,27.0,1.0,28.58,0.655,,1.52
1865,2.0,135.12,1.0,0.189,0.011,136.0,0.0,62.69,0.301,0.0,1.32
1866,19.0,493.42,31.0,0.374,0.07,8.0,1.0,25.38,0.837,0.402,1.74
1867,25.0,559.58,47.0,0.352,0.087,0.0,4.0,22.05,0.166,0.274,1.59
1868,9.0,581.21,35.0,0.053,0.009,7.0,1.0,62.54,0.076,0.125,2.45
1869,11.0,647.82,27.0,0.103,0.045,8.0,2.0,58.46,0.093,0.151,2.05
1870,33.0,1549.62,66.0,0.049,0.025,2.0,1.0,46.29,0.749,0.236,0.72
1871,0.0,69.87,3.0,0.145,0.059,94.0,0.0,69.87,0.573,0.276,0.83
1872,38.0,2163.4,26.0,0.082,0.027,6.0,0.0,56.68,0.365,0.251,2.38
1873,5.0,23.2,13.0,0.044,0.012,21.0,2.0,4.61,0.302,0.333,1.17
1874,16.0,227.91,34.0,0.398,0.186,10.0,0.0,14.5,0.795,0.236,1.97
1875,8.0,550.63,30.0,0.109,0.058,6.0,1.0,70.0,0.36,0.364,2.6
1876,3.0,181.55,5.0,0.179,0.048,49.0,1.0,56.18,0.305,0.367,1.51
1877,2.0,149.9,5.0,0.069,0.025,47.0,2.0,62.46,0.58,0.346,0.65
1878,2.0,5.55,1.0,0.117,0.058,102.0,0.0,3.01,0.212,0.349,0.0
1879,7.0,664.36,28.0,0.114,0.032,18.0,1.0,97.84,0.493,0.197,0.95
1880,41.0,2029.14,60.0,0.069,0.037,4.0,0.0,49.91,0.623,0.158,2.43
1881,10.0,623.75,44.0,0.082,0.067,9.0,1.0,59.52,0.404,0.203,2.88
1882,1.0,106.8,7.0,0.12,0.034,47.0,2.0,106.8,0.643,0.0,0.95
1883,25.0,1538.59,59.0,0.0,0.047,11.0,2.0,61.18,0.3,0.412,2.81
1884,15.0,548.15,19.0,0.12,0.03,10.0,1.0,36.74,0.081,0.157,
1885,6.0,52.78,9.0,0.278,0.004,28.0,1.0,8.76,0.199,0.398,0.01
1886,20.0,1852.16,27.0,0.029,0.019,0.0,4.0,91.29,0.044,0.206,1.44
1887,30.0,2054.37,47.0,0.044,0.04,5.0,2.0,67.65,0.305,0.236,2.36
1888,1.0,122.44,7.0,0.285,0.052,52.0,0.0,92.43,0.634,0.231,1.69
1889,0.0,84.67,15.0,0.296,0.003,10.0,0.0,84.67,0.22,0.245,0.59
1890,18.0,397.54,19.0,0.387,0.056,19.0,2.0,22.06,0.267,0.061,1.85
1891,40.0,2114.96,78.0,0.067,0.019,15.0,3.0,53.25,0.902,0.53,2.51
1892,4.0,49.86,10.0,0.214,0.045,25.0,0.0,12.41,0.207,0.423,1.27
1893,24.0,723.66,42.0,0.435,0.075,8.0,2.0,30.01,0.545,0.107,0.43
1894,12.0,374.27,20.0,0.078,0.039,18.0,0.0,30.82,0.347,0.152,1.88
1895,14.0,779.31,55.0,0.389,0.127,6.0,1.0,55.25,0.461,0.299,1.72
1896,21.0,627.4,38.0,0.364,0.114,0.0,0.0,29.88,0.698,0.438,0.0
1897,4.0,156.98,7.0,0.096,0.0,49.0,2.0,41.06,0.364,0.211,1.05
1898,18.0,369.21,18.0,0.158,0.019,15.0,0.0,20.97,0.453,0.315,0.64
1899,14.0,613.3,31.0,0.341,0.066,8.0,1.0,43.06,0.662,0.277,1.34
1900,0.0,85.52,4.0,0.105,0.036,118.0,1.0,85.52,0.36,0.019,2.41
1901,24.0,1504.74,49.0,0.0,0.039,7.0,2.0,61.78,0.409,0.195,1.9
1902,32.0,1706.28,49.0,0.052,0.057,9.0,0.0,52.56,0.461,0.051,2.59
1903,2.0,139.45,1.0,0.136,0.025,94.0,1.0,68.22,0.491,0.191,0.36
1904,2.0,104.31,9.0,0.16,0.055,41.0,1.0,42.71,0.576,0.227,1.58
1905,53.0,1270.49,56.0,0.055,0.034,11.0,2.0,23.85,0.572,0.119,1.59
1906,30.0,1524.23,63.0,0.035,0.003,4.0,4.0,49.98,0.263,0.044,1.83
1907,15.0,428.57,23.0,0.107,0.019,8.0,0.0,29.38,0.405,0.21,1.76
1908,17.0,438.33,40.0,0.099,0.104,21.0,1.0,26.25,0.172,,2.61
1909,6.0,772.65,31.0,0.172,,14.0,0.0,120.72,0.513,0.18,2.58
1910,3.0,96.16,1.0,0.133,0.036,50.0,1.0,33.89,0.492,0.059,0.99
1911,13.0,407.06,27.0,0.169,0.024,13.0,1.0,30.36,0.209,0.277,2.66
1912,1.0,52.84,6.0,0.21,0.089,37.0,1.0,52.84,0.424,0.167,1.82
1913,38.0,2040.9,54.0,0.075,0.031,9.0,1.0,53.35,0.455,0.29,2.27
1914,21.0,816.75,41.0,0.386,0.14,6.0,1.0,39.52,0.274,0.135,0.64
1915,3.0,160.41,9.0,0.154,0.034,43.0,0.0,48.53,0.425,0.076,1.01
1916,28.0,423.53,58.0,0.451,0.072,19.0,1.0,14.92,0.476,0.447,0.34
1917,3.0,171.04,10.0,0.223,0.053,10.0,0.0,61.1,0.56,0.266,0.0
1918,2.0,145.28,0.0,0.21,0.063,0.0,0.0,75.67,0.381,0.263,1.01
1919,5.0,601.27,24.0,0.131,0.047,0.0,1.0,129.88,0.479,0.198,3.32
1920,6.0,498.25,23.0,0.17,0.075,5.0,0.0,81.82,0.227,,0.71
1921,18.0,480.33,52.0,0.333,0.097,6.0,3.0,26.92,0.184,0.319,1.1
1922,11.0,727.97,41.0,0.14,0.063,11.0,1.0,65.18,0.588,0.04,1.9
1923,2.0,141.9,10.0,0.052,0.093,38.0,0.0,59.38,0.329,0.231,1.08
1924,4.0,183.64,15.0,0.202,0.025,45.0,0.0,50.4,0.757,0.212,0.0
1925,23.0,1648.43,53.0,0.028,0.019,2.0,2.0,70.86,0.701,0.163,2.95
1926,6.0,430.87,25.0,0.168,0.072,11.0,2.0,69.51,0.416,0.25,1.37
1927,34.0,1845.82,56.0,0.029,0.01,12.0,4.0,55.01,0.356,0.201,
1928,2.0,99.87,5.0,0.213,0.042,26.0,0.0,46.24,0.696,0.323,0.0
1929,16.0,602.83,21.0,0.123,0.035,4.0,1.0,37.98,0.272,0.337,1.47
1930,11.0,487.36,30.0,0.157,0.007,15.0,1.0,43.53,0.708,0.214,3.62
1931,1.0,0.0,2.0,0.264,0.008,0.0,0.0,0.0,0.419,0.339,1.7
1932,15.0,911.35,41.0,0.137,0.011,4.0,1.0,60.38,0.204,0.236,2.64
1933,23.0,396.69,37.0,0.167,0.061,4.0,3.0,17.35,0.444,0.445,1.6
1934,8.0,597.93,31.0,0.054,0.029,10.0,1.0,74.5,0.332,0.013,2.11
1935,16.0,507.95,25.0,0.028,0.029,16.0,1.0,30.97,0.663,0.084,1.95
1936,20.0,677.73,26.0,0.072,0.023,6.0,1.0,34.24,0.456,0.266,0.07
1937,15.0,449.2,29.0,0.076,0.059,16.0,0.0,28.98,0.408,0.333,1.78
1938,14.0,256.83,26.0,0.044,0.056,2.0,0.0,17.98,0.279,0.213,2.24
1939,21.0,399.49,34.0,0.301,0.083,15.0,3.0,18.73,0.404,0.0,0.01
1940,42.0,754.88,49.0,0.002,0.008,0.0,1.0,18.08,0.64,0.191,2.36
1941,10.0,156.86,29.0,0.073,0.074,0.0,0.0,15.78,0.441,0.123,1.49
1942,4.0,83.82,7.0,0.257,0.066,19.0,0.0,20.02,0.036,0.166,1.38
1943,4.0,196.6,3.0,0.094,0.048,11.0,1.0,46.46,0.638,0.003,1.38
1944,23.0,1818.58,54.0,0.0,0.007,6.0,0.0,77.91,0.226,0.322,2.3
1945,16.0,443.54,21.0,0.059,0.072,8.0,0.0,27.9,0.455,0.168,1.97
1946,29.0,2292.74,53.0,0.012,0.046,5.0,1.0,80.41,0.302,0.211,1.56
1947,1.0,137.8,5.0,0.085,0.0,52.0,0.0,110.26,0.301,0.172,0.0
1948,2.0,68.95,13.0,0.142,0.0,25.0,1.0,28.15,0.284,0.093,0.0
1949,20.0,566.18,62.0,0.28,0.145,10.0,2.0,28.97,0.553,0.242,2.26
1950,33.0,2188.78,67.0,0.058,0.065,4.0,2.0,66.16,0.493,,2.25
1951,2.0,138.94,0.0,0.099,0.02,41.0,1.0,61.04,0.061,0.213,0.0
1952,2.0,72.31,4.0,0.093,0.006,175.0,0.0,42.68,0.091,0.091,0.74
1953,16.0,593.51,43.0,0.465,0.09,13.0,0.0,36.98,0.723,0.151,0.55
1954,13.0,594.45,17.0,0.064,0.046,10.0,1.0,47.43,0.534,0.017,2.63
1955,18.0,483.01,16.0,0.108,0.031,8.0,0.0,26.71,0.647,0.0,1.18
1956,4.0,102.27,9.0,0.099,0.049,33.0,1.0,23.63,0.44,0.207,1.61
1957,8.0,324.88,25.0,0.088,0.05,9.0,1.0,38.44,0.844,0.07,1.96
1958,39.0,2134.97,56.0,0.076,0.01,8.0,2.0,55.23,0.683,0.304,2.11
1959,3.0,151.28,8.0,0.211,0.018,30.0,2.0,47.99,0.242,0.391,0.15
1960,24.0,1686.6,63.0,0.08,0.025,8.0,2.0,69.07,0.172,0.295,2.21
1961,0.0,91.36,4.0,0.029,0.02,167.0,1.0,91.36,0.287,0.118,0.89
1962,25.0,1684.15,51.0,0.038,0.021,9.0,0.0,66.67,0.802,0.419,2.08
1963,4.0,151.39,9.0,0.218,0.044,52.0,0.0,38.51,0.438,0.089,0.69
1964,6.0,153.97,9.0,0.058,0.041,40.0,2.0,26.35,0.241,0.222,0.0
1965,5.0,64.86,3.0,0.067,0.066,23.0,1.0,13.43,0.584,0.119,1.11
1966,12.0,713.02,33.0,0.119,0.008,0.0,4.0,57.58,0.677,0.228,1.92
1967,0.0,164.41,5.0,0.184,0.0,11.0,0.0,164.41,0.769,0.334,0.89
1968,11.0,297.46,31.0,0.125,0.025,8.0,2.0,26.25,0.67,0.285,2.14
1969,9.0,101.4,11.0,0.224,0.027,49.0,0.0,11.87,0.662,0.053,0.81
1970,25.0,2143.01,44.0,0.048,0.034,4.0,1.0,86.35,0.073,0.126,3.7
1971,36.0,2329.26,61.0,0.041,0.057,8.0,2.0,64.18,0.387,0.314,1.68
1972,12.0,127.01,36.0,0.068,0.09,22.0,1.0,10.82,0.58,0.114,1.46
1973,1.0,90.29,10.0,0.168,0.026,55.0,1.0,75.45,0.571,0.373,0.71
1974,29.0,1933.94,52.0,0.039,0.044,14.0,2.0,65.59,0.636,0.242,1.4
1975,1.0,157.25,0.0,0.133,0.04,76.0,1.0,154.53,0.487,0.117,1.08
1976,2.0,82.93,3.0,0.066,0.0,98.0,0.0,39.66,0.3,0.088,0.78
1977,2.0,158.59,6.0,0.269,0.055,77.0,0.0,103.54,0.215,0.237,0.74
1978,24.0,689.99,47.0,0.3,0.079,3.0,0.0,29.14,0.456,0.318,0.66
1979,28.0,1576.82,60.0,0.066,0.012,9.0,2.0,55.78,0.702,0.447,1.92
1980,3.0,194.52,10.0,0.178,0.081,39.0,2.0,60.99,0.418,0.211,1.51
1981,2.0,89.56,1.0,0.222,0.029,61.0,0.0,44.59,0.361,0.198,0.0
1982,1.0,76.49,12.0,0.148,0.01,30.0,0.0,61.52,0.174,0.027,1.35
1983,17.0,713.62,29.0,0.18,0.068,24.0,1.0,42.66,0.375,0.309,1.93
1984,1.0,127.45,1.0,0.162,0.012,80.0,1.0,127.45,0.723,0.195,0.75
1985,1.0,127.66,1.0,0.22,0.0,77.0,0.0,92.37,0.265,0.098,1.18
1986,12.0,671.61,28.0,0.06,0.081,25.0,2.0,55.71,0.321,0.18,2.83
1987,1.0,68.62,3.0,0.06,0.072,118.0,0.0,51.76,0.464,0.157,1.2
1988,5.0,115.4,3.0,0.209,0.058,5.0,0.0,23.2,0.474,0.194,1.97
1989,3.0,183.91,6.0,0.07,0.047,86.0,0.0,66.83,0.055,0.064,1.22
1990,4.0,223.92,9.0,0.225,0.078,39.0,1.0,62.2,0.093,0.396,1.21
1991,26.0,933.3,50.0,0.013,0.011,0.0,1.0,36.33,0.532,0.211,1.47
1992,3.0,117.77,6.0,0.169,0.05,84.0,2.0,43.32,0.084,0.229,0.0
1993,13.0,455.87,32.0,,0.104,13.0,1.0,36.0,0.346,0.119,2.86
1994,8.0,476.37,32.0,0.08,0.014,20.0,1.0,58.11,0.265,0.051,3.51
1995,9.0,559.4,25.0,0.098,0.004,6.0,2.0,61.42,0.119,0.388,2.92
1996,20.0,1171.14,77.0,0.063,0.053,6.0,2.0,57.18,0.596,0.264,2.9
1997,33.0,1797.76,70.0,0.055,0.042,0.0,3.0,55.06,0.284,0.122,2.63
1998,14.0,581.77,28.0,0.071,0.069,3.0,1.0,42.08,0.368,0.062,2.24
1999,3.0,112.28,6.0,0.283,0.067,42.0,2.0,32.29,0.197,0.215,0.0
2000,25.0,453.26,54.0,0.446,0.063,5.0,0.0,18.2,0.406,0.07,0.42
2001,21.0,1627.3,54.0,0.035,0.048,7.0,1.0,76.61,0.324,0.311,2.12
2002,0.0,111.75,1.0,0.238,0.02,112.0,0.0,111.75,0.355,0.0,0.0
2003,1.0,112.06,12.0,0.247,0.0,23.0,3.0,86.56,0.172,0.379,1.14
2004,2.0,7.73,4.0,0.118,0.005,73.0,2.0,4.19,0.671,0.006,0.62
2005,1.0,61.0,3.0,0.143,0.035,32.0,1.0,50.14,0.434,0.0,0.52
2006,3.0,95.21,7.0,0.086,0.055,104.0,1.0,33.5,0.756,0.0,0.93
2007,10.0,454.28,34.0,0.127,0.013,15.0,0.0,43.32,0.822,0.197,2.24
2008,21.0,707.18,55.0,0.279,0.136,8.0,1.0,33.54,0.426,0.128,0.83
2009,17.0,567.25,33.0,0.15,0.059,12.0,1.0,32.49,0.576,0.367,2.18
2010,5.0,513.28,58.0,0.509,0.083,0.0,1.0,98.85,0.789,0.228,1.04
2011,7.0,163.38,13.0,0.048,0.036,29.0,0.0,23.49,0.172,0.177,2.02
2012,23.0,568.95,69.0,0.429,0.067,21.0,3.0,24.25,0.322,0.417,1.14
2013,6.0,125.95,15.0,0.238,0.045,28.0,1.0,22.45,0.541,0.277,0.23
2014,17.0,769.26,32.0,0.118,0.034,7.0,0.0,44.76,0.464,0.084,0.76
2015,13.0,601.94,45.0,0.095,0.052,7.0,0.0,44.85,0.54,0.081,0.98
2016,2.0,80.13,17.0,0.195,0.073,41.0,1.0,39.01,0.246,0.332,0.72
2017,4.0,45.28,7.0,0.066,0.054,36.0,0.0,10.43,0.575,0.091,0.53
2018,25.0,2066.6,72.0,0.051,0.034,9.0,2.0,81.09,0.136,0.0,1.25
2019,28.0,1916.52,60.0,0.113,0.033,7.0,0.0,69.16,0.646,0.223,2.24
2020,16.0,566.19,53.0,0.495,0.06,17.0,2.0,34.6,0.423,0.194,0.93
2021,1.0,120.27,1.0,0.057,0.065,124.0,0.0,120.27,0.628,0.071,0.1
2022,5.0,129.85,13.0,0.14,0.062,26.0,0.0,24.26,0.519,0.28,0.0
2023,30.0,1804.25,51.0,0.1,0.0,2.0,1.0,59.57,0.394,0.218,1.27
2024,0.0,259.62,10.0,0.197,0.038,16.0,0.0,259.62,0.361,0.146,0.52
2025,24.0,2039.14,62.0,0.038,0.019,13.0,2.0,86.63,0.531,0.291,2.11
2026,3.0,87.07,6.0,0.114,0.013,47.0,0.0,25.54,0.512,0.388,2.24
2027,2.0,2.51,8.0,0.228,0.027,35.0,0.0,1.16,0.613,0.159,1.05
2028,26.0,392.57,52.0,0.258,0.018,9.0,1.0,15.25,0.245,,1.62
2029,31.0,2908.36,71.0,0.044,0.009,4.0,0.0,93.55,0.25,0.099,1.89
2030,16.0,665.68,27.0,0.107,0.009,13.0,2.0,42.88,0.141,0.037,3.15
2031,38.0,1157.88,33.0,0.083,0.064,14.0,3.0,30.1,0.279,0.368,1.87
2032,11.0,395.16,20.0,0.12,0.035,4.0,3.0,36.28,0.5,0.213,1.6
2033,10.0,638.42,35.0,0.129,0.095,10.0,0.0,65.64,0.323,0.452,1.57
2034,19.0,437.7,52.0,0.409,0.122,8.0,4.0,23.12,0.812,0.063,0.71
2035,5.0,244.35,9.0,0.094,0.033,30.0,0.0,53.76,0.37,0.161,0.47
2036,13.0,451.35,27.0,0.159,0.009,25.0,2.0,34.98,0.581,0.233,1.98
2037,8.0,386.81,20.0,0.085,0.082,15.0,2.0,46.12,0.396,0.31,2.57
2038,33.0,1186.86,46.0,0.008,0.05,6.0,2.0,35.46,0.31,0.246,1.98
2039,0.0,48.23,5.0,0.211,0.032,36.0,1.0,48.23,0.632,0.393,0.87
2040,26.0,1888.83,73.0,0.048,0.011,10.0,0.0,73.33,0.697,0.502,1.21
2041,12.0,1758.02,52.0,0.044,0.054,6.0,1.0,147.06,0.444,0.115,2.32
2042,1.0,48.83,5.0,0.14,0.042,51.0,1.0,48.83,0.5,0.29,0.88
2043,10.0,250.46,31.0,0.103,0.027,18.0,0.0,26.05,0.346,,1.47
2044,3.0,115.74,6.0,0.182,0.036,32.0,0.0,41.67,0.126,0.203,1.16
2045,14.0,271.09,27.0,0.092,0.051,9.0,2.0,19.8,0.32,0.157,3.44
2046,12.0,583.43,11.0,0.04,0.097,4.0,1.0,49.76,0.139,0.075,1.01
2047,21.0,2316.0,80.0,0.048,0.016,4.0,3.0,110.07,0.377,0.221,2.91
2048,13.0,507.56,28.0,0.181,0.058,20.0,2.0,39.32,0.206,0.299,2.05
2049,15.0,649.25,26.0,0.31,0.115,0.0,0.0,44.63,0.742,0.123,0.0
2050,14.0,822.07,32.0,0.352,0.088,17.0,0.0,59.86,0.664,0.133,0.32
2051,4.0,98.47,3.0,0.358,0.0,48.0,1.0,21.92,0.473,0.492,1.7
2052,21.0,502.87,47.0,0.097,0.038,12.0,1.0,24.17,0.756,0.002,1.95
2053,20.0,2270.02,52.0,0.039,0.029,0.0,4.0,114.07,0.679,0.049,1.63
2054,11.0,500.95,33.0,0.077,0.038,8.0,1.0,45.04,0.493,0.087,2.52
2055,0.0,174.81,6.0,0.128,0.06,47.0,1.0,174.81,0.499,0.247,0.0
2056,4.0,131.89,11.0,0.195,0.014,17.0,1.0,36.62,0.212,0.174,1.51
2057,36.0,2668.89,59.0,0.063,0.035,0.0,1.0,73.49,0.165,0.321,1.47
2058,4.0,99.45,10.0,0.194,0.053,35.0,0.0,22.15,0.281,0.173,1.49
2059,16.0,666.14,36.0,0.107,0.074,11.0,1.0,42.17,0.522,0.488,1.5
2060,1.0,85.07,0.0,0.159,0.0,117.0,1.0,85.07,0.228,0.106,0.43
2061,20.0,1483.45,68.0,0.058,0.05,8.0,1.0,74.07,0.348,0.347,2.0
2062,6.0,156.17,9.0,0.236,0.13,68.0,1.0,28.24,0.333,0.04,1.0
2063,20.0,609.17,59.0,0.302,0.022,13.0,0.0,29.88,0.914,0.205,1.02
2064,21.0,1324.12,54.0,0.063,0.039,6.0,2.0,63.89,0.404,0.355,1.74
2065,19.0,459.21,39.0,0.34,0.117,3.0,4.0,24.39,0.524,0.158,0.51
2066,2.0,187.95,11.0,0.245,0.009,54.0,0.0,85.81,0.062,0.156,1.38
2067,2.0,88.24,5.0,0.058,0.023,154.0,1.0,51.01,0.277,0.0,1.66
2068,19.0,1611.34,75.0,0.044,0.036,7.0,3.0,84.33,0.236,0.366,1.63
2069,3.0,113.89,2.0,0.339,0.034,27.0,1.0,43.88,0.559,0.302,1.59
2070,8.0,443.52,17.0,0.137,0.053,12.0,1.0,55.24,0.204,0.54,1.52
2071,5.0,77.74,14.0,0.303,0.02,55.0,0.0,14.92,0.149,0.206,0.0
2072,4.0,81.34,9.0,0.169,0.031,29.0,0.0,22.75,0.088,0.163,1.17
2073,2.0,68.29,11.0,0.113,0.107,28.0,0.0,30.81,0.182,0.258,0.03
2074,0.0,275.25,9.0,0.278,0.103,17.0,0.0,275.25,0.536,0.0,2.45
2075,19.0,626.62,55.0,0.426,0.091,19.0,4.0,33.74,0.385,0.251,0.75
2076,25.0,1755.89,36.0,0.0,0.047,3.0,2.0,71.43,0.335,0.192,1.95
2077,6.0,457.68,29.0,0.127,0.035,3.0,0.0,76.2,0.299,,1.74
2078,8.0,565.58,14.0,0.07,0.061,6.0,2.0,71.66,0.08,0.254,1.43
2079,0.0,32.87,2.0,0.131,0.0,80.0,0.0,32.87,0.752,0.123,1.74
2080,12.0,730.12,24.0,0.0,0.061,6.0,3.0,62.27,0.277,0.265,0.06
2081,14.0,617.62,24.0,0.089,0.025,7.0,0.0,44.32,0.113,0.254,1.67
2082,3.0,129.52,15.0,0.186,0.02,39.0,1.0,41.21,0.169,0.158,0.89
2083,1.0,113.36,3.0,0.155,0.031,15.0,1.0,113.36,0.478,0.113,0.0
2084,4.0,154.97,4.0,0.141,0.039,48.0,2.0,35.08,0.365,0.255,0.0
2085,7.0,267.54,42.0,0.087,0.084,8.0,0.0,38.79,0.457,0.037,1.19
2086,12.0,525.36,28.0,0.08,0.099,10.0,1.0,45.58,0.174,0.225,2.92
2087,15.0,969.71,17.0,0.122,0.054,6.0,2.0,64.43,0.317,0.256,3.17
2088,14.0,1645.1,72.0,0.025,0.053,1.0,0.0,118.71,0.268,0.153,3.32
2089,5.0,96.68,10.0,0.189,0.029,16.0,0.0,17.87,0.083,0.271,0.0
2090,12.0,443.34,29.0,0.111,0.069,7.0,0.0,37.13,0.621,0.349,2.84
2091,2.0,36.09,6.0,0.093,0.052,128.0,0.0,19.35,0.563,0.121,0.16
2092,34.0,2061.05,65.0,0.008,0.025,11.0,2.0,61.27,0.254,0.124,3.03
2093,20.0,437.55,34.0,0.38,0.048,4.0,0.0,21.37,0.169,0.492,0.17
2094,17.0,433.42,19.0,0.095,0.101,8.0,0.0,25.35,0.11,0.362,2.59
2095,2.0,33.02,12.0,0.262,0.0,36.0,2.0,14.6,0.412,0.181,1.52
2096,0.0,73.2,5.0,0.24,0.072,80.0,1.0,73.2,0.217,0.0,1.43
2097,12.0,438.07,27.0,0.128,0.041,4.0,1.0,37.85,0.69,0.249,3.69
2098,0.0,60.61,13.0,0.172,0.078,42.0,1.0,60.61,0.067,0.183,0.0
2099,7.0,458.56,31.0,0.048,0.054,13.0,2.0,66.98,0.217,0.427,3.22
2100,2.0,166.86,8.0,0.063,0.027,43.0,0.0,71.38,0.673,0.252,0.66
2101,15.0,448.71,15.0,0.094,0.039,11.0,1.0,29.57,0.159,0.295,1.33
2102,13.0,711.23,35.0,0.188,0.028,12.0,1.0,53.49,0.2,0.182,1.91
2103,7.0,173.14,9.0,0.134,0.025,66.0,2.0,23.87,0.548,0.026,1.81
2104,13.0,641.73,51.0,0.411,0.022,1.0,2.0,49.41,0.933,0.159,0.63
2105,2.0,71.19,7.0,0.143,0.041,0.0,0.0,45.8,0.595,0.326,0.23
2106,18.0,590.88,31.0,0.072,0.066,15.0,0.0,33.01,0.414,0.074,2.95
2107,26.0,2156.68,24.0,0.015,0.061,0.0,1.0,83.95,0.418,0.145,1.46
2108,14.0,694.01,36.0,0.168,0.066,14.0,1.0,51.05,0.479,0.276,2.79
2109,3.0,0.0,3.0,0.237,0.047,30.0,0.0,0.0,0.546,0.158,1.27
2110,28.0,399.94,59.0,0.306,0.116,7.0,1.0,14.08,0.373,0.357,0.78
2111,25.0,2537.24,33.0,0.028,0.058,5.0,1.0,102.34,0.288,0.256,1.76
2112,9.0,537.16,30.0,0.115,0.076,11.0,1.0,57.67,0.213,0.129,2.55
2113,16.0,828.88,70.0,0.406,0.107,5.0,3.0,51.91,0.337,0.088,1.34
2114,4.0,105.32,5.0,0.221,0.03,29.0,0.0,28.34,0.688,0.465,1.24
2115,20.0,699.03,13.0,0.492,0.071,8.0,1.0,35.47,0.715,0.337,0.24
2116,9.0,766.83,25.0,0.149,0.047,10.0,1.0,86.28,0.497,0.0,1.96
2117,5.0,22.49,8.0,0.308,0.035,12.0,1.0,4.47,0.512,,1.39
2118,8.0,627.48,20.0,0.034,0.052,12.0,3.0,75.25,0.104,0.354,
2119,9.0,502.89,26.0,0.057,0.024,6.0,3.0,55.57,0.493,0.126,1.56
2120,1.0,95.68,2.0,0.086,0.017,94.0,1.0,90.37,0.56,0.0,0.53
2121,6.0,371.47,23.0,0.08,0.057,21.0,1.0,61.37,0.154,0.251,1.29
2122,10.0,385.27,21.0,0.0,0.12,14.0,2.0,39.86,0.276,0.089,1.02
2123,23.0,931.59,52.0,0.29,0.035,1.0,3.0,40.56,0.679,0.023,2.6
2124,13.0,511.02,46.0,0.459,0.102,23.0,1.0,38.28,0.431,0.232,1.37
2125,7.0,449.4,26.0,0.159,0.032,14.0,1.0,63.07,0.272,0.219,1.65
2126,19.0,554.63,35.0,0.331,0.11,9.0,1.0,29.37,0.649,0.372,0.79
2127,5.0,195.01,14.0,0.024,0.0,6.0,0.0,41.01,0.246,0.099,0.0
2128,25.0,1470.68,68.0,0.073,0.015,8.0,1.0,59.17,0.504,0.187,3.04
2129,9.0,126.61,13.0,0.165,0.057,15.0,0.0,14.85,0.703,0.107,0.08
2130,2.0,136.68,11.0,0.176,0.059,28.0,2.0,59.78,0.314,0.043,0.05
2131,0.0,66.81,4.0,0.223,0.026,45.0,1.0,66.81,0.552,0.3,0.0
2132,3.0,36.76,2.0,0.0,0.037,151.0,0.0,12.5,0.111,0.0,
2133,35.0,1790.5,69.0,0.083,0.022,2.0,3.0,51.31,0.443,0.126,1.37
2134,13.0,210.86,29.0,0.067,0.037,4.0,0.0,15.9,0.433,0.228,1.53
2135,23.0,663.62,49.0,0.288,0.012,3.0,0.0,29.26,0.642,0.417,1.09
2136,17.0,596.21,29.0,0.053,0.047,11.0,1.0,35.19,0.147,0.056,1.5
2137,13.0,512.83,19.0,0.175,0.126,14.0,1.0,39.0,0.409,0.0,0.41
2138,2.0,115.65,8.0,0.231,0.042,25.0,0.0,71.11,0.37,0.266,0.4
2139,7.0,552.98,26.0,0.048,0.081,7.0,1.0,75.81,0.575,0.262,2.32
2140,0.0,92.61,9.0,0.0,0.057,23.0,0.0,92.61,0.603,0.431,1.17
2141,6.0,662.55,30.0,0.041,0.011,1.0,2.0,102.43,0.364,0.168,1.5
2142,4.0,87.37,15.0,0.208,0.016,49.0,1.0,19.52,0.792,0.17,0.0
2143,30.0,1594.83,90.0,0.075,0.015,2.0,3.0,52.34,0.409,0.089,2.53
2144,36.0,2008.75,64.0,0.077,0.051,7.0,1.0,56.34,0.369,0.237,0.95
2145,14.0,439.55,42.0,0.208,0.069,7.0,0.0,31.03,0.565,0.245,0.52
2146,18.0,432.77,38.0,0.391,0.095,5.0,1.0,24.28,0.515,0.285,0.36
2147,4.0,50.63,13.0,0.108,0.035,29.0,0.0,12.6,0.386,0.338,0.0
2148,2.0,0.0,3.0,0.089,0.018,63.0,0.0,0.0,0.338,0.086,2.34
2149,20.0,532.16,45.0,0.505,0.109,0.0,0.0,26.22,0.758,0.216,0.41
2150,9.0,533.69,30.0,0.164,0.054,13.0,1.0,59.39,0.742,0.478,0.39
2151,14.0,346.61,19.0,0.073,0.003,13.0,1.0,23.96,0.477,0.188,2.68
2152,1.0,92.52,17.0,0.182,0.057,67.0,1.0,91.04,0.378,0.255,1.2
2153,6.0,0.0,11.0,0.132,0.061,44.0,0.0,0.0,0.411,0.183,0.0
2154,10.0,263.54,39.0,0.11,0.036,15.0,1.0,25.42,0.262,0.409,0.0
2155,6.0,406.3,42.0,0.181,0.064,19.0,0.0,67.82,0.26,0.099,1.2
2156,0.0,24.17,9.0,0.049,0.032,38.0,0.0,24.17,0.228,0.077,1.53
2157,2.0,70.35,6.0,0.062,0.022,86.0,1.0,41.12,0.337,0.0,1.07
2158,1.0,64.39,1.0,0.213,0.043,149.0,0.0,50.17,0.5,0.0,1.68
2159,15.0,607.29,23.0,0.13,0.091,15.0,0.0,41.04,0.521,0.192,3.06
2160,20.0,610.11,33.0,,0.077,19.0,0.0,30.32,0.585,0.265,1.72
2161,12.0,645.8,39.0,0.123,0.059,17.0,0.0,52.64,0.6,0.19,1.66
2162,3.0,262.24,1.0,0.295,0.023,43.0,0.0,93.45,0.506,0.313,0.0
2163,10.0,458.47,22.0,0.156,0.074,24.0,2.0,44.08,0.665,0.433,1.98
2164,4.0,57.38,7.0,0.204,0.005,37.0,1.0,15.12,0.015,0.362,1.28
2165,37.0,1516.23,36.0,0.019,0.015,9.0,2.0,41.25,0.231,0.307,3.15
2166,20.0,828.47,62.0,0.393,0.053,7.0,1.0,40.92,0.199,0.155,0.0
2167,1.0,188.27,7.0,0.265,0.111,4.0,1.0,188.27,0.47,0.062,0.88
2168,0.0,178.03,14.0,0.142,0.097,53.0,2.0,178.03,0.483,0.335,1.12
2169,5.0,200.35,7.0,0.156,0.03,22.0,2.0,42.46,0.59,0.332,0.98
2170,4.0,268.42,16.0,0.025,0.081,70.0,1.0,71.95,0.127,0.177,1.91
2171,2.0,96.85,10.0,0.2,0.003,34.0,1.0,52.6,0.04,0.233,0.45
2172,31.0,1461.38,21.0,0.01,0.075,4.0,3.0,47.54,0.275,0.287,2.12
2173,3.0,174.74,5.0,0.251,0.044,41.0,0.0,67.8,0.604,0.28,1.0
2174,22.0,1950.61,80.0,0.015,0.053,6.0,1.0,88.22,0.17,0.216,2.5
2175,14.0,246.54,37.0,0.054,0.0,28.0,1.0,18.03,0.214,0.217,1.68
2176,10.0,195.37,21.0,0.086,0.064,13.0,0.0,19.03,0.655,0.0,1.62
2177,36.0,2444.44,72.0,0.043,0.046,13.0,2.0,66.98,0.313,0.268,2.23
2178,0.0,111.22,0.0,0.092,0.026,77.0,0.0,111.22,0.403,0.0,0.81
2179,10.0,568.08,37.0,0.23,0.062,0.0,1.0,56.17,0.156,0.412,1.67
2180,10.0,619.65,22.0,0.0,0.073,17.0,0.0,60.22,0.447,0.269,1.54
2181,29.0,1666.86,59.0,0.109,0.07,13.0,1.0,57.27,0.269,0.392,1.25
2182,1.0,72.91,0.0,0.349,0.025,44.0,1.0,72.91,0.109,0.263,0.29
2183,0.0,6.79,12.0,0.267,0.0,55.0,2.0,6.79,0.24,0.28,1.84
2184,2.0,174.18,10.0,0.261,0.051,56.0,1.0,90.7,0.729,0.295,0.97
2185,10.0,200.35,33.0,0.16,0.103,8.0,0.0,20.53,0.457,0.231,1.84
2186,11.0,825.7,37.0,0.086,0.042,0.0,2.0,74.13,0.226,0.25,1.8
2187,34.0,2370.73,71.0,0.017,0.012,5.0,4.0,69.03,0.102,0.318,1.46
2188,1.0,42.48,4.0,0.01,0.013,140.0,0.0,42.48,0.614,0.103,1.69
2189,18.0,258.71,27.0,0.026,0.082,16.0,2.0,14.68,0.356,0.203,1.71
2190,20.0,1703.06,56.0,0.004,0.038,2.0,2.0,84.49,0.745,0.022,4.05
2191,30.0,1381.53,42.0,0.035,0.078,3.0,0.0,46.68,0.517,0.173,1.86
2192,1.0,26.28,5.0,0.066,0.054,96.0,0.0,21.24,0.702,0.12,1.59
2193,0.0,26.9,4.0,0.027,0.026,87.0,1.0,26.9,0.334,0.097,0.25
2194,7.0,621.49,28.0,0.071,0.045,9.0,1.0,83.12,0.511,0.338,2.18
2195,11.0,221.58,25.0,0.124,0.107,9.0,1.0,20.64,0.392,0.253,2.17
2196,17.0,243.04,37.0,0.426,0.112,10.0,2.0,14.4,0.393,0.225,0.1
2197,2.0,150.38,9.0,0.137,0.055,24.0,0.0,80.52,0.499,0.294,1.21
2198,33.0,2338.66,58.0,0.058,0.089,3.0,1.0,71.56,0.358,0.207,1.57
2199,9.0,922.78,38.0,0.603,0.065,0.0,0.0,103.6,0.67,0.262,1.44
2200,12.0,845.99,34.0,0.26,0.06,9.0,3.0,71.86,0.397,0.264,1.04
2201,4.0,238.02,5.0,0.163,0.059,56.0,1.0,55.1,0.456,0.029,1.92
2202,34.0,1733.91,45.0,0.037,0.035,7.0,3.0,50.58,0.786,0.182,2.5
2203,11.0,630.4,25.0,0.056,0.101,4.0,0.0,58.31,0.078,0.07,2.01
2204,0.0,180.25,3.0,0.217,0.033,4.0,2.0,180.25,0.32,0.324,0.16
2205,21.0,724.46,37.0,0.366,0.106,11.0,0.0,34.1,0.356,0.127,0.78
2206,14.0,650.47,32.0,0.163,,7.0,3.0,47.97,0.245,0.461,1.61
2207,9.0,548.98,38.0,0.133,0.069,5.0,2.0,58.85,0.573,0.284,0.62
2208,11.0,687.82,24.0,0.123,0.036,11.0,0.0,61.0,0.348,0.311,3.29
2209,3.0,615.96,16.0,0.027,0.045,12.0,2.0,215.33,0.438,0.08,1.79
2210,21.0,639.47,42.0,0.358,0.101,5.0,0.0,30.9,0.4,0.022,1.45
2211,13.0,890.36,36.0,0.288,0.153,11.0,0.0,69.43,0.569,0.339,0.0
2212,1.0,109.27,1.0,0.015,0.065,32.0,1.0,109.27,0.16,0.248,2.0
2213,7.0,400.69,33.0,0.0,0.01,10.0,1.0,57.16,0.391,0.331,2.68
2214,0.0,98.06,12.0,,0.028,15.0,1.0,98.06,0.356,0.096,0.0
2215,1.0,20.59,5.0,0.214,0.032,32.0,1.0,14.88,0.485,,0.0
2216,2.0,191.34,4.0,0.069,0.029,1.0,2.0,88.38,0.653,0.064,0.78
2217,24.0,722.49,60.0,0.468,0.051,22.0,0.0,30.49,0.368,0.019,0.79
2218,12.0,359.85,44.0,0.396,0.032,11.0,1.0,30.83,0.523,0.065,0.5
2219,11.0,640.0,24.0,0.049,0.002,17.0,1.0,60.39,0.657,0.195,1.26
2220,0.0,86.73,5.0,0.15,0.052,35.0,0.0,86.73,0.592,0.254,1.21
2221,0.0,105.81,7.0,0.123,0.036,36.0,1.0,105.81,0.573,0.185,0.68
2222,3.0,0.0,7.0,0.208,0.032,24.0,0.0,0.0,0.411,0.068,1.77
2223,0.0,37.9,7.0,0.12,0.029,86.0,0.0,37.9,0.672,0.011,0.22
2224,9.0,523.26,26.0,0.16,0.079,17.0,2.0,55.65,0.273,0.219,1.73
2225,2.0,23.07,9.0,0.164,0.047,61.0,1.0,12.64,0.561,0.231,0.66
2226,0.0,78.63,8.0,0.107,0.0,134.0,0.0,78.63,0.331,0.045,2.11
2227,0.0,104.92,4.0,0.196,0.062,76.0,1.0,104.92,0.27,0.0,1.1
2228,16.0,534.83,22.0,0.138,0.042,4.0,1.0,33.81,0.391,0.294,2.48
2229,9.0,690.73,33.0,0.097,0.051,18.0,2.0,74.57,0.078,0.139,2.34
2230,5.0,187.1,14.0,0.174,0.038,10.0,1.0,35.29,0.804,0.219,1.63
2231,15.0,688.69,20.0,0.036,0.038,15.0,2.0,45.67,0.136,0.331,0.07
2232,3.0,0.0,8.0,0.209,0.069,25.0,0.0,0.0,0.376,0.076,1.53
2233,3.0,179.38,8.0,0.158,0.011,46.0,0.0,62.41,0.207,0.19,0.61
2234,2.0,141.77,2.0,0.102,0.085,85.0,0.0,59.63,0.665,0.088,0.4
2235,3.0,6.86,10.0,0.194,0.035,0.0,0.0,2.61,0.233,0.137,2.12
2236,4.0,150.73,10.0,0.252,0.037,20.0,0.0,40.72,0.695,0.24,0.15
2237,3.0,115.35,9.0,0.187,0.019,31.0,0.0,44.37,0.25,0.234,0.53
2238,6.0,159.72,7.0,0.223,0.054,10.0,0.0,26.94,0.17,0.201,1.44
2239,3.0,96.93,12.0,0.196,0.036,11.0,1.0,31.73,0.407,0.146,1.61
2240,1.0,75.26,0.0,0.049,0.055,127.0,1.0,62.52,0.407,0.0,1.14
2241,2.0,4.78,0.0,0.0,0.005,132.0,1.0,1.98,0.399,0.015,0.67
2242,2.0,64.12,1.0,0.16,0.055,81.0,0.0,35.74,0.489,0.0,2.03
2243,19.0,653.04,27.0,0.09,0.079,23.0,0.0,34.47,0.333,0.212,1.64
2244,2.0,41.65,1.0,0.0,0.0,73.0,0.0,27.12,0.471,0.0,0.18
2245,1.0,62.86,2.0,0.087,0.055,102.0,0.0,42.77,0.387,0.106,
2246,15.0,472.8,24.0,0.163,0.022,8.0,1.0,31.49,0.619,0.475,0.64
2247,6.0,520.3,19.0,0.094,0.05,17.0,0.0,82.65,0.381,0.187,2.74
2248,39.0,1647.03,76.0,0.054,0.02,10.0,3.0,41.86,0.654,0.027,2.33
2249,4.0,157.67,7.0,0.255,0.105,44.0,2.0,39.35,0.424,0.297,0.0
2250,14.0,434.98,37.0,0.437,0.076,16.0,3.0,30.28,0.291,0.156,1.52
2251,19.0,2390.74,88.0,0.009,0.038,5.0,2.0,127.13,0.35,0.331,1.5
2252,14.0,621.73,22.0,0.178,0.04,15.0,1.0,44.0,0.655,0.388,1.28
2253,23.0,841.37,53.0,0.027,0.002,6.0,1.0,36.52,0.323,0.178,1.09
2254,12.0,534.61,32.0,0.048,0.075,10.0,1.0,44.91,0.777,0.357,0.97
2255,0.0,199.65,5.0,0.229,0.112,12.0,1.0,199.65,0.275,0.178,0.46
2256,9.0,520.69,29.0,0.028,0.033,15.0,1.0,58.0,0.285,0.16,2.33
2257,0.0,173.29,1.0,0.233,0.015,20.0,0.0,173.29,0.228,0.188,2.25
2258,13.0,360.34,20.0,0.186,0.0,6.0,1.0,28.72,0.341,0.091,2.09
2259,4.0,177.77,5.0,0.198,0.07,46.0,1.0,44.18,0.08,0.217,1.29
2260,3.0,103.02,5.0,0.272,0.009,59.0,2.0,34.82,0.228,0.0,0.95
2261,4.0,2.37,7.0,0.267,0.072,20.0,1.0,0.59,0.259,0.519,2.49
2262,6.0,190.34,6.0,0.327,0.038,38.0,0.0,33.3,0.082,0.078,1.4
2263,31.0,1174.1,95.0,0.055,0.037,8.0,1.0,38.48,0.363,0.131,0.78
2264,17.0,258.04,40.0,0.447,0.082,0.0,0.0,15.4,0.786,0.331,0.14
2265,4.0,189.58,14.0,0.214,0.07,21.0,0.0,53.52,0.511,0.097,0.0
2266,12.0,211.19,24.0,0.122,0.03,12.0,1.0,18.14,0.822,0.332,0.29
2267,19.0,662.54,49.0,0.292,0.092,12.0,3.0,35.73,0.267,0.34,0.0
2268,13.0,222.34,24.0,0.07,0.031,25.0,2.0,17.72,0.319,0.157,2.53
2269,30.0,1563.69,50.0,0.047,0.049,8.0,2.0,52.42,0.404,0.084,1.04
2270,36.0,835.92,72.0,0.026,0.018,5.0,0.0,22.91,0.517,0.318,2.35
2271,13.0,621.32,36.0,0.154,0.092,17.0,1.0,47.88,0.404,0.263,1.06
2272,2.0,49.45,4.0,0.142,0.031,134.0,0.0,31.98,0.326,0.0,0.19
2273,6.0,135.82,9.0,0.25,0.0,18.0,1.0,24.58,0.209,0.567,1.95
2274,3.0,153.41,7.0,0.305,0.052,23.0,0.0,47.51,0.777,0.212,0.84
2275,0.0,49.33,4.0,0.0,0.082,88.0,1.0,49.33,0.668,0.082,1.3
2276,10.0,616.42,28.0,0.138,0.026,15.0,0.0,63.36,0.555,0.099,1.2
2277,7.0,581.06,21.0,0.018,0.038,11.0,0.0,83.33,0.008,0.311,2.33
2278,2.0,120.82,3.0,0.15,0.0,90.0,2.0,49.16,0.808,0.22,1.22
2279,3.0,201.42,4.0,0.093,0.053,56.0,1.0,80.5,0.575,0.155,0.0
2280,21.0,842.04,54.0,0.372,0.109,3.0,0.0,40.07,0.393,0.273,1.36
2281,6.0,117.87,9.0,0.175,0.0,39.0,1.0,19.7,0.083,0.259,1.69
2282,14.0,385.67,39.0,0.1,0.046,21.0,1.0,28.24,0.701,0.152,2.27
2283,26.0,459.56,49.0,0.399,0.08,0.0,0.0,17.76,0.498,0.025,0.13
2284,9.0,564.48,19.0,0.116,0.046,17.0,2.0,66.11,0.252,0.289,1.29
2285,32.0,2961.08,72.0,0.043,,5.0,1.0,92.66,0.282,0.137,3.03
2286,9.0,1030.15,28.0,0.592,0.164,15.0,0.0,109.96,0.701,0.256,0.14
2287,35.0,1494.26,41.0,0.111,0.072,5.0,1.0,42.54,0.06,0.004,1.4
2288,10.0,634.66,29.0,0.207,0.038,8.0,2.0,66.09,0.339,0.441,1.88
2289,24.0,1415.93,63.0,0.024,0.035,3.0,1.0,57.9,0.61,0.061,1.0
2290,0.0,29.07,2.0,0.102,0.0,71.0,0.0,29.07,0.348,0.254,0.21
2291,11.0,887.42,24.0,0.125,0.078,7.0,2.0,79.07,0.357,0.318,2.61
2292,14.0,512.42,31.0,0.0,0.046,17.0,0.0,35.98,0.316,0.241,2.76
2293,35.0,1703.01,33.0,0.053,0.021,12.0,3.0,49.2,0.416,,1.1
2294,2.0,274.63,10.0,0.169,0.047,40.0,0.0,117.5,0.301,0.015,0.8
2295,16.0,252.63,32.0,0.083,0.095,6.0,1.0,15.79,0.126,0.12,2.47
2296,7.0,546.43,25.0,0.03,0.038,6.0,1.0,80.01,0.259,0.352,3.1
2297,23.0,272.12,47.0,0.4,0.112,7.0,2.0,11.76,0.233,0.306,1.25
2298,31.0,2452.03,61.0,0.064,0.06,6.0,3.0,79.03,0.257,0.334,2.31
2299,16.0,463.04,53.0,0.309,0.062,12.0,2.0,28.2,0.921,0.317,1.53
2300,7.0,91.51,6.0,0.111,0.0,43.0,0.0,13.0,0.368,0.253,0.58
2301,4.0,104.84,7.0,0.167,0.022,32.0,1.0,25.68,0.939,0.127,1.94
2302,2.0,22.85,0.0,0.206,0.025,133.0,0.0,12.34,0.407,0.0,0.28
2303,14.0,564.05,24.0,0.063,0.055,18.0,1.0,39.6,0.524,0.204,1.61
2304,2.0,129.28,2.0,0.055,0.075,78.0,0.0,55.23,0.533,0.001,0.75
2305,12.0,653.43,25.0,0.074,0.023,11.0,1.0,53.74,0.253,0.393,1.76
2306,3.0,238.31,5.0,0.175,0.056,39.0,0.0,93.03,0.625,0.271,1.47
2307,27.0,2063.96,83.0,0.041,0.0,4.0,1.0,77.5,0.623,0.173,1.79
2308,7.0,32.62,6.0,0.138,0.108,19.0,1.0,5.02,0.108,0.159,0.0
2309,14.0,657.43,26.0,0.11,0.047,15.0,1.0,46.48,0.362,0.287,1.05
2310,6.0,453.46,38.0,0.153,0.013,10.0,1.0,81.96,0.096,0.182,1.43
2311,22.0,1544.94,76.0,0.046,0.01,9.0,0.0,70.87,0.402,0.203,3.93
2312,15.0,719.02,24.0,0.161,0.069,15.0,0.0,48.21,0.436,0.104,2.43
2313,15.0,578.55,38.0,0.148,0.05,17.0,0.0,38.62,0.686,0.385,2.74
2314,7.0,561.23,18.0,0.156,0.055,15.0,1.0,77.35,0.201,0.0,1.58
2315,2.0,0.0,3.0,0.276,0.014,108.0,0.0,0.0,0.744,0.065,0.65
2316,2.0,13.9,4.0,0.121,0.065,103.0,1.0,5.75,0.198,0.11,0.27
2317,9.0,561.9,22.0,0.163,0.094,20.0,1.0,61.86,0.619,0.325,0.62
2318,9.0,128.28,36.0,0.113,0.086,2.0,0.0,14.37,0.188,0.189,2.68
2319,4.0,170.7,9.0,0.138,0.026,49.0,1.0,47.73,0.586,0.284,0.77
2320,23.0,747.82,50.0,0.321,0.067,22.0,0.0,32.11,0.502,0.043,1.36
2321,25.0,1932.38,50.0,0.045,0.025,6.0,1.0,77.53,0.093,0.203,1.98
2322,8.0,113.02,10.0,0.22,0.046,29.0,0.0,13.31,0.211,0.131,0.12
2323,3.0,108.01,5.0,0.173,0.062,48.0,0.0,39.54,0.264,0.3,0.83
2324,5.0,82.49,9.0,0.295,0.056,35.0,0.0,17.98,0.618,0.371,1.11
2325,15.0,408.27,37.0,0.069,0.07,1.0,0.0,28.04,0.466,0.237,1.53
2326,10.0,466.48,41.0,0.133,0.011,17.0,1.0,47.84,0.334,0.229,1.78
2327,1.0,146.97,12.0,0.282,0.043,43.0,1.0,146.97,0.345,0.208,2.21
2328,1.0,26.68,2.0,0.112,0.033,55.0,0.0,26.68,0.41,0.01,0.46
2329,5.0,64.14,8.0,0.301,0.019,9.0,0.0,13.05,0.461,0.301,0.0
2330,2.0,141.44,7.0,0.211,0.0,0.0,0.0,64.36,0.553,,1.7
2331,18.0,789.04,34.0,0.367,0.097,15.0,0.0,43.52,0.593,0.246,
2332,36.0,1549.3,74.0,0.067,0.031,6.0,3.0,43.14,0.663,0.183,0.98
2333,22.0,606.33,52.0,0.325,0.081,8.0,0.0,27.49,0.675,0.225,0.16
2334,3.0,50.86,0.0,0.117,0.045,137.0,1.0,15.44,0.543,0.126,0.62
2335,3.0,113.66,0.0,0.043,0.023,91.0,0.0,33.15,0.558,0.048,2.58
2336,24.0,1773.69,48.0,0.024,0.006,9.0,2.0,74.74,0.114,0.34,2.24
2337,10.0,620.69,24.0,0.11,0.041,5.0,1.0,64.43,0.502,0.188,1.31
2338,6.0,138.42,4.0,0.105,0.069,28.0,1.0,21.89,0.353,0.267,0.85
2339,8.0,526.61,20.0,0.171,0.063,18.0,1.0,65.98,0.243,0.293,0.39
2340,13.0,440.46,19.0,0.078,0.042,4.0,2.0,34.08,0.11,0.0,1.53
2341,0.0,144.89,8.0,0.311,0.059,34.0,1.0,144.89,0.37,0.198,0.0
2342,36.0,1980.67,50.0,0.038,0.008,14.0,3.0,54.57,0.133,0.525,2.77
2343,7.0,142.77,10.0,0.092,0.028,74.0,0.0,19.93,0.364,0.097,1.07
2344,23.0,1839.18,34.0,0.005,0.021,2.0,2.0,80.61,0.142,0.043,1.93
2345,1.0,43.31,2.0,0.19,0.021,128.0,1.0,40.98,0.447,0.325,1.24
2346,7.0,519.89,27.0,0.035,0.095,14.0,2.0,79.94,0.349,0.182,1.32
2347,22.0,2335.72,47.0,0.07,0.027,3.0,1.0,104.61,0.577,0.197,1.52
2348,3.0,59.36,11.0,0.18,0.052,32.0,1.0,19.78,0.797,0.162,0.4
2349,10.0,387.57,23.0,0.206,0.031,14.0,0.0,38.52,0.214,0.263,0.6
2350,4.0,54.3,7.0,0.167,0.038,23.0,1.0,14.5,0.378,0.232,1.16
2351,2.0,61.86,8.0,0.079,0.086,0.0,2.0,25.28,0.473,0.173,0.01
2352,2.0,167.02,10.0,0.23,0.065,37.0,2.0,74.9,0.065,0.095,0.26
2353,9.0,558.44,28.0,0.112,0.042,9.0,0.0,59.25,0.32,0.214,2.7
2354,14.0,481.41,69.0,0.343,0.077,21.0,2.0,34.74,0.677,0.277,2.5
2355,34.0,1770.31,63.0,0.026,0.008,5.0,3.0,52.28,0.062,0.147,2.14
2356,3.0,56.74,3.0,0.033,0.019,71.0,0.0,22.0,0.316,0.251,1.08
2357,1.5500575812021422,211.83201984999536,1.0,0.111,0.024,179.0,0.0,38.03,0.153,0.0,1.0
2358,22.0,726.44,59.0,0.008,0.041,3.0,1.0,32.29,0.487,0.265,1.73
2359,5.0,785.02,58.0,0.305,0.117,7.0,2.0,143.3,0.833,0.266,1.53
2360,10.0,469.71,40.0,0.0,0.059,17.0,1.0,45.63,0.336,0.03,1.03
2361,7.0,36.06,10.0,0.187,0.035,0.0,1.0,4.86,0.337,0.39,1.88
2362,22.0,458.75,54.0,0.439,0.099,0.0,2.0,20.82,0.634,0.083,1.75
2363,24.0,2268.6,43.0,0.044,0.025,12.0,0.0,94.17,0.435,0.114,2.11
2364,2.0,59.19,2.0,0.15,0.001,19.0,0.0,31.94,0.589,0.0,0.0
2365,2.0,121.31,11.0,0.152,0.038,41.0,0.0,48.86,0.078,0.403,0.47
2366,0.0,50.92,7.0,0.08,0.022,117.0,1.0,50.92,0.144,0.109,0.54
2367,0.0,183.68,8.0,0.151,0.067,42.0,0.0,183.68,0.706,0.039,1.89
2368,3.0,104.89,6.0,0.052,0.039,6.0,1.0,41.63,0.641,0.279,0.26
2369,23.0,1929.62,78.0,0.075,0.029,6.0,1.0,84.67,0.423,0.199,1.93
2370,13.0,589.91,25.0,0.091,,14.0,0.0,44.5,0.255,0.22,1.18
2371,5.0,320.76,28.0,0.125,0.07,3.0,1.0,58.45,0.622,0.275,2.16
2372,7.0,682.78,32.0,0.098,0.042,12.0,1.0,91.52,0.629,0.384,2.19
2373,1.0,171.13,14.0,0.127,0.053,32.0,2.0,161.06,0.32,0.45,0.77
2374,18.0,632.89,51.0,0.412,0.087,4.0,0.0,34.98,0.349,0.252,0.0
2375,18.0,997.71,30.0,0.266,0.103,4.0,0.0,56.59,0.585,0.216,1.07
2376,9.0,457.58,22.0,0.124,0.021,14.0,0.0,50.47,0.5,0.181,1.36
2377,9.0,504.79,31.0,0.092,0.026,8.0,2.0,55.46,0.373,0.387,1.93
2378,21.0,447.11,28.0,0.587,0.097,4.0,0.0,21.44,0.644,0.254,0.0
2379,14.0,581.48,30.0,0.071,0.028,25.0,1.0,41.86,0.707,0.27,2.44
2380,33.0,1974.09,47.0,0.079,0.055,3.0,2.0,60.34,0.548,0.476,2.08
2381,1.0,116.23,3.0,0.169,0.047,87.0,0.0,94.82,0.242,0.054,1.21
2382,27.0,564.51,44.0,0.484,0.043,7.0,1.0,21.14,0.239,0.277,1.95
2383,9.0,491.55,30.0,0.087,0.057,16.0,2.0,55.51,0.53,0.256,1.98
2384,18.0,683.43,36.0,0.356,0.128,7.0,1.0,37.98,0.702,0.378,0.73
2385,4.0,105.28,1.0,0.336,0.074,50.0,1.0,27.23,0.679,0.212,
2386,14.0,703.36,43.0,0.43,0.057,3.0,2.0,51.18,0.562,0.26,0.46
2387,3.0,153.24,4.0,0.271,0.078,49.0,1.0,48.41,0.076,0.025,1.31
2388,9.0,529.69,20.0,0.091,0.057,20.0,1.0,58.53,0.647,0.153,1.6
2389,34.0,1934.69,51.0,0.049,0.015,2.0,4.0,57.52,0.62,0.146,2.19
2390,15.0,626.75,24.0,0.142,0.026,13.0,0.0,42.78,0.539,0.436,1.53
2391,10.0,545.76,62.0,0.342,0.12,14.0,0.0,57.16,0.618,0.245,0.0
2392,8.0,579.79,20.0,0.017,0.052,17.0,1.0,74.85,0.08,0.295,2.35
2393,2.0,87.76,5.0,0.158,0.058,169.0,0.0,51.73,0.597,0.141,1.64
2394,2.0,126.31,11.0,0.327,0.0,51.0,0.0,59.96,0.231,0.278,1.33
2395,28.0,2000.33,53.0,0.055,0.013,6.0,3.0,70.25,0.175,0.192,0.82
2396,3.0,107.93,7.0,0.29,0.067,37.0,1.0,31.94,0.163,0.176,0.8
2397,4.0,169.66,4.0,0.333,0.055,5.0,1.0,43.48,0.196,0.403,0.92
2398,18.0,661.97,16.0,0.118,0.016,16.0,3.0,36.6,0.773,0.29,1.32
2399,1.0,47.41,5.0,0.073,0.021,101.0,1.0,40.19,0.486,0.0,2.53
2400,17.0,542.1,30.0,0.152,0.038,8.0,2.0,32.19,0.059,0.314,1.83
2401,10.0,477.11,31.0,0.011,0.057,3.0,0.0,50.15,0.15,0.053,3.27
2402,2.0,126.43,1.0,0.114,0.0,130.0,0.0,69.77,0.073,0.0,0.77
2403,3.0,113.82,8.0,0.143,0.05,25.0,1.0,38.56,0.267,0.428,0.8
2404,8.0,685.54,54.0,0.459,0.093,7.0,2.0,85.0,0.835,0.015,2.12
2405,16.0,775.39,24.0,0.417,0.096,9.0,1.0,47.55,0.705,0.088,2.42
2406,22.0,965.52,96.0,0.056,0.046,6.0,0.0,43.46,0.265,0.193,2.23
2407,10.0,452.54,27.0,0.1,0.071,18.0,2.0,44.67,0.667,0.426,0.84
2408,19.0,625.3,51.0,0.379,0.055,14.0,0.0,33.41,0.539,0.273,0.16
2409,3.0,125.04,1.0,0.175,0.041,52.0,0.0,42.32,0.36,0.0,1.06
2410,15.0,417.46,23.0,0.065,0.012,12.0,1.0,28.62,0.331,0.144,1.86
2411,16.0,551.11,27.0,0.144,0.055,10.0,2.0,34.67,0.668,0.256,0.68
2412,33.0,2645.22,23.0,0.058,0.031,8.0,2.0,80.57,0.324,0.043,2.48
2413,18.0,550.53,47.0,0.123,0.092,7.0,2.0,31.43,0.279,0.148,1.69
2414,2.0,96.49,8.0,0.228,0.036,20.0,1.0,41.72,0.394,0.234,0.28
2415,21.0,476.72,23.0,0.565,0.204,0.0,2.0,23.18,0.524,0.186,0.0
2416,29.0,2366.59,69.0,0.041,0.036,7.0,0.0,81.39,0.55,0.263,0.78
2417,15.0,531.28,20.0,0.14,0.063,17.0,1.0,35.02,0.29,0.095,0.63
2418,8.0,494.06,39.0,0.035,0.001,7.0,1.0,59.91,0.509,0.163,2.77
2419,33.0,2173.34,29.0,0.027,0.021,7.0,0.0,65.83,0.525,0.326,1.24
2420,11.0,541.48,25.0,0.117,0.011,8.0,0.0,47.93,0.527,0.396,1.27
2421,36.0,2085.82,47.0,0.086,0.024,2.0,0.0,58.19,0.184,0.199,2.24
2422,5.0,163.78,13.0,0.24,0.04,9.0,1.0,36.38,0.485,0.129,0.52
2423,17.0,516.05,26.0,0.141,0.112,3.0,3.0,30.78,0.576,0.218,1.83
2424,26.0,462.49,50.0,0.386,0.13,15.0,1.0,17.47,1.0,0.318,2.06
2425,3.0,194.03,7.0,0.171,0.0,39.0,1.0,55.51,0.759,0.299,1.64
2426,31.0,1371.82,62.0,0.072,0.068,9.0,2.0,44.49,0.584,,2.14
2427,37.0,1792.94,40.0,0.036,0.061,7.0,3.0,47.89,0.508,0.24,
2428,22.0,2095.63,65.0,0.044,0.034,9.0,2.0,94.34,0.313,0.158,2.09
2429,2.0,160.11,1.0,0.211,0.019,46.0,2.0,72.37,0.128,0.101,0.0
2430,34.150155123277,2163.8371216875066,41.0,0.348,0.0,15.0,3.0,35.74,0.372,0.39,1.23
2431,3.0,47.95,9.0,0.156,0.066,35.0,1.0,16.85,0.344,0.163,0.95
2432,2.0,180.98,10.0,0.118,0.095,37.0,0.0,112.49,0.237,0.4,2.22
2433,5.0,184.81,16.0,0.116,0.063,46.0,0.0,33.62,0.333,0.217,0.01
2434,12.0,254.09,23.0,0.06,0.101,12.0,2.0,21.95,0.023,0.328,2.5
2435,27.0,1873.0,46.0,0.059,0.025,7.0,0.0,68.46,0.138,0.351,2.13
2436,29.0,1802.67,55.0,0.04,0.058,10.0,2.0,62.69,0.351,0.134,0.9
2437,2.0,21.24,1.0,0.196,0.038,49.0,1.0,10.56,0.51,0.239,1.56
2438,16.0,647.7,20.0,0.11,0.081,19.0,2.0,39.46,0.541,0.219,0.96
2439,2.0,190.67,0.0,0.28,0.031,0.0,0.0,84.78,0.672,0.339,0.2
2440,6.0,377.65,35.0,0.059,0.016,13.0,0.0,62.78,0.343,0.381,2.75
2441,3.0,172.92,8.0,0.218,0.024,23.0,2.0,65.55,0.46,0.241,0.12
2442,26.0,1726.39,60.0,0.041,0.004,15.0,2.0,66.11,0.189,0.154,2.52
2443,21.0,1045.27,49.0,0.463,0.137,13.0,1.0,49.15,0.589,0.141,2.82
2444,11.0,662.37,38.0,0.154,0.004,11.0,2.0,58.99,0.211,0.358,1.31
2445,4.0,0.0,6.0,0.104,0.08,23.0,0.0,0.0,0.454,0.229,0.92
2446,8.0,682.82,22.0,0.051,0.063,8.0,0.0,90.13,0.447,0.136,2.38
2447,29.0,2000.56,60.0,0.037,0.04,4.0,1.0,69.31,0.43,0.305,1.88
2448,4.0,86.94,3.0,0.043,0.032,16.0,0.0,21.68,0.283,0.037,1.53
2449,7.0,305.48,22.0,0.176,0.042,13.0,1.0,46.09,0.67,0.24,2.81
2450,2.0,30.02,15.0,0.313,0.0,35.0,0.0,12.16,0.637,0.204,0.43
2451,13.0,636.78,53.0,0.442,0.076,0.0,0.0,49.74,0.577,0.162,0.87
2452,11.0,408.72,33.0,0.11,0.028,13.0,0.0,35.75,0.276,0.236,3.13
2453,7.0,510.86,30.0,0.1,0.105,14.0,2.0,69.48,0.604,0.148,1.77
2454,18.0,609.26,33.0,0.109,0.054,19.0,2.0,34.61,0.219,0.301,0.64
2455,10.0,683.49,20.0,0.107,0.043,3.0,0.0,66.99,0.194,0.068,2.96
2456,13.0,636.83,23.0,0.426,0.045,17.0,2.0,48.26,0.684,0.167,1.78
2457,2.0,57.85,2.0,0.068,0.037,43.0,1.0,29.17,0.539,0.411,1.56
2458,1.0,65.9,9.0,0.257,0.025,65.0,0.0,54.51,0.021,0.341,0.73
2459,11.0,704.67,27.0,0.084,0.032,11.0,0.0,63.4,0.271,0.167,1.57
2460,1.0,137.17,9.0,0.173,0.069,0.0,1.0,105.31,0.44,0.283,1.22
2461,32.0,1990.11,52.0,0.067,0.03,10.0,0.0,62.55,0.603,0.156,1.98
2462,2.0,99.55,8.0,0.22,0.022,2.0,1.0,40.26,0.453,0.239,1.46
2463,20.0,1858.86,72.0,0.115,0.031,3.0,3.0,91.85,0.106,0.318,1.47
2464,37.0,1188.73,72.0,0.005,0.054,4.0,1.0,31.84,0.394,0.336,1.18
2465,2.0,61.58,14.0,0.061,0.042,41.0,0.0,31.0,0.335,0.246,
2466,1.0,129.05,7.0,0.176,0.077,41.0,0.0,129.05,0.573,0.157,1.24
2467,9.0,357.9,29.0,0.094,0.01,13.0,0.0,37.77,0.074,0.421,1.41
2468,12.0,535.61,13.0,0.114,0.031,8.0,0.0,45.16,0.612,0.378,2.94
2469,2.0,32.64,6.0,0.215,0.025,31.0,1.0,17.87,0.065,0.183,1.15
2470,31.0,1455.58,61.0,0.087,0.048,8.0,2.0,46.36,0.438,0.063,1.92
2471,2.0,99.58,2.0,0.137,0.057,13.0,0.0,58.7,0.62,0.083,1.09
2472,19.0,1404.49,69.0,0.0,0.038,3.0,0.0,73.72,0.503,0.221,1.53
2473,10.0,586.71,29.0,0.158,0.038,21.0,1.0,61.11,0.692,0.043,1.37
2474,16.0,688.38,46.0,0.358,0.077,10.0,2.0,43.69,0.525,0.275,1.2
2475,0.0,124.57,7.0,0.067,0.0,121.0,0.0,124.57,0.303,0.206,0.52
2476,23.0,1171.65,36.0,0.047,0.027,4.0,3.0,50.17,0.07,0.25,1.76
2477,9.0,965.37,33.0,0.003,0.03,22.0,0.0,108.66,0.486,0.185,0.44
2478,25.0,1744.2,37.0,0.029,0.022,4.0,2.0,69.4,0.197,0.353,1.91
2479,15.0,606.83,53.0,0.451,0.112,8.0,2.0,40.99,0.626,0.009,0.28
2480,11.0,232.19,27.0,0.232,0.031,6.0,0.0,20.26,0.432,0.23,2.92
2481,3.0,443.49,30.0,0.131,0.029,17.0,1.0,130.25,0.174,0.154,1.62
2482,3.0,73.46,8.0,0.171,0.031,40.0,1.0,23.69,0.256,0.273,0.54
2483,10.0,398.97,29.0,0.056,0.079,11.0,1.0,41.67,0.44,0.233,1.61
2484,19.0,338.06,8.0,0.176,0.09,8.0,3.0,17.81,0.682,0.35,1.96
2485,4.0,179.61,9.0,0.291,0.03,44.0,1.0,46.18,0.157,0.416,0.42
2486,2.0,187.82,11.0,0.072,0.016,26.0,1.0,92.98,0.665,0.045,2.18
2487,0.0,117.36,5.0,0.277,0.01,21.0,0.0,117.36,0.356,0.156,0.22
2488,1.0,167.12,9.0,0.109,,56.0,1.0,164.25,0.423,0.106,0.08
2489,4.0,91.55,6.0,0.122,0.041,31.0,0.0,20.45,0.202,0.051,0.55
2490,3.0,117.37,8.0,0.285,0.07,56.0,1.0,34.3,0.222,0.306,2.2
2491,2.0,56.42,3.0,0.155,0.0,127.0,0.0,33.59,0.043,0.213,1.58
2492,2.0,99.33,7.0,0.213,0.022,15.0,0.0,41.37,0.302,0.161,3.0
2493,14.0,851.21,21.0,0.154,0.084,8.0,2.0,59.46,0.251,0.29,2.46
2494,2.0,62.99,5.0,0.178,0.01,84.0,1.0,38.53,0.65,0.081,0.85
2495,2.0,719.15,28.0,0.145,0.05,11.0,2.0,305.51,0.151,0.042,2.16
2496,12.0,555.23,51.0,0.325,0.142,15.0,2.0,47.5,0.201,0.079,0.0
2497,0.0,81.25,15.0,0.094,,41.0,1.0,81.25,0.109,0.064,0.0
2498,1.0,76.74,2.0,,0.023,110.0,0.0,76.74,0.751,0.074,2.24
2499,3.0,614.92,30.0,0.059,0.055,10.0,2.0,181.54,0.428,0.263,0.92
2500,33.0,1051.88,48.0,0.018,0.043,3.0,1.0,32.08,0.466,0.086,2.08
2501,12.0,424.58,38.0,0.066,0.059,7.0,2.0,34.8,0.213,0.221,1.82
2502,0.0,282.95,13.0,0.048,0.03,1.0,0.0,282.95,0.163,0.064,0.0
2503,2.0,162.13,8.0,0.032,0.053,25.0,1.0,100.93,0.273,0.216,0.39
2504,3.0,230.16,11.0,0.134,0.045,13.0,0.0,67.73,0.211,0.115,1.48
2505,12.0,442.43,23.0,0.097,0.082,21.0,0.0,36.07,0.514,0.411,2.96
2506,9.0,285.88,17.0,0.048,0.009,16.0,1.0,31.19,0.556,0.229,1.92
2507,32.0,873.01,52.0,0.063,0.02,0.0,2.0,27.64,0.3,0.09,1.47
2508,18.0,571.43,20.0,0.088,0.101,14.0,2.0,31.06,0.311,0.193,3.04
2509,4.0,185.85,13.0,0.244,0.071,18.0,1.0,45.0,0.139,0.219,0.91
2510,29.0,1443.37,59.0,0.032,0.017,4.0,0.0,50.2,0.51,0.22,4.27
2511,1.0,197.16,10.0,0.157,0.056,0.0,1.0,159.38,0.486,0.235,0.63
2512,3.0,21.06,2.0,,0.063,65.0,1.0,7.34,0.714,0.124,1.1
2513,17.0,788.16,43.0,0.336,0.012,14.0,0.0,45.7,0.341,0.209,1.35
2514,13.0,203.43,34.0,0.157,0.043,16.0,0.0,15.65,0.093,0.405,2.01
2515,3.0,155.22,9.0,0.107,0.068,18.0,0.0,49.8,0.128,0.235,0.22
2516,13.0,367.25,25.0,0.148,0.02,2.0,1.0,27.65,0.367,0.386,1.49
2517,5.0,82.2,12.0,0.034,0.0,41.0,0.0,16.27,0.699,0.19,1.55
2518,1.0,22.82,3.0,0.128,0.027,127.0,1.0,22.82,0.117,0.0,1.59
2519,9.0,657.82,23.0,0.102,0.031,9.0,0.0,75.06,0.678,0.362,2.56
2520,21.0,2724.79,56.0,0.091,0.073,6.0,0.0,129.84,0.043,0.312,2.2
2521,2.0,16.91,10.0,0.273,0.0,49.0,0.0,7.01,0.335,0.441,1.07
2522,12.0,503.32,14.0,0.147,0.0,10.0,0.0,40.88,0.35,0.16,2.82
2523,2.0,131.12,5.0,0.101,0.027,76.0,0.0,86.18,0.904,0.226,1.35
2524,15.0,505.5,43.0,0.188,0.048,4.0,1.0,32.93,0.613,0.033,2.53
2525,2.0,53.68,2.0,0.178,0.021,119.0,1.0,28.55,0.396,0.085,0.06
2526,13.0,485.55,19.0,0.121,0.052,8.0,3.0,36.66,0.24,0.201,2.8
2527,24.0,2582.73,48.0,0.032,0.029,10.0,1.0,105.87,0.407,0.118,1.45
2528,4.0,139.98,3.0,0.281,0.027,0.0,1.0,38.99,0.152,0.056,2.37
2529,6.0,146.22,12.0,0.113,0.0,40.0,0.0,24.05,0.666,0.342,1.66
2530,1.0,149.21,12.0,0.073,0.0,8.0,1.0,111.61,0.15,0.214,1.12
2531,3.0,173.27,5.0,0.063,0.041,2.0,0.0,64.42,0.679,0.223,0.48
2532,3.0,167.37,9.0,0.165,0.07,23.0,1.0,60.33,0.165,0.151,0.92
2533,21.0,2275.03,72.0,0.035,0.022,0.0,3.0,110.54,0.312,0.144,0.84
2534,11.0,665.81,37.0,0.112,0.058,8.0,1.0,62.53,0.226,0.201,1.14
2535,15.0,395.78,26.0,0.097,0.088,7.0,0.0,25.83,0.193,0.205,0.7
2536,31.0,1787.69,58.0,0.028,0.037,5.0,3.0,58.09,0.319,0.183,2.2
2537,6.0,327.3,29.0,0.123,0.025,18.0,0.0,54.73,0.483,0.258,0.87
2538,17.0,680.33,45.0,0.278,0.063,6.0,1.0,40.55,0.968,0.309,1.96
2539,20.0,648.73,50.0,0.129,0.045,10.0,1.0,32.73,0.745,0.291,3.75
2540,19.0,839.46,55.0,0.433,0.071,17.0,0.0,44.14,0.648,0.192,0.83
2541,19.0,886.92,50.0,0.455,0.086,10.0,2.0,47.08,0.427,0.269,0.13
2542,35.0,2390.66,68.0,0.006,0.038,6.0,1.0,67.75,0.098,0.269,1.62
2543,9.0,552.12,16.0,0.128,0.048,15.0,1.0,61.76,0.667,0.329,2.52
2544,22.0,344.16,27.0,0.5,0.014,4.0,3.0,15.86,0.496,0.094,0.0
2545,29.0,1865.21,69.0,0.05,0.0,1.0,2.0,64.98,0.537,0.252,3.02
2546,19.0,1309.39,48.0,0.162,0.035,13.0,2.0,68.4,0.694,0.312,1.89
2547,2.0,139.44,4.0,0.095,0.072,65.0,2.0,86.67,0.556,0.0,1.8
2548,15.0,663.45,29.0,0.139,0.023,9.0,1.0,44.9,0.416,0.071,2.71
2549,21.0,1959.83,58.0,0.078,0.031,7.0,2.0,91.4,0.24,0.0,0.94
2550,3.0,95.33,16.0,0.182,0.056,23.0,0.0,28.78,0.295,0.168,1.8
2551,9.0,551.7,35.0,0.152,0.042,11.0,1.0,59.81,0.682,0.26,1.6
2552,4.0,565.56,35.0,0.123,0.043,11.0,0.0,140.44,0.697,0.077,
2553,3.0,188.78,4.0,,0.044,38.0,1.0,65.35,0.622,0.113,1.37
2554,16.0,855.06,29.0,0.05,0.032,6.0,1.0,54.2,0.853,0.385,2.59
2555,6.0,1736.26,36.0,0.04,0.002,11.0,3.0,315.63,0.071,0.154,1.01
2556,0.0,28.47,13.0,0.223,0.064,22.0,0.0,28.47,0.533,0.009,0.5
2557,6.0,131.0,6.0,0.22,0.068,54.0,1.0,22.45,0.236,0.281,2.32
2558,3.0,32.57,6.0,0.103,0.048,90.0,1.0,11.32,0.245,0.015,0.33
2559,32.0,1448.18,37.0,0.017,0.034,3.0,1.0,45.14,0.492,0.196,1.28
2560,7.0,233.82,18.0,0.158,0.06,13.0,1.0,32.43,0.511,0.234,2.33
2561,15.0,595.56,45.0,0.359,0.106,25.0,1.0,40.05,0.541,0.188,0.76
2562,0.0,42.35,13.0,0.244,0.063,70.0,1.0,42.35,0.361,0.534,1.3
2563,30.0,2151.82,45.0,0.038,0.02,7.0,1.0,70.81,0.502,0.258,3.12
2564,11.0,546.67,24.0,0.171,0.068,19.0,0.0,49.23,0.676,0.304,1.41
2565,9.0,514.16,23.0,0.136,0.045,19.0,0.0,54.78,0.016,,1.69
2566,17.0,312.38,18.0,0.065,0.04,15.0,3.0,18.16,0.463,0.234,
2567,14.0,431.35,31.0,0.019,0.087,16.0,1.0,31.95,0.278,0.0,2.0
2568,0.0,106.66,0.0,0.107,0.118,43.0,1.0,106.66,0.32,0.243,0.66
2569,42.0,2064.21,48.0,0.06,0.027,2.0,0.0,49.53,0.707,0.244,1.69
2570,1.0,87.36,4.0,0.135,0.016,117.0,0.0,58.74,0.259,0.096,0.23
2571,0.0,62.88,5.0,0.183,0.032,133.0,0.0,62.88,0.776,0.044,0.29
2572,13.0,352.36,27.0,0.097,0.078,8.0,0.0,26.7,0.471,0.006,3.22
2573,3.0,120.07,8.0,0.252,0.075,40.0,1.0,34.39,0.301,0.131,0.76
2574,0.0,153.09,8.0,0.222,0.053,10.0,0.0,153.09,0.7,0.359,1.27
2575,15.0,529.31,28.0,0.151,0.068,15.0,0.0,35.11,0.21,0.209,4.24
2576,4.0,83.83,7.0,0.109,0.045,43.0,2.0,19.95,0.388,0.301,0.35
2577,16.0,437.12,27.0,0.102,0.06,6.0,1.0,28.14,0.507,0.137,2.78
2578,32.0,2284.14,62.0,0.036,0.035,0.0,1.0,72.19,0.498,0.115,3.08
2579,4.0,139.26,1.0,0.249,0.08,23.0,2.0,35.24,0.174,0.318,1.09
2580,15.0,1797.33,17.0,0.047,0.033,8.0,2.0,116.23,0.308,0.126,1.95
2581,30.0,2040.08,36.0,0.045,0.026,2.0,2.0,67.13,0.557,0.188,3.11
2582,1.0,193.83,6.0,0.062,0.01,15.0,0.0,193.83,0.531,0.409,2.76
2583,11.0,429.39,28.0,0.07,0.035,16.0,3.0,38.26,0.652,0.214,3.62
2584,45.0,2299.22,38.0,0.076,0.023,3.0,2.0,50.81,0.266,0.131,1.64
2585,13.0,765.74,39.0,0.011,0.084,5.0,0.0,61.04,0.649,0.344,0.22
2586,13.0,369.73,8.0,0.129,,13.0,1.0,29.21,0.694,0.184,0.13
2587,6.0,132.87,10.0,0.264,0.071,43.0,2.0,23.91,0.426,0.167,0.84
2588,0.0,24.41,1.0,0.08,0.033,54.0,0.0,24.41,0.759,0.067,1.82
2589,15.0,453.0,28.0,0.037,0.032,7.0,1.0,29.93,0.762,0.205,1.53
2590,4.0,123.21,12.0,0.107,0.069,64.0,2.0,35.19,0.15,0.307,0.74
2591,2.0,129.76,0.0,0.227,0.044,12.0,1.0,79.13,0.262,0.361,0.46
2592,3.0,141.23,6.0,0.345,0.056,70.0,0.0,45.59,0.808,0.258,1.45
2593,17.0,896.21,45.0,0.348,0.083,21.0,1.0,51.34,0.773,0.187,0.73
2594,3.0,152.86,5.0,0.189,0.01,23.0,0.0,55.05,0.62,0.104,2.22
2595,29.0,961.33,69.0,0.146,0.04,5.0,1.0,33.67,0.721,0.334,1.68
2596,1.0,155.46,0.0,0.173,0.001,54.0,0.0,116.25,0.143,0.151,0.0
2597,9.0,435.61,25.0,0.113,0.047,18.0,1.0,49.54,0.183,0.423,1.33
2598,10.0,500.1,15.0,0.0,0.07,1.0,1.0,49.42,0.609,0.053,0.34
2599,1.0,97.09,9.0,0.112,0.037,41.0,0.0,84.1,0.611,0.25,1.79
2600,6.0,97.24,8.0,0.098,0.0,63.0,0.0,17.66,0.454,0.272,1.03
2601,13.0,480.76,20.0,0.124,0.108,8.0,2.0,36.93,0.383,0.293,1.89
2602,27.0,2334.28,79.0,0.027,0.052,5.0,4.0,85.28,0.607,0.066,1.85
2603,21.0,332.82,39.0,0.124,0.073,14.0,4.0,15.79,0.123,0.303,3.13
2604,18.0,674.85,50.0,0.267,0.053,13.0,1.0,37.35,0.366,0.121,0.75
2605,39.0,1700.1,33.0,0.034,0.046,13.0,4.0,43.6,0.464,0.117,3.08
2606,11.0,303.42,25.0,0.09,0.048,11.0,0.0,28.86,0.474,0.338,1.79
2607,12.0,727.16,44.0,0.113,0.039,19.0,0.0,59.59,0.344,0.12,0.55
2608,16.0,221.22,37.0,0.132,0.057,12.0,0.0,13.8,0.438,0.0,0.0
2609,20.0,606.25,36.0,0.056,0.02,18.0,2.0,30.78,0.538,0.222,2.15
2610,15.0,708.83,26.0,0.081,0.057,16.0,1.0,46.15,0.496,0.145,1.78
2611,10.0,843.52,13.0,0.12,0.119,14.0,1.0,81.86,0.297,0.202,2.56
2612,4.0,153.54,5.0,0.247,0.012,36.0,0.0,41.26,0.54,0.38,0.52
2613,1.0,115.43,6.0,0.254,0.021,5.0,0.0,115.43,0.224,0.0,0.0
2614,4.0,91.79,9.0,0.222,0.032,30.0,1.0,23.9,0.463,0.14,0.0
2615,3.0,113.48,11.0,0.202,0.04,55.0,0.0,40.45,0.593,0.199,1.01
2616,1.0,136.74,7.0,0.196,0.035,19.0,0.0,136.74,0.144,0.455,1.14
2617,17.0,257.52,38.0,0.141,0.068,19.0,1.0,15.45,0.241,0.214,3.42
2618,10.0,317.0,34.0,0.143,0.029,10.0,0.0,30.41,0.574,0.0,1.7
2619,9.0,380.45,24.0,0.16,0.033,10.0,2.0,42.71,0.324,0.351,2.25
2620,26.0,2402.56,40.0,0.051,0.005,8.0,1.0,93.93,0.761,0.153,0.7
2621,14.0,414.14,27.0,0.1,0.03,11.0,1.0,29.91,0.338,0.225,2.08
2622,2.0,166.51,10.0,0.278,0.028,25.0,1.0,99.49,0.042,0.352,0.06
2623,17.0,550.76,41.0,0.106,0.108,21.0,2.0,33.05,0.1,0.238,2.7
2624,6.0,638.32,23.0,0.081,0.066,16.0,0.0,115.3,0.496,0.23,1.97
2625,8.0,452.74,12.0,0.078,0.059,8.0,1.0,55.57,0.264,0.08,1.74
2626,9.0,402.39,26.0,0.118,0.023,10.0,1.0,43.47,0.276,0.116,2.6
2627,9.0,230.36,26.0,0.054,0.08,15.0,1.0,25.16,0.518,0.224,1.99
2628,16.0,295.52,16.0,0.093,0.066,19.0,1.0,18.95,0.409,0.034,0.91
2629,3.0,100.23,11.0,0.097,0.073,52.0,2.0,31.32,0.167,0.339,0.03
2630,11.0,229.78,24.0,0.15,0.008,9.0,1.0,20.27,0.117,0.118,1.74
2631,25.0,1989.26,53.0,0.059,0.05,2.0,1.0,80.57,0.371,0.262,2.52
2632,3.0,110.53,2.0,0.265,0.005,64.0,0.0,37.73,0.121,0.046,0.68
2633,8.0,720.21,28.0,0.139,0.087,10.0,1.0,88.29,0.239,0.16,1.84
2634,9.0,683.58,20.0,0.094,0.015,17.0,1.0,72.87,0.431,0.153,2.16
2635,3.0,147.98,9.0,0.124,0.0,28.0,1.0,53.58,0.294,0.333,1.02
2636,14.0,675.44,24.0,0.153,0.016,18.0,3.0,47.32,0.364,0.359,2.16
2637,14.0,575.93,58.0,0.402,0.091,12.0,0.0,42.65,0.298,0.055,1.53
2638,1.0,158.25,14.0,0.107,0.092,22.0,1.0,111.92,0.231,0.415,1.38
2639,13.0,422.87,23.0,0.08,0.006,14.0,1.0,32.79,0.288,0.076,1.0
2640,2.0,53.58,6.0,0.019,0.019,49.0,1.0,33.96,0.746,0.0,0.39
2641,26.0,2103.78,46.0,0.078,0.025,1.0,2.0,80.94,0.677,0.078,1.84
2642,32.0,798.19,60.0,0.051,0.03,1.0,1.0,25.22,0.249,0.213,2.22
2643,13.0,633.94,21.0,0.154,0.091,8.0,0.0,47.94,0.402,0.289,0.97
2644,5.0,4.18,11.0,0.117,0.041,53.0,1.0,0.77,0.33,0.164,0.03
2645,8.0,613.42,32.0,0.045,0.049,11.0,1.0,78.72,0.215,0.132,1.15
2646,19.0,353.06,39.0,0.111,0.005,2.0,2.0,18.48,0.072,0.222,1.33
2647,3.0,109.46,4.0,0.074,0.049,7.0,1.0,36.42,0.499,0.208,0.85
2648,11.0,641.3,16.0,0.144,0.07,17.0,1.0,57.84,0.105,0.407,1.68
2649,15.0,316.66,22.0,0.062,0.0,0.0,2.0,20.82,0.469,0.474,1.72
2650,24.0,1094.12,71.0,0.077,0.034,12.0,3.0,44.94,0.394,0.435,3.44
2651,34.0,1617.77,59.0,0.013,0.018,4.0,1.0,47.15,0.351,0.402,1.26
2652,4.0,30.68,5.0,0.113,0.042,25.0,0.0,7.6,0.156,0.325,1.07
2653,29.0,1717.64,80.0,0.073,0.005,7.0,3.0,58.69,0.165,0.049,0.7
2654,9.0,668.38,49.0,0.161,0.1,19.0,0.0,77.27,0.263,0.247,1.88
2655,11.0,305.5,21.0,0.053,0.015,16.0,1.0,27.77,0.439,0.34,2.73
2656,28.0,1813.73,41.0,0.05,0.064,3.0,4.0,65.61,0.064,0.016,2.27
2657,15.0,532.08,29.0,0.139,0.084,16.0,0.0,35.72,0.401,0.211,2.8
2658,30.0,2485.39,29.0,0.047,0.032,10.0,2.0,83.49,0.588,0.465,1.09
2659,1.0,44.28,5.0,0.165,0.02,76.0,1.0,32.8,0.539,0.087,2.81
2660,14.0,445.68,37.0,0.116,0.036,17.0,2.0,31.75,0.144,0.16,2.33
2661,31.0,2334.95,55.0,0.025,0.054,3.0,2.0,74.5,0.329,0.409,2.18
2662,0.0,184.37,7.0,0.206,0.025,55.0,0.0,184.37,0.453,0.0,2.86
2663,14.0,558.01,41.0,0.149,0.041,20.0,1.0,38.98,0.25,0.168,2.12
2664,1.0,213.57,11.0,0.026,0.005,25.0,0.0,154.47,0.144,0.08,1.25
2665,29.0,2191.06,64.0,0.082,0.04,3.0,2.0,74.85,0.607,0.162,2.87
2666,10.0,298.83,40.0,0.078,0.003,5.0,3.0,29.04,0.494,0.149,1.67
2667,4.0,46.46,2.0,0.14,0.023,12.0,1.0,11.97,0.639,0.0,1.4
2668,3.0,155.41,0.0,0.0,0.0,85.0,0.0,49.2,0.468,0.0,0.45
2669,10.0,870.42,15.0,0.101,0.028,26.0,0.0,83.89,0.387,0.21,4.6
2670,3.0,150.96,7.0,0.261,0.064,17.0,0.0,45.69,0.65,0.35,1.25
2671,5.0,54.91,9.0,0.351,0.0,37.0,0.0,10.37,0.287,0.179,1.96
2672,18.0,2080.83,44.0,0.004,0.002,8.0,3.0,115.21,0.078,0.202,2.38
2673,8.0,652.46,27.0,0.054,0.04,10.0,0.0,83.81,0.222,0.559,2.39
2674,10.0,901.17,17.0,0.0,0.044,7.0,2.0,86.27,0.419,0.453,2.27
2675,22.0,522.6,32.0,0.065,0.05,5.0,2.0,23.47,0.297,0.0,1.67
2676,2.0,76.19,2.0,0.14,0.0,104.0,0.0,33.47,0.448,0.0,0.0
2677,8.0,341.77,32.0,0.047,0.058,18.0,2.0,42.67,0.237,0.0,3.54
2678,3.0,109.49,14.0,0.216,0.055,69.0,0.0,41.87,0.38,0.182,0.93
2679,17.0,655.36,21.0,0.187,0.053,15.0,3.0,38.32,0.27,0.376,2.23
2680,2.0,12.2,4.0,0.245,0.022,120.0,0.0,6.3,0.146,0.0,1.34
2681,4.0,119.17,9.0,0.085,0.09,50.0,0.0,26.77,0.944,0.104,0.82
2682,3.0,121.38,14.0,0.204,0.006,73.0,1.0,41.12,0.521,0.3,1.1
2683,0.0,76.07,7.0,0.151,0.095,45.0,1.0,76.07,0.19,0.234,1.27
2684,11.0,369.56,35.0,0.448,0.099,6.0,0.0,34.61,0.182,0.335,1.7
2685,12.0,627.1,32.0,0.114,0.082,16.0,0.0,51.53,0.296,0.329,1.54
2686,18.0,2417.17,35.0,0.057,0.0,6.0,2.0,135.1,0.589,0.133,1.77
2687,1.0,65.24,2.0,0.0,0.018,34.0,0.0,65.24,0.457,0.097,0.0
2688,23.0,788.31,51.0,0.431,0.09,27.0,1.0,33.78,0.535,0.117,1.71
2689,36.0,1211.92,53.0,0.027,0.084,9.0,1.0,33.91,0.029,,1.9
2690,16.0,540.7,23.0,0.087,0.043,20.0,0.0,34.05,0.23,0.457,2.36
2691,7.0,107.42,9.0,0.09,0.033,63.0,1.0,15.7,0.565,0.23,1.66
2692,3.0,363.23,27.0,0.076,0.042,14.0,0.0,104.59,0.201,0.0,2.17
2693,4.0,0.0,7.0,0.184,0.0,30.0,0.0,0.0,0.298,0.16,1.61
2694,15.0,392.13,53.0,0.262,0.148,14.0,0.0,26.42,0.595,0.605,1.76
2695,14.0,2639.99,51.0,0.054,0.0,9.0,1.0,183.06,0.104,0.283,0.98
2696,28.0,2499.08,43.0,0.054,0.041,11.0,0.0,90.35,0.232,0.108,2.14
2697,14.0,399.25,15.0,0.116,0.034,5.0,3.0,29.27,0.71,0.332,1.65
2698,12.0,1635.49,72.0,0.026,0.045,3.0,2.0,132.21,0.07,0.285,2.78
2699,14.0,315.52,26.0,0.097,0.029,4.0,0.0,21.81,0.289,0.148,2.28
2700,2.0,129.45,13.0,0.212,0.046,26.0,1.0,67.09,0.541,0.321,1.16
2701,2.0,0.0,2.0,0.051,0.012,158.0,1.0,0.0,0.628,0.0,0.41
2702,5.079138682529283,554.0670496879916,6.0,0.272,0.085,35.0,1.0,46.83,0.104,0.059,1.09
2703,3.0,0.0,2.0,0.17,0.066,48.0,1.0,0.0,0.519,0.165,0.0
2704,6.0,731.87,31.0,0.122,0.066,22.0,3.0,130.24,0.455,0.294,3.43
2705,1.0,112.67,2.0,0.285,0.022,20.0,0.0,78.73,0.562,0.2,1.39
2706,9.0,580.98,35.0,0.145,0.088,0.0,0.0,68.19,0.199,0.368,2.73
2707,20.0,681.54,50.0,0.236,0.009,20.0,2.0,34.91,0.769,0.081,1.34
2708,11.0,431.42,17.0,0.05,0.045,7.0,0.0,37.97,0.543,0.136,3.23
2709,5.0,136.75,11.0,0.338,0.037,56.0,0.0,25.25,0.535,0.152,0.0
2710,19.0,483.55,23.0,0.138,0.023,23.0,2.0,24.94,0.71,0.142,1.19
2711,4.0,148.72,13.0,0.23,0.078,50.0,0.0,40.25,0.37,0.384,1.98
2712,16.0,561.34,42.0,0.007,0.063,9.0,0.0,35.47,0.854,0.39,2.16
2713,1.0,88.45,1.0,0.068,0.021,125.0,0.0,88.45,0.607,0.0,0.64
2714,0.0,145.8,9.0,0.199,0.041,22.0,0.0,145.8,0.053,0.323,1.73
2715,16.0,932.5,47.0,0.338,0.091,7.0,2.0,57.85,0.562,0.222,0.59
2716,3.0,42.4,0.0,0.169,0.063,96.0,0.0,14.17,0.164,0.19,0.0
2717,1.0,44.73,4.0,0.121,0.0,75.0,1.0,29.83,0.05,0.02,0.0
2718,5.0,158.89,5.0,0.218,0.007,73.0,0.0,32.74,0.119,0.181,0.0
2719,4.0,250.12,14.0,0.215,0.035,33.0,0.0,59.36,0.345,0.261,1.35
2720,7.0,49.35,9.0,0.138,0.0,47.0,0.0,7.1,0.417,0.201,0.02
2721,17.0,444.03,35.0,0.124,0.0,13.0,1.0,26.13,0.57,0.242,0.55
2722,9.0,549.17,23.0,0.056,0.071,10.0,1.0,61.33,0.638,0.149,2.0
2723,42.06869776553563,2315.256816139656,58.0,0.357,0.0,17.0,0.0,42.82,0.611,0.305,0.0
2724,3.0,151.66,4.0,0.198,0.041,36.0,0.0,44.49,0.677,0.136,0.5
2725,11.0,265.93,28.0,0.143,0.026,17.0,0.0,24.74,0.274,0.234,2.85
2726,13.0,640.68,53.0,0.366,0.122,4.0,1.0,50.13,0.911,0.218,1.12
2727,22.0,1367.25,44.0,0.053,0.072,0.0,1.0,63.18,0.685,0.259,1.91
2728,12.0,463.92,22.0,0.18,0.0,14.0,1.0,40.15,0.5,0.072,2.7
2729,4.0,73.17,13.0,0.17,0.005,55.0,1.0,18.48,0.351,0.0,0.37
2730,19.0,815.93,34.0,0.167,0.08,15.0,0.0,43.79,0.383,0.46,1.43
2731,5.0,58.05,3.0,0.169,0.029,59.0,1.0,10.77,0.259,0.127,1.68
2732,3.0,69.44,5.0,0.206,0.0,43.0,0.0,23.18,0.509,0.271,1.2
2733,20.0,984.2,36.0,0.407,0.078,4.0,2.0,48.03,0.829,0.278,2.25
2734,6.0,173.11,16.0,0.246,0.019,24.0,0.0,30.11,0.517,0.27,0.47
2735,21.0,495.74,56.0,0.312,0.094,6.0,2.0,23.86,0.702,0.157,1.86
2736,0.0,149.0,9.0,0.142,0.025,59.0,1.0,149.0,0.267,0.374,0.78
2737,5.0,138.45,6.0,0.287,0.009,0.0,0.0,28.36,0.223,0.009,0.82
2738,3.0,102.74,7.0,0.261,0.002,45.0,1.0,34.05,0.468,0.149,1.78
2739,17.0,489.53,29.0,0.1,0.083,9.0,2.0,28.82,0.614,0.313,2.53
2740,15.0,668.83,31.0,0.072,0.07,5.0,0.0,44.22,0.438,0.189,1.55
2741,18.0,643.42,32.0,0.082,0.055,19.0,0.0,35.25,0.377,0.126,3.4
2742,19.0,591.24,42.0,0.305,0.066,16.0,0.0,30.79,0.487,0.092,1.19
2743,29.0,2595.32,36.0,0.061,0.012,3.0,1.0,90.65,0.334,0.196,1.88
2744,20.0,463.16,35.0,0.034,0.022,18.0,2.0,22.69,0.072,0.183,3.03
2745,15.0,455.53,32.0,0.108,0.03,10.0,2.0,29.44,0.51,0.176,1.49
2746,2.0,24.81,8.0,0.347,0.064,44.0,1.0,10.98,0.613,0.285,0.27
2747,26.0,1854.65,66.0,0.048,0.004,11.0,0.0,72.67,0.474,0.166,2.67
2748,17.0,443.69,44.0,0.054,0.026,12.0,1.0,26.27,0.569,0.136,1.89
2749,32.0,1871.18,51.0,0.041,0.041,1.0,1.0,57.71,0.408,0.295,1.25
2750,5.0,78.09,12.0,0.151,0.021,42.0,1.0,17.12,0.563,0.091,0.24
2751,17.0,507.98,47.0,0.608,0.126,8.0,2.0,29.03,0.845,0.157,0.53
2752,30.0,317.4,47.0,0.333,0.097,13.0,1.0,10.74,0.27,0.087,0.0
2753,20.0,2027.91,44.0,0.019,0.036,10.0,2.0,102.79,0.516,0.336,2.05
2754,7.0,139.43,14.0,0.18,0.057,21.0,1.0,19.05,0.438,0.318,0.0
2755,5.0,588.72,29.0,0.098,0.067,6.0,1.0,107.63,0.413,0.363,0.63
2756,5.0,96.48,8.0,0.15,0.066,10.0,0.0,20.94,0.651,0.109,1.19
2757,4.0,830.12,34.0,0.151,0.042,6.0,2.0,203.02,0.357,,2.28
2758,4.0,184.94,10.0,0.082,0.013,58.0,1.0,48.24,0.232,0.119,1.6
2759,4.0,222.47,13.0,0.134,0.098,13.0,1.0,53.83,0.201,0.204,0.68
2760,16.0,269.83,35.0,0.138,0.001,6.0,1.0,16.83,0.188,0.323,1.6
2761,17.0,319.52,36.0,0.463,0.046,4.0,2.0,18.8,0.712,0.261,0.0
2762,25.0,990.33,47.0,0.484,0.14,15.0,0.0,40.15,0.538,0.468,0.89
2763,30.0,2345.16,46.0,0.034,0.028,0.0,3.0,77.83,0.123,0.309,1.69
2764,2.0,140.52,10.0,0.109,0.08,17.0,0.0,60.83,0.378,0.613,1.36
2765,3.0,826.17,34.0,0.125,0.051,0.0,1.0,260.6,0.544,0.4,2.79
2766,2.0,42.81,6.0,,0.043,75.0,0.0,25.1,0.394,0.024,0.0
2767,5.0,89.77,9.0,0.177,0.054,52.0,1.0,18.98,0.319,0.159,1.27
2768,6.0,165.45,13.0,0.227,0.056,34.0,0.0,26.89,0.88,0.144,0.01
2769,12.0,806.34,37.0,0.024,0.0,11.0,1.0,67.25,0.067,0.125,1.66
2770,10.0,1001.26,25.0,0.182,0.096,6.0,1.0,101.91,0.453,0.316,4.02
2771,2.0,33.5,4.0,0.05,0.066,51.0,1.0,15.78,0.368,0.14,
2772,0.0,118.47,6.0,0.05,0.046,75.0,0.0,118.47,0.1,0.0,1.45
2773,0.0,133.79,10.0,0.028,0.05,45.0,0.0,133.79,0.404,0.346,1.08
2774,25.0,2358.71,48.0,0.07,0.013,10.0,3.0,93.34,0.143,0.155,2.46
2775,8.0,463.61,35.0,0.115,0.042,19.0,1.0,56.21,0.756,0.313,1.27
2776,26.0,2088.7,65.0,0.003,0.023,9.0,1.0,80.27,0.092,0.228,3.53
2777,16.0,715.14,17.0,0.607,0.122,3.0,0.0,45.55,0.693,0.343,1.8
2778,24.0,2697.91,55.0,0.029,0.004,0.0,2.0,110.59,0.071,0.032,3.12
2779,15.0,728.23,26.0,,0.075,26.0,1.0,47.96,0.181,0.144,3.1
2780,0.0,134.83,4.0,0.096,0.052,35.0,0.0,134.83,0.157,0.036,1.64
2781,4.0,35.87,2.0,0.0,,81.0,1.0,9.98,0.419,0.0,0.7
2782,2.0,70.55,5.0,0.092,0.059,69.0,1.0,45.67,0.436,0.187,2.04
2783,19.0,2581.8,58.0,0.067,0.017,3.0,1.0,139.2,0.208,0.307,2.73
2784,30.0,482.17,19.0,0.269,0.049,15.0,0.0,16.19,0.41,0.261,1.14
2785,5.0,378.81,24.0,0.074,0.062,17.0,0.0,80.12,0.663,0.093,
2786,11.0,600.6,34.0,0.05,0.071,10.0,2.0,54.67,0.318,0.288,1.92
2787,1.0,134.62,1.0,0.18,,139.0,0.0,134.62,0.797,0.0,1.37
2788,16.0,676.62,22.0,0.024,0.039,14.0,0.0,41.14,0.479,0.277,1.24
2789,6.0,553.25,11.0,0.053,0.045,17.0,0.0,89.57,0.713,0.245,1.13
2790,20.0,644.44,33.0,,0.071,13.0,1.0,31.58,0.251,0.345,0.73
2791,3.0,109.83,7.0,0.16,0.032,53.0,1.0,43.13,0.632,0.066,0.96
2792,13.0,524.74,25.0,0.055,0.049,9.0,0.0,40.99,0.419,0.069,2.78
2793,21.0,1924.04,102.0,0.104,0.0,6.0,0.0,91.8,0.836,0.127,3.25
2794,28.0,1676.49,52.0,0.051,0.05,3.0,0.0,59.86,0.454,0.198,2.45
2795,3.0,53.54,14.0,0.166,0.038,17.0,1.0,20.99,0.822,0.171,0.9
2796,11.0,600.22,24.0,0.092,0.04,1.0,3.0,56.44,0.576,0.12,2.56
2797,20.0,574.6,35.0,0.314,0.09,18.0,2.0,28.91,0.496,0.342,0.44
2798,15.0,787.21,21.0,0.42,0.018,9.0,1.0,51.84,0.615,0.277,
2799,18.0,515.0,38.0,0.121,0.061,0.0,2.0,28.0,0.368,0.206,1.88
2800,16.0,458.39,37.0,0.387,0.039,1.0,1.0,28.43,0.427,0.058,2.3
2801,21.0,1447.86,75.0,0.061,0.033,1.0,3.0,68.07,0.114,0.346,3.08
2802,9.0,748.67,29.0,0.11,0.016,19.0,1.0,81.47,0.408,0.128,2.07
2803,15.0,281.02,30.0,0.139,0.062,12.0,1.0,18.31,0.566,0.0,3.13
2804,5.0,82.05,7.0,0.086,0.029,41.0,0.0,15.35,0.232,0.209,1.05
2805,5.0,167.0,9.0,0.123,0.049,21.0,2.0,34.18,0.438,0.206,0.66
2806,7.0,219.71,13.0,0.199,0.086,55.0,0.0,31.48,0.245,0.147,1.92
2807,6.0,555.87,41.0,0.093,0.051,27.0,0.0,94.51,0.707,0.158,2.83
2808,18.0,607.98,27.0,0.436,0.06,7.0,2.0,33.8,0.419,0.022,1.02
2809,1.0,76.39,5.0,0.138,0.033,58.0,0.0,76.39,0.461,0.08,0.58
2810,22.0,753.16,33.0,0.568,0.122,8.0,3.0,33.92,0.636,0.351,0.27
2811,0.0,72.13,2.0,0.078,0.0,49.0,2.0,72.13,0.523,0.213,0.0
2812,18.0,635.25,51.0,0.302,0.097,11.0,1.0,36.04,0.558,0.157,1.22
2813,3.0,67.35,12.0,0.156,0.084,70.0,0.0,19.45,0.266,0.0,0.68
2814,2.0,196.62,12.0,0.157,0.065,24.0,1.0,84.71,0.413,0.447,0.36
2815,4.0,551.31,4.0,0.009,0.084,5.0,1.0,156.64,0.77,0.258,1.99
2816,12.0,418.76,17.0,0.102,0.081,20.0,1.0,34.18,0.581,0.306,4.01
2817,22.0,644.85,64.0,0.364,0.066,5.0,1.0,29.86,0.948,0.17,1.63
2818,13.0,496.84,36.0,0.076,0.0,16.0,1.0,39.05,0.672,0.318,
2819,14.0,494.53,27.0,0.119,0.013,13.0,1.0,35.12,0.638,0.084,1.9
2820,11.0,589.29,31.0,0.159,0.025,17.0,2.0,55.87,0.158,0.081,2.52
2821,3.0,55.04,4.0,0.0,0.024,98.0,0.0,19.73,0.493,0.0,0.22
2822,12.0,542.27,16.0,0.144,0.017,14.0,1.0,45.76,0.469,0.33,2.03
2823,19.0,761.17,32.0,0.355,0.115,12.0,1.0,39.36,0.686,0.156,0.0
2824,26.0,1606.21,63.0,0.023,0.024,6.0,3.0,60.8,0.524,0.353,0.83
2825,10.0,679.12,25.0,0.075,0.056,4.0,0.0,68.62,0.383,0.177,0.21
2826,25.0,1570.1,55.0,0.054,0.007,2.0,2.0,62.48,0.507,0.3,1.65
2827,7.0,779.56,27.0,0.089,0.096,13.0,3.0,109.26,0.188,0.025,1.56
2828,40.0,1846.31,63.0,0.0,0.057,1.0,0.0,46.03,0.112,0.229,3.27
2829,15.0,588.8,25.0,0.033,0.0,13.0,1.0,39.45,0.717,0.24,4.03
2830,14.0,659.09,25.0,0.094,0.018,7.0,0.0,46.0,0.088,0.277,0.9
2831,5.0,90.99,15.0,0.285,0.001,15.0,0.0,18.6,0.395,0.133,0.0
2832,12.0,658.34,27.0,0.131,0.088,9.0,3.0,53.3,0.402,0.347,2.98
2833,1.0,69.79,5.0,0.031,0.05,82.0,0.0,49.81,0.276,0.0,1.86
2834,12.0,420.13,36.0,0.15,0.044,7.0,3.0,35.95,0.661,0.209,1.55
2835,34.0,1764.91,49.0,0.062,0.059,6.0,0.0,52.16,0.338,0.316,1.72
2836,11.0,416.48,35.0,0.044,0.066,7.0,1.0,37.18,0.389,0.129,2.34
2837,26.0,1959.46,86.0,0.051,0.017,7.0,3.0,75.83,0.667,0.025,2.14
2838,2.0,209.31,9.0,0.172,0.074,15.0,1.0,121.14,0.404,0.439,0.84
2839,12.0,276.58,42.0,0.143,0.067,17.0,0.0,23.27,0.204,0.29,2.46
2840,1.0,96.3,6.0,0.119,0.003,69.0,0.0,96.3,0.714,0.201,0.0
2841,23.0,350.45,63.0,0.429,0.055,0.0,1.0,15.53,0.434,0.3,0.15
2842,29.980616354526713,847.0458508307361,26.0,0.108,0.068,19.0,2.0,23.42,0.622,0.072,2.08
2843,19.0,525.13,42.0,,0.05,0.0,1.0,28.29,0.632,0.183,2.32
2844,13.0,836.83,33.0,0.149,0.064,3.0,2.0,61.99,0.587,0.112,1.97
2845,33.0,1339.23,65.0,0.042,0.032,4.0,0.0,40.26,0.529,0.091,3.69
2846,17.0,640.83,28.0,0.059,0.039,0.0,1.0,37.65,0.269,0.078,1.19
2847,19.0,850.65,36.0,0.559,0.031,1.0,1.0,45.56,0.693,0.103,1.09
2848,2.0,19.77,3.0,0.068,0.045,53.0,1.0,9.7,0.426,0.0,1.15
2849,21.0,1657.66,32.0,0.002,0.048,1.0,0.0,80.53,0.751,0.181,3.2
2850,2.0,184.38,7.0,0.293,0.023,49.0,1.0,95.05,0.719,0.126,1.04
2851,15.0,607.92,21.0,0.022,0.076,2.0,1.0,40.65,0.192,0.324,2.26
2852,10.0,745.66,20.0,0.017,0.078,5.0,3.0,71.73,0.419,0.295,2.69
2853,13.0,572.34,30.0,0.04,0.07,26.0,2.0,44.88,0.646,0.206,2.06
2854,1.0,163.28,6.0,0.199,0.041,11.0,0.0,127.31,0.25,0.24,1.44
2855,29.0,1518.23,43.0,0.036,,10.0,3.0,52.53,0.684,0.087,1.22
2856,11.0,443.87,31.0,0.034,0.057,12.0,1.0,41.19,0.26,0.062,2.4
2857,0.0,183.06,8.0,0.204,0.063,50.0,1.0,183.06,0.161,0.106,0.85
2858,2.0,78.37,4.0,0.2,0.054,38.0,2.0,33.91,0.156,0.05,0.25
2859,3.0,160.25,8.0,0.26,0.04,38.0,2.0,50.64,0.717,0.299,0.13
2860,2.0,63.18,1.0,0.09,0.0,178.0,0.0,29.68,0.607,0.0,0.67
2861,3.0,116.23,6.0,0.329,0.056,9.0,0.0,39.22,0.236,0.181,0.65
2862,16.0,571.9,31.0,0.136,0.072,11.0,1.0,35.69,0.571,0.13,1.85
2863,13.0,694.56,38.0,0.141,0.055,13.0,2.0,53.83,0.278,0.0,1.76
2864,19.0,1898.39,51.0,0.071,0.018,4.0,3.0,98.01,0.543,0.325,1.57
2865,1.0,57.05,4.0,0.161,,81.0,0.0,57.05,0.309,0.189,0.92
2866,13.0,414.81,32.0,0.098,0.031,14.0,1.0,32.09,0.209,0.269,1.68
2867,26.0,1905.08,75.0,0.069,0.036,7.0,1.0,74.31,0.307,0.262,0.37
2868,5.0,139.42,10.0,0.093,0.043,8.0,1.0,29.53,0.304,0.12,0.78
2869,5.0,109.98,10.0,0.233,0.077,21.0,0.0,23.96,0.454,0.235,2.34
2870,10.0,305.6,19.0,0.075,0.021,20.0,2.0,31.46,0.363,,1.09
2871,13.0,568.95,27.0,0.19,0.027,14.0,1.0,43.68,0.516,0.194,2.38
2872,12.0,379.68,23.0,0.157,0.12,16.0,1.0,31.16,0.586,0.156,1.62
2873,22.0,724.46,20.0,0.116,0.085,25.0,1.0,32.64,0.421,0.264,2.97
2874,39.0,1536.26,50.0,0.087,0.052,7.0,0.0,39.63,0.184,0.148,0.36
2875,6.0,124.76,0.0,0.201,0.038,60.0,1.0,21.66,0.155,0.291,0.86
2876,13.0,551.74,35.0,0.165,0.038,7.0,0.0,41.13,0.5,0.006,3.56
2877,14.0,503.8,6.0,0.085,0.029,16.0,1.0,37.18,0.527,0.332,2.86
2878,3.0,0.0,0.0,,0.018,109.0,0.0,0.0,0.431,0.138,1.0
2879,0.0,182.65,18.0,0.295,0.0,66.0,0.0,182.65,0.431,0.095,0.0
2880,1.0,88.97,13.0,0.103,0.026,32.0,0.0,88.97,0.38,0.173,0.64
2881,4.0,158.42,8.0,0.103,0.027,56.0,1.0,38.17,0.462,0.162,0.41
2882,24.0,1462.52,51.0,0.026,0.043,2.0,2.0,59.75,0.411,0.097,1.7
2883,4.0,161.74,9.0,0.139,0.029,45.0,0.0,44.05,0.698,0.044,2.12
2884,17.0,352.27,20.0,0.031,0.053,9.0,1.0,20.21,0.256,0.12,2.16
2885,36.0,2211.04,49.0,0.055,0.021,8.0,2.0,61.21,0.412,0.258,1.28
2886,4.0,120.32,10.0,0.218,0.03,4.0,1.0,32.67,0.123,0.118,1.19
2887,14.0,610.64,39.0,0.204,0.13,12.0,0.0,44.11,0.929,0.025,0.94
2888,1.0,50.48,0.0,0.145,0.039,99.0,0.0,50.48,0.354,0.178,0.43
2889,3.0,130.61,11.0,,0.0,40.0,0.0,38.15,0.658,0.161,2.63
2890,19.0,543.33,30.0,0.028,0.003,18.0,2.0,29.17,0.205,0.278,2.57
2891,11.0,542.9,15.0,0.131,0.035,17.0,0.0,49.43,0.44,0.243,2.53
2892,20.0,663.42,20.0,0.066,0.099,13.0,2.0,32.83,0.466,0.158,2.21
2893,18.0,440.59,55.0,0.373,0.106,6.0,0.0,25.05,0.654,0.499,1.8
2894,1.0,132.64,6.0,0.101,0.06,50.0,0.0,101.86,0.216,0.008,0.72
2895,11.0,289.11,25.0,0.154,0.049,13.0,1.0,26.98,0.193,0.212,0.59
2896,17.0,1839.54,68.0,0.044,0.049,5.0,4.0,105.97,0.206,0.117,3.46
2897,1.0,66.82,11.0,0.153,0.043,54.0,0.0,66.82,0.26,0.143,1.51
2898,22.0,1546.8,58.0,0.0,0.056,2.0,1.0,69.92,0.734,0.305,2.08
2899,3.0,95.7,6.0,0.233,0.057,45.0,2.0,35.46,0.485,0.221,2.15
2900,7.0,633.25,34.0,0.075,0.033,7.0,0.0,92.4,0.742,0.258,2.33
2901,1.0,16.11,2.0,0.179,0.0,83.0,1.0,14.07,0.223,0.139,1.73
2902,1.0,83.93,7.0,0.127,0.006,24.0,1.0,60.43,0.138,0.186,0.17
2903,16.0,712.99,52.0,0.377,0.12,4.0,1.0,45.33,0.439,0.063,1.37
2904,5.0,176.83,5.0,,0.019,5.0,0.0,32.81,0.056,0.252,1.82
2905,23.0,865.63,57.0,0.419,0.086,8.0,1.0,37.71,0.337,0.181,1.23
2906,0.0,34.93,9.0,0.145,0.017,50.0,2.0,34.93,0.29,0.271,0.55
2907,4.0,93.18,5.0,0.258,0.028,14.0,0.0,23.51,0.578,0.188,0.0
2908,4.0,162.77,2.0,0.034,0.01,38.0,1.0,41.74,0.521,0.313,0.0
2909,28.0,1326.12,59.0,0.055,0.068,4.0,2.0,46.7,0.758,0.15,1.64
2910,8.0,531.92,38.0,0.063,0.072,11.0,0.0,68.64,0.594,0.094,0.64
2911,3.0,61.25,5.0,0.188,0.03,24.0,0.0,18.75,0.551,0.231,0.5
2912,38.0,1691.42,48.0,0.023,0.026,0.0,3.0,44.0,0.261,0.174,1.57
2913,20.0,1861.93,68.0,0.013,0.04,11.0,1.0,93.52,0.283,0.0,1.57
2914,6.0,149.19,8.0,0.269,0.117,36.0,2.0,23.24,0.461,0.165,0.09
2915,11.0,752.84,24.0,0.056,0.115,6.0,2.0,67.29,0.154,0.07,2.82
2916,11.0,553.15,38.0,0.129,0.049,6.0,1.0,52.19,0.503,0.27,2.63
2917,22.0,416.56,51.0,0.385,0.014,2.0,0.0,18.86,0.555,0.295,1.66
2918,11.0,757.13,30.0,0.46,0.131,7.0,1.0,71.5,0.709,0.048,0.85
2919,13.0,539.25,21.0,0.072,0.07,17.0,1.0,41.11,0.544,0.017,2.33
2920,9.0,383.67,29.0,0.103,0.054,0.0,0.0,42.46,0.802,0.313,3.66
2921,10.0,674.36,21.0,0.071,0.024,4.0,0.0,67.08,0.257,0.436,2.67
2922,6.0,182.06,8.0,0.155,0.036,4.0,0.0,28.71,0.404,0.239,1.28
2923,23.0,2050.63,43.0,0.075,0.016,18.0,1.0,89.92,0.477,0.332,0.76
2924,19.0,2315.42,48.0,0.022,0.012,3.0,1.0,119.94,0.374,0.101,3.23
2925,4.0,31.88,8.0,0.23,0.101,22.0,1.0,7.14,0.351,0.139,0.69
2926,16.0,771.81,38.0,0.417,0.095,21.0,2.0,48.33,0.579,0.027,1.26
2927,3.0,108.1,1.0,0.189,0.098,106.0,1.0,40.37,0.429,0.096,1.58
2928,6.0,905.36,20.0,0.068,0.138,10.0,2.0,145.04,0.064,0.24,2.79
2929,14.0,339.92,32.0,0.139,0.053,8.0,0.0,23.58,0.448,0.025,1.54
2930,3.0,240.39,10.0,0.083,0.02,39.0,2.0,73.3,0.329,0.115,1.69
2931,23.0,666.5,53.0,0.265,0.038,11.0,2.0,28.91,0.324,0.124,1.15
2932,5.0,135.76,2.0,0.096,0.103,52.0,1.0,26.96,0.383,0.239,0.0
2933,20.0,547.05,41.0,0.505,0.026,11.0,1.0,27.45,0.515,0.0,0.85
2934,15.0,464.81,34.0,0.058,0.028,13.0,1.0,31.14,0.218,0.078,1.67
2935,7.0,148.35,6.0,0.185,0.045,34.0,2.0,22.57,0.66,0.214,1.43
2936,3.0,84.94,2.0,0.0,0.04,120.0,0.0,30.64,0.153,0.051,0.03
2937,13.0,489.17,41.0,0.356,0.07,10.0,2.0,36.55,0.308,0.128,0.0
2938,14.0,508.3,9.0,0.0,0.054,14.0,2.0,35.91,0.357,0.216,2.05
2939,2.0,56.97,3.0,0.292,0.044,19.0,1.0,25.59,0.062,0.074,2.12
2940,9.0,1188.04,67.0,0.129,0.037,10.0,2.0,128.7,0.359,0.261,0.39
2941,25.0,1238.75,82.0,0.078,0.061,2.0,1.0,49.64,0.283,0.196,0.72
2942,17.0,596.67,47.0,0.376,0.158,13.0,2.0,36.07,0.668,0.234,0.0
2943,38.0,2321.92,64.0,0.0,0.011,9.0,2.0,60.9,0.643,0.203,2.81
2944,12.0,507.51,34.0,0.114,0.004,8.0,1.0,42.45,0.639,0.055,2.75
2945,8.0,596.1,23.0,0.081,0.057,19.0,2.0,70.33,0.016,0.249,1.55
2946,9.0,749.56,26.0,0.092,0.056,14.0,2.0,79.04,0.432,0.382,2.34
2947,4.0,138.37,5.0,0.228,0.012,43.0,2.0,37.51,0.258,0.186,0.0
2948,20.0,505.52,30.0,0.037,0.056,6.0,1.0,25.03,0.574,0.265,2.27
2949,31.0,1960.61,41.0,0.094,0.017,5.0,0.0,64.27,0.372,0.201,2.15
2950,1.0,0.0,0.0,0.178,0.052,108.0,0.0,0.0,0.46,0.0,0.58
2951,21.0,497.46,60.0,0.38,0.131,7.0,1.0,23.42,0.453,0.133,0.45
2952,1.0,0.0,10.0,0.287,0.023,54.0,1.0,0.0,0.608,0.226,0.47
2953,18.0,1049.26,36.0,0.191,0.078,6.0,0.0,56.92,0.234,0.262,2.17
2954,0.0,45.72,9.0,0.222,0.026,1.0,1.0,45.72,0.457,0.056,0.47
2955,6.0,934.78,50.0,0.373,0.131,11.0,2.0,150.34,0.6,0.249,1.71
2956,3.0,156.59,8.0,0.184,0.026,25.0,0.0,60.88,0.83,,1.1
2957,10.0,402.67,49.0,0.1,0.056,0.0,3.0,39.94,0.136,0.23,0.67
2958,2.0,229.38,9.0,0.308,0.077,64.0,0.0,106.98,0.225,0.271,1.23
2959,13.0,383.24,16.0,0.173,0.03,3.0,0.0,29.43,0.466,0.212,2.59
2960,1.0,6.72,4.0,0.075,0.047,38.0,1.0,4.55,0.551,0.0,0.82
2961,5.0,541.14,42.0,0.353,0.109,11.0,2.0,100.21,0.269,0.212,2.03
2962,10.0,661.57,43.0,0.183,0.04,19.0,1.0,65.23,0.719,0.147,1.73
2963,7.0,183.08,6.0,0.316,0.051,31.0,1.0,27.36,0.876,0.244,0.68
2964,20.0,1562.58,65.0,0.082,0.038,4.0,2.0,76.72,0.149,0.295,1.54
2965,28.0,2326.23,73.0,0.07,0.036,4.0,0.0,81.68,0.368,0.106,1.32
2966,2.0,82.02,2.0,0.212,0.003,49.0,0.0,53.82,0.034,0.0,0.0
2967,22.0,1122.08,56.0,0.02,0.041,7.0,2.0,50.41,0.612,0.163,1.53
2968,23.0,731.06,33.0,0.367,0.138,14.0,1.0,31.26,0.312,0.426,2.44
2969,34.0,1960.77,60.0,0.018,0.002,9.0,2.0,57.37,0.108,0.182,2.78
2970,13.0,217.1,29.0,0.157,0.058,10.0,2.0,16.87,0.298,0.392,0.82
2971,3.0,79.8,4.0,0.166,0.045,114.0,0.0,30.2,0.515,0.0,0.21
2972,4.0,182.54,12.0,0.167,0.023,23.0,2.0,46.81,0.466,0.125,1.08
2973,10.0,905.09,21.0,0.185,0.035,13.0,1.0,93.73,0.361,0.113,2.51
2974,11.0,2017.94,41.0,0.034,0.022,5.0,2.0,191.98,0.152,0.44,2.47
2975,22.0,2326.78,27.0,0.083,0.024,6.0,0.0,106.31,0.519,0.337,1.95
2976,25.0,2271.13,43.0,0.07,0.032,5.0,1.0,92.06,0.666,0.229,0.84
2977,9.0,201.5,11.0,0.14,0.071,3.0,0.0,21.4,0.185,0.046,2.32
2978,3.0,47.44,13.0,0.263,0.054,55.0,2.0,15.27,0.286,0.167,0.36
2979,22.0,597.65,46.0,0.381,0.053,10.0,2.0,26.72,0.277,0.091,0.94
2980,15.0,1553.33,54.0,0.069,0.032,7.0,1.0,102.37,0.562,0.43,1.41
2981,2.0,163.4,8.0,0.193,0.0,46.0,0.0,82.38,0.615,0.215,0.0
2982,43.0,1677.41,35.0,0.09,0.012,0.0,3.0,39.4,0.208,0.391,1.31
2983,0.0,157.88,5.0,0.233,0.078,46.0,0.0,157.88,0.495,0.152,2.31
2984,11.0,360.1,35.0,0.087,0.065,12.0,2.0,32.65,0.179,0.332,2.12
2985,15.0,446.48,38.0,0.042,0.085,14.0,1.0,30.25,0.507,0.133,1.24
2986,2.0,96.39,9.0,0.008,0.023,40.0,0.0,62.8,0.242,0.275,1.65
2987,15.0,766.81,41.0,0.035,0.026,11.0,2.0,50.99,0.241,0.188,2.22
2988,15.0,473.0,50.0,0.062,0.011,20.0,0.0,32.12,0.504,0.221,1.65
2989,23.0,1649.35,55.0,0.074,0.053,8.0,3.0,70.95,0.619,0.234,0.47
2990,8.0,205.9,4.0,0.204,0.055,45.0,0.0,26.82,0.188,0.404,0.0
2991,16.0,410.05,19.0,0.134,0.044,4.0,4.0,25.63,0.487,0.124,2.17
2992,3.0,69.61,7.0,0.264,0.0,54.0,0.0,21.85,0.323,0.313,0.6
2993,33.0,2678.08,58.0,0.099,0.008,2.0,1.0,82.03,0.396,0.093,1.71
2994,2.0,129.4,3.0,0.118,0.044,68.0,1.0,67.04,0.202,0.037,0.23
2995,14.0,159.79,27.0,0.142,0.063,13.0,1.0,11.66,0.676,0.285,1.82
2996,0.0,26.01,4.0,0.152,0.027,84.0,0.0,26.01,0.329,0.064,1.26
2997,25.0,1511.29,70.0,0.092,0.018,5.0,0.0,60.92,0.233,0.118,1.32
2998,13.0,740.86,29.0,0.34,0.079,6.0,0.0,56.84,0.547,0.056,1.08
2999,5.0,321.16,44.0,0.202,0.059,19.0,2.0,68.79,0.231,0.433,1.93
3000,19.0,869.52,32.0,0.348,0.107,8.0,1.0,44.62,0.487,0.184,0.0
3001,0.0,67.21,13.0,0.201,0.0,24.0,1.0,67.21,0.25,0.175,0.88
3002,9.0,586.83,15.0,0.093,0.047,15.0,1.0,63.02,0.123,0.154,2.44
3003,8.0,734.84,23.0,0.092,0.061,17.0,3.0,91.5,0.436,0.245,1.58
3004,4.0,115.3,2.0,0.159,0.049,55.0,0.0,25.62,0.197,0.338,0.49
3005,15.0,479.34,9.0,0.089,0.032,6.0,2.0,31.49,0.326,0.339,0.69
3006,5.0,161.39,11.0,0.276,0.053,31.0,0.0,30.51,0.503,0.251,0.0
3007,1.0,87.52,0.0,0.034,0.067,135.0,1.0,69.6,0.73,0.166,2.73
3008,10.0,685.61,31.0,0.147,0.036,0.0,1.0,71.43,0.552,0.198,0.53
3009,5.0,182.66,17.0,0.173,0.042,39.0,1.0,37.36,0.015,0.123,0.7
3010,1.0,37.23,14.0,0.195,0.035,54.0,0.0,37.23,0.506,,1.31
3011,5.0,338.06,41.0,0.242,0.057,6.0,2.0,65.78,0.4,0.119,1.66
3012,6.0,332.02,20.0,0.044,0.059,13.0,0.0,55.58,0.538,0.516,1.8
3013,0.0,152.76,3.0,0.151,0.026,61.0,1.0,152.76,0.278,0.439,1.2
3014,4.0,71.09,5.0,0.145,0.05,37.0,0.0,19.33,0.677,0.234,1.6
3015,6.0,713.75,10.0,0.021,0.052,6.0,2.0,111.89,0.084,0.213,2.41
3016,4.0,62.56,13.0,0.033,0.034,24.0,2.0,16.64,0.542,0.216,3.05
3017,13.0,484.1,26.0,0.115,0.025,8.0,3.0,36.93,0.359,0.226,2.35
3018,34.0,2054.05,46.0,0.081,0.017,4.0,0.0,60.75,0.351,0.255,0.92
3019,27.0,2114.47,62.0,0.069,0.043,7.0,3.0,78.96,0.628,0.292,1.71
3020,10.0,341.99,23.0,0.118,0.065,22.0,0.0,33.99,0.245,0.059,2.43
3021,12.0,438.67,26.0,0.128,0.066,16.0,1.0,36.01,0.609,0.347,0.94
3022,15.0,551.64,26.0,0.128,0.068,4.0,0.0,37.08,0.47,0.328,1.66
3023,16.0,773.85,22.0,0.073,0.078,15.0,1.0,49.2,0.645,0.17,0.83
3024,1.0,22.07,2.0,0.162,0.017,43.0,1.0,17.62,0.645,0.298,2.42
3025,2.0,251.29,13.0,0.259,0.068,25.0,0.0,107.27,0.843,0.446,0.91
3026,18.0,562.41,55.0,0.395,0.154,15.0,1.0,30.49,0.614,0.0,0.37
3027,17.0,514.43,31.0,0.109,0.043,4.0,0.0,30.46,0.287,0.23,3.05
3028,22.0,742.42,40.0,0.408,0.115,12.0,2.0,33.27,0.689,0.313,0.0
3029,1.0,4.84,3.0,0.087,0.06,111.0,1.0,3.31,0.569,0.102,0.0
3030,32.0,2269.81,41.0,0.031,0.045,5.0,1.0,70.02,0.517,0.168,1.31
3031,9.0,670.65,31.0,0.459,0.077,19.0,2.0,71.66,0.509,0.023,2.03
3032,5.0,938.13,52.0,0.481,0.121,17.0,2.0,180.88,0.285,0.304,0.59
3033,12.0,356.16,29.0,0.095,0.074,13.0,1.0,29.01,0.89,0.261,1.47
3034,3.0,129.44,4.0,0.108,0.006,46.0,0.0,39.78,0.37,0.246,1.12
3035,2.0,71.18,1.0,0.132,0.051,133.0,1.0,34.03,0.479,0.143,1.04
3036,33.0,1395.31,80.0,0.063,0.022,0.0,2.0,41.88,0.549,0.418,2.15
3037,20.0,429.07,42.0,0.374,0.152,15.0,0.0,21.85,0.508,0.353,1.59
3038,3.0,113.66,9.0,0.223,0.053,52.0,2.0,35.11,0.276,0.264,0.0
3039,18.0,798.64,45.0,0.269,0.117,0.0,3.0,43.77,0.817,0.236,1.0
3040,19.0,773.97,62.0,0.386,0.065,25.0,3.0,41.09,0.42,0.163,0.0
3041,49.0,1508.37,88.0,0.036,0.05,1.0,3.0,31.05,0.239,0.126,1.7
3042,1.0,48.62,4.0,0.107,0.0,81.0,0.0,39.81,0.526,0.0,0.86
3043,1.0,65.8,5.0,0.125,0.012,66.0,0.0,45.43,0.243,0.119,0.51
3044,20.0,892.48,37.0,0.312,0.057,9.0,0.0,45.15,0.32,0.043,0.67
3045,13.0,270.87,52.0,0.139,0.077,11.0,1.0,21.25,0.143,0.295,2.55
3046,4.0,149.61,4.0,0.217,0.011,51.0,0.0,34.86,0.489,0.328,0.74
3047,15.0,611.88,23.0,0.073,0.046,6.0,1.0,40.52,0.422,0.14,2.38
3048,0.0,160.53,10.0,0.299,0.051,55.0,2.0,160.53,0.153,0.0,2.92
3049,19.0,965.21,73.0,0.107,0.043,6.0,1.0,51.09,0.433,0.159,2.05
3050,20.0,406.47,38.0,0.036,0.054,15.0,1.0,19.86,0.304,0.261,2.87
3051,6.0,260.89,3.0,0.092,0.081,41.0,0.0,41.82,0.227,0.176,0.31
3052,2.0,7.11,7.0,0.082,0.017,109.0,1.0,4.58,0.423,0.056,0.0
3053,9.0,503.04,26.0,0.048,0.103,8.0,2.0,56.27,0.304,0.27,2.63
3054,17.0,774.19,57.0,0.251,0.106,2.0,2.0,45.39,0.449,0.086,1.56
3055,9.0,376.83,19.0,0.104,0.065,22.0,0.0,43.51,0.151,0.143,1.97
3056,12.0,598.93,19.0,0.159,0.053,6.0,1.0,48.65,0.642,0.028,1.38
3057,3.0,221.17,8.0,0.213,0.067,21.0,0.0,74.17,0.55,0.187,0.0
3058,32.0,1676.22,71.0,0.069,0.018,8.0,0.0,51.63,0.091,0.35,3.02
3059,1.0,77.47,7.0,0.15,0.027,67.0,3.0,62.55,0.124,0.126,0.92
3060,2.0,40.44,2.0,0.2,0.033,115.0,0.0,20.23,0.037,0.0,1.13
3061,20.0,623.85,42.0,0.309,0.115,0.0,1.0,31.16,0.358,0.071,0.62
3062,16.0,631.67,29.0,0.154,0.002,5.0,0.0,39.23,0.58,0.102,2.32
3063,38.0,1577.89,59.0,0.039,0.025,5.0,2.0,41.6,0.037,0.0,3.41
3064,7.0,156.79,5.0,0.165,0.071,17.0,0.0,22.81,0.188,0.34,1.66
3065,7.0,540.54,22.0,0.187,0.111,7.0,3.0,72.43,0.284,0.318,3.94
3066,21.0,1663.04,52.0,0.103,0.032,10.0,0.0,78.86,0.1,0.0,0.48
3067,4.0,65.91,7.0,0.165,0.018,27.0,1.0,17.65,0.151,0.452,0.0
3068,8.0,368.54,36.0,0.082,0.078,12.0,0.0,45.47,0.457,0.524,2.06
3069,2.0,86.94,4.0,0.084,0.01,195.0,0.0,43.88,0.476,0.125,0.47
3070,8.0,462.1,38.0,0.017,0.048,11.0,4.0,56.57,0.7,0.137,2.8
3071,1.0,29.05,7.0,0.121,0.067,61.0,0.0,26.49,0.42,0.039,1.85
3072,16.0,428.36,26.0,0.153,0.103,12.0,1.0,25.96,0.538,0.0,1.93
3073,5.0,273.7,8.0,0.131,0.012,42.0,1.0,55.26,0.335,0.0,1.16
3074,2.0,108.0,7.0,0.017,0.054,39.0,2.0,70.82,0.61,0.265,0.9
3075,0.0,111.98,4.0,0.037,0.045,95.0,0.0,111.98,0.39,0.035,0.2
3076,9.0,600.99,38.0,0.152,0.079,15.0,0.0,68.68,0.33,0.118,2.35
3077,9.0,564.59,30.0,0.138,0.058,14.0,1.0,62.33,0.432,0.1,1.8
3078,5.0,157.56,11.0,0.229,0.041,30.0,0.0,34.81,0.385,0.188,1.37
3079,12.0,580.57,21.0,0.131,0.044,11.0,0.0,47.33,0.167,0.287,2.66
3080,0.0,131.65,9.0,,0.05,18.0,0.0,131.65,0.326,0.21,0.86
3081,2.0,119.26,2.0,0.274,0.025,49.0,0.0,56.17,0.366,0.345,0.62
3082,14.0,536.16,28.0,0.068,0.128,4.0,0.0,39.55,0.053,0.203,2.57
3083,2.0,29.3,3.0,0.21,0.07,67.0,1.0,13.44,0.08,0.395,1.0
3084,3.0,80.74,6.0,0.208,0.031,51.0,2.0,26.75,0.559,0.144,1.27
3085,16.0,700.31,12.0,0.157,0.037,3.0,2.0,42.96,0.879,0.479,0.63
3086,7.0,481.98,28.0,0.102,0.065,0.0,0.0,72.44,0.682,0.331,2.05
3087,28.0,1712.44,63.0,0.082,0.026,4.0,1.0,62.08,0.358,0.243,2.98
3088,1.0,18.01,3.0,0.096,0.009,105.0,0.0,18.01,0.621,0.0,0.0
3089,3.0,221.11,5.0,0.25,0.097,45.0,0.0,70.29,0.535,0.149,
3090,25.0,1752.29,60.0,0.032,0.031,4.0,0.0,70.4,0.326,0.177,2.39
3091,13.0,722.09,61.0,0.531,0.078,12.0,3.0,53.79,0.353,0.313,0.86
3092,11.0,413.12,28.0,0.189,0.048,8.0,3.0,37.08,0.373,0.197,2.23
3093,13.0,817.17,24.0,0.05,0.038,4.0,0.0,62.52,0.657,0.0,2.1
3094,1.0,215.93,11.0,0.187,0.0,56.0,0.0,161.83,0.53,0.154,0.0
3095,7.0,448.98,29.0,0.12,0.079,6.0,2.0,63.8,0.256,0.314,2.26
3096,8.0,490.84,22.0,0.125,0.13,2.0,1.0,62.86,0.721,0.354,2.43
3097,12.0,610.0,36.0,0.143,0.041,16.0,0.0,49.87,0.73,0.296,0.27
3098,8.0,682.8,48.0,0.134,0.015,3.0,0.0,89.4,0.599,0.051,0.95
3099,3.0,177.31,0.0,0.291,0.021,49.0,0.0,53.88,0.591,0.219,1.3
3100,14.0,553.61,33.0,0.141,0.013,14.0,1.0,40.64,0.206,0.295,2.67
3101,12.0,311.3,27.0,0.138,0.045,30.0,0.0,27.0,0.504,0.218,3.27
3102,2.0,89.17,2.0,0.05,0.046,105.0,0.0,46.51,0.208,0.065,2.29
3103,21.0,714.24,48.0,0.38,0.102,20.0,0.0,33.55,0.575,0.267,0.84
3104,15.0,526.12,19.0,0.166,0.06,22.0,1.0,35.79,0.168,0.156,1.5
3105,14.0,938.24,50.0,0.382,0.097,18.0,0.0,67.16,0.414,0.186,1.46
3106,10.0,479.8,26.0,0.084,0.049,12.0,1.0,47.84,0.598,0.278,1.84
3107,8.0,467.14,21.0,0.014,0.037,9.0,0.0,60.04,0.158,0.392,2.27
3108,8.0,613.38,26.0,0.071,0.059,12.0,0.0,74.3,0.614,0.094,0.97
3109,4.0,701.68,23.0,0.152,0.052,10.0,0.0,179.08,0.073,0.204,2.03
3110,11.0,723.35,33.0,0.167,0.058,8.0,0.0,66.98,0.163,0.233,2.4
3111,23.0,761.47,53.0,0.544,0.123,11.0,2.0,32.74,0.688,0.393,0.22
3112,20.0,543.25,31.0,0.103,0.069,11.0,1.0,27.38,0.288,0.219,1.07
3113,0.0,95.81,3.0,0.115,0.012,83.0,0.0,95.81,0.287,0.211,0.61
3114,16.0,1568.64,57.0,0.082,0.059,5.0,3.0,97.99,0.42,0.146,1.25
3115,2.0,8.59,4.0,0.097,0.0,115.0,1.0,5.4,0.137,0.029,0.25
3116,19.0,453.9,34.0,0.096,0.077,22.0,1.0,24.51,0.295,0.175,3.56
3117,19.0,633.3,17.0,0.14,0.05,5.0,2.0,33.47,0.418,0.015,1.88
3118,0.0,0.62,4.0,0.133,0.023,35.0,0.0,0.62,0.628,0.124,2.56
3119,19.0,279.16,51.0,0.385,0.151,11.0,2.0,14.83,0.826,0.171,1.3
3120,13.0,562.57,36.0,0.093,0.082,14.0,1.0,44.73,0.291,0.246,2.46
3121,12.0,365.48,31.0,,0.088,16.0,1.0,31.71,0.339,0.277,4.37
3122,15.0,863.13,58.0,0.467,0.053,12.0,3.0,56.34,0.273,0.225,2.31
3123,14.0,836.25,15.0,0.131,0.037,9.0,0.0,59.11,0.782,0.111,1.58
3124,4.0,44.2,11.0,0.149,0.046,52.0,1.0,12.16,0.836,0.269,1.7
3125,2.0,97.53,7.0,0.167,0.049,78.0,0.0,41.68,0.284,0.0,0.57
3126,18.0,361.24,37.0,0.033,0.05,9.0,0.0,20.43,0.32,0.181,1.77
3127,3.0,25.65,10.0,0.264,0.0,40.0,1.0,8.44,0.921,0.256,1.5
3128,53.0,1968.04,42.0,0.074,0.031,2.0,1.0,37.03,0.648,0.332,0.96
3129,10.0,836.14,32.0,0.424,0.07,14.0,0.0,82.64,0.305,0.101,0.33
3130,15.0,299.57,41.0,0.067,0.016,8.0,1.0,20.01,0.595,0.102,1.17
3131,37.0,2122.54,54.0,0.069,0.042,8.0,4.0,58.04,0.127,0.294,2.31
3132,5.0,181.16,8.0,0.255,0.0,42.0,0.0,38.24,0.255,0.196,1.31
3133,8.0,629.82,43.0,0.384,0.059,12.0,2.0,79.59,0.766,0.021,0.0
3134,13.0,599.22,34.0,0.085,0.046,7.0,0.0,45.51,0.621,0.391,1.27
3135,15.0,729.27,28.0,0.068,0.052,14.0,0.0,49.87,0.034,0.255,1.36
3136,2.0,233.76,10.0,0.057,0.039,31.0,0.0,110.44,0.756,0.097,0.43
3137,15.0,477.23,26.0,0.116,0.046,19.0,0.0,32.23,0.392,0.0,2.22
3138,3.0,143.38,7.0,0.222,0.045,31.0,0.0,48.61,0.417,0.202,1.33
3139,3.0,560.33,33.0,0.101,0.026,4.0,0.0,165.3,0.208,0.187,1.76
3140,8.0,529.7,47.0,0.109,0.103,7.0,1.0,69.8,0.301,0.272,2.58
3141,22.0,1707.56,60.0,0.057,0.0,0.0,2.0,76.24,0.377,0.033,1.67
3142,7.0,475.43,27.0,0.126,0.051,9.0,0.0,68.19,0.849,0.256,0.6
3143,12.0,502.16,24.0,0.081,0.027,12.0,0.0,41.94,0.339,0.334,1.68
3144,16.0,807.19,44.0,0.083,0.032,17.0,0.0,51.99,0.459,0.258,1.23
3145,16.0,796.0,19.0,0.245,0.134,14.0,2.0,48.77,0.559,0.204,0.19
3146,12.0,830.84,17.0,0.09,0.031,9.0,3.0,68.97,0.206,0.245,2.34
3147,7.0,504.22,25.0,0.12,0.03,3.0,0.0,68.29,0.369,0.276,2.03
3148,31.0,2043.16,37.0,0.036,0.041,3.0,3.0,65.27,0.148,0.013,1.45
3149,19.0,804.02,44.0,0.127,0.053,16.0,0.0,43.24,0.489,0.121,1.76
3150,2.0,60.03,8.0,0.029,0.009,84.0,1.0,31.34,0.361,0.0,1.32
3151,3.0,16.71,2.0,0.214,0.076,55.0,1.0,5.66,0.269,0.22,1.4
3152,6.0,54.28,7.0,0.128,0.057,59.0,0.0,8.88,0.316,0.163,0.24
3153,23.0,1249.68,43.0,0.04,0.02,6.0,3.0,54.01,0.164,0.289,2.69
3154,0.0,57.02,9.0,0.107,0.02,47.0,0.0,57.02,0.44,0.245,0.34
3155,36.0,1629.82,67.0,0.09,0.056,9.0,1.0,45.75,0.425,0.465,3.79
3156,2.0,75.15,5.0,0.223,0.027,76.0,0.0,42.46,0.527,0.0,2.43
3157,23.0,2091.9,58.0,0.065,0.034,0.0,2.0,90.94,0.505,0.269,0.98
3158,19.0,584.52,24.0,0.11,0.05,12.0,1.0,30.28,0.153,0.213,1.2
3159,11.0,328.75,28.0,0.101,0.065,14.0,0.0,30.81,0.466,0.356,1.68
3160,2.0,0.0,0.0,0.112,0.089,66.0,1.0,0.0,0.324,0.0,0.68
3161,15.0,526.48,26.0,0.101,0.04,11.0,0.0,34.16,0.384,0.223,4.64
3162,17.0,453.23,30.0,0.01,0.024,18.0,1.0,26.68,0.24,0.231,2.57
3163,15.0,476.33,34.0,0.049,0.078,15.0,1.0,32.33,0.446,0.129,1.92
3164,23.0,1419.81,39.0,0.059,0.052,6.0,1.0,60.98,0.641,,0.96
3165,3.0,208.63,1.0,0.217,0.035,57.0,0.0,61.9,0.221,0.341,2.65
3166,2.0,196.32,9.0,0.208,0.0,37.0,2.0,89.29,0.361,0.257,2.71
3167,14.0,504.04,36.0,0.112,0.091,12.0,0.0,35.07,0.349,0.104,2.38
3168,7.0,128.0,11.0,0.211,0.059,17.0,1.0,17.73,0.859,0.273,0.28
3169,9.0,663.03,23.0,0.121,0.035,13.0,0.0,75.77,0.595,0.118,2.11
3170,39.0,893.57,74.0,0.091,0.048,4.0,0.0,23.13,0.196,0.126,2.68
3171,4.0,149.06,2.0,0.177,0.078,28.0,1.0,41.35,0.033,0.142,0.27
3172,4.0,124.3,7.0,0.2,0.081,51.0,0.0,31.41,0.215,0.161,0.48
3173,22.0,1809.33,55.0,0.03,0.042,7.0,1.0,83.23,0.577,0.131,2.16
3174,12.0,417.42,27.0,0.13,0.092,16.0,0.0,35.26,0.383,0.108,2.47
3175,14.0,432.41,17.0,0.165,0.06,26.0,2.0,29.97,0.198,0.359,1.59
3176,0.0,94.32,2.0,0.104,0.0,95.0,1.0,94.32,0.743,0.0,0.83
3177,13.0,2511.56,53.0,0.061,0.042,4.0,2.0,186.86,0.27,0.379,1.88
3178,3.0,140.77,8.0,0.213,0.05,72.0,1.0,53.69,0.222,0.341,1.15
3179,2.0,79.16,6.0,0.252,0.025,25.0,2.0,34.74,0.723,0.126,1.98
3180,9.0,492.5,28.0,0.069,0.028,16.0,1.0,53.33,0.256,0.101,2.84
3181,10.0,339.47,29.0,0.044,,24.0,1.0,34.26,0.238,0.247,2.5
3182,5.0,195.76,8.0,0.132,0.004,14.0,1.0,41.66,0.348,0.291,1.51
3183,4.0,118.85,14.0,0.201,0.073,54.0,0.0,30.77,0.271,0.227,0.62
3184,10.0,482.73,21.0,0.083,0.085,5.0,0.0,48.85,0.219,0.276,1.51
3185,3.0,0.0,2.0,0.152,0.055,74.0,1.0,0.0,0.169,0.129,0.44
3186,17.0,768.58,41.0,0.351,0.101,19.0,2.0,46.54,0.413,0.386,2.37
3187,28.0,853.88,25.0,0.37,0.153,2.0,2.0,30.94,0.282,0.237,1.36
3188,21.0,2720.22,93.0,0.011,0.027,0.0,2.0,127.77,0.382,0.343,2.24
3189,14.0,471.15,63.0,0.33,0.108,0.0,0.0,32.91,0.936,0.039,1.47
3190,3.0,27.65,4.0,0.128,0.014,120.0,0.0,8.26,0.041,0.0,0.32
3191,9.0,775.89,49.0,0.537,0.126,12.0,2.0,82.6,0.626,0.093,0.26
3192,4.0,26.64,9.0,0.231,0.051,18.0,0.0,7.26,0.57,0.392,0.31
3193,4.0,138.12,7.0,0.168,0.022,53.0,2.0,32.24,0.665,0.399,1.83
3194,10.0,654.16,60.0,0.278,0.175,13.0,2.0,65.41,0.733,0.0,1.14
3195,2.0,5.72,0.0,0.111,0.026,58.0,0.0,2.95,0.394,0.16,0.65
3196,12.0,539.6,6.0,0.004,0.086,12.0,0.0,43.71,0.589,0.406,2.76
3197,17.0,2144.73,57.0,0.069,0.039,4.0,1.0,126.51,0.103,0.198,1.03
3198,1.0,85.22,9.0,0.144,0.061,6.0,0.0,85.22,0.371,0.308,1.16
3199,26.0,1809.52,67.0,0.0,0.003,3.0,1.0,69.1,0.069,0.157,2.09
3200,1.0,89.53,10.0,0.158,0.055,18.0,1.0,79.16,0.435,0.227,1.47
3201,4.0,113.15,13.0,0.249,0.047,25.0,0.0,25.59,0.03,0.116,1.71
3202,15.0,964.0,69.0,0.403,0.029,13.0,0.0,65.95,0.508,0.074,0.0
3203,35.0,1956.8,58.0,0.078,0.021,14.0,2.0,55.76,0.069,0.15,2.96
3204,37.0,1869.71,61.0,0.09,0.041,17.0,0.0,50.9,0.601,0.218,2.79
3205,12.0,280.85,18.0,0.11,0.065,17.0,2.0,22.85,0.748,0.217,3.46
3206,14.0,804.0,37.0,0.36,0.1,9.0,0.0,57.82,0.715,0.184,1.02
3207,7.0,358.03,37.0,0.16,0.073,7.0,2.0,48.17,0.293,0.41,2.65
3208,2.0,0.0,12.0,0.215,0.005,36.0,0.0,0.0,0.191,0.0,1.44
3209,6.0,98.0,17.0,0.148,0.058,47.0,1.0,17.56,0.408,0.233,0.44
3210,5.0,69.58,6.0,0.127,0.046,39.0,1.0,15.13,0.133,0.156,1.48
3211,14.0,1274.37,56.0,0.041,0.012,9.0,3.0,88.68,0.288,0.17,1.55
3212,2.0,103.66,3.0,0.081,0.056,111.0,0.0,51.37,0.228,0.006,1.52
3213,18.0,224.42,22.0,0.055,0.008,7.0,1.0,12.53,0.627,0.291,1.81
3214,5.0,188.39,1.0,0.209,0.0,34.0,1.0,37.24,0.21,0.089,1.26
3215,4.0,79.29,5.0,0.149,0.031,44.0,0.0,20.26,0.327,0.368,0.19
3216,12.0,530.86,54.0,0.328,0.118,11.0,3.0,44.17,0.601,0.246,0.0
3217,5.0,217.01,2.0,0.017,0.075,6.0,1.0,41.65,0.664,0.297,0.65
3218,29.0,2046.32,71.0,0.013,0.037,7.0,0.0,70.64,0.139,0.22,3.13
3219,6.0,116.77,7.0,0.141,0.05,20.0,0.0,18.72,0.269,0.162,2.96
3220,16.0,603.64,41.0,0.371,0.064,10.0,1.0,37.25,0.496,0.251,0.36
3221,22.0,1439.4,51.0,0.057,0.042,1.0,3.0,64.08,0.184,0.25,1.66
3222,9.0,438.09,22.0,0.128,0.0,2.0,0.0,46.67,0.433,0.096,2.48
3223,4.0,134.5,0.0,0.152,0.033,57.0,0.0,32.59,0.691,0.0,1.07
3224,15.0,623.17,27.0,0.029,0.063,9.0,0.0,42.44,0.384,0.119,1.78
3225,20.0,1791.44,67.0,0.134,0.018,9.0,3.0,88.08,0.667,0.347,0.82
3226,1.0,109.42,4.0,0.16,0.052,15.0,0.0,109.42,0.401,0.145,0.23
3227,12.0,307.08,28.0,0.056,0.0,4.0,1.0,26.2,0.494,0.222,1.65
3228,30.0,1931.0,39.0,0.046,0.034,10.0,0.0,63.99,0.426,0.102,3.09
3229,0.0,145.04,8.0,0.182,0.079,32.0,1.0,145.04,0.435,0.143,0.0
3230,38.0,2523.0,30.0,0.074,0.054,9.0,1.0,66.55,0.61,0.087,2.27
3231,12.0,763.09,29.0,0.008,0.0,22.0,1.0,64.98,0.279,0.299,2.43
3232,31.0,1755.76,32.0,0.012,0.028,0.0,2.0,57.15,0.743,0.16,2.17
3233,1.0,121.07,4.0,0.101,0.0,150.0,1.0,97.57,0.219,0.0,0.06
3234,4.0,43.38,11.0,0.052,0.035,0.0,1.0,10.42,0.639,0.287,0.0
3235,2.0,80.17,3.0,0.063,0.02,115.0,1.0,51.88,0.078,0.03,0.86
3236,14.0,440.84,34.0,0.362,0.07,2.0,1.0,30.42,0.361,0.333,1.33
3237,20.0,624.29,37.0,0.145,0.09,5.0,0.0,30.62,0.426,0.349,1.73
3238,5.0,207.03,2.0,0.321,0.002,47.0,0.0,40.85,0.295,0.096,1.29
3239,13.0,845.51,51.0,0.514,0.126,5.0,5.0,63.12,0.765,0.147,0.59
3240,14.0,233.68,35.0,0.101,0.05,11.0,2.0,17.05,0.29,0.247,3.37
3241,8.0,721.62,37.0,0.123,0.041,13.0,3.0,89.16,0.144,0.165,1.86
3242,2.0,127.32,4.0,0.024,0.02,18.0,1.0,57.31,0.177,0.15,0.6
3243,8.0,611.95,27.0,0.172,0.065,16.0,2.0,79.25,0.126,0.215,1.88
3244,4.0,64.53,14.0,0.015,0.0,25.0,1.0,17.85,0.404,0.285,1.54
3245,5.0,424.57,36.0,0.153,0.021,13.0,2.0,77.77,0.698,0.34,3.4
3246,2.0,98.57,12.0,0.031,0.0,27.0,0.0,57.01,0.422,0.161,1.34
3247,33.0,1498.83,69.0,0.042,0.052,1.0,0.0,45.82,0.186,0.405,2.39
3248,22.0,2250.17,65.0,0.029,0.048,3.0,2.0,101.08,0.842,0.231,2.74
3249,1.0,198.99,8.0,0.108,0.025,50.0,0.0,181.42,0.383,0.248,1.19
3250,31.0,2363.2,54.0,0.033,0.016,3.0,2.0,76.44,0.675,0.216,1.62
3251,0.0,163.14,3.0,0.151,0.0,10.0,1.0,163.14,0.37,0.312,0.29
3252,5.0,193.48,5.0,0.227,0.07,28.0,0.0,37.36,0.358,0.068,1.34
3253,20.0,357.33,39.0,0.018,0.0,13.0,2.0,17.72,0.687,0.255,2.27
3254,6.0,170.42,11.0,0.281,0.029,3.0,0.0,27.07,0.185,0.185,0.0
3255,9.0,390.2,31.0,0.0,0.006,16.0,2.0,41.44,0.321,0.174,2.28
3256,13.0,748.35,25.0,0.079,0.035,13.0,1.0,59.8,0.088,0.048,1.98
3257,10.0,723.85,44.0,0.039,0.077,1.0,2.0,75.84,0.265,0.339,2.21
3258,9.0,577.62,31.0,0.15,0.034,18.0,1.0,62.94,0.758,0.244,3.39
3259,10.0,505.67,50.0,0.403,0.061,13.0,1.0,48.3,0.46,0.369,1.0
3260,2.0,106.66,4.0,0.108,0.042,112.0,0.0,66.71,0.725,0.04,1.06
3261,2.0,68.53,6.0,0.377,0.051,31.0,1.0,31.37,0.155,0.464,1.32
3262,17.0,2168.93,44.0,0.07,0.058,3.0,0.0,125.03,0.516,0.251,0.0
3263,2.0,146.81,8.0,0.142,0.062,50.0,0.0,70.23,0.448,0.182,0.57
3264,14.0,480.29,15.0,0.057,0.0,11.0,0.0,34.33,0.266,0.096,1.33
3265,14.0,770.73,28.0,0.109,0.084,7.0,0.0,55.06,0.628,0.086,1.36
3266,3.0,119.14,16.0,0.196,0.012,21.0,1.0,38.14,0.404,0.217,0.0
3267,2.0,78.7,1.0,0.274,0.03,51.0,0.0,32.57,0.335,0.032,1.04
3268,10.0,273.51,34.0,0.123,0.077,15.0,0.0,28.74,0.383,0.295,1.57
3269,15.0,400.1,42.0,0.094,0.1,16.0,3.0,26.68,0.259,0.302,1.35
3270,19.0,751.97,53.0,0.276,0.08,6.0,3.0,40.64,0.59,0.521,1.48
3271,3.0,452.93,41.0,0.086,0.074,11.0,1.0,164.65,0.558,0.186,2.23
3272,23.0,608.38,18.0,0.344,0.0,9.0,1.0,27.0,0.519,0.147,0.24
3273,6.0,54.36,3.0,0.086,0.001,1.0,1.0,8.52,0.184,0.203,1.85
3274,7.0,152.66,8.0,0.203,0.0,36.0,1.0,22.34,0.126,0.104,0.94
3275,3.0,18.19,10.0,0.2,0.061,46.0,1.0,5.63,0.3,0.188,2.3
3276,28.0,2142.99,70.0,0.068,0.05,13.0,0.0,76.37,0.4,0.21,3.1
3277,32.0,1415.71,58.0,0.071,0.051,13.0,2.0,43.63,0.595,0.267,2.69
3278,5.0,148.82,9.0,0.23,0.052,38.0,0.0,29.05,0.558,0.319,2.15
3279,1.0,0.0,6.0,0.281,0.029,51.0,2.0,0.0,0.417,0.266,2.01
3280,5.0,381.15,25.0,0.053,0.037,9.0,2.0,75.24,0.248,0.254,1.78
3281,2.0,49.06,7.0,0.079,0.027,57.0,0.0,28.97,0.311,0.052,0.84
3282,0.0,224.55,4.0,0.156,0.033,26.0,1.0,224.55,0.269,0.179,1.06
3283,15.0,539.98,19.0,0.134,0.061,7.0,1.0,37.23,0.794,0.259,0.85
3284,19.0,560.8,39.0,0.492,0.103,15.0,1.0,29.08,0.464,0.109,1.04
3285,24.0,520.87,72.0,0.096,0.143,7.0,3.0,21.66,0.819,0.189,0.52
3286,33.0,1643.79,58.0,0.025,0.028,14.0,0.0,49.2,0.411,0.066,1.77
3287,6.0,1267.08,58.0,0.078,0.061,11.0,3.0,207.13,0.227,0.29,1.8
3288,4.0,492.74,31.0,0.163,0.024,15.0,0.0,121.91,0.197,,2.08
3289,32.0,1649.83,42.0,0.071,0.045,3.0,1.0,51.93,0.322,0.28,3.09
3290,2.0,149.7,3.0,0.29,0.036,34.0,1.0,64.01,0.24,0.309,1.25
3291,8.0,106.65,8.0,0.195,0.03,44.0,0.0,14.02,0.447,0.181,2.0
3292,9.0,740.23,31.0,0.115,0.026,9.0,1.0,81.62,0.297,0.419,1.29
3293,23.0,511.72,45.0,0.413,0.068,20.0,2.0,22.11,0.808,0.117,0.69
3294,1.0,128.28,3.0,0.248,0.008,105.0,0.0,128.28,0.711,0.0,1.01
3295,15.0,417.43,32.0,0.13,0.09,10.0,2.0,27.16,0.278,0.278,3.26
3296,17.0,299.85,21.0,0.136,0.029,11.0,1.0,17.74,0.424,0.302,2.67
3297,2.0,149.14,0.0,0.159,0.064,86.0,0.0,70.3,0.279,0.223,1.87
3298,1.0,74.54,4.0,0.07,0.0,106.0,0.0,74.54,0.631,0.08,0.97
3299,18.0,567.63,25.0,0.119,0.021,0.0,3.0,32.05,0.179,0.199,2.49
3300,10.0,691.18,32.0,0.122,0.059,13.0,1.0,69.3,0.365,0.177,2.46
3301,4.0,61.43,5.0,0.114,0.042,47.0,1.0,14.73,0.453,0.189,0.76
3302,10.0,527.55,35.0,0.104,0.046,10.0,2.0,55.5,0.939,0.247,2.58
3303,2.0,57.3,14.0,0.082,0.068,17.0,1.0,31.77,0.56,0.27,0.66
3304,3.0,71.16,15.0,0.152,0.037,32.0,0.0,23.15,0.133,0.431,0.86
3305,13.0,611.49,33.0,0.213,0.014,15.0,0.0,48.84,0.643,0.473,1.62
3306,15.0,462.05,34.0,0.116,0.009,9.0,0.0,30.73,0.363,0.06,1.57
3307,20.0,416.83,24.0,0.129,0.074,2.0,2.0,21.2,0.339,0.0,2.11
3308,16.0,554.15,13.0,0.121,0.031,1.0,2.0,34.76,0.873,0.425,2.64
3309,16.0,347.79,32.0,0.111,0.051,4.0,2.0,21.15,0.146,0.198,1.48
3310,2.0,115.85,8.0,0.156,0.027,109.0,0.0,47.27,0.469,0.0,0.84
3311,5.0,147.41,7.0,0.141,0.039,36.0,1.0,29.51,0.19,0.287,0.98
3312,5.0,155.64,12.0,0.232,0.035,60.0,0.0,29.04,0.536,0.273,1.74
3313,22.0,543.34,46.0,0.307,0.071,7.0,2.0,24.83,0.746,0.18,0.0
3314,14.0,438.48,32.0,0.133,0.06,19.0,2.0,31.26,0.887,0.047,1.52
3315,3.0,161.37,10.0,0.2,0.029,47.0,1.0,48.44,0.16,0.338,0.98
3316,21.0,456.41,52.0,0.551,0.117,17.0,2.0,21.25,0.397,0.12,1.69
3317,25.0,707.07,53.0,0.499,0.165,11.0,1.0,28.53,0.821,0.362,2.11
3318,3.0,165.13,8.0,0.15,0.072,44.0,0.0,53.3,0.084,0.064,1.14
3319,1.0,72.1,4.0,0.092,0.025,94.0,0.0,62.9,0.061,0.343,0.0
3320,11.0,519.18,33.0,0.088,0.047,11.0,1.0,48.75,0.597,,1.81
3321,13.0,617.75,45.0,0.233,0.0,11.0,2.0,47.53,0.593,0.242,1.37
3322,20.0,451.91,39.0,0.32,0.177,18.0,3.0,22.84,0.369,0.0,1.39
3323,14.0,394.53,25.0,0.119,0.037,13.0,0.0,28.91,0.451,0.0,2.75
3324,15.0,123.92,29.0,0.003,0.088,9.0,2.0,8.47,0.278,0.133,1.95
3325,12.0,548.06,15.0,0.127,0.071,13.0,1.0,46.83,0.212,0.298,1.78
3326,11.0,323.07,24.0,0.068,0.012,12.0,2.0,29.37,0.217,0.418,1.44
3327,3.0,116.05,5.0,0.281,0.035,20.0,2.0,37.41,0.529,0.098,0.0
3328,13.0,514.15,18.0,0.019,0.046,15.0,0.0,38.13,0.154,0.386,0.06
3329,2.0,54.41,8.0,0.142,0.079,0.0,1.0,23.38,0.37,0.085,
3330,0.0,78.36,6.0,0.0,0.02,37.0,2.0,78.36,0.31,0.289,1.41
3331,26.0,759.41,44.0,0.286,0.129,24.0,0.0,28.91,0.706,0.0,2.08
3332,17.0,548.03,31.0,0.089,0.064,10.0,1.0,32.57,0.534,0.21,1.45
3333,4.0,114.16,8.0,0.076,0.0,30.0,1.0,25.88,0.47,0.109,0.86
3334,2.0,154.69,10.0,0.078,0.043,25.0,1.0,79.89,0.422,0.272,1.27
3335,17.0,768.98,35.0,0.116,0.004,8.0,2.0,44.56,0.109,0.183,1.17
3336,12.0,1434.35,40.0,0.038,0.057,6.0,0.0,116.59,0.604,0.251,1.29
3337,4.0,122.21,6.0,0.279,0.033,56.0,0.0,34.85,0.162,0.153,1.04
3338,16.0,588.07,31.0,0.147,0.089,24.0,1.0,36.48,0.309,0.152,1.02
3339,20.0,382.05,26.0,0.124,0.022,20.0,0.0,18.82,0.354,0.137,
3340,24.0,2653.2,62.0,0.039,0.022,9.0,1.0,111.92,0.637,0.036,1.8
3341,0.0,174.69,4.0,0.152,0.06,3.0,1.0,174.69,0.236,0.337,0.12
3342,14.0,103.25,30.0,0.095,0.043,0.0,2.0,7.2,0.353,0.094,1.97
3343,14.0,360.6,17.0,0.168,0.069,10.0,3.0,24.95,0.538,0.424,2.57
3344,8.0,344.58,34.0,0.154,0.013,2.0,0.0,43.03,0.737,0.079,2.74
3345,31.0,1631.78,57.0,0.034,0.031,17.0,1.0,52.45,0.073,0.44,2.13
3346,22.0,1430.51,51.0,0.069,0.052,12.0,2.0,65.62,0.692,0.145,2.01
3347,12.0,648.32,22.0,0.115,0.074,0.0,3.0,55.93,0.459,0.156,1.29
3348,13.0,856.14,21.0,0.108,0.071,7.0,1.0,64.64,0.502,0.099,2.08
3349,2.0,10.8,3.0,0.164,0.069,122.0,1.0,6.09,0.378,0.0,2.35
3350,6.0,99.36,2.0,0.174,0.076,28.0,1.0,17.73,0.184,0.025,0.08
3351,13.0,600.84,51.0,0.285,0.096,5.0,1.0,46.31,0.633,0.208,0.0
3352,19.0,512.8,40.0,0.059,0.081,21.0,1.0,27.28,0.694,0.451,1.53
3353,21.0,329.89,29.0,0.078,0.071,0.0,0.0,15.88,0.118,0.182,1.55
3354,32.0,1129.38,46.0,0.05,0.067,11.0,3.0,34.87,0.39,0.098,1.73
3355,26.0,713.0,47.0,0.415,0.067,10.0,1.0,27.8,0.364,0.181,0.12
3356,15.0,410.27,26.0,0.077,0.048,8.0,0.0,27.13,0.031,0.326,2.38
3357,1.0,44.05,4.0,0.118,0.046,87.0,1.0,31.21,0.279,0.055,0.69
3358,4.0,147.25,8.0,0.208,0.059,23.0,2.0,37.72,0.303,0.23,0.56
3359,3.0,156.77,2.0,0.188,0.028,45.0,2.0,51.43,0.173,0.432,1.53
3360,14.0,585.13,22.0,0.039,0.033,13.0,1.0,43.29,0.283,0.231,2.35
3361,19.0,632.09,36.0,0.079,0.057,11.0,1.0,33.99,0.321,0.066,2.35
3362,0.0,147.44,2.0,0.406,0.038,71.0,1.0,147.44,0.649,0.194,0.55
3363,29.0,390.19,34.0,0.297,0.092,13.0,2.0,13.61,0.37,0.29,0.83
3364,20.0,748.68,53.0,0.501,0.071,5.0,1.0,37.08,0.648,0.031,1.82
3365,16.0,349.14,41.0,0.071,0.057,14.0,0.0,22.33,0.105,0.337,1.22
3366,9.0,716.51,35.0,0.062,0.0,3.0,2.0,82.3,0.417,0.055,2.09
3367,4.0,154.32,6.0,0.167,0.018,47.0,0.0,35.84,0.309,0.293,0.0
3368,10.0,396.05,36.0,0.391,0.175,13.0,0.0,39.22,0.575,0.391,1.69
3369,1.0,98.47,4.0,0.111,0.062,159.0,0.0,98.47,0.137,0.075,0.0
3370,22.0,1162.59,43.0,0.044,0.039,5.0,2.0,53.81,0.192,0.346,2.38
3371,13.0,693.72,24.0,0.073,0.054,19.0,1.0,53.05,0.099,0.107,2.52
3372,1.0,178.87,11.0,0.335,0.002,58.0,0.0,178.87,0.114,0.287,1.4
3373,19.0,887.85,28.0,0.17,0.081,11.0,2.0,47.7,0.661,0.254,2.0
3374,6.0,63.18,7.0,0.254,0.084,24.0,0.0,11.07,0.81,0.292,0.7
3375,2.0,7.25,3.0,0.182,0.03,100.0,1.0,4.32,0.077,0.0,0.5
3376,2.0,43.73,7.0,0.301,0.018,47.0,1.0,22.83,0.532,0.264,0.9
3377,5.0,170.56,2.0,0.171,0.017,27.0,0.0,32.97,0.431,0.31,0.0
3378,3.0,166.38,10.0,0.155,0.048,12.0,1.0,65.99,0.455,0.309,0.0
3379,10.0,747.82,33.0,0.084,0.03,17.0,1.0,71.57,0.217,0.293,1.43
3380,11.0,548.53,34.0,0.121,0.049,15.0,0.0,51.63,0.221,0.249,1.34
3381,12.0,480.13,21.0,0.115,0.036,23.0,1.0,40.61,0.306,0.137,1.79
3382,11.0,418.19,5.0,0.078,0.06,6.0,1.0,38.4,0.686,0.268,0.0
3383,3.0,106.9,6.0,0.189,0.002,39.0,2.0,32.22,0.59,0.029,1.74
3384,9.0,527.56,24.0,0.15,0.05,12.0,1.0,59.05,0.311,0.372,3.12
3385,6.0,100.21,15.0,0.17,0.076,40.0,1.0,15.67,0.344,0.099,1.12
3386,2.0,122.14,2.0,0.143,0.0,86.0,1.0,55.81,0.538,0.15,0.93
3387,18.0,447.87,52.0,0.324,0.185,18.0,2.0,25.06,0.512,0.154,1.43
3388,19.0,389.92,30.0,0.088,0.065,5.0,1.0,20.46,0.285,0.372,2.6
3389,25.0,2489.72,83.0,0.093,0.077,5.0,2.0,99.33,0.2,0.202,2.12
3390,20.0,691.47,30.0,0.092,0.061,22.0,1.0,35.25,0.195,0.117,2.16
3391,4.0,122.19,10.0,0.144,0.028,25.0,1.0,29.43,0.246,0.137,1.53
3392,1.0,121.48,7.0,0.161,0.045,14.0,1.0,121.48,0.438,0.067,0.44
3393,9.0,345.61,37.0,0.142,0.03,6.0,0.0,40.6,0.685,,3.42
3394,4.0,0.0,9.0,0.228,0.063,44.0,2.0,0.0,0.242,0.182,1.53
3395,18.0,483.02,48.0,,0.099,2.0,2.0,27.53,0.435,0.352,1.05
3396,25.0,459.5,42.0,0.395,0.082,1.0,1.0,18.64,0.561,0.141,0.16
3397,3.0,84.37,4.0,0.193,0.096,122.0,0.0,30.59,0.479,0.122,1.56
3398,2.0,101.48,0.0,0.0,,113.0,0.0,47.44,0.475,0.093,0.12
3399,12.0,610.6,25.0,0.086,0.036,21.0,1.0,52.68,0.553,0.454,1.36
3400,18.0,261.09,51.0,0.479,0.108,14.0,2.0,14.29,0.818,0.095,0.93
3401,21.0,754.46,47.0,0.075,0.051,6.0,1.0,35.09,0.524,0.332,2.05
3402,4.0,121.71,11.0,0.142,0.098,8.0,2.0,28.69,0.255,0.211,0.4
3403,13.0,785.53,23.0,0.047,0.029,18.0,0.0,58.91,0.102,0.0,2.76
3404,3.0,220.95,5.0,0.189,0.016,17.0,0.0,73.34,0.474,0.016,0.83
3405,5.0,148.79,6.0,0.071,0.04,62.0,2.0,30.24,0.357,0.179,3.12
3406,31.0,2494.25,53.0,0.066,0.031,3.0,0.0,80.59,0.068,0.246,0.98
3407,37.0,1668.83,66.0,0.063,0.038,7.0,2.0,45.49,0.182,0.201,3.3
3408,17.0,439.36,27.0,0.048,0.036,12.0,2.0,26.1,0.623,0.101,1.64
3409,39.0,1797.19,60.0,0.081,0.032,5.0,1.0,46.52,0.531,0.297,2.63
3410,0.0,97.84,2.0,0.151,0.039,38.0,0.0,97.84,0.651,0.24,1.2
3411,7.0,335.11,33.0,0.098,0.103,12.0,0.0,50.39,0.314,0.387,2.8
3412,8.0,385.65,12.0,0.1,0.113,20.0,1.0,47.62,0.651,0.27,1.27
3413,4.0,72.03,5.0,0.132,0.072,68.0,0.0,18.84,0.589,0.202,0.0
3414,14.0,602.32,54.0,0.356,0.028,6.0,1.0,42.38,0.51,0.027,1.1
3415,2.0,88.47,0.0,0.16,0.033,101.0,0.0,44.88,0.674,0.016,0.31
3416,6.0,560.9,36.0,0.095,0.022,16.0,1.0,99.99,0.457,0.124,2.19
3417,17.0,628.93,39.0,0.18,0.108,0.0,0.0,36.57,0.559,0.104,2.06
3418,2.0,198.67,4.0,0.216,0.036,40.0,1.0,126.43,0.436,0.236,2.34
3419,16.0,424.65,16.0,0.175,0.08,3.0,2.0,26.11,0.243,0.304,1.7
3420,33.0,2603.72,32.0,0.057,0.056,12.0,1.0,79.27,0.058,0.193,2.76
3421,5.0,95.57,10.0,0.234,0.022,31.0,1.0,19.62,0.152,0.414,1.15
3422,3.0,124.08,5.0,0.132,0.04,84.0,0.0,47.73,0.281,0.062,0.33
3423,37.0,2003.99,62.0,0.101,0.029,10.0,1.0,53.76,0.205,0.194,2.47
3424,1.0,32.47,4.0,0.072,0.0,68.0,0.0,28.48,0.667,0.105,1.73
3425,2.0,145.48,6.0,0.0,0.035,82.0,1.0,61.19,0.299,0.12,2.35
3426,52.66374387131099,5096.108689571626,44.0,0.02,0.029,0.0,2.0,54.03,0.268,0.281,0.05
3427,0.0,121.94,9.0,0.151,0.023,38.0,0.0,121.94,0.252,0.165,1.43
3428,13.0,1576.52,79.0,0.0,0.015,0.0,3.0,123.52,0.236,0.105,1.3
3429,11.0,467.58,38.0,0.158,0.012,12.0,1.0,44.19,0.372,0.309,2.48
3430,15.0,575.53,25.0,0.232,0.035,13.0,0.0,37.89,0.443,0.134,3.1
3431,11.0,332.65,12.0,0.172,0.071,16.0,1.0,29.81,0.745,0.146,1.45
3432,5.0,74.22,0.0,0.187,0.017,41.0,1.0,14.65,0.356,0.048,2.42
3433,11.0,615.57,14.0,0.15,0.041,10.0,2.0,55.06,0.568,0.13,0.77
3434,2.0,37.85,5.0,0.04,0.0,21.0,1.0,21.47,0.532,0.273,1.81
3435,2.0,61.04,1.0,0.002,0.01,31.0,1.0,31.53,0.425,,0.64
3436,1.0,75.6,16.0,0.171,0.044,26.0,0.0,61.63,0.499,0.251,0.21
3437,4.625077272306228,490.1700238432334,6.0,0.167,0.023,23.0,0.0,42.99,0.586,0.383,1.11
3438,3.0,605.8,34.0,0.048,0.072,12.0,1.0,176.82,0.314,0.17,1.46
3439,33.0,2049.64,37.0,0.077,0.008,4.0,2.0,62.52,0.393,0.0,
3440,1.0,0.0,4.0,0.168,0.033,88.0,1.0,0.0,0.364,0.0,3.07
3441,19.0,746.24,25.0,0.173,0.063,19.0,1.0,39.42,0.376,0.283,1.99
3442,8.0,460.59,30.0,0.098,0.067,0.0,3.0,60.38,0.048,0.201,1.16
3443,1.0,135.07,8.0,0.121,0.001,19.0,1.0,97.72,0.113,0.424,2.78
3444,1.0,60.16,1.0,0.091,0.041,98.0,1.0,60.16,0.58,0.0,1.17
3445,4.0,67.67,7.0,0.257,0.026,68.0,0.0,17.17,0.527,0.352,1.55
3446,2.0,136.65,18.0,0.13,0.094,41.0,2.0,56.27,0.333,,0.39
3447,5.0,145.34,10.0,0.165,0.042,53.0,1.0,30.7,0.283,0.0,0.02
3448,34.0,1865.24,53.0,0.078,0.033,9.0,0.0,55.63,0.766,0.278,2.99
3449,6.0,147.82,17.0,0.138,0.028,39.0,0.0,23.76,0.182,0.282,1.81
3450,29.0,711.97,38.0,0.423,0.049,22.0,2.0,24.52,0.443,0.237,0.8
3451,45.0,2331.57,87.0,0.083,0.038,9.0,2.0,52.03,0.264,0.137,
3452,13.0,461.56,49.0,0.224,0.047,5.0,0.0,35.45,0.98,0.376,2.24
3453,5.0,101.09,8.0,0.176,0.021,25.0,0.0,22.04,0.509,0.341,2.6
3454,21.0,2056.33,39.0,0.003,0.061,5.0,2.0,96.77,0.458,0.262,3.68
3455,3.0,70.84,2.0,0.044,0.016,93.0,1.0,24.01,0.039,0.055,1.12
3456,17.0,426.63,33.0,0.426,0.088,1.0,2.0,25.7,0.419,0.194,1.12
3457,4.0,32.42,8.0,0.327,0.02,43.0,0.0,8.54,0.266,0.188,0.0
3458,2.0,107.43,5.0,0.198,0.078,28.0,1.0,53.95,0.46,0.171,0.92
3459,8.0,451.91,20.0,0.136,0.01,8.0,3.0,57.01,0.238,0.126,1.82
3460,4.0,182.47,10.0,0.03,0.003,40.0,1.0,44.41,0.692,0.142,0.28
3461,1.0,53.88,5.0,0.146,0.022,28.0,0.0,43.58,0.161,0.079,0.94
3462,4.0,201.6,10.0,0.224,0.027,45.0,0.0,48.67,0.346,0.195,0.56
3463,10.0,401.64,41.0,0.082,0.0,0.0,2.0,39.54,0.07,0.135,1.58
3464,22.0,1207.77,58.0,0.045,0.03,6.0,0.0,54.18,0.374,0.252,2.68
3465,4.0,117.13,6.0,0.229,0.017,25.0,0.0,31.03,0.13,0.258,1.78
3466,4.0,67.77,9.0,0.172,0.041,52.0,1.0,17.47,0.622,0.401,1.47
3467,2.0,193.56,12.0,0.316,0.062,4.0,2.0,94.35,0.084,0.349,0.0
3468,21.0,791.53,57.0,0.356,0.054,12.0,4.0,37.08,0.205,0.341,0.69
3469,3.0,142.24,8.0,0.18,0.002,39.0,0.0,56.85,0.204,0.246,1.4
3470,4.0,115.84,8.0,0.223,0.014,49.0,1.0,27.33,0.673,0.07,0.0
3471,17.0,1129.87,47.0,0.437,0.088,13.0,2.0,65.17,0.383,0.179,1.21
3472,16.0,2026.48,46.0,0.079,0.018,7.0,2.0,124.44,0.239,0.27,2.53
3473,5.0,96.83,5.0,0.135,0.035,43.0,0.0,18.12,0.666,0.017,0.0
3474,14.0,409.62,32.0,0.144,0.0,0.0,0.0,29.63,0.318,0.0,0.78
3475,0.0,9.96,3.0,0.152,0.034,94.0,0.0,9.96,0.234,0.0,1.04
3476,5.0,117.1,12.0,0.061,0.0,30.0,0.0,24.96,0.481,0.041,0.37
3477,14.0,582.88,43.0,0.354,0.086,15.0,0.0,42.65,0.559,0.194,1.0
3478,13.0,577.69,37.0,0.081,0.048,15.0,1.0,43.22,0.508,0.218,3.43
3479,20.0,835.62,39.0,0.446,0.123,10.0,1.0,40.84,0.78,0.274,1.82
3480,16.0,490.52,24.0,0.056,0.033,17.0,0.0,30.76,0.19,0.0,0.29
3481,10.0,331.84,27.0,0.137,0.067,7.0,1.0,32.64,0.771,0.28,0.92
3482,1.0,114.9,7.0,0.101,0.004,13.0,0.0,114.9,0.611,0.163,0.88
3483,23.0,1726.0,60.0,0.09,0.075,20.0,0.0,74.43,0.457,0.374,2.47
3484,0.0,81.81,4.0,0.274,0.0,62.0,1.0,81.81,0.813,0.104,0.66
3485,13.0,453.19,30.0,0.008,0.0,17.0,2.0,34.98,0.363,0.164,2.81
3486,11.0,529.18,26.0,0.083,0.061,17.0,0.0,48.77,0.432,0.084,1.54
3487,25.0,2109.13,47.0,0.033,0.0,0.0,1.0,84.56,0.209,0.092,2.36
3488,25.0,2112.93,60.0,0.069,0.0,12.0,2.0,83.7,0.445,0.426,2.15
3489,17.0,685.8,67.0,0.449,0.056,7.0,0.0,41.35,0.621,0.249,0.3
3490,3.0,93.25,4.0,0.219,0.095,13.0,1.0,30.23,0.305,0.069,1.02
3491,6.0,839.11,46.0,0.553,0.075,22.0,0.0,133.68,0.488,0.053,1.78
3492,3.0,144.86,2.0,0.14,0.022,77.0,0.0,46.5,0.432,0.078,0.5
3493,37.0,1323.28,57.0,0.042,0.045,7.0,1.0,35.46,0.896,0.318,2.07
3494,4.0,71.72,8.0,0.186,0.0,10.0,1.0,19.19,0.209,0.222,0.46
3495,10.0,534.91,28.0,0.085,0.064,6.0,1.0,54.54,0.225,0.047,1.43
3496,7.0,623.08,29.0,0.081,0.045,3.0,2.0,95.51,0.118,0.356,2.88
3497,2.0,40.37,1.0,0.115,0.029,49.0,1.0,26.35,0.485,0.117,1.97
3498,14.0,645.86,18.0,0.141,0.061,4.0,1.0,46.81,0.381,0.135,2.96
3499,10.0,502.79,33.0,0.061,0.061,18.0,1.0,48.14,0.19,0.09,3.42
3500,6.0,724.2,38.0,0.101,0.084,4.0,2.0,128.64,0.456,0.201,2.6
3501,2.0,188.55,6.0,0.21,0.022,51.0,2.0,113.74,0.326,0.261,2.54
3502,1.0,137.8,4.0,0.122,0.03,139.0,1.0,137.8,0.588,0.022,1.5
3503,32.0,2104.26,69.0,0.012,0.044,6.0,0.0,65.48,0.387,0.128,0.43
3504,27.0,1488.78,81.0,0.001,0.041,11.0,0.0,56.03,0.199,0.28,3.29
3505,28.0,1386.06,75.0,0.0,0.019,2.0,1.0,49.24,0.148,0.266,1.52
3506,4.0,23.19,7.0,0.118,0.05,48.0,0.0,5.81,0.208,0.364,1.95
3507,14.0,1865.64,51.0,0.051,0.038,10.0,0.0,135.05,0.646,0.121,1.59
3508,2.0,56.63,8.0,0.091,0.003,32.0,2.0,31.17,0.556,0.109,2.13
3509,0.0,65.2,12.0,0.046,0.03,20.0,0.0,65.2,0.335,0.176,2.22
3510,9.0,650.13,27.0,0.058,0.089,20.0,0.0,75.35,0.642,0.055,0.93
3511,12.0,461.01,27.0,0.098,0.067,21.0,1.0,37.58,0.625,0.16,1.16
3512,12.0,448.02,29.0,0.135,0.038,13.0,1.0,38.0,0.382,0.104,2.16
3513,2.0,102.38,2.0,0.0,0.001,22.0,0.0,66.71,0.409,0.256,0.73
3514,12.0,462.36,32.0,0.165,0.078,7.0,0.0,39.19,0.331,0.343,3.43
3515,25.0,1703.95,71.0,0.019,0.029,4.0,0.0,69.46,0.206,0.183,2.56
3516,21.0,231.55,18.0,0.003,0.072,17.0,0.0,11.27,0.449,0.252,1.26
3517,17.0,325.31,53.0,0.379,0.093,2.0,3.0,18.88,0.522,0.276,0.42
3518,22.0,1498.18,75.0,0.03,0.068,6.0,1.0,66.7,0.596,0.227,1.98
3519,14.0,353.85,25.0,0.136,0.096,20.0,0.0,25.22,0.12,0.14,3.03
3520,10.0,301.07,19.0,0.077,0.021,9.0,1.0,28.87,0.174,0.481,2.41
3521,13.0,269.58,33.0,0.094,0.014,15.0,2.0,21.2,0.054,,1.69
3522,12.0,892.3,32.0,0.086,0.013,15.0,1.0,75.63,0.742,0.326,0.94
3523,14.0,758.83,30.0,0.218,0.084,17.0,2.0,55.84,0.626,0.043,2.02
3524,5.0,145.78,7.0,0.293,0.033,23.0,0.0,29.45,0.573,0.104,2.32
3525,8.0,598.49,24.0,0.073,0.073,0.0,0.0,74.53,0.319,0.323,2.37
3526,13.0,1438.24,38.0,0.026,0.052,2.0,1.0,110.12,0.404,0.337,3.36
3527,13.0,782.14,40.0,0.097,0.054,18.0,1.0,58.34,0.472,0.353,1.88
3528,36.0,2456.8,40.0,0.027,0.061,0.0,2.0,67.43,0.319,0.211,3.32
3529,0.0,125.74,2.0,0.055,0.009,146.0,1.0,125.74,0.53,0.203,0.0
3530,10.0,463.14,23.0,0.072,0.037,17.0,3.0,47.36,0.632,0.325,2.74
3531,7.0,510.27,50.0,0.391,0.083,27.0,1.0,69.23,0.75,0.399,1.76
3532,7.0,161.34,3.0,0.342,0.041,36.0,0.0,23.32,0.556,0.229,1.15
3533,32.0,1686.3,55.0,0.041,0.001,14.0,1.0,52.09,0.506,0.147,2.32
3534,22.0,2026.01,51.0,0.038,0.0,11.0,3.0,92.02,0.283,0.322,1.22
3535,14.0,745.94,41.0,0.072,0.083,8.0,2.0,53.77,0.26,0.336,1.56
3536,1.0,77.25,7.0,0.231,0.085,31.0,0.0,77.25,0.525,0.332,0.7
3537,4.0,103.56,11.0,0.303,0.099,38.0,2.0,26.18,0.785,0.322,0.0
3538,19.0,462.49,31.0,0.038,0.02,4.0,0.0,24.61,0.594,0.405,2.62
3539,4.0,94.39,6.0,0.058,0.045,2.0,0.0,24.74,0.305,0.236,1.23
3540,15.0,404.27,30.0,0.197,0.017,12.0,1.0,26.47,0.474,0.217,3.15
3541,16.0,372.85,30.0,0.11,0.055,11.0,3.0,23.71,0.181,0.229,1.87
3542,2.0,8.44,6.0,0.152,0.0,117.0,0.0,3.56,0.67,0.145,0.38
3543,1.0,57.19,4.0,0.111,0.059,45.0,1.0,40.71,0.413,0.0,1.09
3544,20.0,501.18,25.0,0.074,0.077,15.0,1.0,24.84,0.457,0.132,3.02
3545,0.0,0.0,3.0,0.181,0.011,68.0,0.0,0.0,0.613,0.0,0.79
3546,24.0,1769.3,48.0,0.051,0.018,2.0,1.0,72.47,0.352,0.284,1.14
3547,19.0,607.56,22.0,0.105,0.013,18.0,2.0,31.47,0.253,0.358,1.87
3548,7.0,403.16,43.0,0.132,0.033,10.0,0.0,54.7,0.556,0.362,3.08
3549,18.0,852.67,39.0,0.581,0.073,23.0,3.0,47.34,0.64,0.217,0.61
3550,3.0,117.88,9.0,0.137,0.059,1.0,1.0,43.77,0.551,0.208,0.0
3551,2.0,215.11,9.0,0.172,0.042,51.0,0.0,88.96,0.577,0.135,1.23
3552,22.0,928.26,60.0,0.037,0.016,9.0,3.0,41.54,0.058,0.271,3.48
3553,43.0,2657.15,57.0,0.04,0.049,10.0,0.0,61.79,0.157,0.395,2.27
3554,3.0,48.93,4.0,0.173,0.032,33.0,0.0,18.4,0.74,0.253,1.66
3555,2.0,76.11,4.0,0.148,0.056,116.0,1.0,37.17,0.618,0.05,0.0
3556,17.0,507.4,57.0,0.392,0.165,17.0,0.0,29.53,0.614,0.466,0.98
3557,1.0,106.77,7.0,0.152,0.043,60.0,1.0,78.56,0.547,0.252,0.0
3558,23.0,834.4,58.0,0.398,0.094,0.0,3.0,36.85,0.742,0.111,0.26
3559,4.0,175.02,8.0,0.246,0.055,24.0,1.0,44.9,0.503,0.269,2.38
3560,18.0,862.55,55.0,0.351,0.037,13.0,0.0,47.58,0.762,0.306,0.21
3561,11.0,688.53,28.0,0.14,0.076,16.0,3.0,60.97,0.22,0.227,1.69
3562,3.0,146.5,5.0,0.212,0.045,20.0,0.0,53.2,0.507,0.17,0.78
3563,10.0,699.54,21.0,0.14,0.042,10.0,2.0,66.79,0.191,0.216,3.35
3564,10.0,307.67,25.0,0.0,0.07,11.0,1.0,31.32,0.196,0.281,1.85
3565,14.0,431.43,20.0,0.14,0.008,15.0,0.0,31.61,0.652,0.331,0.93
3566,12.0,603.47,27.0,0.089,0.076,6.0,2.0,50.96,0.455,0.263,1.88
3567,33.0,794.36,70.0,0.051,0.027,11.0,3.0,24.33,0.454,0.279,2.48
3568,19.0,300.48,28.0,0.128,0.062,26.0,0.0,15.82,0.541,0.249,1.15
3569,13.0,514.5,33.0,0.109,0.0,12.0,0.0,39.36,0.289,0.354,3.11
3570,47.0,2037.54,55.0,0.057,0.022,6.0,2.0,43.24,0.149,0.089,2.62
3571,29.0,2316.66,59.0,0.089,0.042,8.0,2.0,80.07,0.164,0.386,2.11
3572,1.0,21.28,1.0,0.141,0.044,118.0,0.0,19.29,0.336,0.077,1.67
3573,3.0,123.11,14.0,0.144,0.044,41.0,0.0,40.37,0.448,0.325,1.18
3574,1.0,24.62,1.0,0.197,0.046,83.0,0.0,24.62,0.786,0.3,0.0
3575,3.0,133.48,11.0,0.154,0.054,47.0,0.0,44.78,0.065,0.127,0.0
3576,0.0,153.18,5.0,0.161,0.053,47.0,1.0,153.18,0.481,0.194,0.25
3577,41.0,1681.19,53.0,0.023,0.057,11.0,0.0,40.9,0.593,0.253,2.28
3578,3.0,136.55,9.0,0.269,0.074,19.0,1.0,49.33,0.677,0.36,2.1
3579,40.0,1637.91,56.0,0.04,0.043,10.0,2.0,40.65,0.312,0.294,1.87
3580,7.0,651.09,31.0,0.181,0.035,17.0,1.0,99.36,0.103,0.294,0.94
3581,0.0,50.94,5.0,0.0,0.069,89.0,0.0,50.94,0.255,0.028,0.14
3582,11.0,570.16,57.0,0.448,0.092,12.0,1.0,51.94,0.295,0.113,1.4
3583,15.0,648.27,18.0,0.078,0.074,11.0,0.0,42.4,0.46,0.162,1.83
3584,34.0,1759.27,71.0,0.028,0.035,6.0,3.0,52.05,0.246,0.078,0.97
3585,6.0,174.75,3.0,0.33,0.049,34.0,1.0,27.69,0.094,0.248,0.0
3586,10.0,578.49,34.0,0.119,0.066,6.0,2.0,56.79,0.103,0.21,2.59
3587,24.0,800.05,45.0,0.326,0.082,19.0,1.0,33.21,0.374,0.423,0.97
3588,11.0,570.23,26.0,0.097,0.061,21.0,1.0,51.78,0.296,0.267,2.33
3589,13.0,405.76,35.0,0.061,0.048,9.0,1.0,31.8,0.514,0.221,2.72
3590,7.0,105.0,3.0,0.24,0.0,52.0,1.0,14.75,0.127,0.237,0.0
3591,12.0,556.88,31.0,0.028,0.04,3.0,3.0,44.7,0.446,0.326,3.3
3592,18.0,713.53,31.0,0.353,0.068,9.0,1.0,39.18,0.469,0.0,0.48
3593,26.0,2482.89,41.0,0.075,0.026,0.0,0.0,95.81,0.689,,1.69
3594,4.0,147.92,1.0,0.273,0.062,52.0,1.0,35.23,0.648,0.454,1.47
3595,17.0,687.85,40.0,0.06,0.11,1.0,0.0,40.9,0.411,0.315,3.7
3596,5.0,430.15,31.0,0.116,0.054,5.0,1.0,81.29,0.171,0.062,1.79
3597,16.0,476.53,31.0,0.121,0.086,21.0,3.0,29.35,0.295,0.287,1.37
3598,2.0,53.05,5.0,0.153,0.031,61.0,0.0,29.37,0.527,0.0,2.37
3599,19.0,603.19,32.0,0.335,0.032,8.0,0.0,31.71,0.238,0.331,0.0
3600,3.0,273.41,5.0,0.234,0.069,16.0,0.0,105.99,0.516,0.254,1.17
3601,39.0,2052.77,23.0,0.025,0.037,4.0,1.0,52.16,0.38,0.152,2.17
3602,3.0,129.23,13.0,0.101,0.0,32.0,0.0,42.28,0.156,0.164,0.61
3603,11.0,325.77,13.0,0.1,0.071,7.0,2.0,30.86,0.305,0.465,1.54
3604,9.0,627.76,25.0,0.058,0.014,21.0,0.0,69.73,0.137,0.086,2.51
3605,16.0,764.43,23.0,0.137,0.037,7.0,1.0,47.58,0.449,0.25,2.1
3606,1.0,631.54,34.0,,0.067,9.0,0.0,631.54,0.28,0.295,3.02
3607,10.0,267.68,30.0,0.1,0.051,0.0,1.0,26.13,0.467,0.06,2.65
3608,3.0,88.4,12.0,0.0,0.035,20.0,2.0,25.57,0.666,0.109,0.12
3609,6.0,104.68,7.0,0.003,0.048,44.0,0.0,16.56,0.314,0.403,1.36
3610,15.0,638.3,32.0,0.111,0.0,3.0,2.0,43.08,0.509,0.0,1.73
3611,29.0,1628.57,57.0,0.048,0.017,5.0,3.0,56.77,0.548,0.287,2.98
3612,1.0,67.52,3.0,0.103,0.063,92.0,0.0,47.01,0.126,0.0,0.0
3613,2.0,87.44,10.0,0.234,0.022,24.0,1.0,35.97,0.462,0.262,0.05
3614,2.0,13.72,3.0,0.184,0.039,115.0,0.0,6.44,0.399,0.0,1.36
3615,4.0,78.17,14.0,0.106,0.058,30.0,0.0,21.45,0.451,0.177,1.51
3616,36.0,1782.66,45.0,0.0,0.029,0.0,0.0,49.83,0.498,0.385,2.05
3617,11.0,284.48,12.0,0.123,0.077,27.0,0.0,26.54,0.566,0.343,1.65
3618,1.0,96.81,5.0,0.125,0.083,57.0,0.0,96.81,0.439,0.029,1.14
3619,1.0,43.64,4.0,0.132,0.072,9.0,1.0,35.56,0.271,0.283,0.71
3620,4.0,95.76,9.0,0.061,0.005,34.0,1.0,21.59,0.231,0.295,0.5
3621,14.0,225.08,19.0,0.147,0.047,15.0,1.0,15.84,0.536,0.34,2.2
3622,16.0,1786.62,76.0,0.077,0.04,7.0,1.0,114.03,0.783,0.175,1.82
3623,23.0,1004.38,52.0,0.192,0.075,10.0,1.0,43.12,0.219,0.07,1.53
3624,1.0,91.64,3.0,0.025,0.02,65.0,0.0,72.77,0.295,0.114,0.0
3625,15.0,1637.38,37.0,0.0,0.041,8.0,2.0,106.82,0.792,0.428,2.19
3626,3.8474399564855215,330.27371568886485,2.0,0.22,0.013,78.0,0.0,47.21,0.242,0.082,0.69
3627,4.0,168.68,12.0,0.213,0.039,23.0,2.0,46.68,0.39,0.38,0.0
3628,4.0,646.72,18.0,0.14,0.045,8.0,0.0,150.9,0.507,0.092,1.4
3629,5.0,219.77,13.0,0.075,0.046,33.0,1.0,45.77,0.511,0.12,0.98
3630,23.0,2267.82,47.0,0.066,0.035,11.0,1.0,99.64,0.142,0.296,2.63
3631,16.0,626.79,25.0,0.142,0.007,7.0,0.0,40.43,0.354,0.109,3.59
3632,12.0,417.7,32.0,0.151,0.051,17.0,0.0,35.18,0.28,0.227,0.86
3633,13.0,640.79,25.0,,0.094,15.0,1.0,50.35,0.373,0.134,1.1
3634,23.0,810.93,40.0,0.481,0.096,0.0,2.0,35.04,0.307,0.0,1.32
3635,12.0,463.74,31.0,0.173,0.059,13.0,2.0,37.31,0.573,0.075,0.92
3636,1.0,51.1,7.0,0.311,0.039,26.0,0.0,51.1,0.245,0.197,0.29
3637,4.0,249.86,12.0,0.184,0.083,45.0,2.0,63.91,0.562,0.207,0.83
3638,29.0,1909.66,52.0,0.051,0.072,8.0,2.0,64.99,0.453,0.109,2.86
3639,35.0,2532.31,60.0,0.036,0.016,8.0,2.0,73.39,0.145,0.16,2.15
3640,15.0,438.82,54.0,0.36,0.083,0.0,0.0,30.09,0.469,0.336,2.6
3641,1.0,199.1,9.0,0.162,0.043,25.0,0.0,160.28,0.228,0.264,2.38
3642,0.0,171.6,12.0,0.253,0.067,23.0,1.0,171.6,0.643,0.044,0.86
3643,19.0,712.46,35.0,0.113,0.019,6.0,3.0,38.27,0.52,0.415,1.74
3644,4.0,97.29,13.0,0.182,0.03,42.0,0.0,27.63,0.497,0.176,1.43
3645,36.0,1851.38,53.0,0.053,0.013,4.0,3.0,50.79,0.304,0.376,2.47
3646,18.0,565.61,38.0,0.338,0.189,0.0,1.0,31.63,0.77,0.425,2.07
3647,3.0,567.72,27.0,0.119,0.083,9.0,1.0,165.73,0.349,0.14,1.95
3648,2.0,178.97,12.0,0.259,0.046,13.0,1.0,102.05,0.353,0.0,0.0
3649,2.0,109.38,3.0,0.1,0.012,70.0,1.0,47.71,0.371,0.298,0.0
3650,2.0,64.14,3.0,0.086,0.0,90.0,0.0,37.7,0.287,0.06,1.3
3651,11.0,590.2,32.0,0.001,0.053,7.0,1.0,52.65,0.282,0.144,
3652,40.0,1715.82,33.0,0.0,0.049,7.0,1.0,43.43,0.313,0.1,1.67
3653,2.0,95.98,6.0,0.331,0.029,16.0,2.0,48.53,0.11,0.04,0.0
3654,21.0,820.87,53.0,0.462,0.086,8.0,0.0,38.85,0.694,0.0,2.05
3655,5.0,59.8,15.0,0.225,0.07,34.0,1.0,12.53,0.114,0.18,0.79
3656,17.0,1904.66,62.0,0.039,0.01,5.0,1.0,110.81,0.674,0.147,1.76
3657,0.0,232.77,7.0,0.293,0.061,48.0,1.0,232.77,0.151,0.392,1.28
3658,15.0,541.02,29.0,0.109,0.01,0.0,0.0,36.53,0.326,0.193,1.68
3659,19.0,2025.89,24.0,0.069,0.041,4.0,1.0,105.07,0.083,0.096,1.85
3660,17.0,664.21,64.0,0.39,0.111,16.0,2.0,39.62,0.362,0.362,0.55
3661,8.0,542.64,23.0,0.1,0.037,9.0,1.0,68.33,0.171,0.351,2.6
3662,13.0,312.39,29.0,0.103,0.062,12.0,2.0,24.97,0.733,0.006,1.95
3663,2.0,38.54,9.0,0.156,0.0,13.0,1.0,20.58,0.387,0.273,0.39
3664,14.0,549.31,30.0,0.019,0.076,12.0,1.0,38.18,0.466,0.158,2.6
3665,8.0,396.88,19.0,0.005,0.06,15.0,2.0,48.39,0.104,0.223,2.01
3666,13.0,467.75,26.0,0.128,0.016,21.0,1.0,36.26,0.321,0.119,1.24
3667,7.0,641.59,22.0,0.096,0.007,13.0,2.0,87.22,0.572,0.174,2.82
3668,3.0,43.91,5.0,0.135,0.067,115.0,0.0,16.52,0.385,0.0,0.88
3669,2.0,144.71,7.0,0.077,0.038,23.0,0.0,82.69,0.271,0.055,0.54
3670,11.0,450.27,29.0,0.028,0.036,15.0,1.0,41.63,0.765,0.266,2.57
3671,4.0,242.87,0.0,0.051,0.069,20.0,3.0,61.78,0.145,0.383,1.58
3672,2.0,103.89,17.0,0.122,0.092,57.0,2.0,49.77,0.249,0.475,1.96
3673,3.0,273.53,4.0,0.15,0.081,49.0,2.0,86.95,0.065,0.162,1.32
3674,2.0,68.12,4.0,0.105,0.089,94.0,0.0,31.92,0.795,0.0,1.99
3675,17.0,789.63,34.0,0.467,0.1,25.0,1.0,47.16,0.22,0.171,0.44
3676,4.0,79.62,8.0,0.103,0.055,26.0,1.0,21.24,0.301,0.205,0.01
3677,23.0,1125.53,74.0,0.072,0.007,6.0,2.0,49.21,0.252,0.486,0.98
3678,1.0,155.61,6.0,0.095,0.034,66.0,1.0,155.61,0.747,0.249,1.06
3679,19.0,622.28,28.0,0.2,0.008,6.0,1.0,33.22,0.221,0.0,2.38
3680,16.0,555.71,27.0,0.06,0.008,15.0,2.0,33.85,0.201,0.336,1.34
3681,24.0,965.63,63.0,0.417,0.078,9.0,1.0,39.61,0.657,0.193,1.43
3682,26.66163468558347,2424.469032286489,23.0,0.144,0.07,0.0,0.0,46.61,0.239,0.133,1.24
3683,24.0,1900.77,65.0,0.057,0.056,5.0,2.0,78.71,0.263,0.306,2.24
3684,33.0,1332.44,42.0,0.034,0.048,7.0,2.0,40.29,0.155,0.18,2.46
3685,2.0,10.9,2.0,0.0,0.01,113.0,0.0,6.04,0.609,0.0,1.3
3686,26.0,1390.0,53.0,0.031,0.039,6.0,2.0,53.1,0.555,0.126,2.25
3687,27.0,1673.58,41.0,0.067,0.0,3.0,2.0,61.21,0.309,0.406,1.99
3688,14.0,635.69,29.0,0.138,0.092,7.0,2.0,44.48,0.356,0.321,0.88
3689,19.0,559.37,27.0,0.126,0.076,13.0,1.0,30.1,0.406,0.324,3.05
3690,3.0,34.82,6.0,0.249,0.0,27.0,0.0,13.71,0.497,0.155,1.05
3691,21.0,745.26,29.0,0.339,0.142,16.0,1.0,35.09,0.489,0.233,0.78
3692,8.0,127.59,2.0,0.05,0.047,52.0,0.0,16.82,0.329,0.342,2.04
3693,3.0,197.34,8.0,0.157,0.083,27.0,1.0,59.49,0.284,0.203,1.86
3694,15.0,746.03,25.0,0.1,0.014,6.0,2.0,48.36,0.546,0.204,1.36
3695,16.0,480.01,27.0,0.179,0.061,14.0,0.0,30.71,0.456,0.101,1.66
3696,3.0,81.72,2.0,0.142,0.0,115.0,0.0,25.02,0.209,0.0,0.73
3697,21.0,2110.72,53.0,0.066,0.033,11.0,1.0,100.23,0.628,0.195,1.37
3698,13.0,636.55,26.0,0.082,0.08,10.0,0.0,50.79,0.183,0.152,1.74
3699,2.0,0.0,4.0,0.128,0.023,175.0,0.0,0.0,0.191,0.057,2.12
3700,0.0,96.05,4.0,0.072,0.026,102.0,1.0,96.05,0.454,0.0,1.84
3701,21.0,683.59,33.0,0.052,0.023,13.0,2.0,32.39,0.398,,1.57
3702,14.0,518.51,22.0,0.059,0.062,6.0,0.0,37.1,0.218,0.099,2.32
3703,11.0,629.79,44.0,0.094,0.077,18.0,3.0,55.45,0.544,0.216,0.68
3704,2.0,13.98,5.0,0.127,0.0,74.0,0.0,7.32,0.249,0.0,0.85
3705,20.0,1721.2,76.0,0.052,0.02,7.0,0.0,84.26,0.402,0.328,0.65
3706,3.0,65.88,11.0,0.224,0.0,49.0,1.0,24.56,0.15,0.095,1.95
3707,14.0,448.12,41.0,0.156,0.113,11.0,1.0,32.99,0.514,0.288,0.8
3708,22.0,1727.36,53.0,0.07,0.046,5.0,0.0,79.79,0.237,0.03,2.58
3709,10.0,501.3,21.0,0.082,0.09,12.0,0.0,50.43,0.302,,2.66
3710,13.0,505.57,40.0,0.112,0.067,21.0,1.0,40.18,0.346,0.198,1.63
3711,0.0,0.0,4.0,0.134,0.041,127.0,1.0,0.0,0.203,0.175,0.75
3712,1.0,126.02,8.0,0.13,0.04,36.0,4.0,90.62,0.468,0.237,0.0
3713,26.0,2332.71,44.0,0.035,0.035,13.0,0.0,90.0,0.356,0.232,1.38
3714,14.0,484.71,56.0,0.274,0.086,18.0,1.0,34.39,0.174,0.242,1.55
3715,20.0,251.2,24.0,0.096,0.057,9.0,1.0,12.42,0.301,0.182,2.68
3716,15.0,632.45,24.0,0.096,0.047,18.0,2.0,41.82,0.184,0.228,2.85
3717,12.0,730.61,27.0,0.087,0.055,0.0,1.0,59.69,0.671,0.463,2.27
3718,12.0,437.98,32.0,0.007,0.078,23.0,1.0,36.68,0.399,0.299,2.95
3719,33.0,2701.31,55.0,0.057,0.031,0.0,2.0,81.3,0.153,0.027,4.16
3720,19.0,923.74,34.0,0.41,0.113,30.0,1.0,49.81,0.769,,0.5
3721,22.0,1561.33,29.0,0.03,0.033,6.0,0.0,69.88,0.215,0.124,0.15
3722,25.0,1459.24,42.0,0.035,0.053,5.0,1.0,57.66,0.544,0.28,2.07
3723,14.0,671.2,37.0,0.307,0.104,0.0,1.0,47.1,0.462,0.316,1.26
3724,2.0,162.7,10.0,0.232,0.051,27.0,2.0,79.91,0.593,0.16,1.2
3725,13.0,382.24,39.0,0.079,0.057,0.0,1.0,29.6,0.533,0.454,1.61
3726,1.0,13.96,2.0,0.086,0.122,103.0,1.0,13.96,0.746,0.064,0.69
3727,7.0,401.19,52.0,0.0,0.055,14.0,2.0,55.82,0.175,,2.36
3728,23.0,675.83,57.0,0.269,0.097,10.0,3.0,29.21,0.92,0.455,2.12
3729,9.0,553.11,36.0,0.097,0.065,10.0,2.0,60.94,0.199,0.274,2.9
3730,15.0,543.61,23.0,0.079,0.094,18.0,0.0,36.47,0.201,0.238,1.19
3731,12.0,583.9,35.0,0.044,0.085,4.0,0.0,47.2,0.357,0.161,3.68
3732,19.0,703.18,56.0,0.455,0.054,21.0,2.0,37.13,0.866,0.296,0.72
3733,23.0,2250.07,51.0,0.002,0.031,4.0,1.0,98.07,0.238,0.163,2.11
3734,20.0,1972.48,64.0,0.045,0.041,11.0,1.0,99.16,0.182,0.111,2.07
3735,12.0,578.91,25.0,0.059,0.079,8.0,3.0,48.13,0.708,0.215,2.04
3736,13.0,485.3,36.0,0.046,0.027,11.0,1.0,37.15,0.643,0.064,2.11
3737,2.0,64.09,8.0,0.291,0.09,55.0,0.0,31.22,0.463,0.188,1.16
3738,0.0,158.43,4.0,0.2,0.0,126.0,1.0,158.43,0.372,0.023,1.41
3739,11.0,818.24,28.0,0.042,0.011,4.0,3.0,71.76,0.271,0.138,4.3
3740,21.0,506.6,33.0,0.478,0.056,10.0,1.0,24.48,0.297,0.188,0.33
3741,7.0,659.99,22.0,0.107,0.008,8.0,1.0,93.15,0.795,0.263,1.97
3742,7.0,604.84,25.0,0.161,0.071,18.0,0.0,84.62,0.359,0.279,3.26
3743,19.0,738.75,28.0,0.376,0.076,3.0,0.0,38.31,0.719,0.0,0.93
3744,0.0,162.77,9.0,0.165,0.019,48.0,1.0,162.77,0.349,0.287,2.1
3745,13.0,418.83,21.0,0.151,0.043,19.0,1.0,33.44,0.523,0.224,2.19
3746,5.0,141.65,6.0,,0.044,34.0,2.0,27.12,0.263,0.233,0.0
3747,2.0,95.57,3.0,0.14,0.073,131.0,1.0,49.27,0.222,0.0,1.76
3748,2.0,88.1,3.0,0.099,0.031,57.0,1.0,41.41,0.202,0.29,1.39
3749,9.0,511.18,37.0,,0.068,12.0,1.0,55.73,0.29,0.263,2.52
3750,2.0,83.35,2.0,0.198,0.05,51.0,1.0,44.96,0.125,0.136,1.36
3751,23.0,2005.81,55.0,0.069,0.054,2.0,0.0,87.53,0.508,0.087,1.7
3752,21.0,634.84,49.0,0.372,0.09,16.0,1.0,30.59,0.334,0.229,0.27
3753,27.0,1826.76,34.0,0.03,0.058,11.0,0.0,66.45,0.481,0.218,1.1
3754,21.0,704.76,21.0,0.278,0.093,19.0,1.0,33.21,0.546,0.368,0.94
3755,20.0,442.84,54.0,0.471,0.025,15.0,0.0,22.28,0.552,0.134,0.52
3756,0.0,98.32,5.0,0.061,0.025,60.0,2.0,98.32,0.474,0.214,2.02
3757,13.0,421.38,31.0,0.188,0.063,12.0,1.0,32.25,0.453,0.284,0.0
3758,1.0,199.9,10.0,0.041,0.051,32.0,1.0,176.34,0.623,0.319,0.37
3759,2.0,111.28,12.0,0.104,0.036,32.0,0.0,66.02,0.417,0.38,1.82
3760,4.0,109.4,7.0,0.269,0.128,44.0,0.0,25.47,0.126,0.361,0.0
3761,3.0,106.62,0.0,0.187,0.0,79.0,1.0,37.05,0.05,0.105,1.14
3762,25.0,580.77,35.0,0.269,0.074,14.0,3.0,23.05,0.2,0.049,1.53
3763,1.0,82.87,2.0,0.105,0.086,86.0,0.0,64.05,0.554,0.075,0.0
3764,1.0,16.97,3.0,0.307,0.04,65.0,1.0,16.97,0.502,0.239,1.96
3765,1.0,199.84,10.0,0.2,0.007,9.0,1.0,199.84,0.25,0.267,0.61
3766,0.0,100.5,5.0,0.338,0.045,33.0,1.0,100.5,0.565,0.338,1.1
3767,10.0,644.34,32.0,0.1,0.049,14.0,0.0,67.4,0.503,0.208,1.52
3768,19.0,467.67,46.0,0.366,0.121,2.0,1.0,24.24,0.543,0.157,1.7
3769,8.0,475.52,30.0,0.097,0.093,8.0,2.0,57.73,0.17,0.116,2.13
3770,3.0,465.14,29.0,0.072,0.092,11.0,1.0,178.56,0.406,0.002,2.54
3771,24.0,669.65,42.0,0.383,0.105,1.0,1.0,27.79,0.415,0.109,0.02
3772,21.0,607.92,11.0,0.145,0.069,14.0,0.0,28.5,0.525,0.426,2.01
3773,14.0,684.09,49.0,0.489,0.0,13.0,0.0,49.25,0.424,0.084,0.63
3774,1.0,69.28,7.0,0.05,0.012,123.0,0.0,60.93,0.443,0.136,0.33
3775,12.0,308.42,34.0,0.125,0.023,0.0,3.0,24.85,0.537,0.125,1.91
3776,26.0,1764.49,55.0,0.014,0.042,1.0,0.0,68.19,0.506,0.082,1.21
3777,14.0,745.24,48.0,0.336,0.096,1.0,3.0,53.18,0.844,0.363,0.08
3778,5.0,181.24,13.0,0.111,,40.0,0.0,33.31,0.207,0.19,0.68
3779,21.0,326.03,28.0,0.173,0.038,13.0,3.0,15.42,0.153,,0.6
3780,3.0,164.44,10.0,0.297,0.068,49.0,0.0,51.07,0.324,0.027,0.0
3781,2.0,54.04,4.0,0.121,0.073,84.0,0.0,28.26,0.208,0.038,0.78
3782,1.0,577.68,32.0,0.113,0.019,5.0,0.0,444.05,0.716,0.204,1.07
3783,13.0,267.6,18.0,0.129,0.082,14.0,2.0,20.82,0.65,0.402,1.51
3784,6.0,117.48,9.0,,0.0,68.0,1.0,20.91,0.759,0.346,1.58
3785,24.0,894.84,45.0,0.365,0.115,14.0,0.0,37.98,0.24,0.292,0.0
3786,17.0,348.79,24.0,0.115,0.032,7.0,3.0,20.02,0.197,0.199,1.63
3787,0.0,96.39,4.0,0.194,0.0,52.0,3.0,96.39,0.171,0.085,0.84
3788,8.0,667.88,41.0,0.072,0.06,9.0,0.0,85.73,0.457,0.066,0.92
3789,6.0,523.64,33.0,0.161,0.044,25.0,0.0,81.73,0.392,0.0,2.84
3790,31.0,805.3,38.0,0.057,0.041,2.0,3.0,26.3,0.113,0.396,2.07
3791,13.0,629.58,25.0,0.127,0.019,23.0,1.0,49.37,0.541,0.113,1.65
3792,3.0,159.85,7.0,0.162,0.0,40.0,0.0,48.75,0.684,0.071,0.22
3793,4.0,236.09,10.0,0.175,0.036,0.0,0.0,53.25,0.291,0.275,1.18
3794,4.0,0.0,5.0,0.205,0.034,44.0,1.0,0.0,0.253,0.189,1.46
3795,16.0,579.31,47.0,0.153,0.079,15.0,1.0,37.31,0.762,0.192,0.65
3796,28.0,2526.57,42.0,0.0,0.04,5.0,0.0,90.19,0.194,0.243,0.0
3797,7.0,171.16,4.0,0.08,0.067,47.0,2.0,24.4,0.285,0.293,0.91
3798,13.0,638.31,16.0,0.116,0.083,7.0,1.0,50.2,0.334,0.105,1.33
3799,7.0,580.39,40.0,0.555,0.077,3.0,2.0,88.78,0.386,0.157,1.65
3800,3.0,83.9,6.0,0.305,0.001,45.0,1.0,26.59,0.367,0.279,0.0
3801,22.0,470.38,43.0,0.35,0.052,22.0,2.0,21.0,0.489,0.363,0.13
3802,4.0,118.81,3.0,0.231,0.046,42.0,1.0,27.4,0.482,0.233,
3803,12.0,757.7,37.0,0.325,0.084,14.0,2.0,65.47,0.345,0.141,2.15
3804,16.0,1425.97,63.0,0.026,0.03,6.0,0.0,87.24,0.44,0.066,2.51
3805,18.0,1777.85,67.0,0.084,0.027,2.0,0.0,99.63,0.478,0.064,2.54
3806,6.0,61.54,6.0,0.144,0.0,34.0,1.0,11.15,0.242,0.284,1.27
3807,20.0,620.74,36.0,0.409,0.072,2.0,1.0,30.34,0.358,0.274,0.0
3808,10.0,498.89,35.0,0.09,0.064,15.0,0.0,50.26,0.199,0.268,2.34
3809,17.0,603.74,24.0,0.154,0.036,0.0,2.0,36.42,0.168,0.2,1.67
3810,20.0,832.06,51.0,0.288,0.037,22.0,1.0,41.94,0.572,0.208,0.28
3811,1.0,159.7,11.0,0.131,0.074,29.0,2.0,128.75,0.388,0.261,1.82
3812,28.0,696.05,48.0,0.448,0.038,0.0,1.0,24.98,0.647,0.154,0.0
3813,1.0,99.06,14.0,0.051,0.032,33.0,1.0,99.06,0.727,0.346,1.56
3814,0.0,5.81,5.0,0.149,0.032,90.0,0.0,5.81,0.207,0.125,0.94
3815,4.0,560.73,37.0,0.192,0.029,17.0,2.0,135.49,0.696,0.226,3.45
3816,15.0,597.23,36.0,0.333,0.084,18.0,3.0,39.51,0.32,0.25,1.53
3817,4.0,116.67,4.0,0.34,0.001,56.0,1.0,29.15,0.33,0.367,0.91
3818,11.0,756.8,28.0,0.143,0.055,18.0,0.0,67.8,0.393,0.278,2.16
3819,22.0,441.77,46.0,0.457,0.039,11.0,1.0,20.43,0.327,0.091,0.3
3820,7.0,517.6,27.0,0.204,0.0,14.0,1.0,70.56,0.299,0.0,1.58
3821,5.0,0.65,14.0,0.039,0.0,49.0,1.0,0.12,0.436,0.217,1.6
3822,13.0,460.99,43.0,0.056,0.049,14.0,0.0,36.19,0.247,0.309,1.9
3823,12.0,510.42,33.0,0.074,0.002,18.0,0.0,43.26,0.418,0.145,3.37
3824,2.0,124.87,6.0,0.322,0.009,41.0,1.0,58.98,0.687,0.057,2.15
3825,3.0,97.78,10.0,0.347,0.0,29.0,0.0,29.2,0.266,0.363,0.24
3826,12.0,501.58,15.0,0.191,0.048,18.0,2.0,42.64,0.348,0.05,2.63
3827,6.0,759.9,39.0,0.098,0.066,20.0,1.0,134.02,0.827,0.348,0.0
3828,19.0,1352.96,63.0,0.022,0.058,4.0,1.0,72.4,0.524,0.134,1.27
3829,6.0,597.3,17.0,0.106,0.052,10.0,0.0,96.97,0.151,0.198,3.14
3830,7.0,576.77,22.0,0.086,0.042,15.0,1.0,83.21,0.615,0.393,0.56
3831,36.0,1917.08,78.0,0.028,0.041,5.0,1.0,53.39,0.139,0.282,2.63
3832,26.0,2140.46,64.0,0.052,0.048,6.0,2.0,81.97,0.562,0.209,0.98
3833,38.0,1059.09,60.0,0.028,0.034,5.0,1.0,27.79,0.07,0.217,2.36
3834,1.0,89.64,0.0,0.108,0.0,12.0,0.0,89.64,0.571,0.192,0.0
3835,34.0,1087.18,58.0,0.03,0.07,1.0,2.0,31.93,0.386,0.359,1.82
3836,3.0,125.41,4.0,0.212,0.0,22.0,2.0,36.41,0.086,0.276,1.65
3837,8.0,645.29,19.0,0.173,0.039,8.0,3.0,82.73,0.279,0.215,1.87
3838,12.0,586.86,35.0,0.0,0.086,11.0,3.0,48.25,0.308,0.215,1.21
3839,8.0,106.37,5.0,0.172,0.038,35.0,1.0,13.45,0.284,0.175,0.38
3840,0.0,107.78,0.0,0.209,0.0,46.0,2.0,107.78,0.223,,0.55
3841,5.0,68.88,5.0,0.157,0.076,27.0,0.0,13.9,0.447,0.11,2.02
3842,3.0,140.14,9.0,0.244,0.026,34.0,0.0,45.67,0.258,0.334,0.0
3843,35.0,2368.26,58.0,0.05,0.014,3.0,0.0,68.31,0.403,0.333,2.17
3844,9.0,543.67,38.0,0.21,0.12,18.0,1.0,61.1,0.345,0.141,2.07
3845,9.0,528.66,25.0,0.07,0.052,18.0,2.0,61.02,0.196,0.353,1.39
3846,15.0,850.96,33.0,0.408,0.021,7.0,1.0,56.55,0.315,0.369,0.0
3847,4.0,159.87,5.0,0.174,0.03,68.0,2.0,42.12,0.18,0.298,1.2
3848,13.0,407.74,27.0,0.009,0.054,16.0,2.0,30.99,0.455,0.257,2.83
3849,21.0,421.94,24.0,0.228,0.102,17.0,1.0,20.47,0.419,0.311,2.76
3850,2.0,90.62,12.0,0.097,0.043,0.0,2.0,50.49,0.101,0.227,1.97
3851,31.0,1928.25,92.0,0.068,0.022,4.0,1.0,62.48,0.483,0.169,3.25
3852,4.0,141.43,7.0,0.096,0.028,23.0,0.0,33.29,0.274,0.241,1.21
3853,2.0,59.57,5.0,0.167,0.008,71.0,0.0,35.56,0.253,0.0,0.19
3854,2.0,119.58,1.0,0.055,0.021,85.0,0.0,61.26,0.4,0.058,0.33
3855,4.0,920.36,31.0,0.228,0.077,25.0,2.0,237.51,0.197,0.28,2.7
3856,11.0,537.84,19.0,0.081,0.023,15.0,2.0,47.97,0.539,0.18,2.15
3857,32.0,888.22,34.0,0.03,0.081,0.0,1.0,27.58,0.433,0.342,3.25
3858,12.0,727.0,38.0,0.097,0.076,11.0,2.0,58.2,0.798,0.094,2.75
3859,2.0,92.89,2.0,0.208,0.044,118.0,1.0,51.75,0.065,0.207,0.82
3860,13.0,736.01,37.0,0.27,0.142,11.0,2.0,55.37,0.413,,0.67
3861,19.0,425.33,36.0,0.313,0.083,13.0,1.0,22.14,0.37,0.126,0.15
3862,6.0,400.26,11.0,0.078,0.052,20.0,0.0,72.02,0.177,0.086,1.48
3863,13.0,415.13,31.0,0.132,0.064,4.0,3.0,32.51,0.441,0.244,2.51
3864,1.0,86.88,5.0,0.107,0.048,54.0,0.0,86.88,0.346,0.162,0.95
3865,21.0,448.9,58.0,0.452,0.091,26.0,1.0,21.87,0.327,0.218,0.0
3866,15.0,608.46,26.0,0.118,0.024,9.0,1.0,40.31,0.475,0.154,1.16
3867,26.0,1300.22,61.0,0.105,0.037,10.0,2.0,49.11,0.59,0.107,2.01
3868,10.0,679.1,36.0,0.023,0.058,0.0,1.0,70.28,0.372,0.133,2.49
3869,16.0,742.91,60.0,0.367,0.136,12.0,1.0,46.24,0.301,0.263,0.52
3870,7.0,660.66,31.0,0.147,0.085,12.0,1.0,91.08,0.357,0.257,1.68
3871,10.0,655.52,28.0,0.111,0.077,11.0,0.0,66.37,0.606,0.073,2.0
3872,18.0,319.42,24.0,0.116,0.066,12.0,0.0,17.5,0.313,0.101,2.14
3873,4.0,66.66,8.0,0.272,0.049,44.0,0.0,17.08,0.744,0.475,0.0
3874,23.0,1201.03,65.0,0.045,0.051,8.0,2.0,51.38,0.146,0.354,1.92
3875,9.0,323.91,30.0,0.122,0.046,12.0,2.0,36.02,0.18,0.215,1.9
3876,10.0,386.12,23.0,0.018,0.053,11.0,0.0,37.76,0.88,0.199,1.58
3877,15.0,612.6,43.0,0.431,0.025,28.0,1.0,39.99,0.874,0.297,1.83
3878,16.0,734.21,22.0,0.012,0.064,7.0,1.0,45.19,0.107,0.493,2.64
3879,3.0,96.29,3.0,0.038,0.02,54.0,0.0,33.1,0.121,0.135,0.46
3880,12.0,450.13,49.0,0.099,0.039,18.0,2.0,38.77,0.146,0.33,2.39
3881,11.0,779.14,30.0,0.084,0.069,8.0,0.0,67.8,0.54,0.184,1.46
3882,4.0,133.0,5.0,0.268,0.037,59.0,1.0,36.78,0.604,0.103,0.63
3883,18.0,1600.93,68.0,0.115,0.024,4.0,1.0,89.25,0.148,0.008,1.19
3884,12.0,865.99,33.0,0.35,0.102,0.0,1.0,69.67,0.868,,2.03
3885,29.0,2242.94,30.0,0.088,0.034,8.0,0.0,77.67,0.352,0.385,2.31
3886,6.0,754.36,23.0,0.481,0.084,10.0,1.0,128.39,0.854,0.333,0.13
3887,15.0,366.66,24.0,0.138,0.019,11.0,3.0,24.16,0.18,0.397,2.73
3888,10.0,925.36,40.0,0.373,0.112,12.0,3.0,93.3,0.953,0.116,1.77
3889,3.0,83.19,1.0,0.139,0.046,149.0,0.0,24.05,0.533,0.0,1.59
3890,7.0,668.84,38.0,0.081,0.0,6.0,0.0,92.44,0.752,0.078,2.38
3891,24.0,2367.45,48.0,0.028,0.0,4.0,1.0,100.17,0.273,0.15,2.27
3892,4.0,192.49,1.0,0.21,0.072,57.0,0.0,50.9,0.383,0.436,1.34
3893,30.0,1857.49,62.0,0.049,0.029,12.0,1.0,62.16,0.127,0.203,0.48
3894,34.0,2009.67,63.0,0.112,0.03,11.0,2.0,58.95,0.545,0.23,1.67
3895,18.0,389.6,47.0,0.314,0.147,6.0,1.0,21.18,0.455,0.0,0.75
3896,0.0,64.09,4.0,0.173,0.04,93.0,1.0,64.09,0.369,0.077,0.0
3897,2.0,91.74,6.0,0.029,0.043,148.0,0.0,56.9,0.457,0.0,1.2
3898,1.0,105.41,15.0,0.153,0.045,7.0,0.0,72.02,0.545,0.472,0.95
3899,11.0,431.66,35.0,0.057,0.093,12.0,1.0,40.77,0.239,0.251,
3900,7.0,634.04,16.0,0.054,0.031,10.0,2.0,90.69,0.455,0.233,2.34
3901,8.0,152.16,9.0,0.342,0.016,44.0,0.0,18.88,0.501,0.024,0.56
3902,7.0,654.92,49.0,0.302,0.141,8.0,0.0,93.16,0.608,0.233,1.7
3903,2.0,87.56,0.0,0.17,0.0,63.0,1.0,39.14,0.296,,1.15
3904,9.0,409.52,31.0,0.095,0.043,0.0,1.0,46.37,0.394,0.31,1.28
3905,9.0,142.15,11.0,0.263,0.072,39.0,0.0,15.47,0.394,0.215,1.61
3906,3.0,0.0,2.0,0.104,0.054,62.0,1.0,0.0,0.201,0.097,0.23
3907,4.0,679.8,27.0,0.181,0.048,17.0,3.0,152.26,0.649,0.318,2.27
3908,3.0,576.16,32.0,0.049,0.026,6.0,2.0,178.04,0.185,0.288,0.61
3909,1.0,167.39,6.0,0.2,0.076,31.0,2.0,112.28,0.092,0.234,1.6
3910,1.0,28.4,2.0,0.107,0.019,57.0,0.0,28.4,0.773,0.195,0.55
3911,2.0,71.05,8.0,0.108,0.016,30.0,1.0,36.28,0.175,0.382,1.16
3912,17.0,2672.58,50.0,0.09,0.025,6.0,0.0,160.22,0.238,0.196,1.43
3913,2.0,126.2,8.0,0.153,0.024,33.0,0.0,52.39,0.053,,1.14
3914,11.0,340.73,35.0,0.163,0.059,10.0,0.0,31.11,0.212,0.282,1.61
3915,31.0,1402.85,39.0,0.064,0.06,5.0,1.0,45.91,0.092,0.069,2.12
3916,14.0,413.28,34.0,0.308,0.109,14.0,1.0,29.79,0.502,0.371,0.09
3917,2.0,119.89,9.0,0.068,0.063,7.0,0.0,63.77,0.317,0.213,0.9
3918,5.0,210.17,2.0,0.185,0.04,47.0,2.0,40.6,0.272,0.154,1.52
3919,19.0,745.29,18.0,0.063,0.09,17.0,0.0,40.17,0.671,0.328,0.65
3920,15.0,631.35,28.0,0.117,0.053,14.0,2.0,43.29,0.255,0.323,1.59
3921,15.0,395.44,39.0,0.194,0.083,11.0,1.0,25.71,0.056,0.169,2.38
3922,34.0,1008.99,76.0,0.045,0.036,9.0,0.0,29.75,0.137,0.314,2.04
3923,0.0,54.9,0.0,0.132,0.053,70.0,1.0,54.9,0.315,0.134,0.0
3924,26.0,1335.41,33.0,0.056,0.0,2.0,2.0,51.19,0.374,0.187,0.3
3925,2.0,230.12,10.0,0.185,0.052,47.0,0.0,149.22,0.457,0.199,1.14
3926,4.0,172.86,11.0,0.246,0.0,94.0,1.0,38.9,0.095,0.133,2.53
3927,3.0,94.16,4.0,0.259,0.058,15.0,1.0,36.06,0.574,0.262,0.08
3928,4.0,109.71,14.0,0.164,0.058,48.0,0.0,27.69,0.578,0.262,1.14
3929,15.0,280.87,35.0,0.002,0.016,8.0,2.0,18.24,0.399,0.198,1.28
3930,3.0,546.28,20.0,0.215,0.101,24.0,1.0,169.27,0.936,0.116,1.71
3931,2.0,97.92,11.0,0.009,0.066,50.0,1.0,62.77,0.264,0.335,1.0
3932,2.0,141.77,0.0,0.07,0.055,111.0,0.0,77.94,0.427,0.0,1.23
3933,0.0,57.34,4.0,0.06,,97.0,1.0,57.34,0.212,0.0,1.52
3934,22.0,1823.46,70.0,0.0,0.058,4.0,0.0,83.48,0.5,0.279,2.57
3935,2.0,143.24,2.0,0.282,0.046,45.0,1.0,94.49,0.336,0.362,0.0
3936,14.0,459.32,39.0,0.082,0.068,17.0,0.0,34.01,0.33,0.257,1.83
3937,15.0,308.41,34.0,0.127,0.1,10.0,2.0,20.6,0.354,0.35,1.79
3938,1.0,24.75,11.0,0.225,0.071,35.0,0.0,18.32,0.205,0.222,2.54
3939,15.0,204.33,47.0,0.113,0.04,13.0,3.0,13.74,0.388,0.269,3.35
3940,2.0,1.8,9.0,0.327,0.107,67.0,0.0,0.74,0.165,0.214,0.64
3941,3.0,242.19,9.0,0.175,0.051,59.0,0.0,70.01,0.495,0.337,0.42
3942,10.0,586.31,17.0,0.088,0.054,7.0,2.0,58.2,0.486,0.186,2.52
3943,18.0,952.69,41.0,0.462,0.063,7.0,2.0,53.7,0.454,0.221,0.0
3944,17.0,398.9,43.0,0.0,0.009,12.0,1.0,23.14,0.342,0.214,1.38
3945,21.0,566.24,76.0,0.48,0.081,6.0,4.0,27.25,0.698,0.282,0.39
3946,22.0,1853.12,65.0,0.047,0.036,2.0,1.0,85.72,0.353,0.17,1.1
3947,13.0,548.77,27.0,0.052,0.034,20.0,0.0,41.25,0.152,0.257,1.29
3948,9.0,406.36,25.0,0.072,0.04,15.0,1.0,45.33,0.526,0.201,2.59
3949,15.0,299.78,29.0,0.049,0.027,13.0,0.0,20.06,0.292,0.252,1.12
3950,9.0,707.92,47.0,0.375,0.069,22.0,1.0,77.58,0.346,0.424,0.21
3951,10.0,339.78,33.0,0.076,0.052,13.0,2.0,35.61,0.507,0.45,2.86
3952,5.0,189.26,11.0,0.134,0.056,28.0,1.0,36.51,0.281,0.219,0.76
3953,28.0,1283.1,75.0,0.042,0.08,3.0,3.0,46.13,0.355,0.208,0.38
3954,2.0,16.51,1.0,0.088,0.032,160.0,1.0,7.64,0.235,0.0,0.0
3955,44.0,2084.91,48.0,0.063,0.053,5.0,1.0,47.57,0.535,0.103,2.11
3956,7.0,455.73,37.0,0.101,0.045,0.0,2.0,68.76,0.086,0.295,0.54
3957,15.0,379.69,49.0,0.472,0.142,15.0,1.0,25.23,0.497,0.319,
3958,25.0,910.16,45.0,0.374,0.122,17.0,1.0,37.03,0.664,0.232,1.28
3959,11.0,547.08,24.0,0.042,0.039,11.0,1.0,49.44,0.192,0.167,0.75
3960,13.0,575.72,16.0,0.117,0.062,18.0,2.0,45.98,0.375,0.299,1.33
3961,5.0,118.92,12.0,0.191,0.037,29.0,0.0,25.02,0.244,0.307,0.05
3962,29.0,1155.81,44.0,,0.042,3.0,1.0,39.69,0.549,0.154,1.68
3963,4.0,121.86,9.0,0.176,0.001,21.0,0.0,30.0,0.643,0.441,0.88
3964,3.0,150.98,7.0,0.409,0.045,34.0,1.0,46.96,0.159,0.107,0.96
3965,41.0,1875.21,56.0,0.072,0.057,4.0,2.0,46.02,0.333,0.011,2.62
3966,37.0,1097.82,44.0,0.082,0.032,0.0,2.0,29.6,0.556,0.223,1.55
3967,5.614981249447321,216.68614058269708,4.0,0.199,0.002,35.0,0.0,35.45,0.067,0.0,1.38
3968,2.0,52.17,8.0,0.234,0.046,59.0,1.0,31.73,0.617,,1.53
3969,30.0,2086.87,55.0,0.025,0.031,9.0,0.0,68.75,0.631,0.137,2.67
3970,36.0,1350.32,53.0,0.093,0.015,7.0,0.0,37.07,0.101,0.121,1.77
3971,6.0,308.08,34.0,0.203,0.026,11.0,2.0,50.46,0.591,0.197,1.84
3972,13.0,604.64,25.0,0.096,0.094,10.0,2.0,48.06,0.401,0.367,2.52
3973,17.0,1946.47,77.0,0.051,0.014,9.0,1.0,115.19,0.202,0.285,2.15
3974,3.0,75.61,3.0,0.139,0.02,150.0,0.0,30.02,0.601,0.119,1.03
3975,10.0,526.06,18.0,0.145,0.086,5.0,2.0,50.45,0.62,0.282,1.79
3976,13.0,524.83,32.0,0.095,0.08,16.0,0.0,39.09,0.611,0.391,2.75
3977,4.0,144.65,12.0,0.011,0.061,0.0,1.0,37.37,0.594,0.241,0.0
3978,3.0,130.73,2.0,0.211,0.002,70.0,1.0,51.69,0.236,0.196,0.0
3979,17.0,394.45,22.0,0.524,0.149,18.0,1.0,23.08,0.55,0.193,1.64
3980,13.0,282.16,36.0,0.173,0.085,16.0,1.0,22.05,0.408,0.145,
3981,16.0,711.86,32.0,0.113,0.064,18.0,0.0,44.14,0.154,0.127,2.56
3982,25.0,2088.27,66.0,0.037,0.053,9.0,0.0,85.19,0.474,0.328,0.67
3983,15.0,397.18,20.0,0.163,0.058,6.0,1.0,26.47,0.57,0.213,1.34
3984,8.0,555.71,30.0,0.15,0.082,24.0,0.0,73.53,0.331,0.0,2.17
3985,13.0,764.82,29.0,0.102,0.082,1.0,1.0,59.44,0.301,0.409,2.02
3986,2.0,42.74,4.0,0.301,0.049,30.0,0.0,17.3,0.436,0.291,0.21
3987,5.0,131.83,11.0,0.25,0.07,54.0,0.0,26.05,0.163,0.234,1.02
3988,18.0,860.86,57.0,0.33,0.143,17.0,1.0,48.26,0.852,0.474,0.57
3989,5.0,273.5,27.0,0.12,0.035,12.0,1.0,55.54,0.168,0.266,2.51
3990,16.0,432.5,21.0,0.059,0.097,20.0,2.0,26.46,0.732,0.179,2.18
3991,2.0,74.48,11.0,0.05,0.051,55.0,0.0,34.46,0.45,0.0,1.43
3992,4.0,0.0,10.0,0.209,0.085,12.0,1.0,0.0,0.389,0.01,1.96
3993,11.0,302.65,13.0,0.116,0.049,4.0,0.0,27.32,0.647,0.104,1.25
3994,22.0,2124.52,33.0,0.01,0.017,1.0,2.0,95.33,0.363,0.146,2.49
3995,4.0,146.1,4.0,0.196,0.044,40.0,0.0,33.37,0.558,0.421,2.38
3996,23.0,2147.59,59.0,0.077,0.012,4.0,2.0,95.31,0.425,0.593,1.92
3997,4.0,127.89,13.0,0.163,0.053,24.0,1.0,35.47,0.634,0.098,1.14
3998,15.0,460.79,49.0,0.073,0.064,5.0,1.0,29.92,0.506,0.116,2.47
3999,13.0,435.81,26.0,0.072,0.012,7.0,3.0,33.12,0.286,0.106,1.29
4000,3.0,98.22,5.0,0.086,0.0,44.0,0.0,35.96,0.212,0.235,0.0
4001,9.0,733.64,50.0,0.509,0.038,10.0,1.0,83.9,0.366,0.057,1.56
4002,12.0,428.23,18.0,0.114,0.066,9.0,0.0,34.54,0.493,0.338,1.77
4003,2.0,0.0,4.0,0.26,0.027,172.0,0.0,0.0,0.333,0.123,0.29
4004,6.0,64.14,14.0,0.252,0.017,43.0,0.0,10.61,0.284,,1.02
4005,22.0,591.47,54.0,0.275,0.03,15.0,0.0,27.15,0.568,0.288,2.33
4006,2.0,17.53,3.0,0.0,0.027,98.0,0.0,9.11,0.715,0.0,1.75
4007,12.0,491.27,26.0,0.063,0.099,13.0,3.0,39.33,0.65,0.218,2.33
4008,8.0,547.1,27.0,0.129,0.014,18.0,0.0,65.73,0.129,0.416,3.05
4009,36.0,1421.66,55.0,0.027,0.069,9.0,4.0,39.02,0.287,0.448,1.39
4010,2.0,74.98,11.0,0.09,0.011,40.0,1.0,46.26,0.552,0.105,0.03
4011,16.0,1619.11,40.0,0.105,0.034,3.0,2.0,98.97,0.554,0.192,2.03
4012,13.0,765.83,41.0,0.402,0.112,3.0,2.0,57.52,0.864,0.26,0.11
4013,15.0,570.24,62.0,0.473,0.148,0.0,1.0,37.06,0.505,0.479,1.04
4014,35.0,2304.3,40.0,,0.08,5.0,0.0,65.62,0.207,0.247,0.56
4015,0.0,99.39,14.0,0.121,0.048,41.0,1.0,99.39,0.3,0.117,1.76
4016,4.0,141.5,19.0,0.291,0.079,36.0,0.0,34.19,0.28,0.283,2.93
4017,10.0,624.35,18.0,0.133,0.099,14.0,0.0,62.58,0.216,0.156,1.55
4018,31.0,1616.53,37.0,0.008,0.031,14.0,0.0,51.99,0.492,0.244,2.23
4019,4.0,120.16,5.0,0.17,0.056,69.0,0.0,33.6,0.168,0.177,0.0
4020,34.0,2298.38,46.0,0.003,0.037,5.0,1.0,67.09,0.452,0.474,0.74
4021,6.0,435.97,27.0,0.148,0.064,19.0,2.0,73.48,0.494,0.346,1.48
4022,9.0,611.11,26.0,0.13,0.057,24.0,0.0,67.09,0.191,0.112,2.61
4023,26.0,1571.96,27.0,0.044,0.041,3.0,1.0,60.19,0.053,0.2,2.5
4024,16.0,423.25,37.0,0.326,0.078,24.0,3.0,25.86,0.439,0.085,2.04
4025,3.0,107.04,3.0,0.165,0.024,122.0,0.0,34.17,0.3,0.235,0.58
4026,1.0,239.0,4.0,0.305,0.026,51.0,0.0,239.0,0.348,0.264,1.08
4027,20.0,365.83,52.0,0.461,0.075,14.0,1.0,18.0,0.506,0.1,0.0
4028,2.0,60.14,1.0,0.192,0.059,88.0,1.0,38.16,0.094,0.042,0.75
4029,4.0,85.79,14.0,0.04,0.1,33.0,0.0,23.45,0.48,0.167,0.0
4030,5.0,96.81,1.0,0.229,0.054,44.0,2.0,21.35,0.415,0.326,0.05
4031,1.0,158.4,2.0,0.146,0.072,9.0,0.0,158.4,0.482,0.144,0.0
4032,19.0,576.87,34.0,0.093,0.076,9.0,2.0,30.25,0.572,0.279,1.44
4033,29.0,785.55,65.0,,0.021,3.0,0.0,27.55,0.246,0.339,1.61
4034,11.0,195.06,33.0,0.144,0.033,3.0,1.0,17.2,0.222,0.425,2.83
4035,6.0,176.37,10.0,0.259,0.072,39.0,0.0,30.58,0.314,0.082,1.29
4036,5.0,189.83,6.0,0.237,0.027,42.0,1.0,39.41,0.559,0.248,1.19
4037,4.0,227.75,9.0,0.173,0.041,40.0,0.0,55.04,0.398,0.307,0.0
4038,36.0,1985.92,45.0,0.109,0.045,9.0,1.0,55.75,0.105,0.131,1.76
4039,0.0,705.92,9.0,0.037,0.028,14.0,2.0,705.92,0.313,0.384,2.32
4040,30.231406992651063,1220.1544665303552,35.0,0.225,0.091,11.0,1.0,25.4,0.724,0.346,1.97
4041,14.0,542.39,29.0,0.119,0.031,11.0,2.0,39.93,0.469,0.267,1.54
4042,4.0,98.62,5.0,0.185,0.028,32.0,1.0,26.35,0.415,0.177,1.8
4043,21.0,1924.89,32.0,0.018,0.015,7.0,0.0,90.5,0.231,0.116,1.96
4044,14.0,456.65,44.0,0.11,0.022,9.0,0.0,33.46,0.368,0.123,2.35
4045,8.0,581.66,13.0,0.226,0.048,14.0,1.0,68.56,0.358,0.231,1.89
4046,16.0,345.64,29.0,0.122,0.05,16.0,0.0,21.35,0.369,0.144,2.01
4047,33.0,2390.28,81.0,0.048,0.079,7.0,0.0,72.92,0.228,0.119,1.94
4048,1.0,52.6,1.0,0.077,0.034,89.0,0.0,51.05,0.759,0.228,0.0
4049,11.0,704.33,26.0,0.071,0.067,12.0,1.0,63.83,0.391,0.246,1.79
4050,36.0,2134.67,63.0,0.019,0.059,7.0,1.0,59.03,0.194,0.289,1.7
4051,15.0,651.51,38.0,0.076,0.1,22.0,1.0,42.32,0.653,0.23,1.39
4052,0.0,86.7,14.0,0.181,0.07,69.0,0.0,86.7,0.403,0.0,0.93
4053,1.0,163.74,3.0,0.156,0.018,11.0,1.0,163.74,0.35,0.309,0.92
4054,24.0,1417.63,66.0,0.067,0.04,4.0,1.0,59.79,0.118,0.078,1.93
4055,19.0,763.94,41.0,0.449,0.078,17.0,1.0,39.97,0.569,0.367,0.0
4056,9.0,704.17,23.0,0.113,0.0,13.0,1.0,80.8,0.54,0.309,2.88
4057,15.0,529.4,52.0,0.161,0.075,17.0,0.0,34.24,0.275,0.147,0.83
4058,13.0,458.43,27.0,0.098,0.017,7.0,0.0,34.74,0.368,,2.35
4059,4.0,205.51,4.0,0.225,0.017,27.0,2.0,56.52,0.441,0.42,0.92
4060,20.0,482.33,53.0,0.358,0.071,6.0,2.0,24.13,0.301,0.195,2.33
4061,28.0,1611.16,76.0,0.0,0.03,12.0,0.0,58.56,0.175,0.001,0.91
4062,16.0,881.46,29.0,0.345,0.006,18.0,1.0,55.63,0.216,0.5,1.55
4063,13.0,292.99,25.0,0.067,0.0,15.0,2.0,23.17,0.281,0.338,2.41
4064,13.0,550.73,22.0,0.186,0.02,7.0,1.0,41.84,0.224,0.212,1.08
4065,26.0,1331.92,51.0,0.02,0.041,10.0,1.0,51.12,0.508,0.43,0.96
4066,1.0,84.48,2.0,0.174,0.076,55.0,1.0,66.16,0.533,0.262,1.69
4067,17.0,723.85,67.0,0.337,0.032,5.0,1.0,42.18,0.285,0.2,2.08
4068,22.0,2209.86,39.0,0.025,0.023,9.0,2.0,102.28,0.077,0.203,1.37
4069,26.0,547.85,31.0,0.332,0.097,6.0,1.0,20.93,0.344,0.217,0.5
4070,6.0,573.41,37.0,0.095,0.026,3.0,0.0,88.26,0.577,0.136,1.12
4071,3.0,123.66,1.0,,0.042,190.0,0.0,43.9,0.284,0.078,1.1
4072,5.0,123.94,4.0,0.156,0.063,7.0,1.0,26.18,0.082,0.227,
4073,16.0,623.23,26.0,0.11,0.07,25.0,1.0,39.91,0.361,0.133,2.29
4074,4.0,16.51,5.0,0.151,0.003,119.0,0.0,3.86,0.355,0.187,0.86
4075,4.0,0.0,6.0,0.261,0.088,53.0,0.0,0.0,0.412,0.191,0.33
4076,3.0,117.4,8.0,0.15,0.068,35.0,1.0,43.64,0.431,0.313,1.34
4077,8.0,648.33,31.0,0.18,0.065,16.0,2.0,86.1,0.253,0.375,2.11
4078,1.0,8.1,4.0,0.123,0.0,88.0,0.0,6.49,0.436,0.164,1.7
4079,16.0,580.82,30.0,0.069,0.051,13.0,1.0,36.87,0.523,0.089,1.78
4080,7.0,635.61,28.0,0.077,0.043,8.0,0.0,87.82,0.502,0.164,3.67
4081,2.0,239.84,11.0,0.333,0.001,39.0,0.0,127.05,0.38,0.088,1.23
4082,1.0,9.93,3.0,0.093,0.036,109.0,0.0,7.37,0.332,0.205,0.81
4083,18.0,547.17,52.0,0.381,0.078,2.0,3.0,30.77,0.265,0.102,0.0
4084,26.0,1889.52,61.0,0.006,0.049,0.0,3.0,73.36,0.608,0.34,1.9
4085,26.0,2221.38,67.0,0.03,0.081,11.0,1.0,84.1,0.483,0.22,
4086,10.0,2224.59,65.0,0.057,0.056,9.0,1.0,216.09,0.536,0.191,3.99
4087,25.0,771.38,51.0,0.369,0.195,7.0,0.0,30.47,0.354,0.104,0.64
4088,16.0,434.74,38.0,0.156,0.031,7.0,0.0,27.46,0.918,0.079,1.44
4089,3.0,150.53,3.0,0.081,0.0,99.0,0.0,49.39,0.15,0.207,0.6
4090,1.0,179.93,11.0,0.271,0.076,24.0,1.0,179.93,0.351,0.254,0.9
4091,0.0,0.0,2.0,0.07,0.039,56.0,0.0,0.0,0.512,0.03,0.0
4092,24.0,535.8,57.0,0.443,0.088,0.0,0.0,22.73,0.761,0.157,0.49
4093,11.0,425.83,31.0,0.086,0.099,18.0,1.0,39.76,0.326,0.221,1.1
4094,11.0,623.39,21.0,0.086,0.026,13.0,1.0,55.43,0.429,0.238,2.48
4095,3.0,106.65,6.0,0.168,0.067,45.0,1.0,32.62,0.738,0.31,1.63
4096,22.0,775.89,46.0,0.259,0.132,15.0,0.0,34.68,0.832,0.063,1.32
4097,11.0,731.28,64.0,0.399,0.036,11.0,1.0,65.46,0.673,0.108,1.61
4098,24.0,1868.68,73.0,0.0,0.091,9.0,3.0,79.31,0.331,0.184,1.97
4099,18.0,953.2,64.0,0.552,0.182,24.0,1.0,52.29,0.615,0.11,1.02
4100,18.0,538.69,40.0,0.455,0.081,12.0,0.0,30.01,0.513,0.0,0.0
4101,1.0,158.27,7.0,0.169,0.04,31.0,1.0,145.88,0.295,0.221,0.83
4102,20.0,800.56,33.0,0.134,0.048,6.0,1.0,40.69,0.406,0.409,2.34
4103,18.0,581.45,73.0,0.331,0.061,29.0,1.0,32.17,0.735,0.381,0.02
4104,23.0,531.9,13.0,0.406,0.133,18.0,0.0,23.33,0.572,0.191,0.47
4105,27.0,1836.95,46.0,0.034,0.026,3.0,0.0,68.07,0.528,0.146,2.11
4106,15.0,462.14,20.0,0.063,0.049,9.0,0.0,30.68,0.496,0.0,1.48
4107,23.0,1714.73,65.0,0.094,0.0,9.0,3.0,73.74,0.293,0.281,0.0
4108,25.0,2143.01,63.0,0.087,0.049,5.0,0.0,87.43,0.387,0.256,2.71
4109,4.0,152.25,10.0,0.118,0.069,40.0,1.0,38.14,0.349,0.266,1.29
4110,5.0,119.79,13.0,0.166,0.0,45.0,0.0,23.15,0.703,0.124,0.04
4111,6.0,847.61,26.0,0.137,0.058,12.0,1.0,136.93,0.211,0.09,1.07
4112,4.0,649.69,43.0,0.366,0.162,18.0,1.0,146.53,0.574,0.096,0.0
4113,8.0,541.92,27.0,0.111,0.04,1.0,1.0,64.87,0.417,0.258,0.52
4114,18.0,181.21,43.0,0.018,0.089,6.0,1.0,9.86,0.648,0.225,2.65
4115,21.0,1923.06,70.0,0.121,0.019,0.0,1.0,93.22,0.356,0.22,1.89
4116,28.0,2497.91,61.0,0.051,0.046,5.0,2.0,89.03,0.427,0.303,1.96
4117,10.0,468.77,17.0,0.087,0.085,27.0,1.0,49.1,0.608,0.168,1.46
4118,3.0,0.0,10.0,0.127,0.007,45.0,1.0,0.0,0.529,0.113,0.0
4119,21.0,461.64,51.0,0.392,0.047,6.0,1.0,21.99,0.928,0.126,1.34
4120,0.0,76.57,2.0,0.26,0.065,42.0,3.0,76.57,0.091,0.0,1.93
4121,1.0,105.19,6.0,0.148,0.029,80.0,1.0,76.42,0.694,0.111,0.0
4122,11.0,433.29,30.0,0.079,0.0,4.0,2.0,40.27,0.323,0.45,1.7
4123,8.0,457.64,13.0,0.094,0.029,20.0,2.0,54.31,0.336,0.293,3.61
4124,12.0,471.5,30.0,0.099,0.021,22.0,0.0,38.85,0.353,0.122,0.73
4125,2.0,173.48,10.0,0.213,0.018,6.0,1.0,105.82,0.342,0.404,0.0
4126,42.0,1374.13,18.0,0.041,0.036,3.0,4.0,32.48,0.166,0.051,1.57
4127,27.0,2537.53,75.0,0.045,0.028,12.0,2.0,95.05,0.287,0.395,1.96
4128,2.0,124.45,9.0,0.228,0.034,31.0,1.0,59.85,0.304,0.156,1.84
4129,4.0,172.41,11.0,0.133,0.0,28.0,1.0,45.98,0.643,0.186,1.42
4130,29.0,2028.99,71.0,0.0,0.076,4.0,0.0,70.38,0.135,0.024,1.53
4131,2.0,73.87,2.0,0.095,0.058,115.0,0.0,34.28,0.742,0.0,0.12
4132,11.0,497.98,32.0,0.065,0.047,12.0,0.0,44.77,0.289,0.053,2.66
4133,19.0,302.88,49.0,0.456,0.074,16.0,2.0,15.54,0.523,0.131,0.0
4134,4.0,411.1,20.0,0.079,0.086,14.0,1.0,91.6,0.777,0.244,3.59
4135,5.0,110.57,7.0,0.024,0.0,24.0,1.0,20.66,0.394,0.29,1.69
4136,5.0,340.35,4.0,0.133,0.03,55.0,2.0,70.42,0.574,0.108,0.9
4137,17.0,639.12,70.0,0.37,0.119,0.0,2.0,36.73,0.71,0.194,1.52
4138,17.0,593.44,46.0,0.387,0.116,12.0,1.0,34.03,0.563,0.147,0.0
4139,8.0,682.92,30.0,0.138,0.088,15.0,2.0,89.6,0.429,0.176,1.25
4140,10.0,463.22,25.0,0.025,0.039,4.0,1.0,46.52,0.431,0.398,1.98
4141,18.0,386.61,33.0,0.062,0.071,8.0,2.0,21.49,0.226,0.206,1.44
4142,3.0,101.6,4.0,0.264,0.012,38.0,0.0,29.91,0.286,0.026,0.76
4143,21.0,1430.19,64.0,0.042,0.038,8.0,0.0,68.87,0.353,0.09,1.25
4144,15.0,510.47,19.0,0.076,0.12,9.0,2.0,35.0,0.069,0.084,2.48
4145,3.0,165.28,8.0,0.258,0.065,16.0,1.0,65.88,0.142,0.0,0.0
4146,14.0,568.98,31.0,0.053,0.042,13.0,0.0,41.24,0.487,0.219,1.66
4147,36.0,1367.95,72.0,0.065,0.01,6.0,1.0,37.49,0.405,0.23,0.63
4148,1.0,130.43,10.0,0.236,0.003,43.0,0.0,130.43,0.047,0.244,1.97
4149,0.0,59.46,2.0,0.026,0.034,100.0,1.0,59.46,0.311,0.0,0.63
4150,9.0,765.66,34.0,0.055,0.044,2.0,1.0,81.97,0.375,0.006,2.26
4151,9.0,360.4,26.0,0.14,0.056,15.0,1.0,39.0,0.487,0.214,2.82
4152,11.0,368.24,43.0,0.0,0.071,18.0,1.0,33.3,0.291,0.152,1.77
4153,1.0,153.38,1.0,0.107,0.079,24.0,1.0,104.93,0.501,0.294,1.67
4154,17.0,570.23,43.0,0.09,0.06,6.0,0.0,34.33,0.879,0.308,1.62
4155,15.0,334.8,21.0,0.036,0.039,14.0,1.0,22.53,0.244,0.316,2.88
4156,15.0,442.3,36.0,0.103,0.016,4.0,1.0,29.79,0.392,0.205,2.08
4157,28.0,1816.01,51.0,0.013,0.014,0.0,0.0,63.75,0.326,0.234,0.81
4158,38.0,1720.37,55.0,0.04,0.017,10.0,3.0,45.15,0.249,0.175,1.46
4159,13.0,410.29,32.0,0.072,0.039,14.0,1.0,32.38,0.164,0.136,3.28
4160,20.0,251.45,34.0,0.434,0.075,17.0,0.0,12.33,0.462,0.332,0.39
4161,8.0,472.99,31.0,0.142,0.009,9.0,2.0,62.41,0.04,0.238,2.59
4162,17.0,720.38,32.0,0.323,0.114,19.0,2.0,42.85,0.776,0.196,0.38
4163,20.0,720.02,41.0,0.122,0.079,11.0,0.0,36.8,0.236,0.287,1.55
4164,14.0,631.54,19.0,0.133,0.0,8.0,0.0,46.74,0.427,0.256,2.49
4165,13.0,409.25,55.0,0.446,0.12,14.0,2.0,30.54,0.447,0.202,1.29
4166,11.0,678.78,35.0,0.204,0.087,11.0,1.0,62.58,0.317,0.234,1.73
4167,2.0,94.1,3.0,0.047,0.031,57.0,0.0,51.84,0.354,0.132,1.66
4168,27.0,1095.9,49.0,0.043,0.066,11.0,2.0,40.05,0.261,0.284,1.44
4169,14.0,514.0,40.0,0.331,0.13,13.0,1.0,36.78,0.899,0.336,0.25
4170,33.0,2161.89,79.0,0.086,0.027,7.0,2.0,66.46,0.397,0.131,3.12
4171,25.0,2190.25,41.0,0.028,0.029,8.0,0.0,86.51,0.313,0.075,2.4
4172,10.0,463.03,20.0,0.09,0.015,7.0,3.0,48.2,0.829,0.081,2.55
4173,21.0,770.0,53.0,0.568,0.002,0.0,3.0,36.46,0.528,0.275,0.0
4174,17.0,867.1,49.0,0.317,0.106,24.0,1.0,51.6,0.659,0.257,0.94
4175,10.0,533.63,25.0,0.118,0.082,19.0,2.0,53.17,0.347,0.334,0.67
4176,1.0,101.16,10.0,0.022,0.027,41.0,2.0,76.36,0.505,0.302,0.0
4177,1.0,188.44,4.0,0.21,0.02,37.0,3.0,180.29,0.594,0.239,2.21
4178,6.0,114.37,5.0,0.154,0.061,35.0,0.0,20.4,0.285,0.194,0.83
4179,10.0,418.58,24.0,0.103,0.1,7.0,2.0,41.4,0.299,0.076,3.19
4180,2.0,99.3,7.0,0.123,0.044,28.0,0.0,59.97,0.325,0.233,1.12
4181,15.0,402.51,44.0,0.048,0.053,18.0,2.0,26.75,0.511,0.117,0.43
4182,30.0,1913.36,42.0,0.024,0.046,9.0,1.0,64.1,0.682,0.22,2.42
4183,3.0,113.0,14.0,0.054,0.077,44.0,2.0,34.97,0.313,0.133,0.64
4184,11.0,417.34,28.0,0.147,0.018,13.0,2.0,38.82,0.282,0.235,0.16
4185,23.0,643.87,58.0,0.306,0.123,5.0,3.0,27.88,0.83,0.297,0.25
4186,3.0,17.74,4.0,0.116,0.033,27.0,0.0,6.51,0.504,0.285,1.66
4187,1.0,130.76,7.0,0.231,0.023,44.0,0.0,102.9,0.467,0.27,1.39
4188,33.0,1622.21,39.0,0.032,0.055,5.0,0.0,49.43,0.409,0.277,2.45
4189,0.0,79.28,11.0,0.069,0.015,38.0,0.0,79.28,0.385,0.404,0.14
4190,30.0,2539.17,68.0,0.099,0.02,1.0,0.0,85.79,0.311,0.152,1.27
4191,25.0,1043.69,50.0,0.066,0.047,7.0,1.0,42.31,0.13,0.113,2.98
4192,3.0,164.8,9.0,0.175,0.036,20.0,1.0,51.34,0.682,0.398,1.26
4193,36.0,1679.92,70.0,0.052,0.065,0.0,1.0,47.2,0.691,0.391,1.49
4194,35.0,2114.52,38.0,0.04,0.046,8.0,2.0,59.95,0.374,0.345,1.67
4195,16.0,418.5,26.0,0.062,0.067,13.0,1.0,25.39,0.381,0.187,2.28
4196,1.0,63.07,0.0,0.075,0.036,60.0,0.0,63.07,0.368,0.035,2.21
4197,3.0,181.07,9.0,0.251,0.073,53.0,1.0,56.51,0.201,0.219,0.0
4198,13.0,564.1,42.0,0.413,0.056,9.0,0.0,43.36,0.398,0.333,0.25
4199,25.0,2248.68,59.0,0.06,0.012,6.0,1.0,89.51,0.465,0.426,2.05
4200,6.0,109.55,11.0,0.17,0.132,38.0,0.0,17.6,0.362,0.29,1.72
4201,22.0,680.49,29.0,0.412,0.039,9.0,0.0,31.29,0.416,,
4202,12.0,400.82,28.0,0.153,0.085,15.0,1.0,33.39,0.46,0.292,2.65
4203,3.0,105.28,7.0,0.156,0.074,48.0,2.0,37.73,0.537,0.316,0.71
4204,2.0,59.17,3.0,0.016,0.006,38.0,0.0,30.53,0.556,0.175,0.79
4205,14.0,1995.61,55.0,0.03,0.062,0.0,2.0,138.02,0.458,0.357,3.27
4206,12.0,795.84,31.0,0.0,0.049,22.0,1.0,67.72,0.156,0.126,2.18
4207,20.0,893.5,38.0,0.36,0.086,16.0,1.0,44.48,0.318,0.003,0.88
4208,8.0,567.7,36.0,0.096,0.008,17.0,2.0,69.25,0.188,0.281,3.73
4209,15.0,1843.27,60.0,0.082,0.02,1.0,1.0,120.2,0.278,0.221,1.31
4210,2.0,63.19,6.0,0.119,0.063,78.0,0.0,35.88,0.214,0.169,1.89
4211,0.0,23.65,2.0,0.075,0.0,125.0,1.0,23.65,0.379,0.153,1.72
4212,2.0,103.09,1.0,0.06,0.069,50.0,0.0,63.56,0.388,0.276,1.35
4213,11.0,688.23,31.0,0.033,0.077,11.0,0.0,60.46,0.208,0.091,1.41
4214,13.0,298.46,23.0,0.012,0.128,9.0,1.0,22.49,0.246,0.176,2.0
4215,10.0,565.96,26.0,0.112,0.061,12.0,0.0,54.02,0.363,0.49,1.74
4216,2.0,165.48,8.0,0.178,0.028,43.0,1.0,81.72,0.251,0.185,1.57
4217,3.0,207.15,10.0,0.348,0.071,19.0,0.0,71.3,0.449,0.341,0.04
4218,24.0,526.78,29.0,0.324,0.048,15.0,2.0,22.11,0.816,0.16,0.69
4219,12.0,878.77,39.0,0.321,0.085,6.0,0.0,75.33,0.33,0.142,0.0
4220,4.0,201.67,8.0,0.245,0.069,48.0,1.0,47.44,0.257,0.394,0.0
4221,40.0,1379.86,59.0,0.059,0.009,2.0,3.0,34.31,0.312,0.131,1.48
4222,8.0,712.42,28.0,0.099,0.042,5.0,1.0,88.47,0.451,0.348,2.19
4223,21.0,705.52,40.0,0.268,0.073,19.0,0.0,34.17,0.377,0.26,1.77
4224,13.0,542.37,35.0,0.067,0.013,8.0,0.0,40.49,0.101,0.0,0.51
4225,7.0,365.49,34.0,0.176,0.032,8.0,0.0,52.11,0.546,0.213,1.04
4226,5.0,126.34,9.0,0.171,0.015,35.0,0.0,23.74,0.324,0.077,0.89
4227,5.0,154.45,4.0,0.27,0.0,38.0,1.0,29.78,0.327,0.206,0.0
4228,6.0,167.91,12.0,0.223,0.037,9.0,1.0,30.08,0.125,0.325,1.85
4229,15.0,458.4,25.0,0.079,0.049,4.0,1.0,31.52,0.35,0.177,2.06
4230,9.0,589.6,31.0,0.07,0.032,15.0,1.0,66.19,0.345,0.302,2.28
4231,11.0,410.38,25.0,0.009,0.036,13.0,1.0,36.84,0.397,0.403,2.9
4232,5.0,107.6,8.0,0.119,0.057,47.0,1.0,19.65,0.569,0.118,0.77
4233,3.0,634.31,21.0,0.116,0.074,17.0,0.0,190.56,0.257,0.151,2.49
4234,34.0,1108.37,29.0,0.014,0.06,8.0,2.0,32.15,0.367,0.332,2.4
4235,12.0,474.25,35.0,0.18,0.09,3.0,0.0,40.11,0.545,0.193,2.57
4236,7.0,112.49,9.0,0.276,0.068,33.0,0.0,16.9,0.6,0.336,0.18
4237,28.0,2601.85,64.0,0.099,0.009,9.0,2.0,92.12,0.606,0.13,2.02
4238,25.0,659.31,23.0,0.401,0.042,27.0,2.0,26.25,0.377,0.243,0.14
4239,16.0,457.07,42.0,0.035,0.068,12.0,0.0,28.74,0.28,0.148,2.35
4240,31.0,2146.84,58.0,0.002,0.037,5.0,2.0,68.83,0.245,0.141,3.28
4241,1.0,105.4,4.0,0.167,0.0,126.0,0.0,75.01,0.074,0.0,0.71
4242,26.0,993.96,34.0,0.065,0.009,12.0,0.0,38.43,0.544,0.282,2.03
4243,19.0,360.28,44.0,0.505,0.081,18.0,2.0,19.11,0.759,0.515,1.26
4244,0.0,18.51,6.0,0.027,0.0,149.0,1.0,18.51,0.243,0.0,1.18
4245,15.0,512.94,38.0,0.084,0.028,16.0,1.0,34.04,0.108,0.305,3.04
4246,2.0,49.23,6.0,0.064,0.064,52.0,1.0,21.16,0.478,,0.7
4247,2.0,143.11,11.0,0.207,0.026,56.0,1.0,75.34,0.385,0.383,1.49
4248,16.0,430.07,30.0,0.116,0.067,11.0,0.0,26.66,0.377,0.214,2.57
4249,13.0,473.14,30.0,0.154,0.024,21.0,2.0,36.56,0.113,0.168,3.07
4250,15.0,543.88,31.0,0.125,0.043,9.0,0.0,37.17,0.329,0.192,0.52
4251,3.0,144.84,10.0,0.267,0.115,39.0,0.0,44.59,0.23,0.191,0.0
4252,0.0,155.6,6.0,0.076,0.0,96.0,1.0,155.6,0.373,0.0,1.44
4253,2.0,162.7,17.0,0.131,0.047,56.0,1.0,66.78,0.342,0.127,0.84
4254,0.0,173.31,0.0,0.266,0.008,32.0,0.0,173.31,0.379,0.298,0.0
4255,16.0,866.14,61.0,0.51,0.096,7.0,1.0,54.7,0.601,0.351,0.31
4256,20.0,760.0,31.0,0.293,0.108,15.0,2.0,38.93,0.236,0.291,1.38
4257,5.0,561.19,36.0,0.132,0.081,18.0,1.0,116.78,0.427,0.273,2.21
4258,10.0,471.41,17.0,0.08,0.098,17.0,0.0,48.21,0.37,0.153,2.26
4259,21.0,652.63,56.0,0.6,0.08,13.0,2.0,30.44,0.758,0.336,0.54
4260,2.0,0.0,4.0,0.0,0.072,0.0,0.0,0.0,0.267,0.169,1.22
4261,4.0,154.17,0.0,0.245,0.05,28.0,1.0,39.21,0.274,0.289,0.23
4262,24.0,1622.8,57.0,0.041,0.008,11.0,2.0,66.44,0.465,0.468,1.61
4263,14.0,499.98,39.0,0.084,0.049,7.0,2.0,35.6,0.478,0.308,0.0
4264,0.0,84.22,2.0,0.181,0.034,182.0,0.0,84.22,0.283,0.113,0.1
4265,12.0,418.5,36.0,0.068,0.0,15.0,3.0,34.45,0.255,0.459,2.03
4266,4.0,79.52,7.0,0.255,0.066,0.0,1.0,20.43,0.33,0.254,0.71
4267,0.0,77.27,4.0,0.049,0.067,47.0,1.0,77.27,0.58,0.344,0.48
4268,3.0,22.65,4.0,0.085,0.0,85.0,1.0,9.05,0.589,0.0,1.37
4269,2.0,177.79,6.0,0.049,0.039,41.0,0.0,72.61,0.142,0.331,0.0
4270,2.0,107.37,7.0,0.209,0.035,39.0,0.0,55.33,0.495,0.001,0.81
4271,4.0,70.4,10.0,0.294,0.04,31.0,1.0,16.01,0.434,,2.14
4272,11.0,483.51,28.0,0.112,0.078,7.0,1.0,42.96,0.149,0.08,1.92
4273,3.0,84.85,5.0,0.292,0.048,33.0,0.0,29.17,0.258,0.306,1.13
4274,19.0,631.17,41.0,0.22,0.088,17.0,3.0,32.52,0.446,0.234,0.84
4275,15.0,495.81,26.0,0.038,0.058,10.0,2.0,33.69,0.593,0.212,1.77
4276,26.0,2023.68,52.0,0.08,0.035,3.0,1.0,77.08,0.295,0.207,3.1
4277,10.0,621.81,7.0,0.199,0.055,15.0,2.0,61.62,0.315,0.064,2.65
4278,2.0,52.63,3.0,0.11,0.018,104.0,0.0,24.06,0.871,0.0,1.28
4279,17.0,478.94,74.0,0.377,0.036,20.0,1.0,28.14,0.527,0.28,0.38
4280,18.0,496.15,39.0,0.442,0.134,10.0,3.0,27.48,0.82,0.228,1.9
4281,5.0,143.69,8.0,,0.041,21.0,2.0,30.27,0.356,0.372,0.91
4282,13.0,708.51,23.0,0.028,0.042,5.0,2.0,54.09,0.511,0.086,2.38
4283,31.0,1590.25,63.0,0.081,0.028,7.0,0.0,50.54,0.116,0.226,1.43
4284,13.0,773.5,44.0,0.066,0.065,13.0,0.0,60.05,0.546,0.013,2.33
4285,5.0,152.0,10.0,0.111,0.027,21.0,1.0,28.44,0.063,0.235,0.37
4286,4.0,196.44,5.0,0.123,0.039,59.0,1.0,44.98,0.279,0.26,
4287,26.0,1824.38,69.0,0.057,0.036,0.0,1.0,70.11,0.165,0.193,2.12
4288,1.0,116.97,7.0,0.04,0.037,48.0,1.0,116.97,0.097,0.177,2.08
4289,19.0,608.05,41.0,0.087,0.05,17.0,0.0,31.47,0.318,0.264,1.16
4290,6.0,504.25,32.0,0.128,0.068,24.0,2.0,91.67,0.284,0.051,0.99
4291,7.0,212.65,2.0,0.205,0.041,74.0,0.0,30.36,0.461,0.278,0.37
4292,14.0,600.74,44.0,0.48,0.051,2.0,1.0,43.11,0.461,0.303,1.68
4293,17.0,2187.26,64.0,0.05,0.024,12.0,0.0,127.07,0.417,0.314,2.97
4294,1.0,113.78,3.0,0.002,0.005,55.0,1.0,75.91,0.75,0.045,0.0
4295,30.0,1460.2,51.0,0.065,0.0,2.0,0.0,48.45,0.742,0.217,0.47
4296,19.0,674.7,52.0,0.312,0.071,0.0,0.0,35.5,0.299,0.089,0.37
4297,33.0,2087.35,72.0,0.073,0.052,6.0,1.0,63.33,0.301,0.183,2.29
4298,15.0,615.2,44.0,0.047,0.109,13.0,2.0,40.88,0.383,0.208,0.7
4299,27.0,1873.2,49.0,0.052,0.055,1.0,1.0,68.19,0.608,0.057,0.98
4300,15.0,716.68,37.0,0.468,0.113,22.0,1.0,47.74,0.299,0.346,2.1
4301,13.0,1951.15,54.0,0.043,0.044,9.0,1.0,156.01,0.171,0.182,
4302,4.0,65.18,2.0,0.211,0.0,1.0,1.0,18.04,0.061,0.13,1.3
4303,36.0,1652.98,52.0,0.01,0.066,5.0,1.0,46.24,0.103,0.31,2.87
4304,0.0,27.12,0.0,0.15,0.02,164.0,0.0,27.12,0.438,0.021,1.28
4305,14.0,322.46,26.0,0.005,0.041,14.0,1.0,23.65,0.245,0.194,0.75
4306,34.0,1760.35,51.0,0.06,0.035,8.0,0.0,52.54,0.149,0.206,2.44
4307,0.0,131.9,11.0,0.131,0.039,66.0,3.0,131.9,0.348,0.195,0.55
4308,5.0,216.07,16.0,0.295,0.032,16.0,1.0,44.75,0.656,0.625,0.4
4309,18.0,821.08,54.0,0.511,0.073,15.0,1.0,46.6,0.756,0.286,1.16
4310,12.0,426.24,33.0,0.082,0.086,16.0,1.0,35.19,0.428,0.306,2.95
4311,7.0,547.28,32.0,0.113,0.074,19.0,1.0,79.28,0.293,0.197,1.71
4312,3.0,151.96,14.0,0.178,0.0,43.0,1.0,46.27,0.773,0.311,1.78
4313,15.0,610.87,29.0,0.165,0.035,8.0,2.0,40.93,0.403,0.312,3.0
4314,8.0,885.05,15.0,0.123,0.048,15.0,0.0,114.19,0.367,0.213,1.35
4315,23.0,2219.94,53.0,0.051,0.022,10.0,0.0,94.82,0.487,0.126,2.12
4316,13.0,566.07,20.0,0.122,,12.0,0.0,42.2,0.462,0.041,3.54
4317,22.0,798.34,27.0,0.008,0.027,17.0,1.0,36.18,0.318,0.292,0.17
4318,0.0,110.73,6.0,0.15,0.045,40.0,1.0,110.73,0.376,0.1,0.51
4319,25.0,583.8,60.0,0.39,0.072,10.0,0.0,23.77,0.571,0.287,1.51
4320,7.0,790.9,35.0,0.166,0.055,14.0,2.0,105.95,0.346,0.204,1.41
4321,3.0,119.05,9.0,0.219,0.085,31.0,1.0,43.77,0.376,0.04,2.46
4322,37.0,2505.77,46.0,0.036,0.045,6.0,2.0,67.92,0.56,0.272,2.22
4323,17.0,503.1,25.0,0.54,0.084,12.0,4.0,29.52,0.546,0.486,0.32
4324,11.0,384.6,31.0,0.157,0.074,5.0,1.0,34.27,0.232,0.307,2.33
4325,5.0,901.5,48.0,0.414,0.069,10.0,1.0,186.84,0.474,0.199,0.97
4326,3.0,68.89,1.0,0.128,0.005,18.0,0.0,27.13,0.172,0.025,0.0
4327,1.0,59.55,4.0,0.067,0.003,69.0,0.0,48.69,0.765,0.131,1.04
4328,6.0,114.82,10.0,0.153,0.01,2.0,1.0,20.04,0.393,0.196,1.69
4329,19.0,638.34,29.0,0.143,0.023,8.0,1.0,34.05,0.689,0.058,1.52
4330,26.0,1464.2,66.0,0.037,0.025,5.0,1.0,55.77,0.439,,1.69
4331,14.0,579.96,14.0,0.098,0.056,18.0,2.0,41.41,0.373,0.18,2.99
4332,17.0,404.71,42.0,0.116,0.077,16.0,1.0,23.32,0.391,0.142,1.23
4333,17.0,759.31,48.0,0.428,0.118,21.0,1.0,45.89,0.414,0.327,0.62
4334,0.0,72.93,3.0,0.218,0.042,45.0,1.0,72.93,0.628,0.359,0.97
4335,26.0,2439.95,29.0,0.089,0.066,11.0,1.0,92.47,0.228,0.575,1.62
4336,5.0,216.06,6.0,0.221,0.027,23.0,0.0,40.38,0.404,0.152,0.96
4337,5.0,133.7,7.0,0.146,0.053,72.0,3.0,28.69,0.282,0.0,0.65
4338,4.0,101.37,13.0,0.178,0.039,49.0,0.0,23.03,0.354,0.141,0.78
4339,11.0,2237.12,49.0,0.033,0.013,3.0,1.0,199.86,0.516,0.159,2.61
4340,4.0,125.84,7.0,0.345,0.022,29.0,1.0,28.79,0.138,0.005,1.92
4341,11.0,458.02,33.0,0.072,0.08,11.0,0.0,40.76,0.65,0.301,0.35
4342,31.0,1939.1,54.0,0.046,0.007,8.0,3.0,61.77,0.463,0.058,1.76
4343,9.0,837.75,22.0,0.143,0.0,11.0,1.0,95.5,0.608,0.224,1.16
4344,0.0,491.22,33.0,0.1,0.025,20.0,1.0,491.22,0.393,0.0,3.17
4345,4.0,106.95,3.0,0.0,0.043,28.0,1.0,28.18,0.73,0.235,0.42
4346,10.0,352.54,22.0,0.093,0.0,16.0,2.0,34.29,0.213,0.429,2.56
4347,2.0,54.89,2.0,0.027,0.09,102.0,1.0,27.14,0.313,0.0,2.16
4348,3.0,116.45,6.0,0.178,0.101,27.0,1.0,42.32,0.363,0.383,0.0
4349,33.0,2607.13,62.0,0.084,0.057,5.0,4.0,80.06,0.3,0.038,1.31
4350,6.0,44.39,7.0,0.239,0.04,36.0,2.0,7.05,0.349,0.284,0.67
4351,1.0,259.64,13.0,0.01,0.032,29.0,0.0,176.06,0.387,0.228,1.44
4352,12.0,772.25,30.0,0.077,0.071,14.0,3.0,64.89,0.49,0.251,1.64
4353,53.0,1465.64,22.0,0.015,0.046,10.0,1.0,27.8,0.29,0.14,3.67
4354,8.0,585.49,23.0,0.094,0.065,21.0,2.0,72.01,0.902,0.289,2.74
4355,3.0,20.81,4.0,0.031,0.0,119.0,0.0,7.12,0.582,0.107,0.87
4356,0.0,36.31,7.0,0.147,0.052,92.0,2.0,36.31,0.717,0.0,0.21
4357,7.0,92.39,8.0,0.283,0.061,12.0,0.0,13.85,0.57,0.316,1.34
4358,15.0,712.69,51.0,0.462,0.103,9.0,1.0,46.94,0.819,,0.28
4359,4.0,183.69,3.0,0.284,0.021,28.0,2.0,46.03,0.536,0.123,0.7
4360,4.0,972.89,20.0,0.163,0.094,5.0,0.0,232.73,0.552,0.381,1.15
4361,29.0,1972.67,78.0,0.086,0.037,4.0,0.0,69.03,0.133,0.254,0.28
4362,16.0,315.62,29.0,0.106,0.084,19.0,2.0,20.06,0.172,0.233,1.39
4363,28.0,1830.3,55.0,0.105,0.061,5.0,1.0,64.55,0.291,0.221,2.45
4364,10.0,592.77,24.0,0.033,0.024,14.0,1.0,61.39,0.64,0.19,2.04
4365,27.0,919.87,42.0,0.395,0.057,25.0,2.0,33.56,0.536,0.281,1.84
4366,3.0,136.72,10.0,0.229,0.076,26.0,0.0,41.75,0.243,0.216,0.0
4367,1.0,25.75,5.0,0.108,0.024,92.0,0.0,17.48,0.056,0.0,0.24
4368,13.0,538.71,57.0,0.499,0.104,9.0,2.0,40.36,0.258,0.415,0.39
4369,32.0,2292.04,15.0,0.029,0.03,8.0,2.0,70.8,0.825,0.021,2.62
4370,27.0,2566.2,46.0,0.041,0.035,15.0,1.0,94.73,0.625,0.102,2.69
4371,40.0,1716.38,49.0,0.056,0.059,6.0,0.0,43.19,0.092,0.161,3.54
4372,7.0,59.14,8.0,0.214,0.044,71.0,0.0,8.67,0.185,0.175,2.93
4373,4.0,166.81,6.0,0.178,0.0,46.0,1.0,43.15,0.377,0.21,0.83
4374,17.0,356.55,24.0,0.117,0.051,14.0,1.0,20.99,0.121,0.0,2.28
4375,4.0,133.0,9.0,0.145,0.0,33.0,1.0,33.93,0.208,0.299,1.24
4376,12.0,917.64,24.0,0.049,0.123,28.0,0.0,73.42,0.643,0.231,1.91
4377,0.0,102.84,1.0,0.172,0.06,40.0,0.0,102.84,0.579,0.199,0.86
4378,11.0,542.92,37.0,0.066,0.017,20.0,0.0,49.05,0.293,0.414,1.48
4379,9.0,798.75,34.0,0.059,0.08,13.0,0.0,89.27,0.204,0.0,2.16
4380,27.0,1535.89,81.0,0.051,0.034,7.0,2.0,57.28,0.144,0.306,1.01
4381,5.0,132.24,9.0,0.252,0.059,11.0,1.0,24.39,0.819,0.277,0.39
4382,0.0,108.21,5.0,0.103,0.068,36.0,0.0,108.21,0.611,0.116,1.53
4383,4.0,130.58,1.0,0.27,0.0,18.0,0.0,36.27,0.83,0.204,2.28
4384,25.0,787.62,62.0,0.361,0.075,1.0,0.0,30.93,0.477,0.0,3.67
4385,36.0,1842.66,66.0,0.046,0.037,0.0,2.0,50.72,0.381,0.076,1.82
4386,15.0,684.12,48.0,0.322,0.095,4.0,1.0,45.37,0.224,0.357,0.39
4387,1.0,118.72,14.0,0.172,0.054,24.0,1.0,91.55,0.239,0.317,0.0
4388,12.0,158.06,36.0,0.148,0.066,1.0,1.0,13.23,0.491,0.344,0.95
4389,25.0,2130.97,65.0,0.089,0.031,7.0,1.0,85.18,0.245,0.032,3.0
4390,3.0,53.97,4.0,0.213,0.077,35.0,0.0,17.29,0.568,,0.87
4391,14.0,524.57,46.0,0.116,0.003,2.0,2.0,36.47,0.292,0.213,2.85
4392,13.0,645.1,31.0,0.125,0.024,9.0,0.0,48.17,0.238,0.341,1.89
4393,12.0,390.46,20.0,0.032,0.025,4.0,1.0,32.73,0.592,0.304,2.49
4394,3.0,146.47,17.0,0.153,0.01,26.0,2.0,54.44,0.7,0.151,1.57
4395,2.0,110.02,1.0,0.102,0.015,176.0,0.0,46.92,0.201,0.019,1.41
4396,23.0,1974.58,46.0,0.02,0.036,7.0,0.0,87.04,0.816,0.352,2.12
4397,18.0,507.99,49.0,0.417,0.112,1.0,3.0,27.93,0.429,0.264,0.62
4398,21.0,2370.25,57.0,0.039,0.004,0.0,2.0,110.55,0.56,0.037,1.39
4399,3.0,137.63,10.0,0.095,0.016,37.0,0.0,46.33,0.51,0.132,2.42
4400,1.0,48.51,5.0,0.179,0.04,135.0,0.0,48.51,0.357,0.308,0.88
4401,23.0,1702.24,77.0,0.064,0.03,7.0,1.0,73.65,0.348,0.158,2.03
4402,20.0,712.76,25.0,0.411,0.043,6.0,3.0,35.01,0.379,0.334,0.96
4403,25.0,2152.86,46.0,0.052,0.056,2.0,1.0,85.76,0.297,0.612,1.6
4404,4.0,122.08,3.0,0.163,0.085,61.0,1.0,34.12,0.293,0.06,2.98
4405,3.0,0.0,6.0,0.074,0.0,98.0,0.0,0.0,0.445,0.046,1.41
4406,2.0,154.24,14.0,0.063,0.006,0.0,1.0,74.78,0.413,0.005,2.28
4407,5.0,147.26,11.0,0.17,0.063,60.0,0.0,31.44,0.021,0.218,0.48
4408,17.0,552.29,24.0,0.097,0.045,13.0,0.0,32.56,0.218,0.302,2.15
4409,10.0,665.01,20.0,0.079,0.0,19.0,1.0,67.63,0.581,0.414,1.22
4410,10.0,430.32,43.0,0.191,0.002,9.0,1.0,43.93,0.576,0.356,1.73
4411,36.0,2109.41,75.0,0.087,0.032,6.0,0.0,57.96,0.341,0.376,1.69
4412,14.0,811.99,37.0,0.307,0.06,10.0,2.0,57.31,0.93,0.38,0.04
4413,3.0,101.58,0.0,0.089,0.053,111.0,0.0,38.55,0.252,0.112,0.58
4414,17.0,1069.82,27.0,0.435,0.14,10.0,1.0,61.46,0.586,0.339,0.72
4415,1.0,45.06,1.0,0.201,0.042,94.0,0.0,45.06,0.006,0.027,0.78
4416,1.0,71.43,1.0,0.121,0.048,148.0,0.0,52.62,0.456,0.075,0.85
4417,17.0,2202.86,49.0,0.0,0.015,9.0,3.0,126.35,0.373,0.282,2.28
4418,16.0,623.23,27.0,0.102,0.056,12.0,1.0,38.83,0.286,0.103,3.15
4419,0.0,143.46,13.0,0.246,0.0,23.0,1.0,143.46,0.337,0.391,0.76
4420,3.0,61.35,5.0,0.262,0.055,80.0,1.0,18.9,0.41,0.214,1.61
4421,44.0,1544.78,63.0,0.014,0.03,16.0,2.0,35.51,0.615,0.215,0.65
4422,2.0,84.12,5.0,0.111,0.041,48.0,0.0,34.63,0.291,0.13,1.02
4423,12.0,2190.57,66.0,0.025,0.032,13.0,2.0,184.88,0.194,0.113,2.34
4424,14.0,346.96,45.0,0.164,0.031,2.0,0.0,25.51,0.393,0.221,2.5
4425,15.0,685.94,49.0,0.269,0.023,26.0,0.0,44.78,0.571,0.01,1.83
4426,33.0,2097.21,56.0,0.053,0.041,0.0,3.0,62.82,0.322,0.237,2.74
4427,15.0,512.49,29.0,0.094,0.053,4.0,0.0,35.0,0.186,0.062,1.59
4428,17.0,924.1,35.0,0.211,0.028,2.0,2.0,54.09,0.288,0.302,1.02
4429,28.0,717.28,36.0,0.536,0.101,1.0,2.0,25.39,0.431,0.055,0.0
4430,1.0,39.11,4.0,0.159,0.0,106.0,0.0,28.53,0.185,0.07,0.66
4431,17.0,618.0,53.0,0.153,0.025,5.0,2.0,35.85,0.583,0.157,2.67
4432,11.0,579.63,22.0,0.054,0.047,16.0,0.0,54.33,0.501,0.464,2.88
4433,2.0,19.06,1.0,0.039,0.046,68.0,0.0,9.07,0.601,0.108,0.53
4434,6.0,507.13,25.0,0.093,0.088,15.0,1.0,82.54,0.673,0.185,1.11
4435,2.0,48.49,6.0,0.117,0.044,65.0,1.0,30.34,0.741,0.222,0.71
4436,29.0,2061.97,65.0,0.028,0.046,6.0,2.0,71.77,0.139,0.058,3.1
4437,18.0,746.23,35.0,0.087,0.008,16.0,2.0,41.81,0.235,0.277,1.54
4438,20.0,472.65,26.0,0.215,0.031,11.0,3.0,23.96,0.53,0.316,1.25
4439,17.0,657.6,46.0,0.39,0.119,9.0,1.0,38.47,0.483,0.102,0.37
4440,20.0,292.24,18.0,0.019,0.092,20.0,1.0,14.62,0.737,0.167,1.64
4441,12.0,435.74,34.0,0.099,0.063,7.0,1.0,35.04,0.208,,2.51
4442,2.0,70.35,4.0,0.154,0.039,54.0,1.0,44.1,0.185,0.176,1.25
4443,41.0,1295.3,69.0,0.034,0.008,8.0,0.0,31.6,0.137,0.109,2.33
4444,13.0,697.79,33.0,0.105,0.004,17.0,2.0,55.31,0.279,0.308,3.21
4445,3.0,74.47,4.0,0.215,0.0,14.0,1.0,23.23,0.405,0.401,1.2
4446,11.0,441.33,25.0,0.084,0.063,7.0,1.0,39.35,0.595,0.559,1.01
4447,6.0,532.74,49.0,0.361,0.085,13.0,1.0,86.96,0.941,0.391,0.68
4448,2.0,112.81,4.0,0.103,0.0,84.0,1.0,68.82,0.657,0.046,1.4
4449,17.0,1877.11,55.0,0.04,0.04,14.0,2.0,112.03,0.258,0.236,0.94
4450,8.0,730.97,39.0,0.288,0.033,11.0,2.0,92.26,0.679,0.173,0.83
4451,14.0,648.28,31.0,0.059,0.052,20.0,2.0,47.5,0.708,0.084,0.9
4452,5.0,86.99,9.0,0.099,0.042,37.0,0.0,18.16,0.725,0.369,0.96
4453,14.0,812.08,30.0,0.122,0.027,10.0,0.0,59.87,0.168,0.333,2.8
4454,3.0,748.42,26.0,,0.022,3.0,1.0,231.6,0.606,0.266,3.28
4455,30.0,1658.35,49.0,0.071,0.046,4.0,1.0,54.87,0.559,0.056,0.96
4456,17.0,476.05,43.0,0.156,0.075,7.0,0.0,28.57,0.766,0.003,2.34
4457,24.0,1487.05,60.0,0.062,0.021,7.0,2.0,63.11,0.207,0.302,2.26
4458,12.0,376.92,47.0,0.204,0.159,14.0,1.0,30.46,0.282,0.221,1.81
4459,7.0,804.0,21.0,0.094,0.073,10.0,3.0,119.35,0.086,0.161,1.57
4460,5.0,69.95,11.0,0.094,0.07,45.0,0.0,15.07,0.46,0.102,1.97
4461,21.0,691.37,23.0,0.621,0.07,9.0,2.0,33.37,0.392,0.372,1.27
4462,21.0,498.94,55.0,0.422,0.101,20.0,1.0,23.6,0.386,0.189,1.58
4463,8.0,655.68,50.0,0.15,0.038,5.0,0.0,81.54,0.389,0.392,2.54
4464,9.0,569.19,29.0,0.085,0.006,6.0,2.0,65.51,0.474,0.255,1.5
4465,13.0,532.21,31.0,0.039,0.052,0.0,1.0,41.9,0.085,0.341,1.72
4466,7.0,135.5,9.0,0.199,0.102,0.0,2.0,19.45,0.544,0.249,2.19
4467,12.0,643.26,38.0,0.087,0.046,22.0,1.0,55.03,0.55,0.055,1.99
4468,24.0,694.27,52.0,0.515,0.081,19.0,0.0,28.73,0.658,0.122,1.56
4469,12.0,461.63,18.0,0.147,0.0,10.0,2.0,37.92,0.358,0.202,1.34
4470,41.0,2018.95,27.0,0.062,0.049,6.0,2.0,49.58,0.445,0.248,2.0
4471,4.0,177.15,6.0,0.225,0.057,39.0,0.0,43.68,0.608,0.022,0.0
4472,2.0,95.65,0.0,0.217,0.0,76.0,0.0,49.54,0.772,0.0,1.3
4473,20.0,826.66,43.0,0.365,0.097,5.0,1.0,41.85,0.789,0.276,0.27
4474,13.0,614.04,27.0,0.046,0.037,8.0,2.0,48.88,0.732,0.383,1.09
4475,1.0,185.1,4.0,0.206,0.064,83.0,0.0,164.03,0.254,0.124,1.22
4476,1.0,110.91,5.0,0.141,0.0,81.0,0.0,110.91,0.481,0.068,1.12
4477,26.0,2270.83,68.0,0.034,0.009,5.0,3.0,86.04,0.377,0.186,2.24
4478,22.0,954.22,40.0,0.461,0.14,7.0,1.0,43.56,0.372,,0.75
4479,11.0,471.95,51.0,0.296,0.064,9.0,0.0,43.62,0.697,0.2,0.0
4480,26.0,486.86,39.0,0.21,0.048,8.0,0.0,19.0,0.232,0.0,1.74
4481,14.0,1102.22,58.0,0.058,0.047,2.0,1.0,79.66,0.386,0.201,1.65
4482,11.0,567.93,34.0,0.128,0.113,17.0,0.0,49.43,0.318,0.422,2.63
4483,36.0,1436.88,58.0,0.051,0.038,2.0,4.0,40.18,0.434,0.0,2.25
4484,4.851926854269942,3218.9913911768135,42.0,0.117,0.021,12.0,0.0,539.68,0.329,0.357,0.9
4485,17.0,870.71,8.0,0.108,0.024,21.0,2.0,50.84,0.629,0.068,2.64
4486,13.0,354.09,18.0,0.114,0.051,11.0,0.0,27.23,0.295,0.212,2.04
4487,3.0,106.12,7.0,0.157,0.054,31.0,1.0,32.55,0.07,0.341,1.15
4488,7.0,96.01,13.0,0.325,0.064,7.0,1.0,12.89,0.439,0.151,0.27
4489,13.0,884.26,33.0,0.106,0.022,10.0,0.0,70.63,0.532,0.318,1.39
4490,23.0,1926.52,48.0,0.028,0.074,6.0,2.0,82.76,0.567,0.196,2.83
4491,9.0,800.36,46.0,0.275,0.07,11.0,2.0,85.55,0.394,0.163,2.03
4492,27.0,571.86,53.0,0.027,0.029,10.0,0.0,20.98,0.35,0.287,1.47
4493,15.0,430.61,36.0,0.057,0.063,16.0,0.0,27.8,0.099,0.0,0.45
4494,9.0,423.91,22.0,,0.0,7.0,1.0,45.06,0.24,0.218,2.9
4495,5.0,139.19,7.0,0.087,0.026,27.0,2.0,30.47,0.213,0.064,2.57
4496,2.0,180.27,12.0,0.232,0.08,38.0,1.0,77.38,0.512,0.27,2.97
4497,9.0,642.2,28.0,0.039,0.112,20.0,0.0,67.64,0.504,0.356,1.24
4498,24.0,419.35,55.0,0.516,0.063,25.0,0.0,17.69,0.76,0.0,
4499,13.0,462.85,48.0,0.062,0.122,20.0,2.0,34.82,0.777,0.064,1.72
4500,3.0,67.83,5.0,,0.028,18.0,0.0,21.96,0.618,0.091,0.8
4501,27.0,979.98,32.0,0.398,0.144,7.0,2.0,36.35,0.596,0.306,0.0
4502,11.0,434.66,19.0,0.157,0.024,19.0,1.0,40.83,0.116,0.21,2.32
4503,10.0,461.76,33.0,0.088,0.053,8.0,1.0,45.04,0.471,0.313,2.57
4504,27.0,526.4,53.0,0.33,0.099,10.0,2.0,19.18,0.796,0.131,1.03
4505,28.0,2173.63,11.0,0.031,0.026,13.0,3.0,76.93,0.074,0.231,2.01
4506,6.0,95.41,1.0,0.164,0.04,24.0,1.0,16.17,0.404,0.163,0.0
4507,34.0,1189.16,46.0,0.103,0.035,6.0,1.0,34.63,0.506,0.414,3.06
4508,20.0,1359.71,40.0,0.046,0.057,5.0,2.0,69.36,0.566,0.0,0.99
4509,1.0,83.81,4.0,0.07,0.055,77.0,0.0,83.81,0.252,0.243,0.0
4510,10.0,693.37,32.0,0.061,0.038,9.0,0.0,71.16,0.269,0.214,3.11
4511,9.0,447.33,29.0,0.118,0.075,6.0,1.0,52.17,0.59,0.408,0.33
4512,3.0,529.08,36.0,0.073,0.026,19.0,0.0,171.89,0.856,0.346,0.55
4513,9.0,492.85,27.0,0.083,0.0,10.0,0.0,54.25,0.543,0.319,2.12
4514,2.0,120.78,7.0,0.133,0.021,42.0,0.0,49.43,0.369,0.298,1.64
4515,10.0,403.96,29.0,0.087,0.054,6.0,0.0,42.52,0.781,0.345,0.59
4516,2.0,122.49,14.0,0.087,0.063,37.0,0.0,79.08,0.393,0.509,0.78
4517,20.0,1817.69,59.0,0.059,0.044,3.0,2.0,90.85,0.318,0.039,2.94
4518,11.0,901.08,38.0,0.454,0.0,6.0,1.0,78.6,0.772,0.196,0.57
4519,18.0,526.04,33.0,0.3,0.06,14.0,3.0,28.91,0.411,0.149,0.77
4520,22.0,695.07,16.0,0.048,0.053,4.0,3.0,31.99,0.565,0.246,2.49
4521,7.0,705.52,37.0,0.015,0.0,11.0,1.0,95.32,0.366,0.284,3.2
4522,4.0,94.69,6.0,0.303,0.035,24.0,2.0,21.71,0.076,0.274,0.44
4523,0.0,79.13,4.0,0.148,0.01,65.0,0.0,79.13,0.283,0.124,0.96
4524,36.0,991.21,62.0,0.059,0.026,13.0,0.0,27.23,0.054,0.351,1.84
4525,19.0,502.26,39.0,0.425,0.057,0.0,1.0,25.91,0.864,0.347,0.0
4526,0.0,85.16,5.0,0.215,0.013,215.0,1.0,85.16,0.224,0.241,1.49
4527,11.0,211.68,23.0,0.146,0.029,8.0,0.0,19.04,0.234,0.286,3.07
4528,3.0,507.36,22.0,0.168,0.084,12.0,2.0,188.75,0.294,0.509,1.06
4529,19.0,622.92,26.0,0.144,0.066,6.0,2.0,33.42,0.507,0.295,2.31
4530,2.0,59.33,0.0,0.045,0.026,60.0,0.0,23.83,0.651,0.009,2.21
4531,23.0,1718.31,47.0,0.072,0.0,8.0,0.0,74.98,0.09,0.405,1.26
4532,3.0,132.52,4.0,0.089,0.103,59.0,1.0,39.68,0.134,0.405,0.0
4533,33.0,1641.33,16.0,0.0,0.038,7.0,2.0,49.23,0.218,0.433,1.91
4534,5.0,197.71,7.0,0.219,0.06,16.0,2.0,39.26,0.168,0.179,0.94
4535,2.0,82.79,2.0,0.145,0.054,49.0,1.0,37.36,0.462,0.272,1.8
4536,16.0,440.65,62.0,0.236,0.104,0.0,1.0,27.88,0.892,0.21,0.1
4537,25.0,1594.56,58.0,0.045,0.034,3.0,4.0,63.41,0.101,0.376,1.81
4538,14.0,844.73,60.0,0.396,0.112,0.0,1.0,59.42,0.533,0.424,1.47
4539,3.0,157.72,1.0,0.171,0.001,3.0,1.0,57.49,0.109,0.345,1.76
4540,3.0,6.02,5.0,0.249,0.018,137.0,1.0,2.19,0.369,0.121,0.84
4541,6.0,425.4,29.0,0.124,0.039,14.0,2.0,72.59,0.61,0.1,2.49
4542,9.0,613.49,27.0,0.085,0.055,7.0,1.0,68.78,0.706,0.168,0.45
4543,0.0,113.89,4.0,0.056,0.006,90.0,0.0,113.89,0.308,0.0,1.59
4544,1.0,44.46,7.0,,0.014,44.0,0.0,35.02,0.561,0.299,0.8
4545,3.0,64.69,14.0,0.119,0.0,39.0,0.0,19.9,0.334,0.02,0.0
4546,4.0,225.04,13.0,0.168,0.003,18.0,1.0,53.51,0.278,0.307,0.0
4547,16.0,293.33,39.0,0.294,0.091,5.0,2.0,17.99,0.321,0.2,0.0
4548,42.0,1771.43,81.0,,0.013,6.0,2.0,42.57,0.636,0.024,2.01
4549,8.0,575.41,35.0,0.302,0.084,22.0,1.0,68.78,0.766,0.284,1.65
4550,23.0,1444.38,56.0,0.034,0.022,5.0,1.0,61.97,0.402,0.468,1.85
4551,0.0,96.72,3.0,0.21,0.055,103.0,0.0,96.72,0.543,0.157,1.17
4552,7.0,923.07,50.0,0.488,0.055,18.0,2.0,131.03,0.284,0.396,2.2
4553,15.0,418.7,24.0,0.119,0.083,13.0,2.0,27.96,0.541,0.207,2.23
4554,25.0,570.51,30.0,0.211,0.119,11.0,0.0,22.98,0.74,0.185,0.0
4555,13.0,674.52,61.0,0.448,0.144,7.0,0.0,53.43,0.641,0.203,2.01
4556,0.0,158.33,1.0,0.214,0.014,7.0,0.0,158.33,0.177,0.153,1.28
4557,23.0,1643.22,78.0,0.095,0.035,8.0,2.0,72.39,0.461,0.03,1.46
4558,18.0,475.58,38.0,0.113,0.073,23.0,0.0,25.88,0.105,0.295,0.43
4559,4.0,135.07,13.0,0.192,0.051,36.0,0.0,37.0,0.187,0.292,1.56
4560,15.0,423.94,21.0,0.143,0.041,0.0,0.0,28.33,0.327,0.006,1.08
4561,4.0,147.86,10.0,0.212,0.019,44.0,0.0,38.85,0.514,0.215,0.0
4562,16.0,692.6,23.0,0.088,0.051,0.0,1.0,44.06,0.186,0.23,1.7
4563,1.0,61.93,8.0,0.261,0.064,48.0,0.0,53.24,0.648,0.131,1.5
4564,37.8092327760969,3072.5871789461876,28.0,0.33,0.123,16.0,1.0,31.02,0.42,0.261,0.41
4565,2.0,0.0,4.0,0.083,0.033,43.0,0.0,0.0,0.567,0.318,0.67
4566,2.0,260.1,18.0,0.248,0.04,25.0,2.0,120.81,0.062,0.003,0.57
4567,16.0,382.91,48.0,0.334,0.097,17.0,0.0,23.51,0.282,0.268,0.49
4568,10.0,456.76,29.0,0.102,0.085,10.0,2.0,44.32,0.562,0.256,1.34
4569,11.0,508.9,31.0,0.041,0.032,12.0,2.0,46.78,0.16,0.058,1.53
4570,1.0,66.1,6.0,0.053,0.088,52.0,1.0,66.08,0.012,0.221,0.83
4571,17.0,1991.26,38.0,0.024,0.03,5.0,4.0,114.3,0.524,0.239,1.84
4572,20.0,523.75,22.0,0.289,0.167,10.0,4.0,26.3,0.859,0.201,1.58
4573,4.0,92.81,8.0,0.099,0.138,24.0,0.0,24.67,0.047,0.069,0.48
4574,9.0,519.11,58.0,0.342,0.135,9.0,2.0,55.7,0.748,0.267,0.0
4575,3.0,111.21,11.0,0.116,0.059,24.0,0.0,38.15,0.867,0.25,0.03
4576,15.0,737.3,27.0,0.214,0.05,7.0,1.0,47.59,0.658,0.271,0.92
4577,4.0,170.94,5.0,0.222,0.045,2.0,1.0,39.65,0.513,0.399,1.16
4578,22.0,2031.6,55.0,0.017,0.058,4.0,2.0,91.07,0.128,0.26,1.31
4579,16.0,610.78,52.0,0.453,0.183,0.0,2.0,37.65,0.635,0.066,1.13
4580,3.0,36.7,11.0,0.115,0.038,6.0,1.0,10.67,0.074,0.175,1.88
4581,21.0,1960.14,70.0,0.076,0.039,7.0,3.0,94.49,0.644,0.285,2.26
4582,10.0,2586.83,48.0,0.058,0.034,3.0,3.0,254.32,0.3,0.097,2.68
4583,2.0,68.32,1.0,0.104,0.036,65.0,0.0,39.21,0.515,0.005,2.61
4584,19.0,517.71,35.0,0.092,0.045,19.0,1.0,26.88,0.187,0.121,2.42
4585,9.0,520.91,37.0,0.115,0.06,18.0,2.0,58.95,0.159,0.132,1.3
4586,2.0,126.32,13.0,0.157,0.087,44.0,2.0,56.39,0.325,0.508,1.33
4587,4.0,142.22,7.0,0.0,0.037,45.0,0.0,32.17,0.158,0.101,0.09
4588,3.0,67.01,8.0,0.171,0.014,73.0,1.0,21.25,0.7,0.29,0.0
4589,0.0,130.13,13.0,0.111,0.021,42.0,2.0,130.13,0.5,0.416,0.48
4590,20.0,485.89,15.0,0.052,0.0,9.0,0.0,24.37,0.547,0.377,2.37
4591,26.0,791.31,21.0,0.302,0.12,19.0,2.0,29.97,0.521,,0.59
4592,13.0,585.67,38.0,0.455,0.105,13.0,2.0,44.59,0.632,0.163,0.69
4593,3.0,47.16,7.0,0.103,0.044,16.0,1.0,15.88,0.591,0.108,1.28
4594,6.0,617.31,19.0,0.182,0.01,16.0,1.0,97.72,0.27,0.22,1.06
4595,15.0,741.76,46.0,0.425,0.084,0.0,0.0,50.68,0.966,0.188,0.57
4596,0.0,92.38,1.0,0.237,0.021,35.0,0.0,92.38,0.262,0.195,0.9
4597,20.0,622.61,18.0,0.052,,12.0,2.0,31.18,0.595,0.231,2.57
4598,9.0,770.62,30.0,0.186,0.041,19.0,0.0,86.97,0.812,0.023,1.58
4599,2.0,74.34,1.0,0.092,0.048,104.0,0.0,35.5,0.232,0.028,0.41
4600,26.0,1321.78,73.0,0.078,,4.0,2.0,51.32,0.627,0.388,2.53
4601,39.0,1692.89,40.0,0.024,0.028,12.0,2.0,43.73,0.578,0.163,1.62
4602,1.0,43.21,5.0,0.109,0.014,156.0,1.0,35.53,0.601,0.0,2.54
4603,6.0,518.19,22.0,0.044,0.001,13.0,2.0,89.62,0.295,0.29,2.34
4604,2.0,55.1,14.0,0.132,0.01,26.0,2.0,28.91,0.495,0.148,1.55
4605,20.0,801.3,56.0,0.283,0.018,0.0,0.0,40.26,0.515,0.245,1.28
4606,24.0,1669.38,57.0,0.056,0.034,8.0,1.0,69.04,0.457,0.275,2.24
4607,25.0,2311.95,75.0,0.06,0.023,7.0,0.0,90.8,0.323,0.255,1.89
4608,16.0,516.09,37.0,0.096,0.078,10.0,3.0,32.88,0.172,0.296,4.63
4609,24.0,895.45,31.0,0.331,0.076,12.0,3.0,36.81,0.98,0.207,2.16
4610,12.0,391.6,63.0,0.307,0.129,19.0,1.0,33.95,0.894,0.121,0.83
4611,38.0,1236.6,57.0,0.06,0.066,5.0,0.0,32.74,0.368,0.197,2.19
4612,7.0,647.57,27.0,0.154,0.068,12.0,1.0,97.26,0.498,0.0,2.78
4613,4.0,108.49,4.0,0.191,0.043,43.0,1.0,26.95,0.333,0.201,0.61
4614,16.0,889.53,55.0,0.278,0.063,1.0,0.0,56.06,0.507,0.24,2.11
4615,5.0,106.09,7.0,0.1,0.064,10.0,1.0,21.37,0.669,0.049,0.0
4616,13.0,331.92,17.0,0.067,0.055,21.0,1.0,25.36,0.084,0.128,3.16
4617,13.0,554.55,38.0,0.122,0.021,17.0,1.0,42.53,0.456,0.052,2.66
4618,4.0,37.9,13.0,0.165,0.05,56.0,0.0,8.86,0.086,0.307,0.0
4619,2.0,130.2,16.0,0.239,0.058,36.0,1.0,73.43,0.123,0.437,2.68
4620,25.0,1389.83,58.0,0.0,0.034,4.0,1.0,56.56,0.348,0.275,1.09
4621,35.0,1552.79,58.0,0.049,0.054,6.0,3.0,43.97,0.438,0.143,3.33
4622,15.0,232.42,29.0,0.023,0.02,7.0,1.0,15.91,0.233,0.217,2.12
4623,21.0,690.17,25.0,0.36,0.1,0.0,1.0,33.55,0.607,0.338,0.23
4624,2.0,215.81,9.0,0.068,0.058,11.0,0.0,100.36,0.408,0.079,0.77
4625,7.0,174.68,12.0,0.133,0.105,29.0,2.0,24.52,0.304,0.044,1.12
4626,3.0,64.65,8.0,0.191,0.047,52.0,0.0,24.24,0.417,0.348,0.0
4627,2.0,112.73,1.0,0.068,0.012,49.0,0.0,48.19,0.303,0.171,1.07
4628,14.0,548.16,20.0,0.096,0.088,21.0,1.0,38.27,0.469,0.169,1.8
4629,10.0,623.14,24.0,0.075,0.022,12.0,2.0,62.62,0.553,0.032,1.86
4630,1.0,45.55,4.0,0.0,0.06,112.0,1.0,33.77,0.412,0.0,1.83
4631,2.0,160.01,4.0,0.216,0.039,32.0,0.0,104.5,0.196,0.314,0.86
4632,4.0,114.78,7.0,0.208,0.07,19.0,1.0,29.44,0.339,0.337,0.0
4633,20.0,625.96,48.0,0.395,0.065,10.0,0.0,31.61,0.542,0.163,0.34
4634,2.0,270.84,8.0,0.211,0.028,40.0,1.0,162.07,0.494,0.083,0.08
4635,2.0,239.27,14.0,0.217,0.021,20.0,1.0,97.25,0.345,0.239,1.22
4636,3.0,185.97,5.0,,0.014,22.0,0.0,67.15,0.259,0.227,0.69
4637,27.0,611.56,41.0,0.366,0.077,6.0,2.0,23.01,0.843,0.343,1.21
4638,13.0,271.66,23.0,0.141,0.082,21.0,0.0,20.57,0.606,0.155,1.78
4639,0.0,103.81,6.0,0.089,0.057,38.0,1.0,103.81,0.692,0.29,1.48
4640,34.0,1759.82,60.0,0.049,0.045,11.0,1.0,51.81,0.269,0.169,2.7
4641,21.0,1992.12,52.0,0.024,0.015,0.0,4.0,93.58,0.562,0.07,0.6
4642,15.0,573.62,23.0,0.072,0.052,4.0,0.0,38.38,0.348,0.186,1.39
4643,2.0,0.0,4.0,0.319,0.0,39.0,0.0,0.0,0.515,0.216,1.66
4644,14.0,387.64,25.0,0.106,0.022,6.0,0.0,27.53,0.165,0.202,3.42
4645,28.0,2291.63,61.0,0.044,0.041,3.0,3.0,81.27,0.299,0.345,2.19
4646,22.0,1763.65,61.0,0.097,0.046,11.0,1.0,79.6,0.153,0.282,2.96
4647,34.0,2192.7,57.0,0.03,0.009,7.0,1.0,64.52,0.161,0.154,1.51
4648,4.0,76.7,10.0,,0.017,3.0,0.0,17.32,0.549,,0.55
4649,10.0,277.0,30.0,0.191,0.063,19.0,0.0,26.48,0.052,0.465,2.24
4650,18.0,1834.62,45.0,0.082,0.071,6.0,0.0,99.76,0.41,,1.97
4651,5.0,690.4,44.0,0.244,0.129,6.0,1.0,130.48,0.86,0.251,1.7
4652,17.0,760.33,58.0,0.297,0.106,5.0,0.0,44.17,0.315,0.233,0.99
4653,20.0,210.62,32.0,0.139,0.039,8.0,2.0,10.66,0.468,0.208,4.44
4654,24.0,651.2,48.0,0.312,0.069,8.0,2.0,27.1,0.612,0.192,1.15
4655,18.0,595.23,39.0,0.325,0.091,9.0,0.0,33.71,0.355,0.041,0.59
4656,1.0,81.58,3.0,0.159,0.0,52.0,0.0,81.58,0.478,0.074,1.29
4657,5.0,92.17,8.0,0.107,0.026,48.0,1.0,18.0,0.68,0.383,1.02
4658,6.0,261.88,13.0,0.101,0.102,18.0,0.0,44.72,0.143,,1.69
4659,23.0,1608.44,50.0,0.069,0.041,0.0,4.0,69.41,0.212,0.254,1.78
4660,32.0,1452.3,71.0,0.068,0.036,5.0,2.0,45.05,0.121,0.148,2.21
4661,10.0,555.66,14.0,0.151,0.035,15.0,0.0,54.15,0.556,0.209,1.32
4662,3.0,73.25,10.0,0.244,0.078,40.0,0.0,22.85,0.294,0.323,0.0
4663,27.0,691.04,22.0,0.493,0.037,14.0,2.0,25.2,0.226,0.371,1.05
4664,12.0,469.59,24.0,0.1,0.018,5.0,0.0,38.64,0.382,0.215,1.61
4665,6.0,27.25,5.0,0.283,0.039,65.0,1.0,4.35,0.297,0.167,0.35
4666,3.0,88.94,8.0,0.162,0.018,49.0,0.0,25.59,0.689,0.282,0.84
4667,35.0,1765.96,55.0,0.075,0.018,7.0,2.0,49.89,0.044,0.305,1.59
4668,16.0,441.64,22.0,0.086,0.031,1.0,1.0,26.79,0.252,0.147,2.0
4669,18.0,2085.93,59.0,0.034,0.035,8.0,1.0,118.02,0.587,0.314,1.36
4670,2.0,78.21,15.0,0.13,0.027,3.0,2.0,38.14,0.044,0.343,1.93
4671,5.0,83.14,14.0,0.222,0.07,61.0,0.0,17.36,0.56,0.335,1.19
4672,13.0,910.36,27.0,0.033,0.05,7.0,1.0,70.42,0.559,0.219,2.5
4673,11.0,570.33,42.0,0.126,0.04,8.0,0.0,52.31,0.591,0.344,0.97
4674,10.0,700.15,26.0,0.115,0.062,7.0,1.0,69.82,0.229,0.405,3.14
4675,15.0,522.42,40.0,0.088,0.02,7.0,0.0,35.45,0.637,0.173,2.79
4676,25.0,2825.53,17.0,0.052,0.049,1.0,2.0,111.73,0.28,0.275,2.06
4677,0.0,102.54,1.0,0.224,0.008,41.0,0.0,102.54,0.254,0.145,0.3
4678,4.0,77.56,5.0,0.1,0.0,30.0,3.0,19.04,0.634,0.142,2.35
4679,3.0,181.68,2.0,0.13,0.053,59.0,0.0,70.46,0.502,0.0,0.0
4680,12.0,1562.68,72.0,0.038,0.041,6.0,1.0,131.02,0.323,0.32,2.75
4681,2.0,42.87,8.0,0.283,0.076,15.0,1.0,18.8,0.808,0.466,1.16
4682,12.0,517.84,21.0,0.054,0.029,19.0,1.0,44.48,0.78,0.085,1.81
4683,11.0,434.53,30.0,0.045,0.08,19.0,1.0,41.04,0.613,0.144,2.68
4684,14.0,352.29,53.0,0.258,0.142,1.0,2.0,25.26,0.18,0.209,1.2
4685,4.0,138.64,5.0,0.132,0.044,52.0,0.0,39.58,0.415,0.219,0.0
4686,19.0,652.37,46.0,0.594,0.092,0.0,0.0,34.12,0.81,0.232,0.0
4687,2.0,107.93,0.0,0.106,,34.0,1.0,70.41,0.399,0.266,
4688,6.0,130.6,8.0,0.163,0.066,43.0,1.0,21.01,0.478,0.124,0.78
4689,18.0,548.82,25.0,0.198,0.0,16.0,2.0,31.23,0.31,0.453,1.46
4690,32.0,1425.57,72.0,0.056,0.038,9.0,2.0,44.33,0.528,0.153,0.68
4691,11.0,522.44,23.0,0.137,0.084,20.0,0.0,46.4,0.422,0.292,2.15
4692,7.0,500.42,35.0,0.137,0.082,11.0,1.0,75.34,0.175,0.193,3.17
4693,15.0,882.98,28.0,0.437,0.069,12.0,4.0,58.01,1.0,0.179,0.64
4694,27.0,2344.59,44.0,0.081,0.049,7.0,2.0,85.71,0.307,0.121,1.86
4695,14.0,556.34,26.0,0.179,0.071,16.0,0.0,39.65,0.365,0.304,2.28
4696,24.0,1260.75,66.0,0.052,0.041,8.0,1.0,53.05,0.208,0.278,2.36
4697,19.0,694.09,32.0,0.399,0.109,13.0,2.0,36.71,0.874,0.522,0.63
4698,34.0,1259.31,33.0,0.099,0.024,4.0,1.0,37.06,0.247,0.156,3.27
4699,12.0,579.12,47.0,0.119,0.029,20.0,2.0,47.21,0.241,0.305,2.12
4700,3.0,90.95,3.0,0.0,0.0,141.0,1.0,34.84,0.36,0.207,0.62
4701,27.0,1484.25,55.0,0.034,0.038,2.0,1.0,53.99,0.525,0.084,1.44
4702,3.0,120.95,10.0,0.081,0.0,25.0,2.0,43.34,0.241,0.162,0.18
4703,34.0,1854.33,41.0,0.058,0.036,6.0,1.0,53.76,0.434,0.226,2.52
4704,15.0,786.4,61.0,0.088,0.003,8.0,0.0,52.22,0.187,0.253,2.89
4705,15.0,1155.57,67.0,0.265,0.0,15.0,1.0,78.68,0.69,0.272,0.0
4706,3.0,140.66,6.0,0.209,0.006,36.0,1.0,55.74,0.216,0.108,0.25
4707,1.0,28.06,10.0,0.114,0.08,26.0,1.0,28.06,0.157,0.187,0.87
4708,11.0,2588.95,69.0,0.031,0.079,3.0,2.0,231.42,0.303,0.294,2.37
4709,16.0,506.2,15.0,0.15,0.145,10.0,1.0,30.78,0.21,0.159,0.51
4710,12.0,460.87,29.0,0.069,0.053,6.0,1.0,38.02,0.057,0.16,1.73
4711,0.0,100.76,6.0,0.107,0.051,118.0,0.0,100.76,0.548,0.18,1.59
4712,10.0,537.21,26.0,0.152,0.02,17.0,1.0,54.21,0.337,0.222,2.6
4713,4.0,202.75,5.0,0.15,,53.0,1.0,45.92,0.71,0.229,0.91
4714,2.0,113.76,9.0,0.186,0.024,53.0,0.0,53.51,0.66,0.326,1.05
4715,2.0,106.28,3.0,0.09,0.0,103.0,0.0,45.66,0.158,0.019,2.58
4716,5.0,52.87,11.0,0.177,0.09,19.0,1.0,9.97,0.557,0.122,0.0
4717,11.0,784.26,53.0,0.408,0.1,5.0,1.0,73.67,0.79,0.211,0.88
4718,9.0,432.07,16.0,0.131,0.07,2.0,0.0,46.25,0.415,0.246,2.45
4719,13.0,546.08,28.0,0.38,0.147,11.0,1.0,43.48,0.389,0.249,0.83
4720,7.0,566.12,27.0,0.146,0.105,11.0,1.0,80.15,0.461,0.22,2.85
4721,13.0,386.36,34.0,0.094,0.0,15.0,1.0,29.17,0.501,0.127,1.96
4722,0.0,101.25,9.0,0.352,0.047,47.0,1.0,101.25,0.288,0.169,1.56
4723,17.0,1456.31,55.0,0.081,0.042,10.0,1.0,84.3,0.4,0.385,1.16
4724,25.0,1906.0,65.0,0.031,0.049,3.0,0.0,74.78,0.148,0.26,2.09
4725,8.0,675.71,28.0,0.09,0.117,19.0,1.0,87.15,0.568,0.419,1.11
4726,3.0,34.88,4.0,0.18,0.036,22.0,0.0,13.83,0.558,0.178,1.8
4727,16.0,1469.0,58.0,0.059,0.018,6.0,0.0,90.84,0.305,0.21,1.62
4728,3.0,139.19,8.0,0.176,0.088,91.0,1.0,44.24,0.364,0.291,0.0
4729,34.0,1347.59,83.0,0.082,0.064,13.0,1.0,39.59,0.39,0.252,2.31
4730,18.0,611.69,41.0,0.122,0.013,20.0,1.0,34.64,0.453,0.264,1.13
4731,10.0,493.49,30.0,0.14,0.058,7.0,0.0,47.17,0.855,0.266,2.84
4732,1.0,101.97,7.0,0.105,0.01,35.0,0.0,101.97,0.513,0.265,0.82
4733,13.0,275.19,34.0,0.091,0.049,20.0,1.0,21.77,0.77,0.193,2.57
4734,1.0,192.03,4.0,0.236,0.029,7.0,0.0,171.89,0.176,0.034,0.0
4735,2.0,27.71,5.0,0.228,0.033,0.0,1.0,12.44,0.542,0.104,1.58
4736,14.0,514.96,27.0,0.059,0.07,4.0,1.0,36.5,0.188,0.386,0.11
4737,5.0,153.62,0.0,0.228,0.063,36.0,1.0,29.96,0.23,0.109,0.0
4738,10.0,556.25,35.0,0.18,0.068,18.0,2.0,54.17,0.406,0.128,2.6
4739,0.0,129.82,4.0,0.138,0.096,12.0,2.0,129.82,0.245,,1.77
4740,15.0,1429.21,65.0,0.089,0.038,2.0,1.0,95.02,0.593,0.343,2.02
4741,4.0,54.63,3.0,0.176,0.05,77.0,0.0,15.34,0.5,0.467,0.8
4742,15.0,519.23,30.0,0.351,0.13,8.0,1.0,34.23,0.619,0.155,0.0
4743,14.0,329.72,29.0,0.046,0.068,9.0,2.0,24.18,0.836,0.21,1.9
4744,15.0,673.47,26.0,0.051,0.062,11.0,0.0,46.18,0.757,0.287,1.94
4745,15.0,859.9,33.0,0.47,0.064,10.0,0.0,55.98,0.277,0.168,0.85
4746,7.0,134.29,13.0,0.241,0.048,63.0,0.0,17.99,0.676,,0.52
4747,14.0,551.04,31.0,0.061,0.035,14.0,2.0,38.42,0.788,0.206,1.77
4748,4.0,106.88,9.0,,0.021,67.0,0.0,25.67,0.387,0.0,0.0
4749,13.0,376.32,30.0,0.044,0.063,12.0,1.0,29.03,0.438,0.3,2.94
4750,23.0,1166.9,34.0,0.324,0.082,7.0,0.0,50.7,0.802,0.161,
4751,22.0,777.02,42.0,0.194,0.065,18.0,1.0,35.72,0.471,0.122,1.43
4752,0.0,214.61,16.0,0.058,0.033,50.0,0.0,214.61,0.295,0.172,0.73
4753,12.0,799.1,36.0,0.096,0.127,6.0,0.0,68.83,0.713,0.371,2.05
4754,32.0,693.56,41.0,0.366,0.093,16.0,2.0,21.99,0.245,0.298,0.0
4755,17.0,575.08,36.0,0.09,0.05,12.0,0.0,34.77,0.23,0.202,1.12
4756,39.0,1658.05,51.0,0.036,0.037,9.0,1.0,42.14,0.409,0.189,2.03
4757,3.0,122.25,8.0,0.183,0.073,25.0,0.0,43.07,0.253,0.245,2.42
4758,42.0,1611.24,37.0,0.052,0.043,5.0,0.0,38.76,0.796,0.221,1.4
4759,5.0,152.44,7.0,0.232,0.112,32.0,0.0,32.71,0.835,0.219,0.44
4760,9.0,569.62,12.0,0.103,0.05,14.0,2.0,61.74,0.314,0.352,1.49
4761,12.0,663.99,26.0,0.157,0.0,6.0,0.0,56.25,0.415,0.302,2.52
4762,11.0,365.93,41.0,0.048,0.052,15.0,1.0,33.93,0.29,0.215,3.6
4763,34.0,1288.89,36.0,0.098,0.026,7.0,0.0,38.2,0.219,0.208,1.85
4764,1.0,69.27,0.0,0.142,0.024,127.0,1.0,69.27,0.354,0.0,2.19
4765,2.0,141.8,4.0,0.006,0.0,147.0,0.0,74.48,0.389,0.208,1.02
4766,11.0,575.36,25.0,0.05,0.082,2.0,1.0,54.67,0.627,0.025,0.0
4767,1.0,145.97,13.0,0.208,0.005,26.0,0.0,145.97,0.338,0.223,0.19
4768,26.0,1469.57,61.0,,0.018,0.0,3.0,56.95,0.555,0.172,1.78
4769,21.0,2128.6,62.0,0.072,0.058,8.0,2.0,100.18,0.192,0.17,1.84
4770,36.0,1529.07,44.0,0.075,0.046,1.0,1.0,42.39,0.832,0.204,1.86
4771,14.0,610.66,24.0,0.104,0.004,14.0,1.0,43.85,0.213,0.0,2.52
4772,16.0,895.73,31.0,0.116,0.019,17.0,0.0,57.58,0.323,0.279,1.15
4773,3.0,80.1,2.0,0.135,0.016,161.0,1.0,24.88,0.46,0.056,0.58
4774,3.0,67.27,13.0,0.213,0.004,13.0,0.0,25.15,0.1,0.116,0.0
4775,25.0,651.32,29.0,0.436,0.086,7.0,2.0,25.79,0.683,0.218,3.14
4776,2.0,88.98,8.0,0.263,0.085,7.0,1.0,36.43,0.389,0.068,0.76
4777,28.0,2274.88,35.0,0.046,0.06,1.0,0.0,81.37,0.765,0.221,3.13
4778,0.0,108.08,3.0,0.233,0.0,51.0,1.0,108.08,0.663,0.0,2.09
4779,28.0,733.03,40.0,0.414,0.132,3.0,2.0,26.08,0.268,0.11,2.44
4780,0.0,117.25,10.0,0.228,0.014,46.0,0.0,117.25,0.107,0.248,2.1
4781,1.0,28.48,0.0,0.122,0.08,71.0,0.0,21.57,0.888,0.325,1.01
4782,39.70564248522073,1842.6339059792435,20.0,0.056,0.06,3.0,1.0,29.63,0.499,0.143,0.99
4783,0.0,61.86,11.0,0.273,0.027,44.0,1.0,61.86,0.619,0.135,0.19
4784,0.0,98.18,4.0,0.214,0.018,59.0,1.0,98.18,0.303,0.347,0.09
4785,7.0,604.78,28.0,0.136,0.049,18.0,0.0,90.22,0.376,0.239,1.27
4786,5.0,135.74,5.0,0.107,0.016,35.0,0.0,24.82,0.093,0.066,0.0
4787,4.0,118.58,4.0,0.058,0.031,4.0,0.0,33.7,0.225,0.058,1.5
4788,33.0,918.67,50.0,0.431,0.06,3.0,2.0,28.22,0.23,0.154,2.4
4789,5.0,172.91,9.0,0.14,0.025,32.0,0.0,36.55,0.528,0.295,1.03
4790,21.0,780.79,49.0,0.4,0.115,16.0,0.0,37.56,0.595,0.0,0.8
4791,6.0,398.95,22.0,0.005,0.075,3.0,0.0,69.9,0.675,0.315,2.18
4792,3.0,68.22,11.0,0.107,0.092,32.0,0.0,24.73,0.626,0.115,0.0
4793,22.0,634.45,34.0,0.433,0.155,11.0,3.0,29.17,0.286,0.163,1.76
4794,1.0,186.59,11.0,0.106,0.077,23.0,0.0,186.59,0.047,0.169,0.47
4795,3.0,204.47,7.0,0.187,0.006,33.0,0.0,77.18,0.308,0.348,1.38
4796,0.0,90.72,3.0,0.217,0.033,66.0,0.0,90.72,0.389,0.138,0.54
4797,20.0,31.85,33.0,0.089,0.07,10.0,2.0,1.63,0.618,0.255,2.61
4798,17.0,708.14,44.0,0.246,0.111,8.0,0.0,42.39,0.888,0.37,1.92
4799,36.0,1705.88,62.0,0.008,0.021,9.0,2.0,46.84,0.147,0.406,2.71
4800,37.0,1036.17,20.0,0.0,0.051,7.0,2.0,28.26,0.624,0.294,0.49
4801,12.0,487.29,35.0,0.116,0.083,23.0,1.0,42.12,0.656,0.331,1.87
4802,7.0,152.89,11.0,0.318,0.051,41.0,1.0,22.21,0.686,,1.72
4803,11.0,325.1,18.0,0.119,0.012,15.0,1.0,28.52,0.097,0.135,1.76
4804,16.0,742.87,35.0,0.117,0.048,7.0,1.0,47.02,0.194,0.347,1.45
4805,19.0,1880.92,44.0,0.083,0.066,2.0,3.0,100.55,0.265,0.229,3.91
4806,37.0,945.76,64.0,0.048,0.065,8.0,2.0,25.36,0.174,0.419,1.68
4807,11.0,454.82,17.0,0.034,0.02,18.0,0.0,41.75,0.686,0.278,1.92
4808,2.0,53.84,4.0,0.139,0.039,128.0,0.0,23.52,0.146,0.0,0.47
4809,12.0,851.55,35.0,0.041,0.043,11.0,2.0,70.21,0.41,0.219,2.13
4810,8.0,107.38,0.0,0.169,0.036,46.0,0.0,14.08,0.702,0.177,0.1
4811,3.0,21.62,4.0,0.028,0.026,67.0,1.0,7.54,0.456,0.168,1.81
4812,23.0,2505.58,79.0,0.019,0.054,2.0,2.0,111.08,0.48,0.164,2.06
4813,52.869756570545675,4063.0090519908317,69.0,0.05,0.083,3.0,2.0,56.36,0.27,0.183,2.53
4814,8.507544056424745,402.3290157885816,11.0,0.279,0.035,16.0,1.0,19.19,0.64,0.15,0.0
4815,24.0,696.03,56.0,0.361,0.053,5.0,0.0,29.23,0.475,0.295,0.86
4816,15.0,376.09,33.0,0.083,0.006,18.0,1.0,25.47,0.77,0.265,1.83
4817,14.0,458.04,30.0,0.093,0.059,16.0,1.0,32.0,0.36,0.345,1.96
4818,12.0,278.16,25.0,0.02,0.018,12.0,0.0,23.02,0.365,0.229,0.85
4819,11.0,559.71,33.0,0.087,0.091,8.0,1.0,49.88,0.569,0.143,2.98
4820,7.0,165.7,31.0,0.185,0.03,9.0,0.0,24.02,0.404,0.143,1.9
4821,15.0,560.84,38.0,0.176,0.066,8.0,2.0,38.35,0.573,0.133,1.85
4822,9.0,411.26,29.0,0.041,0.067,13.0,0.0,43.44,0.243,0.177,1.99
4823,19.0,511.27,36.0,0.523,0.042,16.0,2.0,27.04,0.275,0.231,0.88
4824,21.0,763.34,59.0,0.429,0.102,0.0,3.0,35.82,0.301,0.175,0.71
4825,5.0,101.59,5.0,0.136,0.007,13.0,0.0,21.32,0.109,0.457,0.47
4826,4.0,188.96,7.0,0.289,0.018,17.0,0.0,51.44,0.322,0.109,1.16
4827,2.0,52.89,3.0,0.008,0.011,112.0,0.0,33.37,0.264,0.045,1.88
4828,2.0,110.44,2.0,0.164,0.017,48.0,1.0,46.6,0.169,0.117,1.35
4829,17.0,557.85,61.0,0.393,0.067,4.0,0.0,33.23,1.0,0.258,1.58
4830,5.0,723.61,24.0,0.038,0.06,9.0,1.0,156.18,0.53,0.281,2.72
4831,2.0,85.23,5.0,0.117,0.026,108.0,1.0,37.74,0.275,0.023,0.0
4832,11.0,513.83,30.0,0.1,0.078,10.0,1.0,45.93,0.078,0.106,1.65
4833,4.0,0.0,16.0,0.174,0.059,50.0,0.0,0.0,0.484,0.141,0.88
4834,18.0,727.44,28.0,0.093,0.081,19.0,0.0,40.01,0.063,0.057,0.0
4835,28.0,2133.16,69.0,0.046,0.028,8.0,2.0,76.65,0.154,0.105,1.21
4836,6.0,78.29,11.0,0.263,0.06,21.0,1.0,12.85,0.314,0.289,0.07
4837,15.0,675.56,20.0,0.055,0.066,21.0,1.0,44.99,0.094,0.195,1.06
4838,9.0,472.22,33.0,0.079,0.05,7.0,3.0,49.8,0.33,0.114,2.8
4839,14.0,603.3,43.0,0.375,0.095,15.0,1.0,43.47,0.795,0.0,0.0
4840,19.0,604.92,30.0,0.162,0.038,15.0,0.0,31.34,0.625,0.097,3.21
4841,4.0,200.03,17.0,0.127,0.074,0.0,0.0,49.03,0.145,0.218,
4842,15.0,894.77,17.0,0.28,0.112,13.0,2.0,61.61,0.44,0.346,0.0
4843,2.0,50.56,6.0,0.186,0.042,96.0,0.0,33.48,0.419,0.045,2.09
4844,35.0,1745.33,55.0,0.036,0.0,5.0,1.0,50.38,0.162,0.303,1.76
4845,6.0,62.21,12.0,0.036,0.037,40.0,1.0,10.37,0.285,0.328,1.19
4846,18.0,469.31,32.0,0.098,0.076,5.0,2.0,26.17,0.617,0.272,0.92
4847,22.0,492.62,44.0,0.509,0.13,18.0,0.0,22.36,0.271,0.312,0.28
4848,19.0,664.63,48.0,0.323,0.126,15.0,2.0,34.91,0.512,0.189,1.76
4849,20.0,449.83,40.0,0.344,0.104,15.0,1.0,22.5,0.404,0.343,0.62
4850,13.0,207.74,23.0,0.159,0.069,15.0,1.0,16.56,0.479,0.184,1.57
4851,0.0,101.29,2.0,0.1,0.131,144.0,1.0,101.29,0.153,0.0,0.13
4852,3.0,143.55,4.0,0.394,0.054,39.0,0.0,57.22,0.351,0.105,0.65
4853,16.0,528.79,24.0,0.119,,7.0,0.0,34.11,0.097,0.272,3.24
4854,2.0,69.02,1.0,0.135,0.007,83.0,0.0,33.53,0.669,0.138,0.0
4855,24.0,568.78,41.0,0.421,0.131,3.0,0.0,24.1,0.912,0.359,0.36
4856,12.0,288.67,26.0,0.054,0.005,12.0,2.0,25.06,0.216,0.353,2.21
4857,14.0,871.43,14.0,0.105,0.024,11.0,0.0,62.05,0.552,0.255,1.48
4858,20.0,468.35,17.0,,0.078,25.0,2.0,23.92,0.552,0.21,3.46
4859,42.0,1526.0,54.0,0.045,0.012,0.0,3.0,36.36,0.219,0.16,1.62
4860,1.0,212.88,9.0,0.093,0.047,31.0,0.0,212.88,0.252,0.206,0.78
4861,11.0,589.99,29.0,0.0,0.048,19.0,0.0,51.37,0.238,0.206,3.43
4862,30.0,1109.49,46.0,0.025,0.036,8.0,2.0,37.55,0.338,0.229,2.76
4863,28.0,2447.88,65.0,0.044,0.046,4.0,0.0,88.68,0.626,0.278,2.75
4864,0.0,158.17,4.0,0.131,0.001,42.0,0.0,158.17,0.782,0.209,0.2
4865,13.0,534.64,32.0,0.115,0.084,19.0,0.0,39.94,0.532,0.434,2.5
4866,17.0,284.76,29.0,0.122,0.046,12.0,0.0,16.59,0.393,0.177,1.24
4867,33.0,1795.43,64.0,0.072,0.042,11.0,4.0,54.84,0.723,0.179,0.75
4868,17.0,852.11,21.0,0.033,0.053,20.0,0.0,50.77,0.388,0.202,1.45
4869,12.0,791.45,55.0,0.458,0.161,12.0,2.0,68.72,0.459,0.0,1.23
4870,14.0,389.03,35.0,0.071,0.033,12.0,0.0,28.45,0.41,0.292,1.62
4871,16.0,407.61,29.0,0.111,0.058,0.0,0.0,24.97,0.03,0.044,2.34
4872,4.0,118.43,0.0,0.094,0.092,39.0,2.0,27.16,0.256,0.082,1.23
4873,17.0,491.88,58.0,0.333,0.066,14.0,2.0,28.81,0.262,0.163,0.0
4874,6.0,370.7,28.0,0.003,0.0,14.0,3.0,58.16,0.71,0.168,0.61
4875,2.0,53.51,8.0,0.195,0.05,30.0,1.0,24.19,0.129,0.014,1.12
4876,4.0,39.3,9.0,0.17,0.017,0.0,1.0,10.22,0.181,0.491,1.17
4877,27.0,2058.91,52.0,0.05,0.003,1.0,1.0,76.54,0.603,0.503,2.03
4878,12.0,554.64,30.0,0.094,0.047,17.0,1.0,46.05,0.557,0.053,2.92
4879,1.0,50.56,0.0,0.133,0.029,57.0,0.0,50.56,0.408,0.054,2.2
4880,2.0,12.64,8.0,0.173,0.012,4.0,0.0,7.18,0.525,0.085,1.18
4881,19.0,547.73,61.0,0.442,0.15,0.0,1.0,28.12,0.326,0.248,0.62
4882,14.0,719.23,17.0,0.161,0.055,13.0,0.0,51.25,0.525,0.086,1.61
4883,11.0,573.53,59.0,0.306,0.119,15.0,2.0,49.98,1.0,0.329,1.56
4884,4.0,179.89,6.0,0.139,0.102,38.0,2.0,42.94,0.908,0.111,1.43
4885,37.0,1707.08,51.0,0.093,0.046,9.0,2.0,46.27,0.873,0.301,0.86
4886,6.0,765.2,32.0,0.187,0.013,14.0,0.0,121.63,0.369,0.225,1.13
4887,9.0,686.42,24.0,0.137,0.057,12.0,1.0,75.32,0.246,0.182,0.57
4888,21.0,613.35,60.0,0.365,0.0,13.0,1.0,29.87,0.65,0.092,0.06
4889,5.0,760.76,26.0,0.08,0.06,6.0,0.0,161.25,0.36,0.431,2.45
4890,1.0,108.69,7.0,0.066,0.03,66.0,0.0,108.69,0.231,0.021,1.37
4891,3.0,57.93,16.0,0.204,0.043,13.0,0.0,17.25,0.313,0.135,2.13
4892,4.0,255.91,7.0,0.171,0.006,74.0,1.0,68.94,0.361,0.351,1.11
4893,33.0,1631.7,47.0,0.0,0.03,10.0,0.0,49.41,0.814,0.303,1.61
4894,7.0,639.39,17.0,0.093,0.081,18.0,1.0,94.88,0.252,0.069,1.79
4895,8.0,443.9,28.0,0.123,0.041,3.0,2.0,53.66,0.272,0.171,1.32
4896,4.0,0.0,9.0,0.2,0.003,50.0,0.0,0.0,0.468,0.409,0.0
4897,10.0,578.02,36.0,0.384,0.042,17.0,2.0,60.01,0.454,0.229,0.0
4898,10.0,320.62,33.0,0.115,0.052,1.0,0.0,32.96,0.95,0.324,2.93
4899,11.0,598.18,26.0,0.157,0.055,3.0,0.0,53.13,0.51,0.288,1.87
4900,19.0,1071.19,38.0,,0.099,12.0,3.0,56.16,0.432,0.13,1.97
4901,1.0,63.03,4.0,0.084,0.02,102.0,0.0,63.03,0.511,0.213,1.13
4902,1.0,214.56,3.0,0.282,0.03,53.0,0.0,148.25,0.307,0.14,1.77
4903,6.0,226.46,5.0,0.311,0.016,50.0,2.0,38.04,0.08,0.149,1.45
4904,17.0,532.11,37.0,0.163,0.069,16.0,1.0,30.98,0.647,0.14,1.02
4905,18.0,292.54,37.0,,0.033,16.0,0.0,15.91,0.528,0.117,2.36
4906,22.0,1813.21,30.0,0.099,0.002,1.0,2.0,82.79,0.359,0.069,1.86
4907,18.0,442.25,32.0,0.113,0.059,5.0,1.0,24.07,0.234,0.164,0.41
4908,11.0,420.29,18.0,0.066,0.066,21.0,1.0,38.24,0.357,0.162,1.03
4909,37.0,1035.1,59.0,0.061,0.038,7.0,2.0,27.81,0.195,0.281,0.79
4910,23.0,1746.36,75.0,0.047,0.037,5.0,3.0,74.62,0.355,0.088,1.36
4911,28.0,1961.26,41.0,0.14,0.014,3.0,1.0,68.92,0.305,0.171,3.36
4912,15.0,665.49,33.0,0.005,0.046,4.0,2.0,43.65,0.611,0.255,0.0
4913,10.0,319.23,35.0,0.017,0.077,8.0,3.0,33.21,0.617,0.3,1.0
4914,29.0,1914.2,61.0,0.063,0.042,1.0,2.0,65.24,0.278,0.234,2.49
4915,25.0,1261.57,54.0,0.009,0.0,5.0,1.0,49.67,0.358,0.092,1.1
4916,18.0,453.65,57.0,0.285,0.0,19.0,3.0,25.89,0.453,0.0,0.21
4917,6.0,164.71,14.0,0.381,0.045,19.0,0.0,28.13,0.387,0.504,0.0
4918,34.0,1706.79,74.0,0.062,0.015,4.0,3.0,49.9,0.366,0.2,2.75
4919,1.0,85.26,4.0,0.275,,58.0,1.0,61.72,0.242,0.36,0.57
4920,16.0,433.4,28.0,0.051,0.025,20.0,1.0,27.94,0.322,0.24,2.02
4921,18.0,843.75,24.0,0.21,0.046,14.0,2.0,46.38,0.86,0.124,4.49
4922,1.0,105.18,5.0,0.125,0.006,133.0,0.0,100.95,0.061,0.099,0.65
4923,20.0,177.48,45.0,0.078,0.029,10.0,3.0,9.03,0.246,0.127,1.56
4924,4.0,64.56,10.0,0.146,0.08,2.0,1.0,14.44,0.109,0.331,0.33
4925,16.0,297.15,31.0,0.176,0.077,0.0,2.0,19.16,0.643,0.321,2.34
4926,14.0,660.93,29.0,0.103,0.035,19.0,2.0,46.81,0.643,0.359,1.89
4927,18.0,1657.24,56.0,0.068,0.047,9.0,3.0,91.67,0.19,0.278,1.66
4928,3.0,76.24,0.0,0.068,0.02,96.0,0.0,29.28,0.303,0.038,0.36
4929,30.0,2688.85,37.0,0.055,0.047,9.0,2.0,90.94,0.735,0.177,0.91
4930,13.0,850.96,53.0,0.372,0.079,2.0,3.0,65.72,0.289,0.145,1.7
4931,6.0,177.6,10.0,0.153,0.035,34.0,0.0,27.63,0.159,0.352,2.11
4932,14.0,234.27,31.0,0.107,0.055,6.0,1.0,16.64,0.572,0.011,1.36
4933,2.0,133.0,6.0,0.048,0.056,14.0,0.0,56.22,0.456,0.01,0.31
4934,18.0,724.8,30.0,0.521,0.119,18.0,1.0,40.22,0.477,0.387,1.16
4935,12.0,514.83,34.0,0.137,0.039,4.0,2.0,43.19,0.106,0.132,3.52
4936,2.0,237.78,9.0,0.191,0.069,62.0,1.0,120.73,0.333,0.607,0.16
4937,10.0,462.61,15.0,0.17,0.102,12.0,0.0,48.01,0.482,0.232,1.31
4938,13.0,484.25,47.0,0.378,0.03,24.0,0.0,36.64,0.351,0.173,0.66
4939,5.0,87.61,7.0,0.127,0.0,66.0,0.0,16.19,0.376,0.2,0.0
4940,16.0,507.92,35.0,0.142,0.02,4.0,0.0,31.38,0.181,0.322,1.84
4941,16.0,561.27,21.0,0.0,0.06,12.0,1.0,35.62,0.462,0.133,1.69
4942,4.0,93.8,13.0,0.258,0.025,67.0,1.0,24.58,0.618,0.144,2.28
4943,3.0,165.06,11.0,0.217,0.03,40.0,1.0,50.0,0.356,0.392,0.26
4944,16.0,329.18,33.0,0.053,0.0,12.0,1.0,21.14,0.365,0.351,3.62
4945,1.0,0.0,5.0,0.149,0.0,64.0,0.0,0.0,0.193,0.0,0.0
4946,25.0,576.8,15.0,0.259,0.129,7.0,1.0,23.33,0.171,0.093,1.31
4947,13.0,778.42,26.0,0.083,0.07,9.0,0.0,58.18,0.132,0.224,1.31
4948,1.0,33.08,2.0,0.071,0.012,78.0,0.0,33.08,0.41,0.0,0.51
4949,19.0,913.05,17.0,0.058,0.003,10.0,0.0,47.23,0.413,0.283,3.42
4950,13.0,695.15,10.0,0.166,0.095,15.0,1.0,53.98,0.506,0.17,1.34
4951,14.0,560.49,73.0,0.304,0.128,3.0,1.0,40.07,0.473,0.355,0.0
4952,0.0,13.91,4.0,0.173,0.079,72.0,1.0,13.91,0.707,0.282,0.94
4953,11.0,568.21,24.0,0.152,0.054,19.0,1.0,50.93,0.471,0.208,2.23
4954,3.0,266.94,4.0,0.145,0.101,46.0,1.0,83.38,0.186,0.14,0.75
4955,12.0,522.65,13.0,0.123,0.038,5.0,1.0,42.43,0.242,0.0,1.97
4956,5.0,124.25,6.0,0.144,0.054,56.0,1.0,24.91,0.559,0.249,1.17
4957,2.0,42.61,2.0,0.005,0.031,56.0,1.0,23.01,0.706,0.104,0.42
4958,14.0,283.93,22.0,0.079,0.066,14.0,0.0,19.82,0.033,0.241,1.99
4959,16.0,2277.78,29.0,0.041,0.067,4.0,3.0,141.97,0.325,0.011,1.94
4960,18.0,909.91,18.0,0.027,0.058,15.0,1.0,51.45,0.549,0.287,1.24
4961,14.0,468.42,29.0,0.09,0.009,18.0,2.0,33.98,0.509,,1.44
4962,2.0,44.18,3.0,0.186,0.028,83.0,1.0,20.66,0.227,0.063,1.01
4963,12.0,687.65,49.0,0.482,0.098,5.0,0.0,59.75,0.288,0.246,1.72
4964,25.0,1881.88,57.0,0.072,0.054,5.0,1.0,75.85,0.323,0.297,1.78
4965,1.0,54.84,0.0,0.102,0.013,98.0,0.0,42.78,0.316,0.127,0.33
4966,13.0,466.4,16.0,0.101,0.045,12.0,1.0,36.29,0.102,0.317,1.22
4967,36.0,1890.82,25.0,0.013,0.034,0.0,0.0,52.2,0.238,0.134,1.91
4968,9.0,411.87,20.0,0.047,0.0,18.0,0.0,46.09,0.261,0.321,3.45
4969,10.0,575.3,31.0,0.031,0.07,6.0,2.0,59.91,0.404,0.333,3.24
4970,5.0,163.91,5.0,0.186,0.002,21.0,1.0,35.32,0.31,0.042,2.21
4971,3.0,108.5,2.0,0.252,0.047,51.0,0.0,34.02,0.163,0.315,1.4
4972,2.0,190.68,12.0,0.276,0.113,0.0,0.0,77.35,0.746,0.339,2.51
4973,15.0,355.84,35.0,0.093,0.056,14.0,0.0,24.17,0.592,0.415,3.1
4974,2.0,195.46,6.0,0.356,0.071,5.0,1.0,79.34,0.39,0.0,1.73
4975,27.0,732.45,43.0,0.453,0.114,4.0,2.0,27.41,0.783,0.075,0.87
4976,18.0,647.07,54.0,0.481,0.149,13.0,0.0,35.15,0.47,0.119,0.79
4977,9.0,475.69,19.0,0.148,0.01,12.0,2.0,51.95,0.19,0.316,1.87
4978,18.0,669.95,46.0,0.241,0.059,15.0,3.0,37.14,0.487,0.407,2.31
4979,13.0,682.69,42.0,0.312,0.073,5.0,2.0,51.09,0.752,0.0,1.81
4980,10.0,644.96,31.0,0.049,0.057,4.0,2.0,61.6,0.63,0.236,3.48
4981,0.0,98.39,3.0,0.194,0.072,102.0,0.0,98.39,0.619,0.091,0.9
4982,15.0,1021.07,51.0,0.46,0.056,6.0,1.0,70.26,0.484,0.25,2.14
4983,6.0,85.91,14.0,0.248,0.049,30.0,1.0,14.71,0.651,0.171,0.75
4984,17.0,672.17,26.0,0.062,0.039,15.0,2.0,40.3,0.133,0.282,1.47
4985,3.0,44.3,1.0,0.193,0.045,129.0,0.0,16.7,0.573,0.0,0.16
4986,16.0,1840.0,51.0,0.06,0.045,7.0,3.0,116.68,0.654,0.519,1.83
4987,4.0,153.84,13.0,0.332,0.0,26.0,2.0,43.55,0.667,0.309,0.0
4988,18.0,1036.12,56.0,0.08,0.05,18.0,4.0,59.06,0.511,0.236,3.04
4989,10.0,481.14,17.0,0.105,0.086,14.0,1.0,46.28,0.509,0.385,
4990,3.0,159.91,9.0,0.06,0.048,29.0,0.0,52.59,0.557,0.33,0.23
4991,24.0,1838.94,66.0,0.0,0.047,0.0,4.0,77.46,0.583,0.315,1.52
4992,3.0,55.8,5.0,0.347,0.046,27.0,2.0,18.81,0.304,0.218,1.46
4993,30.0,1565.62,72.0,0.08,0.041,8.0,3.0,51.43,0.335,0.098,1.26
4994,14.0,767.19,23.0,0.032,0.029,18.0,2.0,55.71,0.525,0.021,2.68
4995,8.0,253.46,24.0,0.041,0.059,3.0,0.0,32.21,0.77,0.283,3.18
4996,0.0,68.26,11.0,0.139,0.022,28.0,1.0,68.26,0.555,0.107,0.0
4997,8.0,989.18,22.0,0.016,0.01,13.0,2.0,121.84,0.659,0.133,1.53
4998,3.0,37.57,5.0,0.082,0.077,80.0,1.0,13.87,0.798,0.0,1.32
4999,24.0,2890.82,56.0,0.03,0.042,4.0,1.0,120.74,0.774,0.201,2.91
5000,16.0,403.16,50.0,0.387,0.175,0.0,0.0,25.07,0.429,0.146,0.99
5001,12.0,819.76,54.0,0.368,0.142,24.0,1.0,68.28,0.713,0.139,1.03
5002,41.0,2136.63,49.0,0.005,0.064,8.0,2.0,52.51,0.594,0.134,1.36
5003,1.0,118.37,0.0,0.111,0.084,76.0,0.0,98.37,0.546,0.123,1.79
5004,43.0,1380.59,56.0,0.022,0.075,0.0,3.0,31.82,0.257,0.115,2.22
5005,10.0,302.73,31.0,0.162,0.042,6.0,2.0,31.81,0.009,0.048,3.11
5006,15.0,652.22,78.0,0.409,0.09,0.0,0.0,44.73,0.758,0.27,1.25
5007,12.0,630.81,33.0,0.122,0.032,7.0,0.0,53.97,0.53,0.044,2.13
5008,3.0,91.26,0.0,0.359,0.042,19.0,2.0,26.49,0.29,0.344,0.65
5009,22.0,537.39,34.0,0.087,0.05,17.0,0.0,24.79,0.668,0.343,2.6
5010,5.0,51.13,9.0,0.286,0.053,14.0,1.0,9.92,0.4,0.404,0.26
5011,7.0,765.19,31.0,0.202,0.06,12.0,1.0,115.68,0.721,0.086,1.71
5012,19.0,399.88,40.0,0.028,0.12,3.0,0.0,21.16,0.319,0.309,0.65
5013,1.0,95.32,5.0,0.107,0.0,106.0,0.0,94.61,0.532,0.05,0.68
5014,4.0,128.14,13.0,0.249,0.035,35.0,1.0,35.63,0.815,0.301,0.59
5015,8.0,582.32,42.0,0.148,0.049,10.0,3.0,68.91,0.499,0.212,2.1
5016,4.0,179.01,6.0,0.105,0.028,24.0,0.0,47.73,0.115,0.305,1.26
5017,3.0,82.29,1.0,0.185,0.003,10.0,0.0,28.98,0.471,0.34,1.06
5018,3.0,176.39,5.0,0.14,0.036,16.0,1.0,62.47,0.281,0.123,0.38
5019,0.0,212.22,8.0,0.326,0.029,32.0,1.0,212.22,0.355,0.083,0.0
5020,4.0,60.13,4.0,0.333,0.01,52.0,0.0,16.54,0.163,0.336,0.0
5021,16.0,487.34,16.0,0.103,0.09,4.0,0.0,31.33,0.373,0.255,2.53
5022,6.0,429.96,30.0,0.111,0.028,8.0,1.0,71.41,0.601,0.207,2.72
5023,2.0,117.14,15.0,0.128,0.054,22.0,2.0,66.4,0.362,0.089,2.76
5024,4.0,69.84,8.0,0.172,0.067,47.0,1.0,16.92,0.454,0.142,0.0
5025,2.0,62.94,11.0,0.139,0.002,39.0,0.0,27.48,0.647,0.133,1.51
5026,38.0,1658.36,72.0,0.019,0.025,9.0,0.0,43.67,0.29,0.282,1.1
5027,5.0,120.69,3.0,0.152,0.053,28.0,0.0,26.33,0.723,0.279,1.17
5028,10.0,610.25,34.0,0.348,0.065,11.0,3.0,61.03,0.569,0.198,0.87
5029,9.0,414.35,14.0,0.179,0.04,13.0,2.0,47.61,0.127,0.385,1.65
5030,13.0,2007.06,71.0,0.0,0.049,7.0,2.0,152.32,0.328,0.41,2.67
5031,30.0,1394.57,46.0,0.057,0.0,12.0,0.0,46.99,0.217,0.179,2.93
5032,18.0,926.53,51.0,0.601,0.057,2.0,2.0,52.25,0.506,0.271,1.21
5033,9.0,484.3,34.0,0.068,0.0,14.0,0.0,52.19,0.325,0.0,1.23
5034,13.0,442.13,24.0,0.063,0.023,12.0,0.0,33.79,0.074,0.277,2.08
5035,6.0,235.24,7.0,0.053,0.013,22.0,1.0,41.5,0.515,0.113,0.06
5036,3.0,67.74,5.0,0.065,0.084,37.0,0.0,21.76,0.322,0.072,1.28
5037,10.0,821.09,16.0,0.045,0.037,13.0,0.0,84.32,0.692,0.14,1.7
5038,16.0,578.87,40.0,0.388,0.069,20.0,1.0,36.44,0.487,0.121,0.41
5039,2.0,201.08,4.0,0.164,0.0,60.0,2.0,108.6,0.223,0.425,0.07
5040,16.0,410.77,56.0,0.31,0.021,0.0,1.0,25.28,0.546,0.182,0.0
5041,13.0,494.2,26.0,0.141,0.073,11.0,0.0,37.35,0.211,0.162,0.53
5042,3.0,57.87,1.0,0.114,0.017,139.0,1.0,22.0,0.186,0.0,0.75
5043,21.0,521.75,61.0,0.316,0.107,2.0,0.0,24.79,0.844,0.26,1.58
5044,4.0,160.93,11.0,0.079,0.067,56.0,1.0,38.59,0.184,0.345,0.17
5045,30.0,1999.02,46.0,0.037,0.015,12.0,3.0,65.82,0.509,0.245,3.43
5046,3.0,0.0,1.0,0.273,0.067,127.0,1.0,0.0,0.397,0.0,0.99
5047,12.0,448.62,26.0,0.229,0.092,4.0,1.0,38.15,0.4,0.099,1.9
5048,12.0,214.8,31.0,0.124,0.051,8.0,3.0,17.58,0.092,0.479,1.74
5049,23.0,532.48,29.0,0.474,0.111,20.0,1.0,22.72,0.369,0.177,1.27
5050,8.0,608.27,26.0,0.085,0.022,0.0,2.0,71.68,0.119,0.307,1.85
5051,25.0,579.17,45.0,0.611,0.081,6.0,1.0,22.74,0.719,0.229,0.0
5052,1.0,99.73,6.0,0.151,0.024,34.0,1.0,99.73,0.59,0.106,1.55
5053,2.0,56.47,3.0,0.17,0.062,38.0,0.0,27.49,0.314,0.177,
5054,4.0,149.29,8.0,0.219,0.03,47.0,1.0,40.35,0.638,0.292,0.71
5055,15.0,426.75,41.0,0.144,0.095,19.0,1.0,28.41,0.506,0.281,0.39
5056,24.0,2420.0,41.0,0.075,0.026,14.0,2.0,99.91,0.395,0.126,2.33
5057,7.0,533.02,25.0,0.081,0.095,12.0,2.0,76.33,0.106,0.098,2.02
5058,2.0,11.97,4.0,0.0,0.005,143.0,0.0,6.47,0.285,0.18,0.95
5059,13.0,644.77,36.0,0.048,0.025,9.0,0.0,49.06,0.325,0.238,1.96
5060,1.0,136.26,2.0,0.217,0.049,67.0,0.0,109.78,0.526,0.231,0.09
5061,16.0,403.59,61.0,0.421,0.133,16.0,2.0,25.02,0.902,0.27,0.0
5062,16.0,2316.18,42.0,0.04,0.031,12.0,1.0,149.27,0.182,0.279,2.79
5063,5.0,612.32,25.0,0.118,0.0,2.0,1.0,134.38,0.378,0.072,3.81
5064,3.0,46.91,15.0,0.13,0.057,42.0,0.0,14.04,0.551,0.215,1.49
5065,15.0,789.71,37.0,0.032,0.05,2.0,3.0,53.42,0.189,0.031,0.8
5066,6.0,502.87,27.0,0.129,0.038,22.0,1.0,80.7,0.046,0.205,2.55
5067,26.0,816.87,29.0,0.33,0.091,24.0,1.0,30.9,0.697,0.301,1.84
5068,2.0,53.01,5.0,0.075,0.066,141.0,0.0,23.98,0.371,0.0,2.43
5069,18.0,374.92,17.0,0.093,0.089,21.0,0.0,21.24,0.485,0.424,1.25
5070,2.0,76.04,2.0,0.159,0.015,82.0,0.0,30.81,0.805,0.0,1.32
5071,11.0,426.58,28.0,0.164,0.091,15.0,0.0,40.5,0.515,0.108,2.15
5072,28.0,2928.67,55.0,0.062,0.038,8.0,2.0,104.68,0.588,0.252,1.36
5073,15.0,425.3,30.0,0.084,0.084,9.0,2.0,28.57,0.12,0.248,1.48
5074,3.0,90.73,5.0,0.131,0.047,14.0,0.0,29.27,0.433,0.013,2.21
5075,4.0,75.58,18.0,0.142,0.042,10.0,0.0,19.41,0.695,0.068,1.55
5076,4.0,198.9,7.0,0.241,0.051,38.0,0.0,45.61,0.28,0.186,1.44
5077,6.0,161.14,5.0,0.176,0.056,0.0,1.0,26.33,0.693,0.344,2.02
5078,2.0,44.91,4.0,0.11,0.0,61.0,0.0,19.68,0.298,0.168,1.83
5079,2.0,123.84,12.0,0.111,0.009,33.0,1.0,82.42,0.582,0.159,1.76
5080,25.0,502.22,46.0,0.324,0.03,6.0,2.0,19.89,0.614,0.148,2.36
5081,26.0,897.04,32.0,0.291,0.053,8.0,1.0,34.84,0.249,0.109,1.31
5082,8.0,380.34,23.0,0.13,0.075,13.0,0.0,48.13,0.363,0.46,2.08
5083,12.0,355.59,15.0,0.113,0.03,9.0,1.0,30.73,0.75,0.266,2.46
5084,18.0,1865.13,63.0,0.068,0.007,3.0,1.0,104.46,0.413,0.003,0.94
5085,1.0,46.14,12.0,0.181,0.102,21.0,0.0,35.99,0.478,0.023,1.7
5086,13.0,550.27,29.0,0.097,0.054,5.0,2.0,43.33,0.524,0.239,1.54
5087,3.0,214.62,4.0,0.148,0.046,40.0,0.0,76.71,0.456,0.212,1.94
5088,3.0,120.23,4.0,0.108,0.005,6.0,1.0,34.43,0.672,0.018,1.03
5089,10.0,634.31,40.0,0.05,0.071,6.0,1.0,66.41,0.469,0.264,2.6
5090,18.0,449.6,43.0,0.141,0.007,12.0,0.0,25.35,0.454,0.265,2.34
5091,23.0,271.35,61.0,0.217,0.104,3.0,1.0,11.97,0.632,0.224,0.24
5092,14.0,545.23,32.0,0.15,0.053,8.0,2.0,39.92,0.363,0.186,0.0
5093,13.0,291.4,26.0,0.147,0.039,17.0,1.0,22.46,0.224,0.326,1.42
5094,23.0,2413.53,69.0,0.0,0.035,5.0,1.0,105.99,0.543,0.129,0.87
5095,15.0,752.62,62.0,0.301,0.151,10.0,1.0,50.03,0.416,0.268,0.57
5096,29.0,692.07,56.0,0.384,0.109,10.0,0.0,24.24,0.611,0.265,0.82
5097,3.0,56.19,6.0,0.194,0.028,66.0,0.0,20.97,0.648,0.003,2.24
5098,2.0,171.8,3.0,0.292,0.074,35.0,1.0,92.04,0.318,0.389,0.29
5099,16.0,659.24,37.0,0.111,0.049,13.0,1.0,40.98,0.33,0.384,3.13
5100,14.0,306.89,52.0,0.078,0.04,4.0,1.0,21.54,0.735,0.25,1.81
5101,4.0,145.81,4.0,0.229,0.052,19.0,1.0,35.14,0.335,0.324,0.93
5102,32.0,2014.77,64.0,0.053,0.005,7.0,3.0,62.44,0.223,0.073,2.37
5103,4.0,126.8,8.0,0.179,0.087,37.0,1.0,31.98,0.385,0.125,0.79
5104,0.0,145.21,9.0,0.352,0.067,45.0,0.0,145.21,0.041,0.32,0.0
5105,43.0,2052.73,60.0,0.035,0.082,11.0,1.0,48.06,0.489,0.309,1.91
5106,2.0,153.5,3.0,0.087,0.027,84.0,0.0,65.16,0.501,0.112,0.0
5107,42.0,2040.53,42.0,0.076,0.043,0.0,1.0,48.98,0.379,0.454,1.83
5108,20.0,947.55,52.0,0.533,0.057,16.0,0.0,47.92,0.96,0.034,0.0
5109,10.0,686.69,27.0,0.145,0.009,13.0,1.0,72.04,0.568,0.367,1.83
5110,7.0,298.93,23.0,0.056,0.024,20.0,0.0,45.34,0.423,0.062,2.17
5111,11.0,593.78,28.0,0.052,0.044,13.0,2.0,52.0,0.695,0.483,1.99
5112,3.0,87.73,5.0,0.126,0.032,53.0,0.0,25.98,0.274,0.128,1.5
5113,2.0,99.98,4.0,0.311,0.125,71.0,0.0,43.56,0.476,0.385,0.0
5114,4.0,54.2,11.0,0.107,0.05,41.0,1.0,13.38,0.428,0.142,1.15
5115,18.0,472.88,50.0,0.497,0.0,11.0,1.0,25.76,0.705,0.11,1.13
5116,4.0,109.69,15.0,0.339,0.013,39.0,1.0,27.37,0.72,0.109,0.85
5117,16.0,721.6,31.0,0.067,0.038,11.0,2.0,45.12,0.283,0.05,2.96
5118,1.0,35.9,4.0,0.124,0.011,139.0,1.0,26.13,0.248,0.063,0.0
5119,4.0,111.62,3.0,0.156,0.004,14.0,0.0,30.78,0.374,0.0,2.16
5120,5.0,81.41,5.0,0.158,0.078,31.0,2.0,14.94,0.356,0.13,1.07
5121,19.0,1952.46,67.0,0.067,0.006,10.0,1.0,103.74,0.119,0.281,2.86
5122,20.0,785.43,31.0,0.455,0.069,5.0,1.0,39.04,0.691,0.232,1.28
5123,3.0,103.94,10.0,0.258,0.015,42.0,1.0,41.53,0.315,0.053,0.83
5124,4.0,9.66,11.0,0.182,0.008,39.0,1.0,2.56,0.394,0.274,1.86
5125,21.0,1323.19,83.0,0.0,0.051,6.0,2.0,62.18,0.594,0.245,1.66
5126,35.0,2424.84,76.0,0.107,0.013,8.0,1.0,68.38,0.405,0.234,0.69
5127,17.0,635.67,57.0,0.159,0.133,5.0,1.0,37.2,0.495,,0.79
5128,3.0,569.53,32.0,0.083,0.095,14.0,2.0,181.11,0.471,0.213,2.24
5129,5.0,163.04,4.0,0.185,0.086,45.0,2.0,36.07,0.151,0.235,0.37
5130,0.0,72.97,0.0,0.28,0.017,114.0,0.0,72.97,0.167,0.031,1.41
5131,1.0,284.55,2.0,0.122,0.085,2.0,0.0,284.55,0.76,0.182,1.78
5132,17.0,595.53,66.0,0.373,0.109,0.0,0.0,34.63,0.372,0.175,1.43
5133,2.0,123.78,3.0,0.263,0.075,100.0,1.0,49.81,0.319,0.198,0.48
5134,16.0,399.15,26.0,0.16,0.044,16.0,0.0,24.38,0.09,0.214,2.52
5135,13.0,472.12,23.0,0.128,0.072,14.0,2.0,36.02,0.037,0.37,1.76
5136,6.0,193.31,10.0,0.234,0.021,13.0,1.0,34.37,0.536,0.226,0.0
5137,2.0,133.36,5.0,0.19,0.009,41.0,0.0,76.08,0.444,0.073,1.58
5138,6.0,190.98,15.0,0.377,0.041,26.0,1.0,31.65,0.373,0.096,1.79
5139,33.0,2295.53,57.0,0.068,0.013,1.0,0.0,69.41,0.708,0.168,0.5
5140,0.0,114.39,1.0,0.177,0.071,11.0,1.0,114.39,0.309,0.144,0.0
5141,9.0,550.4,26.0,0.013,0.025,13.0,2.0,61.23,0.431,0.41,2.73
5142,16.0,688.0,11.0,0.097,0.046,15.0,0.0,43.49,0.535,0.347,1.03
5143,1.0,21.62,0.0,0.039,0.018,40.0,0.0,19.56,0.347,0.0,1.19
5144,18.0,686.31,18.0,0.114,0.04,17.0,1.0,37.59,0.232,0.0,2.2
5145,24.0,2159.87,74.0,0.058,0.02,8.0,0.0,91.35,0.561,0.401,2.1
5146,20.0,532.39,52.0,0.531,0.006,6.0,2.0,26.9,0.373,0.308,1.45
5147,12.0,455.38,20.0,0.131,0.068,24.0,1.0,39.38,0.265,0.102,1.77
5148,25.0,2034.2,57.0,0.024,0.035,8.0,2.0,82.16,0.327,0.135,1.76
5149,9.0,102.44,10.0,0.048,0.054,0.0,0.0,11.07,0.476,0.191,0.18
5150,4.0,91.29,9.0,0.158,0.089,37.0,0.0,21.5,0.319,0.311,0.33
5151,1.0,48.4,5.0,0.142,0.02,102.0,0.0,48.4,0.399,0.241,0.72
5152,14.0,245.41,28.0,0.099,0.044,7.0,1.0,17.5,0.38,0.412,0.31
5153,13.0,577.66,22.0,0.157,0.046,13.0,0.0,46.0,0.21,0.344,2.64
5154,3.0,150.38,15.0,0.097,0.058,2.0,0.0,51.43,0.319,0.112,0.22
5155,15.0,744.6,29.0,0.051,0.111,19.0,2.0,49.39,0.814,0.19,3.08
5156,1.0,156.18,4.0,0.068,0.082,203.0,0.0,156.18,0.656,0.181,0.49
5157,1.0,82.64,1.0,0.112,0.118,72.0,1.0,82.64,0.185,0.142,0.81
5158,37.0,1267.79,78.0,0.008,0.042,2.0,2.0,33.83,0.273,0.248,1.16
5159,3.0,0.0,14.0,0.209,0.044,64.0,1.0,0.0,0.753,0.284,0.35
5160,3.0,68.17,0.0,0.086,0.018,70.0,0.0,24.34,0.124,0.018,0.0
5161,22.0,552.83,44.0,0.367,0.094,1.0,2.0,25.01,0.393,0.308,0.0
5162,5.0,169.93,2.0,0.176,,27.0,1.0,35.61,0.232,0.198,0.41
5163,22.0,2025.05,70.0,0.055,0.062,4.0,0.0,91.89,0.22,0.134,1.95
5164,12.0,352.57,33.0,0.101,0.073,7.0,2.0,28.68,0.562,0.166,2.25
5165,6.0,61.19,7.0,0.214,0.021,24.0,0.0,9.95,0.579,0.221,0.9
5166,6.0,141.96,13.0,0.13,0.023,54.0,0.0,23.26,0.131,0.326,0.91
5167,11.0,456.81,12.0,0.028,0.051,18.0,0.0,42.07,0.109,0.231,3.51
5168,5.0,521.42,36.0,0.161,0.022,5.0,0.0,105.04,0.543,0.29,3.2
5169,2.0,88.29,2.0,0.079,0.015,139.0,0.0,48.6,0.392,0.029,0.0
5170,15.0,606.13,33.0,0.152,0.075,13.0,0.0,39.92,0.468,0.018,1.09
5171,14.0,762.67,28.0,0.123,0.073,11.0,1.0,55.18,0.407,0.111,2.47
5172,13.0,515.48,49.0,0.32,0.037,6.0,3.0,38.85,0.244,0.169,0.41
5173,13.0,604.6,30.0,0.061,0.037,8.0,1.0,46.74,0.099,0.246,2.42
5174,14.0,352.45,37.0,0.116,0.028,5.0,0.0,24.48,0.265,0.269,1.34
5175,1.0,142.07,0.0,0.042,0.061,33.0,1.0,98.84,0.275,0.422,1.71
5176,16.0,370.52,29.0,0.335,0.142,12.0,5.0,23.84,0.785,0.0,0.58
5177,18.0,719.81,56.0,0.375,0.066,13.0,2.0,40.55,0.454,0.07,1.32
5178,3.0,342.9,21.0,0.054,0.096,31.0,0.0,106.27,0.475,0.276,2.08
5179,15.0,615.85,32.0,0.134,0.039,16.0,1.0,40.8,0.205,0.169,2.85
5180,9.0,302.13,28.0,0.099,0.039,5.0,2.0,32.29,0.49,0.086,2.1
5181,20.0,737.65,44.0,0.547,0.072,10.0,0.0,36.8,0.463,0.337,0.21
5182,18.0,1596.9,28.0,0.033,0.032,2.0,1.0,89.8,0.18,0.407,1.79
5183,14.0,945.43,35.0,,0.149,18.0,2.0,67.99,0.431,0.128,1.09
5184,6.0,368.12,41.0,0.117,0.046,8.0,0.0,59.5,0.434,0.1,0.86
5185,30.0,2036.54,43.0,0.019,,12.0,0.0,69.01,0.553,0.374,0.78
5186,11.0,709.91,21.0,0.15,0.068,10.0,0.0,61.99,0.645,0.332,2.66
5187,35.0,1762.68,52.0,0.071,0.058,10.0,2.0,50.48,0.646,0.058,3.48
5188,16.0,395.6,28.0,0.097,0.084,16.0,0.0,25.14,0.148,0.096,0.7
5189,13.0,493.3,32.0,0.042,0.065,14.0,0.0,39.33,0.099,0.32,2.39
5190,13.0,455.99,46.0,0.053,0.014,17.0,1.0,36.24,0.238,0.315,2.4
5191,19.0,799.9,24.0,0.017,0.056,18.0,2.0,42.54,0.367,0.141,0.0
5192,3.0,132.17,1.0,0.183,0.0,44.0,0.0,43.35,0.973,0.462,3.39
5193,2.0,54.35,2.0,0.055,0.042,126.0,0.0,25.43,0.543,0.171,0.49
5194,8.0,452.99,36.0,0.148,0.061,12.0,1.0,53.81,0.563,0.13,2.32
5195,22.0,615.51,43.0,0.505,0.045,6.0,2.0,28.33,0.343,0.05,0.0
5196,16.0,449.58,42.0,0.261,0.144,10.0,0.0,28.91,0.744,0.437,0.32
5197,18.0,2089.23,70.0,0.046,0.055,8.0,1.0,114.8,0.335,0.152,1.86
5198,29.0,1411.61,44.0,0.03,0.0,7.0,2.0,47.96,0.71,0.347,2.52
5199,12.0,657.03,32.0,0.343,0.111,6.0,1.0,55.5,0.602,0.17,1.63
5200,37.0,1469.17,26.0,0.131,0.052,0.0,0.0,39.79,0.11,0.31,3.68
5201,13.0,359.24,32.0,0.158,0.007,9.0,1.0,26.96,0.507,0.267,0.61
5202,1.0,157.21,3.0,0.153,0.078,46.0,0.0,157.21,0.083,0.094,2.08
5203,17.0,740.24,34.0,0.091,0.027,7.0,0.0,44.25,0.286,0.206,
5204,15.0,750.35,36.0,0.123,0.068,2.0,2.0,48.86,0.425,0.06,1.16
5205,3.0,11.19,5.0,0.081,0.072,106.0,0.0,3.91,0.371,0.0,1.84
5206,17.0,687.53,24.0,0.168,0.0,8.0,1.0,40.89,0.033,0.226,2.46
5207,30.0,2230.99,54.0,0.019,0.012,2.0,2.0,74.89,0.345,0.118,0.73
5208,4.0,48.99,7.0,0.142,0.051,0.0,1.0,12.45,0.543,0.28,2.09
5209,1.0,51.85,4.0,0.115,0.033,113.0,0.0,41.71,0.049,0.0,
5210,1.0,118.79,2.0,0.069,,131.0,1.0,118.79,0.171,0.14,1.2
5211,14.0,376.71,15.0,0.082,0.063,14.0,1.0,26.82,0.46,0.056,2.1
5212,2.0,90.1,2.0,0.073,0.012,103.0,1.0,56.24,0.142,0.0,0.0
5213,14.0,511.86,13.0,0.128,0.092,21.0,2.0,37.85,0.388,0.141,0.66
5214,1.0,139.48,11.0,0.17,0.019,63.0,0.0,117.69,0.503,0.129,1.02
5215,2.0,175.15,0.0,0.117,0.084,110.0,0.0,95.3,0.741,0.0,0.54
5216,1.0,190.69,0.0,0.219,0.049,46.0,0.0,152.05,0.367,0.101,1.07
5217,12.0,504.58,33.0,0.094,0.014,14.0,1.0,43.54,0.448,0.35,2.05
5218,2.0,67.53,1.0,0.082,0.055,121.0,1.0,42.96,0.198,0.161,0.0
5219,5.0,76.75,19.0,0.079,0.048,6.0,1.0,15.94,0.333,0.296,0.01
5220,9.0,266.49,16.0,0.075,0.016,10.0,1.0,28.68,0.403,0.135,
5221,8.0,379.89,32.0,0.122,0.071,15.0,1.0,45.2,0.045,0.113,1.6
5222,9.0,877.56,38.0,0.105,0.044,19.0,1.0,102.19,0.129,0.144,2.42
5223,32.0,1461.0,48.0,0.062,0.046,6.0,3.0,45.45,0.783,0.436,1.57
5224,19.0,538.12,28.0,0.081,0.035,17.0,0.0,28.11,0.264,0.207,2.45
5225,13.0,551.68,40.0,0.056,0.079,12.0,2.0,41.36,0.454,0.296,2.33
5226,38.0,2135.75,54.0,0.075,0.0,0.0,2.0,56.23,0.143,0.295,1.66
5227,0.0,98.36,3.0,0.081,0.029,85.0,0.0,98.36,0.057,0.017,0.41
5228,1.0,110.29,8.0,0.09,0.034,99.0,0.0,89.68,0.495,0.144,0.64
5229,15.0,543.59,27.0,0.107,0.021,5.0,1.0,36.41,0.263,0.357,2.54
5230,7.0,428.87,36.0,0.121,0.111,8.0,1.0,60.78,0.364,0.218,1.69
5231,5.0,426.82,29.0,0.05,0.019,13.0,0.0,88.26,0.232,0.398,1.4
5232,24.0,364.78,21.0,0.419,0.12,7.0,1.0,15.03,0.357,0.367,0.51
5233,31.0,2535.05,54.0,0.088,0.036,9.0,0.0,82.38,0.199,0.238,2.13
5234,1.0,0.0,12.0,0.206,0.012,40.0,2.0,0.0,0.828,0.169,0.0
5235,1.0,11.19,2.0,0.0,0.019,162.0,0.0,11.08,0.223,0.035,0.49
5236,14.0,635.9,15.0,0.12,0.011,17.0,1.0,45.81,0.791,0.069,1.16
5237,3.0,78.56,12.0,0.097,0.059,35.0,2.0,23.71,0.452,0.234,0.76
5238,26.0,2226.46,86.0,0.025,0.067,4.0,0.0,86.51,0.498,0.244,1.63
5239,20.0,550.88,33.0,,0.051,3.0,0.0,28.01,0.483,,1.24
5240,28.0,1448.46,71.0,0.058,0.013,5.0,2.0,51.16,0.193,0.029,1.46
5241,31.0,930.63,56.0,0.469,0.099,12.0,1.0,30.03,0.593,0.238,
5242,25.0,491.78,45.0,0.173,0.109,25.0,1.0,19.68,0.326,0.271,1.07
5243,23.0,932.77,29.0,0.368,0.11,16.0,0.0,41.33,0.419,0.26,0.0
5244,3.0,70.15,3.0,0.016,0.031,104.0,0.0,24.99,0.737,0.191,0.51
5245,6.0,170.89,5.0,,0.023,22.0,1.0,29.38,0.111,0.172,0.0
5246,17.0,733.15,32.0,0.153,0.078,12.0,1.0,42.62,0.618,0.386,0.23
5247,7.0,529.19,28.0,0.14,0.035,6.0,1.0,81.12,0.36,0.381,1.36
5248,4.0,718.14,57.0,0.425,0.084,4.0,0.0,179.39,0.456,0.391,0.82
5249,28.0,1228.44,67.0,0.074,0.049,4.0,0.0,43.28,0.769,0.325,0.71
5250,10.0,582.29,31.0,0.119,0.04,7.0,0.0,58.0,0.304,0.216,3.23
5251,24.0,2288.87,53.0,0.067,0.045,6.0,1.0,95.43,0.342,0.455,0.94
5252,16.0,448.49,16.0,,0.04,2.0,2.0,27.53,0.289,0.042,1.81
5253,2.0,75.01,3.0,0.06,0.078,118.0,0.0,31.25,0.143,0.138,0.82
5254,9.0,544.31,16.0,0.129,0.039,8.0,1.0,59.24,0.412,0.261,0.18
5255,12.0,565.06,33.0,0.034,0.008,15.0,0.0,46.95,0.509,0.294,0.29
5256,9.0,445.7,30.0,0.165,0.087,22.0,0.0,47.23,0.104,0.124,2.54
5257,12.0,311.8,37.0,0.063,0.06,13.0,0.0,24.95,0.784,0.159,2.45
5258,13.0,467.26,38.0,0.164,0.055,10.0,2.0,36.2,0.35,0.134,0.7
5259,38.0,1721.69,47.0,0.084,0.048,4.0,2.0,45.76,0.244,0.397,1.74
5260,10.0,517.35,42.0,0.169,0.055,17.0,0.0,51.24,0.31,0.236,2.53
5261,11.0,437.37,30.0,,0.039,14.0,1.0,39.33,0.528,0.199,2.36
5262,3.0,101.87,3.0,0.229,0.008,53.0,1.0,36.39,0.286,0.202,0.41
5263,20.0,365.93,46.0,0.285,0.071,0.0,0.0,18.7,0.44,0.539,0.57
5264,2.0,0.0,7.0,0.148,0.006,97.0,1.0,0.0,0.666,0.09,0.84
5265,32.0,1800.0,65.0,0.064,0.021,5.0,0.0,56.91,0.469,0.149,1.45
5266,11.0,1114.83,31.0,0.465,0.088,6.0,2.0,97.45,0.307,0.348,0.87
5267,19.0,612.12,23.0,0.069,0.0,0.0,3.0,32.46,0.214,0.309,2.84
5268,3.0,111.73,0.0,0.062,0.0,116.0,1.0,38.05,0.431,0.0,1.28
5269,4.0,173.23,3.0,0.171,0.062,77.0,1.0,41.46,0.096,0.223,0.81
5270,0.0,121.78,5.0,0.164,0.034,72.0,1.0,121.78,0.522,0.0,1.02
5271,15.0,756.86,64.0,0.549,0.067,11.0,0.0,51.69,0.747,0.224,0.51
5272,2.0,21.79,3.0,0.016,0.0,94.0,1.0,10.66,0.246,0.132,0.0
5273,20.0,813.65,40.0,0.094,0.05,12.0,0.0,40.91,0.717,0.11,2.46
5274,3.0,51.85,9.0,0.177,0.022,46.0,0.0,19.58,0.782,0.267,1.15
5275,18.0,675.4,40.0,0.316,0.103,4.0,0.0,37.22,0.406,0.215,1.43
5276,7.0,158.39,8.0,0.212,0.041,7.0,0.0,24.17,0.263,0.347,1.77
5277,23.0,2038.26,45.0,0.073,0.046,1.0,1.0,87.06,0.219,0.184,1.84
5278,14.0,681.27,30.0,0.082,0.066,7.0,0.0,47.26,0.322,0.123,3.19
5279,4.0,93.74,10.0,0.341,0.094,38.0,0.0,21.14,0.264,0.22,0.47
5280,9.0,440.46,27.0,0.105,0.0,11.0,1.0,51.06,0.228,0.007,2.58
5281,0.0,111.94,14.0,0.15,0.085,31.0,0.0,111.94,0.662,0.131,1.39
5282,12.0,372.16,26.0,0.113,0.035,12.0,0.0,30.38,0.097,0.096,0.76
5283,2.0,61.11,8.0,0.298,0.014,36.0,0.0,38.3,0.157,0.313,0.94
5284,2.0,193.29,7.0,0.243,0.017,20.0,2.0,110.27,0.209,0.357,0.0
5285,0.0,69.22,6.0,0.189,,60.0,1.0,69.22,0.039,0.057,0.63
5286,19.0,422.22,54.0,0.362,0.052,12.0,0.0,21.85,0.531,0.17,0.56
5287,19.0,861.11,54.0,0.331,0.133,19.0,1.0,44.53,0.638,0.058,0.0
5288,11.0,494.59,27.0,0.101,0.051,5.0,0.0,46.72,0.474,0.277,1.98
5289,3.0,775.3,41.0,0.094,0.011,23.0,2.0,239.4,0.294,0.283,2.1
5290,10.0,2678.86,46.0,0.044,0.041,9.0,3.0,278.72,0.455,0.149,1.14
5291,5.0,37.19,0.0,0.051,0.0,76.0,0.0,6.94,0.298,0.112,1.18
5292,23.0,241.84,35.0,0.404,0.135,15.0,1.0,10.7,0.712,0.29,0.31
5293,11.0,609.21,17.0,0.134,0.0,8.0,1.0,55.19,0.473,0.076,1.97
5294,0.0,116.74,3.0,0.137,0.0,116.0,0.0,116.74,0.41,0.0,0.29
5295,29.0,1618.14,56.0,0.012,0.023,7.0,2.0,55.28,0.203,0.0,1.37
5296,8.0,403.52,24.0,0.146,0.037,16.0,2.0,51.19,0.412,0.111,2.08
5297,39.0,1223.6,50.0,0.034,0.057,7.0,2.0,31.69,0.251,0.0,1.97
5298,33.0,2114.3,59.0,0.0,0.041,6.0,1.0,63.59,0.683,0.205,2.53
5299,1.0,44.95,4.0,0.126,0.069,159.0,1.0,36.91,0.603,0.115,1.74
5300,13.0,865.33,29.0,0.184,0.022,16.0,0.0,66.69,0.465,0.393,2.82
5301,19.0,255.44,8.0,0.068,0.036,10.0,0.0,13.73,0.778,0.096,1.24
5302,5.0,35.13,7.0,0.211,0.039,11.0,0.0,6.77,0.384,0.452,0.07
5303,12.0,816.19,3.0,0.091,0.0,15.0,0.0,67.59,0.356,0.323,2.11
5304,3.0,119.85,9.0,0.119,0.032,52.0,1.0,38.1,0.546,0.266,1.2
5305,14.0,268.84,31.0,0.446,0.09,10.0,0.0,19.02,0.421,0.248,0.32
5306,0.0,95.61,1.0,0.123,0.0,0.0,1.0,95.61,0.592,0.116,0.0
5307,18.0,775.02,47.0,0.49,0.021,15.0,1.0,43.11,0.669,0.061,0.0
5308,3.0,165.34,9.0,0.108,0.035,58.0,0.0,49.04,0.492,0.299,0.0
5309,31.0,1143.34,62.0,0.078,0.062,2.0,2.0,36.92,0.511,0.143,0.91
5310,24.0,1457.71,47.0,0.056,0.04,10.0,3.0,61.37,0.361,0.153,3.0
5311,3.0,127.34,13.0,0.211,0.099,13.0,2.0,39.13,0.692,0.323,1.19
5312,16.0,332.14,34.0,0.106,0.108,8.0,3.0,20.3,0.34,0.138,2.45
5313,5.0,660.7,42.0,0.109,0.043,14.0,1.0,121.67,0.198,0.101,2.19
5314,3.0,112.0,10.0,0.34,0.034,16.0,2.0,40.24,0.452,0.23,1.24
5315,9.0,317.36,26.0,0.166,0.007,15.0,0.0,37.06,0.679,0.211,3.5
5316,20.0,687.51,54.0,0.234,0.166,7.0,1.0,33.91,0.625,0.127,0.25
5317,4.0,138.21,3.0,0.222,0.041,25.0,2.0,32.25,0.199,0.104,2.42
5318,2.0,76.58,5.0,0.055,0.074,105.0,1.0,36.06,0.498,0.0,1.78
5319,21.0,2478.58,49.0,0.033,0.03,4.0,2.0,118.12,0.385,0.227,1.96
5320,0.0,64.77,5.0,0.04,0.003,96.0,1.0,64.77,0.022,0.137,1.48
5321,7.0,788.49,25.0,0.011,0.009,29.0,0.0,120.85,0.093,0.5,2.82
5322,19.0,506.21,70.0,0.208,0.043,13.0,1.0,26.87,0.503,0.169,1.09
5323,23.0,474.45,46.0,0.361,0.096,7.0,1.0,20.52,0.61,0.114,0.39
5324,7.0,274.82,33.0,,0.062,13.0,1.0,41.16,0.224,0.258,1.29
5325,0.0,25.1,7.0,0.035,0.072,35.0,1.0,25.1,0.181,0.0,1.7
5326,5.0,213.41,9.0,0.314,0.0,37.0,1.0,39.04,0.053,0.185,2.6
5327,12.0,581.95,45.0,0.478,0.018,8.0,1.0,47.94,0.492,0.107,2.46
5328,10.0,636.52,27.0,0.117,0.082,21.0,0.0,61.42,0.508,0.295,2.05
5329,3.0,70.12,7.0,0.128,0.035,22.0,0.0,21.62,0.575,0.0,0.59
5330,10.0,742.21,24.0,0.07,0.072,13.0,0.0,73.52,0.294,0.392,1.99
5331,29.0,1746.9,40.0,0.056,0.036,0.0,1.0,60.93,0.201,0.312,1.32
5332,10.0,628.46,23.0,0.104,0.055,0.0,2.0,63.7,0.618,0.158,1.25
5333,12.0,452.86,24.0,0.132,0.061,10.0,1.0,36.3,0.107,0.142,0.77
5334,21.0,2217.7,55.0,0.041,0.037,11.0,2.0,105.9,0.67,0.236,1.4
5335,4.0,163.44,2.0,0.275,0.0,55.0,1.0,44.28,0.232,0.253,1.5
5336,16.0,520.83,20.0,0.137,0.073,0.0,1.0,33.53,0.642,0.313,1.92
5337,15.0,417.08,9.0,0.085,0.053,10.0,2.0,27.68,0.344,0.351,2.24
5338,24.0,526.32,22.0,0.45,0.051,22.0,0.0,21.83,0.394,0.312,1.77
5339,36.0,1643.04,45.0,0.087,0.027,2.0,0.0,45.52,0.297,0.265,2.82
5340,4.0,176.49,10.0,0.027,0.072,27.0,1.0,41.4,0.176,0.162,1.47
5341,1.0,69.85,4.0,0.218,0.022,88.0,1.0,55.27,0.321,0.042,1.37
5342,15.0,470.4,36.0,0.118,0.044,16.0,0.0,31.64,0.24,0.055,1.88
5343,0.0,26.68,4.0,0.181,0.0,65.0,0.0,26.68,0.168,0.17,1.48
5344,28.0,1147.97,58.0,0.119,0.064,7.0,2.0,41.02,0.575,,2.46
5345,20.0,798.59,59.0,0.354,0.145,18.0,1.0,39.8,0.556,0.045,0.0
5346,2.0,61.89,6.0,0.083,0.0,13.0,1.0,26.93,0.154,0.324,2.12
5347,6.0,562.91,40.0,0.362,0.063,7.0,2.0,92.27,0.406,0.479,1.0
5348,9.0,453.62,24.0,0.127,0.059,7.0,0.0,52.58,0.686,0.325,2.84
5349,11.0,560.92,26.0,0.053,0.062,1.0,0.0,52.76,0.71,0.374,0.83
5350,25.0,1662.58,35.0,0.076,0.051,10.0,2.0,67.14,0.152,0.455,3.28
5351,17.0,393.98,29.0,0.125,0.0,10.0,3.0,22.71,0.391,0.348,0.74
5352,26.0,1115.68,55.0,0.111,0.057,2.0,2.0,42.53,0.13,0.324,0.47
5353,2.0,97.64,2.0,0.135,0.047,99.0,0.0,41.34,0.432,0.0,2.03
5354,6.0,104.97,3.0,0.177,0.0,36.0,0.0,18.85,0.273,0.425,0.0
5355,0.0,141.78,8.0,0.103,0.047,77.0,0.0,141.78,0.101,0.086,0.0
5356,36.0,641.27,44.0,0.047,0.041,6.0,0.0,17.77,0.33,0.139,1.86
5357,23.0,2217.33,58.0,0.027,0.054,4.0,0.0,94.9,0.461,0.161,0.81
5358,3.0,115.02,9.0,0.157,0.088,61.0,0.0,40.06,0.131,0.32,2.05
5359,6.0,527.09,26.0,0.03,0.029,6.0,0.0,90.51,0.258,0.347,
5360,14.0,592.41,32.0,0.083,0.102,8.0,2.0,41.21,0.636,0.165,1.58
5361,4.0,101.12,5.0,0.137,0.04,165.0,1.0,28.49,0.619,0.259,0.78
5362,17.0,589.16,44.0,0.184,0.135,16.0,3.0,34.36,0.796,0.164,0.0
5363,2.0,58.47,0.0,0.082,0.029,76.0,0.0,35.75,0.657,0.081,0.26
5364,18.0,350.86,41.0,0.171,0.057,6.0,1.0,19.35,0.343,0.25,2.28
5365,20.0,483.94,36.0,0.175,0.143,17.0,0.0,24.2,0.536,0.075,1.63
5366,1.0,99.31,0.0,0.215,0.04,78.0,1.0,99.31,0.087,0.105,1.17
5367,10.0,521.04,22.0,0.123,0.0,6.0,2.0,50.38,0.418,0.227,1.5
5368,5.0,76.45,1.0,0.175,0.031,132.0,1.0,16.74,0.361,0.073,2.16
5369,12.0,328.54,19.0,0.003,0.091,12.0,3.0,28.39,0.062,0.263,1.31
5370,16.0,398.04,35.0,0.084,0.039,20.0,2.0,25.28,0.51,0.138,1.07
5371,1.0,45.25,7.0,0.106,0.029,52.0,2.0,36.74,0.641,0.251,0.47
5372,2.0,35.67,4.0,0.0,0.054,44.0,1.0,23.74,0.399,0.183,1.4
5373,19.0,376.64,31.0,0.042,0.082,13.0,2.0,19.33,0.346,0.247,1.24
5374,20.0,828.0,42.0,0.231,0.06,11.0,3.0,41.98,0.611,0.142,2.15
5375,17.0,327.26,40.0,0.353,0.095,0.0,1.0,18.77,0.625,0.076,1.24
5376,11.0,556.4,41.0,0.321,0.078,13.0,2.0,51.97,0.674,0.09,1.77
5377,3.0,211.4,17.0,0.151,0.086,0.0,0.0,84.43,0.208,0.398,0.52
5378,32.132047489195166,1897.577308189321,41.0,0.363,0.09,0.0,1.0,33.57,0.85,0.334,1.0
5379,22.0,1675.84,35.0,0.0,0.057,4.0,2.0,75.39,0.278,0.131,2.17
5380,13.0,548.81,39.0,0.479,0.132,14.0,2.0,42.43,0.48,0.225,0.69
5381,1.0,152.69,1.0,0.269,0.061,52.0,0.0,133.73,0.576,0.376,
5382,7.0,487.0,30.0,0.134,0.067,0.0,0.0,66.83,0.805,0.315,1.84
5383,1.0,139.81,10.0,0.144,0.0,9.0,0.0,117.12,0.532,0.0,1.24
5384,7.0,129.15,5.0,0.159,0.037,27.0,0.0,18.92,0.203,0.051,1.36
5385,7.0,1145.75,45.0,0.034,0.035,7.0,3.0,174.89,0.108,0.104,1.85
5386,34.0,1134.65,55.0,0.08,0.013,5.0,1.0,33.79,0.46,0.286,0.97
5387,23.0,792.09,59.0,0.311,0.058,3.0,1.0,34.8,0.223,0.274,0.91
5388,2.0,54.06,3.0,0.007,0.06,33.0,1.0,29.82,0.316,0.174,1.43
5389,11.0,444.95,23.0,0.217,0.054,9.0,1.0,40.25,0.104,0.245,1.39
5390,7.0,192.85,7.0,0.132,0.048,37.0,0.0,28.63,0.489,0.133,0.0
5391,6.0,480.64,20.0,0.149,0.003,14.0,1.0,74.28,0.577,0.416,2.5
5392,2.0,15.66,2.0,0.111,0.022,46.0,1.0,9.06,0.512,0.0,0.0
5393,1.0,73.63,3.0,0.124,0.099,114.0,0.0,72.47,0.512,0.15,1.04
5394,16.0,688.43,28.0,0.128,0.1,6.0,1.0,42.39,0.272,0.217,2.61
5395,3.0,61.26,13.0,0.063,0.054,27.0,0.0,20.3,0.626,0.401,0.92
5396,12.0,658.07,29.0,0.151,0.002,10.0,2.0,53.87,0.289,0.045,3.13
5397,22.0,697.9,47.0,0.297,0.074,9.0,3.0,32.02,0.645,0.331,2.06
5398,19.0,904.16,23.0,0.46,0.184,8.0,2.0,47.38,0.598,0.335,0.89
5399,20.0,662.21,22.0,0.048,0.068,16.0,2.0,32.51,0.426,0.274,0.81
5400,3.0,620.74,27.0,0.232,0.011,29.0,1.0,180.49,0.41,0.422,1.28
5401,6.0,635.17,47.0,0.127,0.0,21.0,1.0,107.03,0.583,0.223,1.17
5402,1.0,24.37,0.0,0.136,0.006,87.0,0.0,16.59,0.494,0.124,0.62
5403,4.0,122.28,4.0,0.279,0.056,34.0,0.0,30.01,0.218,0.198,0.0
5404,11.0,870.15,34.0,0.08,0.058,15.0,2.0,76.99,0.845,0.109,2.02
5405,0.0,109.49,7.0,0.087,0.072,79.0,1.0,109.49,0.529,0.017,0.63
5406,21.0,1634.2,44.0,0.042,0.07,12.0,2.0,78.89,0.354,0.249,2.3
5407,4.0,135.71,10.0,0.052,0.018,48.0,0.0,34.87,0.155,0.301,0.0
5408,5.0,75.6,8.0,0.188,0.022,32.0,0.0,15.48,0.714,0.405,0.0
5409,0.0,65.3,1.0,0.132,0.065,118.0,1.0,65.3,0.353,0.029,2.02
5410,13.0,723.63,63.0,0.043,0.039,7.0,2.0,55.16,0.536,0.151,1.24
5411,2.0,76.18,3.0,0.078,0.022,67.0,1.0,37.11,0.197,0.0,1.34
5412,15.0,633.96,44.0,0.398,0.003,0.0,0.0,42.02,0.954,0.086,0.76
5413,4.0,118.58,0.0,0.041,0.083,32.0,0.0,33.3,0.385,0.24,0.41
5414,12.0,687.15,32.0,0.119,0.021,1.0,2.0,55.55,0.186,0.301,1.84
5415,32.0,2037.09,61.0,0.071,0.04,3.0,2.0,64.26,0.805,0.318,2.79
5416,13.0,794.37,40.0,0.092,0.046,15.0,2.0,59.42,0.349,0.078,1.99
5417,9.0,710.42,33.0,0.087,0.053,12.0,3.0,75.87,0.466,0.095,1.09
5418,2.0,59.25,3.0,0.089,0.009,27.0,1.0,35.62,0.429,0.0,2.28
5419,22.0,1204.99,34.0,0.036,0.031,9.0,1.0,54.52,0.377,0.372,2.8
5420,1.0,162.93,4.0,0.0,0.04,45.0,1.0,162.93,0.522,0.0,2.5
5421,10.0,151.22,24.0,0.119,0.063,15.0,1.0,15.51,0.333,0.257,2.1
5422,15.0,725.53,47.0,0.368,0.093,0.0,0.0,49.55,0.606,0.366,0.0
5423,10.0,517.87,42.0,0.141,0.051,5.0,2.0,51.96,0.304,0.313,2.84
5424,22.0,1426.47,28.0,0.068,0.0,6.0,2.0,64.24,0.601,0.126,1.23
5425,16.0,2565.98,50.0,0.022,0.002,12.0,1.0,161.05,0.246,0.268,3.1
5426,4.0,1.43,8.0,0.126,0.013,5.0,1.0,0.36,0.27,0.28,0.99
5427,16.0,502.32,20.0,0.115,0.024,11.0,1.0,32.22,0.46,0.321,0.86
5428,0.0,71.4,2.0,0.026,0.019,157.0,0.0,71.4,0.493,0.156,1.75
5429,19.0,667.19,61.0,0.424,0.089,14.0,3.0,34.39,0.294,0.286,0.22
5430,3.0,212.47,9.0,0.052,0.047,41.0,1.0,63.02,0.465,0.326,1.82
5431,1.0,106.06,10.0,0.056,0.068,52.0,0.0,92.66,0.289,0.347,2.14
5432,2.0,0.0,7.0,0.28,0.118,55.0,0.0,0.0,0.761,0.12,0.82
5433,24.0,911.52,47.0,0.361,0.135,4.0,1.0,38.05,0.354,0.522,1.64
5434,3.0,254.68,8.0,0.119,0.005,41.0,1.0,85.35,0.139,0.098,0.28
5435,3.0,175.33,10.0,0.114,0.048,34.0,1.0,65.27,0.236,0.154,
5436,2.0,168.45,12.0,0.193,0.059,22.0,0.0,69.51,0.077,0.264,0.02
5437,7.0,88.94,4.0,0.301,0.035,22.0,2.0,12.11,0.749,0.214,1.46
5438,2.0,118.39,15.0,0.278,0.0,26.0,2.0,50.01,0.084,0.1,0.26
5439,4.0,183.62,12.0,0.125,0.027,20.0,1.0,50.12,0.759,0.265,0.0
5440,15.0,495.1,14.0,0.061,0.052,18.0,1.0,32.67,0.689,0.077,2.27
5441,21.0,517.25,38.0,0.387,0.072,2.0,0.0,25.16,0.719,0.302,1.65
5442,21.0,441.49,36.0,0.223,0.194,16.0,1.0,20.68,0.542,0.352,0.27
5443,31.0,1471.71,48.0,0.052,0.015,5.0,1.0,46.91,0.75,0.273,2.23
5444,7.0,28.49,3.0,0.223,0.103,50.0,1.0,4.36,0.562,0.313,1.49
5445,3.0,53.9,1.0,0.252,0.045,74.0,0.0,16.79,0.477,0.103,1.08
5446,14.0,329.21,31.0,0.153,0.064,10.0,0.0,23.21,0.211,0.355,3.03
5447,3.0,181.77,3.0,0.226,0.079,27.0,2.0,70.07,0.679,0.458,0.26
5448,13.0,2120.48,41.0,0.051,0.013,2.0,1.0,166.46,0.341,0.105,1.88
5449,0.0,104.15,2.0,0.168,0.049,82.0,0.0,104.15,0.359,0.05,0.0
5450,2.0,114.81,4.0,0.106,0.052,79.0,1.0,55.8,0.463,0.0,1.82
5451,12.0,372.93,38.0,0.164,0.057,10.0,2.0,30.81,0.147,0.165,2.58
5452,4.0,111.23,8.0,0.161,0.082,12.0,2.0,28.95,0.474,0.368,0.42
5453,0.0,76.69,7.0,0.14,0.044,71.0,0.0,76.69,0.14,0.046,0.71
5454,11.0,635.86,24.0,0.062,0.064,5.0,0.0,58.94,0.36,0.0,1.14
5455,17.0,827.44,36.0,0.303,0.074,13.0,2.0,47.96,0.306,0.164,0.78
5456,31.0,1777.89,64.0,0.049,0.021,9.0,1.0,56.47,0.51,0.388,2.23
5457,34.0,1861.66,56.0,0.062,0.038,1.0,0.0,54.53,0.481,0.373,2.02
5458,1.0,99.68,3.0,0.116,0.0,63.0,0.0,92.82,0.024,0.098,0.4
5459,0.0,79.92,2.0,0.029,0.051,64.0,1.0,79.92,0.491,0.225,0.19
5460,3.0,47.98,4.0,0.189,0.012,4.0,0.0,18.33,0.11,0.131,0.0
5461,3.0,91.38,1.0,0.17,0.063,13.0,1.0,31.15,0.349,0.228,0.44
5462,13.0,523.44,51.0,0.328,0.043,6.0,2.0,38.96,0.619,0.294,0.8
5463,1.0,165.32,4.0,0.135,0.043,44.0,1.0,165.32,0.55,0.077,1.3
5464,2.0,31.46,4.0,0.102,0.0,89.0,0.0,15.73,0.459,0.149,0.43
5465,37.0,1899.55,47.0,0.062,0.03,7.0,3.0,51.75,0.193,0.201,0.83
5466,38.0,1720.34,50.0,0.08,0.053,7.0,3.0,44.69,0.492,0.116,1.52
5467,3.0,142.31,4.0,0.068,0.074,34.0,0.0,47.14,0.202,0.18,0.78
5468,11.0,678.78,25.0,0.03,0.049,4.0,0.0,59.1,0.311,0.117,1.62
5469,2.0,55.2,12.0,0.15,0.08,42.0,0.0,30.74,0.522,0.201,0.59
5470,2.0,63.43,4.0,0.201,0.012,45.0,0.0,29.71,0.502,0.0,0.9
5471,32.0,2201.69,49.0,0.062,0.052,1.0,0.0,69.88,0.581,0.28,2.51
5472,3.0,189.56,1.0,0.18,0.0,38.0,1.0,69.37,0.399,0.22,0.66
5473,16.0,482.15,30.0,0.055,0.026,9.0,1.0,30.62,0.759,0.141,1.3
5474,5.0,72.99,2.0,0.071,0.044,23.0,0.0,14.51,0.664,0.272,1.79
5475,19.0,1765.65,51.0,0.011,0.074,4.0,1.0,92.24,0.646,0.3,2.62
5476,22.0,1580.46,49.0,0.047,0.029,8.0,1.0,70.97,0.244,0.458,2.28
5477,2.0,70.26,10.0,0.312,0.052,41.0,0.0,31.11,0.474,0.382,2.43
5478,15.0,399.65,38.0,0.054,0.085,19.0,0.0,26.92,0.524,0.204,2.9
5479,1.0,69.4,4.0,0.2,0.078,21.0,0.0,69.4,0.804,0.116,
5480,36.0,2086.82,42.0,0.063,0.018,9.0,2.0,57.33,0.298,0.259,0.82
5481,7.0,559.27,34.0,0.205,0.043,13.0,1.0,80.19,0.326,0.371,1.23
5482,0.0,64.46,6.0,0.21,0.03,22.0,0.0,64.46,0.238,0.199,0.0
5483,3.0,69.57,9.0,0.233,0.027,31.0,0.0,20.25,0.477,0.16,1.62
5484,23.0,642.96,42.0,0.343,0.147,11.0,0.0,27.63,0.285,0.168,2.02
5485,2.0,158.64,2.0,0.135,0.0,98.0,1.0,91.16,0.156,0.064,0.0
5486,3.0,87.66,2.0,0.249,0.046,48.0,2.0,27.03,0.552,0.322,0.48
5487,8.0,889.61,48.0,0.217,0.131,27.0,2.0,114.54,0.798,0.103,0.0
5488,17.0,494.45,20.0,0.159,0.018,14.0,1.0,29.82,0.463,0.082,2.04
5489,16.0,1875.04,68.0,0.074,0.043,5.0,1.0,120.55,0.198,0.0,1.38
5490,18.0,1012.28,44.0,0.453,0.086,17.0,2.0,55.42,0.168,0.168,0.08
5491,3.0,156.46,10.0,0.0,0.063,45.0,2.0,51.72,0.435,0.332,0.68
5492,5.0,197.39,10.0,0.264,0.041,40.0,1.0,40.69,0.506,0.128,2.19
5493,3.0,210.09,11.0,0.185,0.046,23.0,0.0,73.88,0.541,0.051,0.75
5494,15.0,677.38,61.0,0.258,0.114,1.0,3.0,45.54,0.314,0.25,2.16
5495,5.0,20.4,5.0,0.137,0.031,52.0,2.0,3.91,0.402,0.119,1.54
5496,16.0,616.32,53.0,0.56,0.145,7.0,0.0,39.35,1.0,0.279,0.0
5497,22.0,2406.64,80.0,0.042,0.027,5.0,1.0,111.58,0.383,0.498,3.31
5498,32.0,1151.12,31.0,0.032,0.0,7.0,2.0,36.17,0.511,0.115,0.75
5499,4.0,166.35,11.0,0.063,0.0,15.0,1.0,41.57,0.255,0.082,0.91
5500,21.0,2357.3,37.0,0.084,0.038,8.0,2.0,112.37,0.466,0.296,3.37
5501,10.0,470.9,39.0,0.158,0.093,12.0,1.0,46.12,0.49,0.119,3.53
5502,33.0,1436.5,52.0,0.01,0.037,8.0,0.0,43.12,0.406,0.306,2.37
5503,9.0,550.51,21.0,0.102,0.073,8.0,2.0,61.09,0.632,0.02,2.63
5504,33.0,1657.4,45.0,0.037,0.008,10.0,3.0,50.13,0.683,0.0,1.17
5505,2.0,215.77,4.0,0.093,0.058,43.0,2.0,133.8,0.291,0.223,1.84
5506,23.0,674.8,40.0,0.051,0.035,10.0,1.0,29.92,0.8,0.057,1.32
5507,12.0,331.74,34.0,0.127,0.069,13.0,2.0,28.13,0.4,0.266,2.07
5508,2.0,102.91,0.0,0.0,0.03,64.0,0.0,43.7,0.226,0.0,1.48
5509,31.0,710.72,50.0,0.346,0.096,13.0,0.0,22.6,0.263,0.224,1.83
5510,1.0,81.57,7.0,0.164,0.054,149.0,0.0,56.6,0.204,0.097,2.13
5511,11.0,557.56,31.0,0.109,0.055,12.0,0.0,49.69,0.632,0.317,2.26
5512,6.0,379.35,31.0,0.16,0.041,18.0,1.0,66.76,0.488,0.181,2.52
5513,13.0,1948.61,47.0,0.082,0.027,6.0,2.0,145.53,0.691,0.266,1.35
5514,15.0,1945.88,59.0,0.092,0.016,4.0,3.0,133.28,0.244,0.157,2.14
5515,8.0,149.58,33.0,0.083,0.04,8.0,0.0,18.55,0.452,0.0,1.71
5516,13.0,755.11,26.0,0.084,0.119,10.0,2.0,59.17,0.48,0.077,1.61
5517,5.0,97.68,9.0,0.167,0.099,56.0,2.0,18.58,0.284,0.33,0.3
5518,2.0,36.32,2.0,0.124,0.0,79.0,1.0,17.82,0.114,0.231,0.78
5519,2.0,112.61,9.0,0.116,0.073,52.0,1.0,46.29,0.529,0.123,
5520,1.0,42.56,3.0,0.076,0.027,73.0,0.0,36.6,0.13,0.27,2.03
5521,11.0,600.14,21.0,0.043,0.029,0.0,1.0,52.53,0.654,0.264,2.11
5522,22.0,1780.04,62.0,0.06,0.042,3.0,2.0,79.41,0.486,0.279,2.18
5523,12.0,717.59,30.0,0.154,0.066,13.0,0.0,62.17,0.53,0.355,3.87
5524,6.0,161.42,7.0,0.163,0.048,73.0,1.0,27.49,0.166,0.0,0.34
5525,32.0,1313.73,39.0,0.054,0.031,0.0,3.0,40.77,0.403,0.196,3.43
5526,24.0,1610.32,48.0,0.041,0.069,3.0,2.0,66.51,0.242,0.323,2.52
5527,7.0,8.87,5.0,0.263,,28.0,1.0,1.27,0.38,0.256,0.21
5528,21.0,794.53,38.0,0.433,0.08,1.0,1.0,37.38,0.901,0.372,2.13
5529,0.0,16.79,4.0,0.275,0.017,86.0,1.0,16.79,0.464,0.1,1.79
5530,13.0,473.12,32.0,0.072,0.082,8.0,1.0,37.69,0.144,,0.0
5531,14.0,933.24,5.0,0.468,0.039,3.0,2.0,66.33,0.853,0.221,0.0
5532,0.0,95.57,10.0,0.343,0.022,28.0,1.0,95.57,0.339,0.0,1.03
5533,10.0,510.37,40.0,0.096,0.033,11.0,1.0,49.87,0.433,0.307,1.74
5534,1.0,48.51,8.0,0.062,0.019,59.0,0.0,34.54,0.418,0.0,1.6
5535,15.0,390.09,30.0,0.057,0.041,10.0,1.0,26.39,0.349,0.419,1.76
5536,15.0,487.07,14.0,0.079,0.011,11.0,2.0,31.64,0.19,0.392,1.48
5537,1.0,18.05,8.0,0.153,0.0,43.0,1.0,17.42,0.614,0.301,1.29
5538,4.0,135.61,2.0,0.11,0.022,135.0,0.0,35.13,0.083,0.011,0.72
5539,15.0,509.93,16.0,0.116,0.037,20.0,0.0,34.99,0.356,0.32,1.41
5540,2.0,101.99,2.0,0.149,0.03,13.0,2.0,53.76,0.262,0.152,1.8
5541,25.0,1963.47,54.0,0.071,0.024,8.0,1.0,78.38,0.36,0.198,1.44
5542,1.0,42.04,5.0,0.105,0.017,43.0,1.0,42.04,0.374,0.0,0.99
5543,4.0,72.71,17.0,0.32,0.068,15.0,0.0,20.65,0.662,0.487,1.36
5544,3.0,150.9,5.0,0.285,0.0,20.0,0.0,54.08,0.218,0.383,1.22
5545,6.0,122.67,13.0,0.245,0.0,26.0,0.0,19.02,0.408,0.085,1.18
5546,10.0,897.23,26.0,0.122,0.032,17.0,0.0,88.58,0.402,0.241,3.16
5547,20.0,1219.76,68.0,0.0,0.053,5.0,2.0,62.5,0.315,0.406,0.51
5548,13.0,186.51,53.0,0.398,0.111,16.0,2.0,13.84,0.327,,0.24
5549,4.0,150.18,6.0,0.293,0.039,36.0,0.0,40.97,0.439,0.0,0.0
5550,1.0,118.09,2.0,0.032,0.002,113.0,1.0,116.79,0.417,0.0,0.05
5551,23.0,493.36,33.0,0.095,0.037,6.0,0.0,21.46,0.91,0.189,1.41
5552,1.0,80.5,5.0,0.148,0.072,69.0,0.0,80.5,0.269,0.0,2.18
5553,1.0,142.15,2.0,0.06,0.062,158.0,0.0,111.18,0.101,0.193,0.39
5554,15.0,576.25,30.0,0.004,0.087,16.0,0.0,38.12,0.652,0.092,1.62
5555,15.0,388.9,32.0,0.167,0.057,16.0,0.0,26.78,0.466,0.059,1.15
5556,0.0,119.32,5.0,0.151,0.047,38.0,1.0,119.32,0.209,0.156,1.39
5557,2.0,0.0,5.0,0.192,0.075,128.0,1.0,0.0,0.357,0.006,0.73
5558,14.0,645.54,66.0,0.26,0.068,11.0,2.0,44.72,0.554,0.051,1.11
5559,2.0,81.28,8.0,0.236,0.078,44.0,1.0,50.43,0.718,0.404,0.18
5560,13.0,677.11,30.0,0.288,0.11,7.0,0.0,50.16,0.652,0.129,2.05
5561,8.0,541.32,40.0,0.074,0.074,15.0,1.0,65.31,0.255,0.176,2.01
5562,27.0,1702.21,91.0,0.062,0.056,5.0,1.0,64.09,0.126,0.371,2.79
5563,28.0,1756.21,53.0,0.042,0.054,7.0,1.0,63.08,0.31,0.247,0.89
5564,2.0,189.46,4.0,0.207,0.0,45.0,1.0,84.19,0.281,0.405,2.05
5565,13.0,527.72,15.0,0.088,0.025,9.0,2.0,41.18,0.555,0.29,2.25
5566,23.0,572.88,52.0,0.366,0.17,14.0,4.0,25.42,0.875,0.148,0.0
5567,0.0,140.63,1.0,0.167,0.039,86.0,0.0,140.63,0.489,0.037,2.18
5568,17.0,889.94,55.0,0.39,0.125,1.0,0.0,52.98,0.395,0.318,2.02
5569,0.0,91.34,1.0,0.063,0.029,87.0,0.0,91.34,0.554,0.0,2.26
5570,6.0,51.62,7.0,0.165,0.073,19.0,0.0,8.91,0.351,0.106,1.51
5571,12.0,536.23,25.0,0.14,0.043,18.0,2.0,46.34,0.655,0.085,0.74
5572,17.0,784.1,50.0,0.292,0.092,13.0,1.0,46.95,0.666,0.231,0.59
5573,12.0,583.58,32.0,0.499,0.101,4.0,1.0,50.05,0.36,0.386,0.0
5574,10.0,696.37,27.0,0.137,0.048,21.0,2.0,68.66,0.417,0.125,2.99
5575,13.0,686.95,26.0,0.153,0.062,16.0,1.0,53.65,0.681,0.2,3.61
5576,3.0,59.03,13.0,0.248,0.05,58.0,0.0,22.98,0.065,0.183,1.44
5577,21.0,1992.66,26.0,0.028,0.017,1.0,0.0,96.06,0.359,0.339,2.12
5578,0.0,137.57,10.0,0.159,0.075,20.0,1.0,137.57,0.326,0.176,0.62
5579,16.0,1321.82,61.0,0.047,0.0,3.0,1.0,81.9,0.593,0.061,2.06
5580,28.0,2148.3,41.0,0.076,0.086,3.0,0.0,77.67,0.321,0.208,1.51
5581,13.0,544.48,45.0,0.025,0.004,24.0,2.0,40.71,0.157,0.226,2.15
5582,8.0,458.63,22.0,0.11,0.055,12.0,0.0,56.21,0.21,0.32,1.64
5583,4.0,101.91,9.0,0.018,0.077,43.0,2.0,23.32,0.32,0.189,0.92
5584,24.0,763.65,35.0,0.284,0.111,6.0,0.0,32.05,0.253,0.289,0.51
5585,28.0,769.74,66.0,0.081,0.038,4.0,0.0,27.6,0.938,0.143,2.0
5586,7.0,637.53,32.0,0.0,0.094,0.0,0.0,88.11,0.21,0.139,3.13
5587,8.0,662.98,50.0,0.177,0.028,15.0,0.0,86.8,0.125,0.114,1.47
5588,19.0,2273.78,53.0,0.036,0.028,15.0,4.0,120.25,0.445,0.078,1.47
5589,3.0,99.0,3.0,0.109,0.074,30.0,0.0,30.53,0.13,,1.9
5590,4.0,123.69,14.0,0.137,0.009,23.0,0.0,32.77,0.583,0.124,0.11
5591,2.0,120.21,13.0,0.101,0.069,70.0,1.0,54.59,0.757,0.242,0.25
5592,13.0,602.26,52.0,0.372,0.06,17.0,1.0,45.64,0.208,0.238,0.0
5593,23.0,825.98,20.0,0.404,0.062,14.0,2.0,36.57,0.322,0.217,1.43
5594,9.0,709.22,45.0,0.069,0.064,27.0,1.0,78.26,0.317,0.045,4.25
5595,0.0,112.13,10.0,0.138,0.039,29.0,0.0,112.13,0.287,0.111,0.97
5596,18.0,500.31,43.0,0.359,0.062,17.0,2.0,28.11,0.272,0.23,0.58
5597,25.0,2398.95,35.0,0.004,0.028,2.0,0.0,94.54,0.188,0.189,0.54
5598,19.0,1965.38,90.0,0.073,0.05,6.0,2.0,102.28,0.551,0.04,3.05
5599,22.0,2116.38,83.0,0.073,0.071,12.0,3.0,96.22,0.809,0.239,3.11
5600,86.36329299519701,3113.487200684481,51.0,0.007,0.046,2.0,2.0,31.67,0.723,0.074,1.05
5601,2.0,134.36,7.0,0.126,0.0,23.0,0.0,81.99,0.372,0.347,0.15
5602,15.0,621.44,38.0,0.111,0.015,11.0,1.0,40.61,0.219,0.063,2.45
5603,11.0,475.63,24.0,0.062,0.049,18.0,0.0,45.07,0.255,0.366,2.09
5604,1.0,76.61,3.0,0.133,0.001,72.0,0.0,54.33,0.451,0.116,0.17
5605,1.0,148.53,12.0,0.0,0.09,57.0,1.0,125.04,0.075,0.257,0.0
5606,30.0,1604.06,49.0,0.079,0.032,11.0,1.0,52.85,0.469,0.34,3.46
5607,1.0,154.72,4.0,0.141,,12.0,0.0,106.84,0.469,0.035,0.95
5608,14.0,611.42,34.0,0.126,0.091,15.0,1.0,43.75,0.669,0.227,1.13
5609,17.0,487.69,27.0,0.089,0.048,15.0,1.0,29.5,0.26,0.227,1.57
5610,6.0,549.81,12.0,0.093,0.049,9.0,2.0,99.92,0.386,0.225,1.6
5611,1.0,115.45,1.0,0.1,0.0,93.0,0.0,97.07,0.413,0.0,0.51
5612,4.0,146.14,1.0,0.186,0.08,7.0,2.0,32.65,0.496,0.215,0.1
5613,33.0,1390.68,50.0,0.013,0.062,9.0,1.0,41.6,0.654,0.234,0.95
5614,1.0,47.25,2.0,0.111,0.0,90.0,0.0,47.25,0.484,0.031,1.09
5615,18.0,2707.84,62.0,0.073,0.043,12.0,1.0,152.18,0.472,0.195,2.08
5616,7.0,608.0,25.0,0.134,0.0,7.0,0.0,87.09,0.221,0.373,0.75
5617,32.0,2276.57,55.0,0.019,0.052,5.0,1.0,71.54,0.76,0.205,2.16
5618,33.0,1725.33,52.0,0.01,0.016,17.0,2.0,52.66,0.714,0.279,1.98
5619,12.0,512.01,29.0,0.129,0.032,0.0,0.0,42.78,0.529,0.03,2.3
5620,5.0,117.12,8.0,0.214,0.068,46.0,1.0,22.11,0.443,0.21,0.0
5621,25.0,1725.83,57.0,0.078,0.037,2.0,2.0,70.0,0.302,0.239,1.98
5622,44.0,1575.04,46.0,0.018,0.021,1.0,1.0,35.94,0.5,0.36,1.91
5623,9.0,427.31,34.0,0.075,0.035,15.0,0.0,45.4,0.283,0.163,2.42
5624,20.0,682.67,43.0,0.387,0.056,7.0,1.0,33.4,0.585,0.255,0.53
5625,11.0,538.23,30.0,0.08,0.056,5.0,1.0,50.04,0.245,0.409,2.03
5626,16.0,495.53,27.0,0.049,0.1,7.0,0.0,31.05,0.403,0.352,0.85
5627,21.0,1557.13,51.0,0.097,0.024,3.0,4.0,73.78,0.604,0.239,1.1
5628,14.0,489.58,26.0,0.125,0.095,13.0,1.0,35.34,0.116,0.344,2.15
5629,0.0,69.99,8.0,0.198,0.0,48.0,1.0,69.99,0.542,0.306,0.0
5630,15.0,546.11,55.0,0.343,0.116,11.0,3.0,35.61,0.92,0.289,0.79
5631,4.0,83.96,2.0,0.243,0.047,42.0,0.0,23.19,0.73,0.338,0.5
5632,29.0,1564.56,62.0,0.075,0.073,6.0,2.0,54.44,0.635,0.023,2.14
5633,3.0,79.35,3.0,0.153,0.052,113.0,1.0,30.49,0.31,0.061,0.0
5634,2.0,119.55,13.0,0.134,0.016,35.0,0.0,50.71,0.696,0.289,0.81
5635,8.923753267361985,272.59659028634667,1.0,0.188,0.026,24.0,0.0,40.41,0.549,,0.54
5636,1.0,90.64,6.0,0.032,0.027,123.0,1.0,90.64,0.489,0.158,2.66
5637,3.0,182.37,10.0,0.183,0.04,35.0,2.0,52.88,0.102,0.207,1.26
5638,7.0,353.57,24.0,0.053,0.071,11.0,0.0,49.87,0.542,0.239,2.38
5639,3.0,18.2,5.0,0.066,0.005,150.0,0.0,6.74,0.208,0.072,1.09
5640,1.0,87.14,7.0,0.197,0.054,60.0,1.0,59.28,0.454,0.081,0.0
5641,6.0,111.85,11.0,0.1,0.074,25.0,1.0,17.86,0.542,0.51,1.1
5642,1.0,111.47,10.0,0.24,0.055,39.0,1.0,90.92,0.332,0.251,1.45
5643,0.0,110.39,12.0,0.177,0.041,36.0,0.0,110.39,0.273,0.262,0.0
5644,3.0,119.42,7.0,0.209,0.063,41.0,2.0,47.42,0.568,0.146,1.09
5645,14.0,605.47,26.0,0.028,0.0,16.0,0.0,42.29,0.805,0.105,2.39
5646,14.0,692.75,29.0,0.072,0.009,13.0,0.0,48.44,0.377,0.203,1.16
5647,0.0,10.88,3.0,0.098,0.0,161.0,0.0,10.88,0.289,0.315,0.71
5648,1.0,21.15,4.0,0.143,0.049,79.0,0.0,19.12,0.591,0.128,1.36
5649,1.0,96.68,15.0,0.06,0.06,3.0,0.0,76.85,0.614,0.18,0.77
5650,9.0,442.76,17.0,0.161,0.047,13.0,0.0,47.58,0.369,0.102,1.04
5651,5.0,0.0,10.0,0.139,0.062,1.0,1.0,0.0,0.229,0.197,1.02
5652,13.0,312.62,15.0,0.099,0.023,14.0,1.0,24.35,0.547,0.051,1.6
5653,9.0,293.54,13.0,0.091,0.041,15.0,1.0,32.58,0.086,0.149,3.18
5654,13.0,574.56,29.0,0.124,0.031,19.0,0.0,45.94,0.396,0.216,3.62
5655,2.0,95.69,12.0,0.3,0.017,38.0,0.0,53.57,0.302,0.31,0.6
5656,3.0,25.59,3.0,0.131,0.06,150.0,1.0,8.34,0.57,0.0,0.78
5657,18.0,541.87,25.0,0.151,0.025,9.0,1.0,29.63,0.105,0.3,2.91
5658,7.0,78.99,9.0,0.265,0.046,50.0,1.0,11.72,0.199,0.271,0.14
5659,17.0,344.43,37.0,0.128,0.028,11.0,2.0,20.36,0.379,0.283,1.83
5660,22.0,607.2,55.0,0.34,0.083,14.0,1.0,27.37,0.789,0.113,1.77
5661,10.0,546.55,17.0,0.12,0.004,9.0,1.0,53.33,0.554,0.318,2.29
5662,4.0,427.03,33.0,0.107,0.076,16.0,0.0,96.15,0.09,0.258,1.71
5663,15.0,677.79,38.0,0.371,0.069,16.0,0.0,43.93,0.575,0.302,0.17
5664,2.0,100.1,8.0,0.129,0.0,16.0,2.0,58.28,0.393,0.285,0.73
5665,1.0,41.01,3.0,0.074,0.093,75.0,0.0,41.01,0.382,0.043,1.35
5666,1.0,22.83,1.0,0.243,0.059,31.0,0.0,22.83,0.623,0.084,1.27
5667,7.0,79.86,16.0,0.04,0.014,21.0,0.0,11.07,0.697,0.196,1.21
5668,17.0,501.5,10.0,0.127,0.049,21.0,0.0,29.23,0.759,0.234,0.38
5669,23.0,1928.1,66.0,0.049,0.035,8.0,1.0,82.94,0.199,0.341,3.61
5670,3.0,110.28,1.0,0.0,0.0,112.0,0.0,42.75,0.238,0.0,0.14
5671,6.0,8.64,8.0,0.189,0.017,42.0,1.0,1.54,0.203,0.403,0.66
5672,18.0,642.32,34.0,0.06,0.061,14.0,2.0,36.07,0.348,0.187,2.48
5673,3.0,64.51,5.0,0.139,0.068,90.0,0.0,21.62,0.198,0.0,0.74
5674,0.0,80.62,1.0,0.125,0.005,130.0,1.0,80.62,0.662,0.12,1.72
5675,44.0,1675.56,66.0,0.029,0.037,5.0,1.0,37.69,0.093,0.13,2.29
5676,19.0,496.21,38.0,0.101,0.022,21.0,1.0,25.75,0.533,0.0,2.15
5677,18.0,355.07,26.0,0.04,0.041,1.0,0.0,19.92,0.255,0.126,2.01
5678,3.0,89.18,4.0,0.0,0.018,131.0,1.0,33.98,0.164,0.0,1.78
5679,14.0,598.38,27.0,0.14,0.039,3.0,2.0,43.54,0.882,0.205,1.92
5680,18.0,808.14,27.0,0.517,0.153,19.0,0.0,45.1,0.667,0.421,1.76
5681,19.0,579.74,51.0,0.265,0.042,13.0,2.0,30.89,0.382,0.196,1.62
5682,10.0,435.1,15.0,0.133,0.101,13.0,0.0,45.01,0.144,0.093,1.88
5683,5.0,19.27,8.0,0.123,0.085,32.0,1.0,3.65,0.369,0.277,1.18
5684,14.0,84.42,28.0,0.231,0.043,15.0,1.0,5.84,0.426,0.477,2.87
5685,19.0,405.3,34.0,0.37,0.102,10.0,1.0,21.04,0.566,0.231,0.74
5686,0.0,87.01,2.0,0.076,0.029,86.0,0.0,87.01,0.029,0.165,1.1
5687,6.0,474.08,46.0,0.131,0.093,3.0,2.0,77.42,0.334,0.139,1.64
5688,26.0,674.13,56.0,0.306,0.108,5.0,2.0,26.31,0.372,0.159,1.07
5689,5.0,127.43,8.0,0.199,0.073,11.0,0.0,26.83,0.503,0.292,0.0
5690,0.0,30.6,5.0,0.126,0.046,129.0,0.0,30.6,0.236,0.055,2.04
5691,10.0,527.62,34.0,0.107,0.084,16.0,2.0,50.28,0.637,0.157,2.06
5692,21.0,399.33,31.0,0.198,0.037,16.0,0.0,19.12,0.532,0.157,1.33
5693,40.0,1495.88,53.0,0.074,0.04,6.0,1.0,37.33,0.097,0.366,2.27
5694,24.0,323.2,42.0,0.412,0.103,1.0,0.0,13.34,0.371,0.06,2.1
5695,2.0,153.69,12.0,0.047,0.074,52.0,1.0,92.67,0.381,0.111,1.38
5696,7.0,515.63,24.0,0.06,0.069,15.0,1.0,72.55,0.701,0.346,2.88
5697,14.0,728.7,14.0,0.02,0.045,3.0,3.0,51.15,0.108,0.403,0.23
5698,16.0,568.55,36.0,0.527,0.036,19.0,1.0,35.86,0.586,0.25,1.45
5699,6.0,466.18,18.0,0.125,0.048,8.0,1.0,75.01,0.454,0.219,2.35
5700,13.0,589.79,24.0,0.148,0.047,10.0,0.0,44.09,0.147,0.129,1.63
5701,4.0,48.01,13.0,0.036,0.038,20.0,1.0,11.91,0.211,0.17,0.78
5702,11.0,463.94,28.0,0.163,0.016,6.0,1.0,43.36,0.613,0.177,2.89
5703,8.0,244.02,9.0,0.221,0.058,53.0,0.0,32.49,0.7,0.359,0.26
5704,12.0,520.63,47.0,0.252,0.055,0.0,2.0,42.0,0.351,0.209,1.53
5705,9.0,526.68,31.0,0.12,0.034,18.0,1.0,61.5,0.518,0.005,3.12
5706,19.0,561.97,17.0,0.078,0.0,12.0,0.0,29.91,0.297,0.259,2.09
5707,1.0,74.41,13.0,0.219,0.008,68.0,2.0,65.0,0.679,0.192,0.0
5708,18.0,586.2,71.0,0.355,0.129,5.0,0.0,32.48,0.464,0.563,1.63
5709,20.0,889.91,49.0,0.204,0.092,14.0,1.0,44.5,0.692,0.483,0.96
5710,2.0,60.02,3.0,0.222,0.04,32.0,1.0,24.69,0.351,0.135,0.0
5711,1.0,22.58,4.0,0.113,0.041,93.0,1.0,21.81,0.199,0.145,0.0
5712,16.0,755.01,25.0,0.118,0.064,18.0,2.0,48.17,0.655,0.15,2.85
5713,5.0,128.36,4.0,0.261,0.019,24.0,0.0,23.48,0.32,0.455,1.2
5714,0.0,90.36,9.0,0.032,0.038,40.0,0.0,90.36,0.513,0.272,1.55
5715,39.0,2413.31,36.0,0.037,0.028,0.0,2.0,61.91,0.444,0.131,1.13
5716,5.0,150.03,10.0,0.266,0.036,1.0,2.0,30.97,0.117,0.248,0.45
5717,25.0,1591.09,61.0,0.046,0.008,6.0,2.0,64.09,0.23,0.307,3.2
5718,30.0,1122.87,36.0,0.035,0.058,5.0,2.0,37.65,0.721,0.007,0.95
5719,4.0,215.42,10.0,0.141,0.011,37.0,0.0,60.09,0.446,0.239,1.46
5720,10.0,398.59,46.0,0.479,0.072,13.0,0.0,40.83,0.384,0.235,2.17
5721,20.0,790.96,29.0,0.457,0.091,6.0,0.0,40.24,0.208,0.18,1.33
5722,12.0,471.87,36.0,0.101,0.011,12.0,1.0,40.54,0.592,0.293,2.45
5723,26.0,1792.39,63.0,0.026,0.045,10.0,3.0,69.15,0.485,0.284,2.26
5724,11.0,340.52,20.0,0.043,0.022,3.0,1.0,31.69,0.71,0.217,3.35
5725,20.0,405.7,27.0,0.087,0.042,15.0,1.0,20.8,0.573,0.188,2.41
5726,3.0,126.26,16.0,0.118,0.025,36.0,1.0,40.62,0.736,0.145,0.43
5727,10.0,363.62,9.0,0.178,0.041,16.0,1.0,34.66,0.49,0.324,1.48
5728,4.0,128.33,3.0,0.0,0.058,11.0,0.0,35.96,0.525,0.254,0.0
5729,22.0,237.26,34.0,0.369,0.021,15.0,1.0,10.77,0.854,0.082,1.1
5730,3.0,74.21,9.0,0.167,0.058,24.0,1.0,24.11,0.612,0.188,1.42
5731,11.0,605.41,24.0,0.149,0.0,17.0,2.0,56.87,0.214,0.03,1.26
5732,13.0,432.49,45.0,0.554,0.137,6.0,0.0,33.58,0.274,0.0,0.75
5733,2.0,74.35,3.0,0.247,0.02,82.0,0.0,39.05,0.055,0.0,1.25
5734,43.0,1900.99,61.0,0.042,0.045,13.0,2.0,43.99,0.289,0.1,1.82
5735,12.0,580.6,30.0,0.055,0.092,18.0,0.0,48.93,0.316,0.399,2.87
5736,17.0,548.54,28.0,0.184,0.066,10.0,1.0,31.95,0.436,0.421,2.87
5737,3.0,92.06,2.0,0.113,0.06,162.0,1.0,33.94,0.058,0.0,0.87
5738,12.0,244.89,38.0,0.371,0.047,15.0,0.0,20.52,0.567,,1.6
5739,9.0,548.09,31.0,0.171,0.029,14.0,2.0,60.73,0.254,0.19,3.55
5740,1.0,80.45,6.0,0.117,,63.0,0.0,80.45,0.439,0.0,0.94
5741,16.0,642.31,24.0,0.055,0.08,7.0,1.0,39.18,0.489,0.012,1.4
5742,5.0,80.24,7.0,0.127,0.004,31.0,1.0,16.16,0.541,0.21,1.78
5743,1.0,93.3,5.0,0.101,0.032,58.0,0.0,83.28,0.361,0.0,1.08
5744,16.0,829.03,29.0,0.418,0.03,26.0,2.0,51.98,0.499,0.013,2.4
5745,10.0,911.08,18.0,0.104,0.062,3.0,1.0,89.22,0.59,0.213,1.88
5746,2.0,137.14,1.0,0.081,0.035,0.0,1.0,55.73,0.194,0.311,0.23
5747,32.0,2631.61,50.0,0.012,0.081,10.0,1.0,81.86,0.152,0.333,1.07
5748,28.0,1781.64,39.0,0.041,0.007,0.0,1.0,64.12,0.442,0.372,2.25
5749,0.0,226.37,8.0,0.096,0.021,20.0,1.0,226.37,0.455,0.06,1.54
5750,6.0,159.84,14.0,0.235,0.062,42.0,1.0,27.37,0.371,0.371,1.42
5751,7.0,598.32,37.0,0.136,0.022,18.0,1.0,90.06,0.06,0.197,1.87
5752,1.0,40.58,1.0,0.205,0.052,107.0,0.0,27.4,0.456,0.014,0.06
5753,7.0,52.34,8.0,0.082,0.039,10.0,1.0,7.93,0.338,0.07,0.94
5754,2.0,103.46,11.0,0.148,0.045,45.0,2.0,47.09,0.247,0.266,
5755,3.0,63.96,5.0,0.082,0.023,30.0,2.0,25.46,0.239,0.135,2.97
5756,10.0,416.35,28.0,0.069,0.012,13.0,2.0,42.23,0.462,0.137,3.11
5757,17.0,323.79,29.0,0.091,0.068,7.0,2.0,19.5,0.191,0.288,1.86
5758,8.0,488.94,24.0,0.028,0.081,12.0,0.0,57.97,0.455,0.264,1.53
5759,28.0,1663.84,39.0,0.078,0.054,4.0,1.0,59.78,0.281,0.221,3.52
5760,9.0,473.59,35.0,0.132,0.089,15.0,2.0,55.37,0.23,0.198,3.3
5761,9.0,354.73,23.0,0.038,0.081,15.0,1.0,37.65,0.185,0.485,3.63
5762,16.0,338.7,36.0,0.075,0.017,16.0,2.0,21.61,0.504,0.243,1.61
5763,7.0,778.05,29.0,0.011,0.064,13.0,1.0,107.02,0.251,,3.07
5764,2.0,105.09,3.0,0.24,0.05,49.0,0.0,50.49,0.255,0.242,0.96
5765,3.0,128.92,10.0,0.18,0.03,42.0,2.0,43.46,0.155,0.222,0.91
5766,15.0,570.57,38.0,0.156,0.067,13.0,2.0,37.22,0.224,0.419,2.17
5767,19.0,430.86,39.0,0.307,0.043,5.0,0.0,23.25,0.326,0.113,1.03
5768,3.0,115.32,1.0,0.194,0.021,92.0,0.0,37.32,0.554,0.073,
5769,3.0,148.36,4.0,0.073,0.0,38.0,1.0,47.01,0.11,0.183,1.85
5770,2.0,99.46,2.0,0.067,0.027,80.0,1.0,63.03,0.383,0.0,0.34
5771,12.0,561.41,30.0,0.117,0.073,14.0,1.0,45.51,0.61,0.184,2.25
5772,3.0,98.81,9.0,0.167,0.031,28.0,1.0,31.77,0.563,0.267,0.09
5773,2.0,77.49,6.0,,0.028,17.0,0.0,33.09,0.289,0.171,0.0
5774,0.0,64.8,10.0,0.305,0.041,44.0,0.0,64.8,0.137,0.239,0.0
5775,5.0,172.14,11.0,0.207,0.052,46.0,1.0,36.48,0.258,0.153,0.42
5776,12.0,469.11,18.0,0.134,0.067,12.0,2.0,39.95,0.079,0.094,2.7
5777,2.0,57.07,2.0,0.143,0.017,68.0,1.0,32.31,0.458,0.017,0.33
5778,1.0,129.32,2.0,0.214,0.01,114.0,0.0,120.41,0.263,0.0,1.01
5779,21.0,549.49,32.0,0.216,0.127,12.0,0.0,26.63,0.589,0.053,1.27
5780,15.0,1595.94,36.0,0.05,0.039,9.0,2.0,108.43,0.085,0.09,3.22
5781,11.0,497.96,35.0,0.137,0.044,11.0,3.0,43.51,0.654,0.318,2.35
5782,7.0,735.52,37.0,0.062,0.079,22.0,2.0,109.08,0.474,0.177,2.03
5783,18.0,325.55,14.0,0.125,0.031,12.0,1.0,17.9,0.234,0.245,1.59
5784,28.0,1911.74,39.0,0.039,0.027,5.0,1.0,68.41,0.417,0.359,1.72
5785,16.0,592.46,32.0,0.073,0.037,11.0,0.0,36.21,0.177,0.213,2.65
5786,15.0,618.92,36.0,0.184,0.07,22.0,1.0,41.21,0.535,0.32,1.75
5787,21.0,736.42,24.0,0.083,0.024,9.0,2.0,35.91,0.137,0.14,1.31
5788,5.0,155.67,0.0,0.289,0.015,24.0,1.0,31.29,0.781,0.084,0.0
5789,25.0,1917.69,61.0,0.068,0.0,3.0,1.0,75.26,0.238,0.019,2.36
5790,13.0,2381.48,36.0,0.041,0.037,7.0,3.0,190.39,0.374,0.194,1.39
5791,0.0,38.76,4.0,0.105,0.025,133.0,0.0,38.76,0.115,0.219,0.69
5792,23.0,648.25,57.0,0.319,0.136,21.0,2.0,27.93,0.475,0.141,0.98
5793,22.0,1840.57,50.0,0.039,0.043,6.0,0.0,83.99,0.516,0.311,1.59
5794,9.0,730.94,21.0,0.07,0.094,3.0,0.0,80.57,0.443,0.296,1.9
5795,3.0,150.47,5.0,0.185,0.09,43.0,2.0,53.9,0.684,0.322,0.0
5796,30.0,1264.81,65.0,0.085,0.066,1.0,4.0,42.24,0.678,0.052,0.7
5797,6.0,187.76,11.0,0.141,0.046,52.0,1.0,30.85,0.212,0.271,2.28
5798,8.0,760.99,21.0,0.131,0.078,10.0,1.0,94.97,0.598,0.293,2.14
5799,3.0,81.72,7.0,0.272,0.0,45.0,1.0,27.8,0.252,0.208,1.34
5800,2.0,90.09,4.0,0.173,0.032,118.0,0.0,47.81,0.266,0.127,1.5
5801,24.0,470.1,25.0,0.27,0.172,13.0,1.0,19.99,0.644,0.159,0.72
5802,2.0,55.67,7.0,0.203,0.045,18.0,0.0,26.62,0.536,0.186,0.42
5803,15.0,580.39,44.0,0.291,0.078,9.0,1.0,38.3,0.486,0.309,1.16
5804,19.0,664.72,22.0,0.117,0.06,15.0,0.0,35.07,0.595,0.046,2.18
5805,10.0,578.45,28.0,0.145,0.029,12.0,3.0,55.47,0.698,0.235,2.83
5806,33.0,2570.84,43.0,0.067,0.051,6.0,1.0,78.2,0.472,0.383,2.21
5807,3.0,114.1,9.0,0.124,0.066,62.0,0.0,32.76,0.788,0.273,1.21
5808,4.0,89.77,19.0,0.167,0.082,57.0,2.0,24.08,0.273,0.188,0.91
5809,15.0,620.41,38.0,0.101,0.041,12.0,0.0,42.17,0.133,0.097,1.87
5810,20.0,444.68,45.0,0.241,0.16,6.0,1.0,22.1,0.68,0.0,2.18
5811,3.0,158.36,6.0,,0.053,40.0,1.0,60.88,0.212,0.355,0.54
5812,13.0,483.11,21.0,0.079,0.075,0.0,2.0,35.96,0.712,0.215,1.73
5813,5.0,136.28,3.0,0.137,0.059,39.0,1.0,26.15,0.368,0.0,1.09
5814,0.0,37.97,1.0,0.137,0.006,8.0,0.0,37.97,0.2,0.0,0.0
5815,1.0,47.82,8.0,0.149,0.044,33.0,0.0,47.82,0.648,0.402,0.33
5816,28.0,1779.44,50.0,0.025,0.037,10.0,4.0,62.81,0.528,0.034,1.25
5817,15.0,787.45,20.0,0.098,0.046,2.0,1.0,54.16,0.531,0.308,1.83
5818,5.0,94.04,11.0,0.185,0.057,26.0,0.0,19.28,0.433,0.392,0.04
5819,2.0,162.69,6.0,0.039,0.052,68.0,1.0,88.3,0.511,0.128,1.84
5820,2.0,56.01,3.0,0.072,0.03,34.0,2.0,32.83,0.316,0.056,0.0
5821,4.0,41.16,10.0,0.183,0.048,50.0,1.0,11.2,0.615,0.327,1.46
5822,16.0,537.66,33.0,0.12,0.059,20.0,2.0,34.62,0.788,0.249,2.39
5823,5.0,209.13,18.0,0.196,0.029,49.0,1.0,43.37,0.351,0.168,0.44
5824,28.0,1535.14,66.0,0.031,0.033,11.0,2.0,55.43,0.577,0.081,1.75
5825,2.0,81.36,3.0,0.07,0.058,119.0,1.0,36.7,0.389,0.041,0.79
5826,8.0,202.76,11.0,0.217,0.0,43.0,0.0,26.13,0.287,0.243,1.37
5827,20.0,468.95,42.0,0.456,0.074,13.0,2.0,23.07,0.527,0.022,1.4
5828,13.0,558.71,30.0,0.086,0.066,14.0,1.0,42.66,0.128,0.413,0.55
5829,0.0,166.23,5.0,0.199,0.025,27.0,0.0,166.23,0.49,0.133,1.0
5830,5.0,510.28,29.0,0.064,0.068,20.0,1.0,95.09,0.595,0.278,2.58
5831,12.0,622.05,26.0,0.046,0.0,17.0,2.0,51.85,0.201,0.127,3.16
5832,16.0,632.57,22.0,0.14,0.05,7.0,0.0,38.8,0.288,0.264,1.99
5833,4.0,183.48,8.0,0.092,0.063,18.0,0.0,48.67,0.491,0.168,0.39
5834,10.0,656.72,17.0,0.135,0.0,15.0,3.0,63.88,0.241,0.089,2.98
5835,14.0,819.06,30.0,0.423,0.107,22.0,3.0,59.13,1.0,0.229,0.38
5836,14.0,795.15,38.0,0.049,0.03,0.0,1.0,56.56,0.135,0.344,0.88
5837,3.0,84.45,8.0,0.162,0.037,11.0,2.0,29.77,0.352,0.07,0.93
5838,30.0,1318.75,65.0,0.04,0.013,2.0,0.0,43.33,0.496,0.324,2.06
5839,2.0,25.36,1.0,0.102,0.0,158.0,0.0,11.68,0.05,0.0,0.8
5840,2.0,46.75,1.0,0.241,0.0,96.0,0.0,24.69,0.4,0.0,2.74
5841,19.0,659.62,49.0,0.368,0.072,11.0,1.0,35.35,0.263,0.336,1.28
5842,0.0,93.15,2.0,0.083,0.012,61.0,1.0,93.15,0.526,0.114,0.59
5843,13.0,508.5,21.0,0.034,0.03,6.0,0.0,39.56,0.153,0.326,1.92
5844,12.0,589.37,7.0,0.116,0.078,8.0,0.0,48.4,0.457,0.185,1.01
5845,3.0,160.9,9.0,0.297,0.101,38.0,2.0,49.39,0.691,0.172,1.75
5846,3.0,110.94,6.0,0.28,0.018,49.0,2.0,43.92,0.266,0.073,0.88
5847,18.0,2189.81,62.0,0.018,0.035,11.0,3.0,119.94,0.343,0.044,2.52
5848,2.0,102.15,5.0,0.201,0.107,33.0,1.0,51.83,0.26,0.317,0.0
5849,19.0,542.43,57.0,0.487,0.075,6.0,0.0,28.12,0.249,0.453,1.19
5850,4.0,601.49,31.0,0.149,0.086,13.0,1.0,147.84,0.161,0.18,2.83
5851,3.0,182.84,4.0,0.305,0.034,80.0,0.0,59.61,0.336,0.04,1.18
5852,11.0,456.74,32.0,0.129,0.091,17.0,0.0,42.97,0.374,0.262,1.31
5853,15.0,1647.95,73.0,0.029,0.032,8.0,3.0,107.8,0.336,0.102,3.06
5854,3.0,114.65,14.0,0.214,0.064,42.0,0.0,33.36,0.187,0.132,0.01
5855,2.0,130.11,6.0,0.247,0.05,18.0,1.0,56.54,0.601,0.105,0.0
5856,11.0,759.89,25.0,0.05,0.064,8.0,0.0,71.1,0.43,0.296,2.13
5857,2.0,110.51,6.0,0.006,0.038,32.0,0.0,54.91,0.533,0.321,2.01
5858,1.0,47.57,10.0,0.232,0.0,52.0,0.0,36.86,0.087,0.097,0.03
5859,2.0,91.78,0.0,0.123,0.0,94.0,0.0,36.93,0.787,0.015,1.6
5860,28.0,1938.79,70.0,0.099,0.02,5.0,1.0,68.81,0.26,0.094,3.28
5861,24.0,475.25,37.0,0.509,0.008,3.0,2.0,19.66,0.889,0.312,0.72
5862,30.0,1618.96,60.0,0.074,0.058,2.0,2.0,54.47,0.154,0.123,2.87
5863,2.0,42.06,13.0,0.177,0.078,9.0,2.0,17.53,0.222,0.115,1.33
5864,25.0,1983.84,45.0,0.05,0.077,7.0,1.0,79.2,0.226,0.237,1.83
5865,8.0,564.26,23.0,0.13,0.09,16.0,1.0,66.95,0.538,0.052,1.49
5866,3.0,235.53,7.0,0.149,0.028,26.0,1.0,83.67,0.271,0.367,0.14
5867,11.0,529.55,30.0,0.093,0.042,10.0,0.0,47.29,0.426,0.318,3.31
5868,1.0,734.65,23.0,0.091,0.037,10.0,2.0,563.89,0.315,0.356,1.83
5869,1.0,113.3,3.0,0.026,0.023,122.0,0.0,113.3,0.635,0.107,0.8
5870,16.0,414.62,63.0,0.415,0.13,7.0,1.0,25.76,0.538,0.314,0.97
5871,4.0,112.0,9.0,0.139,0.092,59.0,2.0,26.47,0.468,0.295,1.57
5872,2.0,177.28,12.0,0.023,0.0,7.0,0.0,82.46,0.053,0.197,1.7
5873,42.0,1509.96,72.0,0.064,0.053,7.0,1.0,35.58,0.844,0.089,2.28
5874,4.0,114.7,9.0,,0.0,47.0,0.0,28.24,0.444,,1.66
5875,3.0,64.19,6.0,0.161,0.064,56.0,0.0,19.16,0.328,0.033,1.41
5876,1.0,65.6,1.0,0.119,0.048,147.0,0.0,59.0,0.529,0.072,0.0
5877,6.0,643.59,37.0,0.133,0.01,0.0,2.0,116.51,0.495,0.224,2.38
5878,1.0,165.8,10.0,0.234,0.034,36.0,0.0,130.07,0.736,0.263,0.63
5879,43.0,2105.47,69.0,0.033,0.058,6.0,2.0,49.49,0.634,0.211,0.58
5880,16.0,777.5,50.0,0.365,0.115,10.0,2.0,49.39,0.412,,1.46
5881,16.0,691.01,18.0,0.032,0.01,6.0,1.0,42.54,0.361,0.251,2.14
5882,18.0,932.61,38.0,0.295,0.117,6.0,1.0,52.84,0.537,0.181,2.32
5883,25.0,1966.77,59.0,0.059,0.009,6.0,2.0,78.41,0.156,0.323,2.44
5884,4.0,83.05,9.0,0.178,0.027,41.0,1.0,23.56,0.368,0.25,1.22
5885,16.0,381.28,32.0,0.044,0.0,10.0,0.0,23.67,0.19,0.15,2.02
5886,7.0,367.69,37.0,0.122,0.016,11.0,1.0,49.06,0.331,0.29,1.8
5887,2.0,102.02,3.0,0.253,0.074,48.0,0.0,46.27,0.287,0.107,2.29
5888,44.0,2254.43,71.0,0.115,0.065,7.0,0.0,51.77,0.275,,0.96
5889,3.0,174.02,8.0,0.227,0.0,18.0,1.0,61.05,0.155,,1.61
5890,10.0,499.28,27.0,0.103,0.046,8.0,0.0,52.05,0.698,0.184,1.5
5891,16.0,543.2,37.0,0.102,0.061,11.0,0.0,34.78,0.748,0.46,2.44
5892,1.0,5.23,1.0,0.118,0.016,70.0,1.0,4.39,0.103,0.286,1.78
5893,39.0,1131.38,43.0,0.027,0.018,11.0,0.0,29.01,0.345,0.257,2.37
5894,23.0,635.84,32.0,0.581,0.097,19.0,0.0,27.31,0.442,0.272,0.0
5895,4.0,50.39,14.0,0.359,0.074,5.0,1.0,13.61,0.136,0.147,0.0
5896,5.0,328.77,33.0,0.118,0.045,9.0,2.0,71.4,0.39,0.235,2.54
5897,36.0,1918.05,53.0,0.018,0.03,1.0,1.0,53.05,0.401,0.149,1.92
5898,17.0,297.43,25.0,0.139,0.074,17.0,2.0,17.64,0.831,0.227,0.98
5899,3.0,96.06,4.0,0.132,0.053,86.0,0.0,30.14,0.542,0.239,0.41
5900,2.0,231.76,6.0,0.102,0.029,43.0,1.0,148.31,0.263,0.0,0.97
5901,22.0,387.1,50.0,0.244,0.046,12.0,0.0,17.99,0.966,0.039,1.19
5902,19.0,690.45,59.0,0.372,0.147,32.0,2.0,36.39,1.0,0.092,1.24
5903,1.0,92.91,1.0,0.08,0.031,61.0,1.0,92.91,0.608,0.035,0.28
5904,9.0,824.76,43.0,0.447,0.0,4.0,1.0,89.78,0.544,0.38,2.99
5905,22.0,2175.86,72.0,0.005,0.006,2.0,2.0,99.22,0.512,0.445,1.47
5906,34.0,1764.55,50.0,0.018,0.033,2.0,2.0,52.42,0.885,0.414,2.24
5907,0.0,216.81,15.0,0.129,0.069,58.0,2.0,216.81,0.089,0.253,2.06
5908,3.0,0.0,1.0,0.164,0.004,41.0,1.0,0.0,0.177,0.212,0.25
5909,12.0,491.09,29.0,0.022,0.04,20.0,3.0,42.39,0.63,0.289,1.64
5910,10.0,236.66,19.0,0.044,0.061,19.0,0.0,23.88,0.606,0.227,2.57
5911,12.0,655.91,21.0,0.122,0.07,11.0,0.0,53.23,0.581,0.238,3.84
5912,13.0,362.05,28.0,0.042,0.065,12.0,1.0,27.61,0.212,0.121,3.29
5913,9.0,468.01,21.0,0.107,0.081,11.0,0.0,50.27,0.525,0.277,3.81
5914,3.0,204.96,18.0,0.262,0.007,33.0,1.0,73.66,0.119,0.17,0.76
5915,34.0,2052.89,67.0,0.121,0.04,11.0,3.0,60.3,0.717,0.32,1.69
5916,1.0,22.41,3.0,0.089,0.076,31.0,1.0,22.41,0.303,0.411,0.0
5917,8.0,517.43,33.0,0.038,0.049,10.0,2.0,64.89,0.483,0.162,2.49
5918,13.0,334.84,53.0,0.452,0.061,16.0,1.0,25.82,0.278,0.197,0.38
5919,3.0,78.07,12.0,0.134,0.068,32.0,1.0,24.58,0.555,0.143,0.83
5920,28.0,979.24,30.0,0.363,0.204,17.0,3.0,35.22,0.684,0.232,0.0
5921,2.0,128.73,1.0,0.172,0.023,84.0,0.0,62.84,0.703,0.04,0.15
5922,7.0,590.93,36.0,0.152,0.094,22.0,2.0,78.79,0.495,0.156,1.87
5923,11.0,141.89,36.0,0.064,0.0,3.0,1.0,12.94,0.392,0.051,2.8
5924,13.0,252.02,25.0,0.144,0.063,3.0,0.0,19.61,0.728,0.0,2.03
5925,1.0,206.05,8.0,0.237,0.086,23.0,0.0,185.4,0.195,0.175,1.46
5926,19.0,2332.62,77.0,0.049,0.044,2.0,1.0,121.87,0.144,0.297,3.57
5927,3.0,168.42,7.0,0.126,0.02,36.0,0.0,56.56,0.339,0.286,0.11
5928,1.0,82.05,4.0,0.16,0.088,48.0,0.0,71.1,0.493,0.004,0.0
5929,2.0,41.2,9.0,0.191,0.118,32.0,2.0,20.47,0.2,0.242,2.42
5930,27.0,301.93,32.0,0.367,0.101,14.0,1.0,11.33,0.504,0.249,0.51
5931,4.0,184.02,13.0,0.095,0.048,39.0,0.0,52.36,0.61,0.329,1.1
5932,1.0,18.93,2.0,0.111,0.046,95.0,0.0,12.77,0.199,0.0,0.53
5933,7.0,93.83,14.0,0.234,0.056,62.0,1.0,14.34,0.412,0.101,1.4
5934,12.0,499.11,24.0,0.068,0.088,13.0,0.0,43.38,0.498,0.307,1.37
5935,3.0,0.04,5.0,0.258,0.053,38.0,1.0,0.02,0.535,0.215,0.54
5936,12.0,608.33,41.0,0.118,0.123,8.0,0.0,52.23,0.644,0.097,1.51
5937,19.0,832.63,46.0,0.444,0.124,7.0,2.0,43.96,0.648,0.205,1.51
5938,10.0,759.27,17.0,0.171,0.036,19.0,1.0,75.45,0.747,0.163,2.62
5939,3.0,37.93,4.0,0.003,0.016,0.0,2.0,11.53,0.292,0.142,0.0
5940,9.0,532.97,28.0,0.078,0.06,17.0,1.0,57.87,0.398,0.056,1.74
5941,18.0,651.97,43.0,0.235,0.063,20.0,0.0,36.62,0.769,0.241,0.03
5942,31.0,2620.88,47.0,0.096,0.056,8.0,0.0,85.22,0.397,0.479,1.73
5943,43.0,754.26,51.0,0.076,0.053,6.0,0.0,17.58,0.299,0.268,1.95
5944,20.0,568.31,21.0,0.26,0.115,4.0,1.0,27.88,0.591,0.224,0.0
5945,19.0,848.28,37.0,0.379,0.039,11.0,1.0,44.35,0.6,0.122,0.0
5946,10.0,797.25,20.0,0.114,0.053,15.0,0.0,82.36,0.723,0.048,2.87
5947,11.0,891.5,35.0,0.101,0.043,10.0,2.0,84.87,0.206,0.195,3.44
5948,19.0,1252.28,57.0,0.044,0.031,4.0,3.0,66.04,0.133,0.203,3.74
5949,10.0,893.31,24.0,0.037,0.044,10.0,1.0,90.42,0.77,0.193,1.26
5950,21.0,505.24,33.0,0.065,0.123,5.0,2.0,24.57,0.491,0.419,3.69
5951,11.0,527.67,26.0,,0.036,14.0,2.0,46.25,0.353,0.24,3.62
5952,3.0,126.34,2.0,0.215,0.013,33.0,1.0,50.4,0.262,0.109,1.76
5953,0.0,100.3,4.0,0.124,0.045,170.0,1.0,100.3,0.491,0.163,1.59
5954,11.0,553.23,39.0,0.092,0.021,0.0,1.0,51.33,0.116,0.156,3.29
5955,2.0,103.52,4.0,0.13,0.057,46.0,1.0,51.78,0.406,0.238,1.67
5956,2.0,26.29,3.0,0.085,0.021,114.0,0.0,13.15,0.358,0.127,
5957,27.0,2157.43,27.0,0.085,0.025,12.0,1.0,79.82,0.464,0.218,2.06
5958,1.0,92.2,0.0,0.127,0.074,45.0,1.0,92.2,0.328,0.006,1.62
5959,2.0,42.5,10.0,0.148,0.031,25.0,0.0,25.22,0.268,0.421,1.08
5960,17.0,413.01,42.0,0.053,0.075,10.0,1.0,24.05,0.066,0.0,1.51
5961,4.0,162.53,14.0,0.179,0.051,27.0,1.0,37.31,0.862,0.319,0.75
5962,4.0,592.46,25.0,0.049,0.077,19.0,0.0,160.66,0.41,0.24,2.43
5963,3.0,220.96,15.0,0.215,0.038,9.0,1.0,64.83,0.556,0.29,0.0
5964,0.0,127.98,10.0,0.074,0.076,48.0,2.0,127.98,0.857,0.086,1.79
5965,44.0,965.41,58.0,0.035,0.058,0.0,3.0,22.0,0.177,0.173,3.74
5966,0.0,179.56,13.0,0.173,0.067,36.0,1.0,179.56,0.359,0.169,0.73
5967,6.0,470.61,42.0,0.057,0.05,16.0,0.0,73.1,0.57,0.267,2.65
5968,21.0,620.82,39.0,0.091,0.035,13.0,2.0,29.93,0.256,0.386,1.55
5969,3.0,60.85,2.0,0.12,0.0,110.0,0.0,24.1,0.367,0.0,0.61
5970,8.0,542.32,22.0,0.112,0.059,14.0,2.0,69.04,0.48,0.082,3.17
5971,18.0,381.68,46.0,0.026,0.087,12.0,2.0,20.79,0.541,0.226,1.61
5972,10.0,274.82,32.0,0.0,0.108,12.0,0.0,28.1,0.818,0.204,2.16
5973,18.0,752.15,35.0,0.463,0.131,7.0,2.0,40.82,0.255,0.0,1.16
5974,15.0,728.97,50.0,0.321,0.089,13.0,0.0,48.5,0.384,0.232,1.0
5975,10.0,561.72,33.0,0.103,0.025,13.0,1.0,54.46,0.256,0.216,0.69
5976,40.0,1606.83,57.0,0.003,0.017,3.0,0.0,40.5,0.334,0.137,0.91
5977,18.0,536.65,18.0,0.06,0.038,12.0,1.0,29.65,0.112,0.08,1.91
5978,2.0,75.62,3.0,0.191,0.029,110.0,0.0,37.26,0.476,0.12,1.0
5979,0.0,115.47,5.0,0.136,0.05,80.0,1.0,115.47,0.311,0.069,0.16
5980,17.0,659.25,42.0,0.482,0.093,7.0,0.0,38.35,0.305,0.295,1.29
5981,31.0,1541.4,73.0,0.034,0.001,3.0,0.0,49.88,0.374,0.271,2.16
5982,2.0,65.68,3.0,0.108,0.041,6.0,1.0,32.4,0.539,0.348,0.88
5983,24.0,1765.83,42.0,0.077,0.05,4.0,2.0,72.84,0.46,0.196,1.32
5984,35.0,1807.68,68.0,0.061,0.023,10.0,2.0,51.21,0.227,0.328,1.31
5985,11.0,415.93,13.0,0.087,0.061,12.0,0.0,38.49,0.369,0.119,2.14
5986,29.0,1297.98,48.0,0.002,0.066,5.0,1.0,44.19,0.263,0.264,1.45
5987,2.0,61.32,6.0,0.082,0.036,36.0,1.0,40.17,0.733,0.288,2.24
5988,6.0,500.57,38.0,0.052,0.071,18.0,1.0,90.62,0.201,0.365,0.84
5989,4.0,176.24,9.0,0.215,0.033,29.0,0.0,39.83,0.079,0.422,0.62
5990,12.0,347.34,24.0,0.054,0.054,13.0,1.0,29.83,0.366,0.27,2.51
5991,4.0,63.8,13.0,0.223,0.033,40.0,1.0,16.5,0.41,0.378,0.53
5992,4.0,102.85,12.0,0.01,0.035,22.0,1.0,28.88,0.371,0.29,0.13
5993,18.0,694.27,48.0,0.276,0.099,13.0,1.0,38.97,0.891,0.498,1.08
5994,13.0,729.27,49.0,0.459,0.097,19.0,0.0,55.77,0.32,0.291,0.58
5995,14.0,646.22,31.0,0.427,0.11,14.0,2.0,45.18,0.55,0.097,2.04
5996,23.0,1253.66,74.0,0.009,0.028,8.0,3.0,54.54,0.366,0.116,1.31
5997,6.0,778.83,28.0,0.051,0.118,13.0,1.0,140.27,0.285,0.152,1.63
5998,0.0,49.22,8.0,0.254,0.049,5.0,1.0,49.22,0.466,0.256,1.13
5999,4.0,78.4,6.0,0.189,0.053,34.0,0.0,20.71,0.302,0.106,1.12
6000,0.0,71.29,4.0,0.141,0.034,131.0,0.0,71.29,0.48,0.037,1.87
6001,15.0,705.15,26.0,0.025,0.02,18.0,1.0,45.87,0.632,0.297,1.86
6002,16.0,2379.33,53.0,0.033,0.037,5.0,1.0,152.67,0.53,0.34,1.44
6003,41.0,1518.16,58.0,0.03,0.03,3.0,3.0,37.24,0.055,0.308,2.83
6004,16.0,622.93,44.0,0.189,0.071,21.0,2.0,39.04,0.529,0.199,1.12
6005,40.0,2251.16,57.0,0.042,0.036,7.0,2.0,56.37,0.719,0.103,2.25
6006,23.0,2116.77,53.0,0.081,0.043,10.0,0.0,90.69,0.65,0.24,1.28
6007,9.0,410.3,39.0,0.051,0.021,7.0,2.0,45.18,0.402,0.271,2.33
6008,5.0,156.31,6.0,0.185,0.06,59.0,1.0,34.49,0.329,0.338,0.96
6009,27.0,2006.1,27.0,0.043,0.016,5.0,3.0,74.83,0.377,0.079,1.91
6010,35.0,1942.77,50.0,0.027,0.024,4.0,2.0,55.99,0.202,0.307,1.99
6011,19.0,1066.45,32.0,0.248,0.124,4.0,2.0,56.69,0.476,0.24,1.86
6012,26.0,1483.68,85.0,0.034,0.044,3.0,1.0,57.76,0.206,0.174,1.58
6013,7.0,458.28,35.0,0.147,0.005,17.0,0.0,66.12,0.384,0.073,0.33
6014,8.0,196.73,38.0,0.142,0.051,6.0,1.0,23.19,0.307,0.05,2.74
6015,7.0,624.53,30.0,0.108,0.025,19.0,0.0,93.83,0.623,0.352,1.73
6016,19.0,377.73,46.0,0.253,0.026,23.0,1.0,19.39,0.578,0.215,1.73
6017,42.0,2292.72,55.0,0.117,0.046,2.0,0.0,55.14,0.019,0.0,0.74
6018,9.0,536.06,24.0,0.11,0.035,13.0,1.0,62.09,0.459,0.286,1.74
6019,13.0,634.12,19.0,0.045,0.075,16.0,1.0,49.93,0.136,0.286,3.0
6020,27.0,517.04,38.0,0.495,0.109,0.0,4.0,19.42,0.254,0.232,0.17
6021,20.0,802.04,34.0,0.028,0.0,12.0,1.0,39.98,0.236,0.0,1.57
6022,5.0,53.3,1.0,0.076,0.072,37.0,1.0,9.98,0.192,0.335,1.68
6023,8.0,255.41,40.0,0.086,0.047,15.0,3.0,32.98,0.046,0.397,3.41
6024,1.0,253.33,12.0,0.19,0.055,72.0,0.0,253.33,0.734,0.051,0.12
6025,2.0,184.16,7.0,0.194,0.0,21.0,1.0,115.39,0.53,0.185,0.77
6026,13.0,695.4,18.0,0.458,0.169,7.0,1.0,53.32,0.578,0.503,1.68
6027,17.0,735.78,52.0,0.487,0.098,1.0,1.0,44.18,0.782,0.053,1.81
6028,3.0,134.71,7.0,0.155,0.025,51.0,1.0,45.47,0.513,0.302,1.21
6029,2.0,159.78,9.0,0.166,0.042,50.0,2.0,91.1,0.293,0.296,0.69
6030,3.0,68.76,11.0,0.163,0.016,17.0,1.0,21.89,0.328,0.33,1.11
6031,1.0,59.44,9.0,0.195,0.072,40.0,1.0,59.44,0.277,0.139,0.82
6032,24.0,591.48,44.0,0.331,0.131,8.0,1.0,24.95,0.763,0.44,0.62
6033,5.0,133.27,8.0,0.3,0.08,13.0,0.0,26.97,0.076,0.143,0.12
6034,2.0,86.69,18.0,0.037,0.018,37.0,1.0,37.56,0.57,0.332,1.28
6035,38.0,2402.36,69.0,0.062,0.02,9.0,1.0,63.79,0.413,0.172,
6036,20.0,878.2,41.0,0.348,0.14,6.0,0.0,43.41,0.783,0.394,0.99
6037,20.0,635.49,39.0,0.34,0.083,19.0,1.0,31.92,0.313,0.156,0.74
6038,2.0,97.84,3.0,0.1,0.03,94.0,0.0,57.02,0.437,0.126,0.38
6039,25.0,2056.62,76.0,,0.006,7.0,2.0,82.99,0.718,0.222,3.05
6040,31.0,1598.21,54.0,0.104,0.042,4.0,2.0,50.74,0.472,0.206,1.41
6041,3.0,0.0,3.0,0.037,0.024,0.0,0.0,0.0,0.727,0.08,0.2
6042,1.0,90.34,0.0,0.111,0.041,86.0,0.0,90.34,0.578,0.0,0.65
6043,4.0,153.25,14.0,0.0,0.027,29.0,1.0,35.59,0.231,0.148,1.76
6044,31.0,1746.25,40.0,0.057,0.043,7.0,0.0,56.55,0.266,0.215,2.12
6045,20.0,1863.44,44.0,0.09,0.042,4.0,0.0,92.71,0.162,0.026,3.91
6046,23.0,504.51,47.0,0.391,0.13,18.0,2.0,21.63,0.66,0.091,1.06
6047,3.0,169.5,5.0,0.299,0.065,67.0,1.0,50.78,0.537,0.206,0.0
6048,16.0,1699.3,42.0,0.043,0.062,3.0,1.0,108.36,0.399,0.099,2.46
6049,15.0,691.16,30.0,0.305,0.108,0.0,1.0,47.44,0.356,0.223,0.77
6050,2.0,229.99,4.0,0.174,0.073,12.0,0.0,124.98,0.72,0.287,1.2
6051,5.0,20.64,13.0,0.207,0.034,17.0,0.0,3.98,0.238,0.244,0.28
6052,11.0,409.25,15.0,0.146,0.091,13.0,2.0,36.85,0.12,0.21,2.04
6053,19.0,826.84,42.0,0.313,0.073,7.0,1.0,43.82,0.321,0.261,1.45
6054,1.0,71.5,2.0,0.165,0.035,83.0,1.0,71.5,0.319,0.0,1.21
6055,4.0,628.41,27.0,0.123,0.111,6.0,1.0,147.43,0.328,0.24,2.38
6056,3.0,115.91,4.0,0.163,0.048,104.0,1.0,35.84,0.229,0.042,1.71
6057,16.0,627.16,65.0,0.371,0.077,2.0,3.0,38.37,0.864,0.196,0.73
6058,4.0,456.77,32.0,0.117,0.063,17.0,1.0,118.32,0.356,0.27,3.61
6059,2.0,61.62,1.0,0.067,0.011,66.0,1.0,26.82,0.441,0.0,0.08
6060,5.0,25.31,4.0,0.032,0.005,41.0,1.0,5.46,0.118,0.293,1.21
6061,14.0,505.54,37.0,0.137,0.049,9.0,2.0,36.5,0.197,0.255,2.9
6062,34.0,1887.62,36.0,0.014,0.031,6.0,2.0,55.26,0.425,0.181,2.02
6063,4.0,76.9,8.0,0.165,0.056,26.0,0.0,17.12,0.177,0.141,1.76
6064,18.0,579.23,32.0,0.119,0.0,12.0,1.0,31.34,0.541,0.254,2.92
6065,19.0,881.44,40.0,0.409,0.243,16.0,1.0,45.82,0.834,0.278,1.09
6066,6.0,49.21,6.0,0.199,0.052,27.0,0.0,8.67,0.644,0.34,1.81
6067,32.0,1765.32,62.0,0.052,0.038,2.0,0.0,54.8,0.07,0.15,3.73
6068,9.0,816.3,44.0,0.346,0.115,5.0,1.0,88.33,0.675,0.09,0.99
6069,0.0,116.29,2.0,0.2,0.0,159.0,0.0,116.29,0.208,0.112,0.68
6070,26.0,834.03,54.0,0.408,0.128,10.0,1.0,31.59,0.313,0.0,0.2
6071,31.0,1695.7,33.0,0.022,0.0,3.0,1.0,54.79,0.045,0.343,2.0
6072,11.0,477.83,35.0,0.348,0.065,13.0,2.0,44.03,0.39,0.084,1.21
6073,1.0,97.39,5.0,0.232,0.037,46.0,1.0,72.12,0.338,0.116,2.57
6074,11.0,449.32,24.0,0.131,0.043,22.0,0.0,41.04,0.574,0.355,2.53
6075,0.0,49.35,4.0,0.1,0.041,106.0,1.0,49.35,0.482,0.18,1.45
6076,3.0,128.34,4.0,0.118,0.008,91.0,0.0,45.45,0.319,0.0,2.32
6077,16.0,590.07,32.0,0.04,0.083,17.0,1.0,37.39,0.424,0.217,1.01
6078,16.0,1604.45,61.0,0.064,0.019,4.0,2.0,101.97,0.099,0.211,2.18
6079,11.0,600.43,46.0,0.068,0.076,10.0,1.0,53.2,0.515,0.459,0.71
6080,5.0,434.71,31.0,0.181,0.101,11.0,1.0,81.75,0.387,0.322,1.9
6081,18.0,383.48,37.0,0.048,0.063,10.0,1.0,20.96,0.258,0.249,2.22
6082,3.0,154.44,10.0,,0.048,12.0,0.0,59.56,0.132,0.368,1.7
6083,13.0,832.76,29.0,0.156,0.086,13.0,3.0,62.25,0.317,0.35,1.71
6084,6.0,120.91,13.0,0.077,0.0,37.0,0.0,21.8,0.724,0.241,1.46
6085,3.0,228.42,9.0,0.135,0.088,27.0,0.0,70.45,0.678,0.29,0.2
6086,3.0,173.74,3.0,0.196,0.0,51.0,1.0,60.15,0.538,0.112,1.74
6087,13.0,301.51,35.0,0.06,0.037,11.0,2.0,24.07,0.279,0.137,2.59
6088,7.0,490.06,28.0,0.076,0.022,23.0,1.0,66.75,0.639,0.372,2.29
6089,9.0,690.37,21.0,0.13,0.063,9.0,0.0,78.43,0.119,0.37,1.44
6090,2.0,83.69,7.0,0.292,0.027,55.0,0.0,39.87,0.31,0.234,0.36
6091,23.0,403.67,43.0,0.439,0.108,3.0,1.0,17.78,0.452,0.273,2.59
6092,27.0,1387.13,50.0,0.082,0.0,8.0,2.0,52.29,0.566,0.273,0.48
6093,20.0,1950.02,70.0,0.066,0.031,8.0,0.0,96.71,0.612,0.268,2.25
6094,3.0,66.28,2.0,0.181,0.048,20.0,1.0,19.92,0.593,0.195,0.42
6095,23.0,1940.56,67.0,0.028,0.011,5.0,0.0,84.0,0.572,0.321,1.69
6096,32.0,1513.35,73.0,0.077,0.023,10.0,3.0,47.81,0.236,0.122,1.33
6097,19.0,730.16,26.0,0.149,0.031,8.0,2.0,39.15,0.637,0.052,3.86
6098,35.0,2003.72,63.0,0.081,0.049,10.0,2.0,57.17,0.311,0.329,3.27
6099,0.0,127.02,9.0,0.154,0.031,61.0,1.0,127.02,0.476,0.22,1.8
6100,12.0,757.84,26.0,0.055,0.06,22.0,0.0,60.76,0.434,0.352,1.97
6101,16.0,385.98,20.0,0.113,0.081,7.0,3.0,24.39,0.511,0.234,2.38
6102,13.0,534.52,35.0,0.089,0.054,18.0,1.0,42.4,0.247,0.426,2.35
6103,11.0,498.0,38.0,0.161,0.059,5.0,0.0,46.49,0.393,0.082,3.15
6104,15.0,894.54,30.0,0.055,0.062,14.0,2.0,61.44,0.119,0.285,2.65
6105,2.0,181.96,5.0,0.178,0.053,37.0,1.0,78.2,0.135,0.197,0.0
6106,11.0,595.75,34.0,0.107,0.09,6.0,2.0,53.96,0.381,0.313,1.83
6107,42.0,1730.26,64.0,0.016,0.04,5.0,2.0,41.27,0.305,0.058,1.57
6108,14.0,1953.75,72.0,0.041,0.071,3.0,3.0,138.58,0.314,0.124,1.98
6109,21.0,292.55,15.0,0.118,0.084,20.0,1.0,14.03,0.249,0.132,2.71
6110,14.0,768.0,26.0,0.119,0.071,11.0,2.0,56.62,0.152,0.277,3.29
6111,28.0,595.26,38.0,0.337,0.026,5.0,4.0,21.28,0.569,0.081,0.0
6112,0.0,112.53,0.0,0.014,0.0,62.0,0.0,112.53,0.742,0.188,0.17
6113,26.0,1793.42,43.0,0.032,0.001,2.0,2.0,69.9,0.335,0.134,2.81
6114,8.0,411.36,16.0,0.117,0.007,11.0,1.0,49.09,0.502,0.631,2.31
6115,6.0,135.07,1.0,0.151,0.055,18.0,1.0,21.28,0.633,0.227,0.77
6116,7.0,428.69,37.0,0.19,0.091,18.0,0.0,63.41,0.418,0.183,4.13
6117,36.0,1493.76,53.0,0.057,0.023,4.0,3.0,40.98,0.237,0.1,1.92
6118,2.0,94.99,3.0,0.201,0.035,110.0,0.0,49.18,0.48,0.0,1.22
6119,18.0,689.63,48.0,0.442,0.113,7.0,2.0,38.32,0.743,0.347,0.14
6120,13.0,798.51,31.0,0.275,0.063,9.0,2.0,61.13,0.35,0.4,0.19
6121,2.0,156.54,4.0,0.1,0.028,83.0,0.0,75.55,0.231,0.0,0.98
6122,10.0,384.85,21.0,0.102,0.061,5.0,1.0,39.65,0.7,0.342,2.04
6123,5.0,237.66,11.0,0.173,0.034,47.0,1.0,46.43,0.321,0.246,1.41
6124,2.0,100.98,6.0,0.012,0.037,20.0,1.0,65.24,0.268,0.21,0.54
6125,18.0,805.19,47.0,0.343,0.098,21.0,3.0,44.4,0.244,0.257,0.0
6126,9.0,348.29,45.0,,0.043,0.0,2.0,38.05,0.16,0.171,1.73
6127,8.0,1004.19,50.0,0.31,0.125,21.0,2.0,133.64,0.558,0.14,0.9
6128,12.0,837.3,24.0,0.058,0.025,5.0,0.0,70.93,0.732,0.247,3.28
6129,4.0,156.77,7.0,0.212,0.027,58.0,0.0,39.88,0.672,0.166,1.22
6130,15.0,637.66,25.0,0.161,0.026,17.0,3.0,42.9,0.69,0.258,3.25
6131,3.0,98.65,8.0,0.207,0.021,51.0,1.0,38.84,0.592,0.142,0.45
6132,2.0,103.38,3.0,0.212,0.079,40.0,1.0,51.28,0.088,0.113,0.16
6133,10.0,396.44,27.0,0.082,0.028,2.0,1.0,38.68,0.516,0.293,2.0
6134,1.0,62.33,4.0,0.162,0.032,137.0,1.0,50.17,0.358,0.099,1.7
6135,1.0,0.0,0.0,0.116,,103.0,1.0,0.0,0.274,0.028,1.67
6136,14.0,805.35,65.0,0.314,0.072,16.0,2.0,59.4,0.638,0.421,0.85
6137,34.0,1199.77,51.0,0.067,0.044,2.0,2.0,35.06,0.469,0.09,4.07
6138,27.0,1880.34,85.0,0.078,0.044,9.0,0.0,68.5,0.607,0.131,2.17
6139,28.0,2332.69,36.0,0.05,0.065,9.0,1.0,83.95,0.177,0.283,1.78
6140,3.0,666.8,36.0,0.192,0.055,7.0,0.0,199.71,0.758,0.397,1.89
6141,24.0,352.75,38.0,0.419,0.083,4.0,1.0,14.49,0.429,0.3,0.79
6142,16.0,585.22,42.0,0.43,0.051,11.0,1.0,37.22,0.309,0.14,1.41
6143,25.0,579.3,42.0,0.499,0.066,7.0,0.0,23.01,0.38,0.204,2.42
6144,12.0,529.49,23.0,0.065,0.049,0.0,2.0,43.43,0.62,0.253,2.63
6145,3.0,378.36,27.0,0.038,0.01,8.0,1.0,139.68,0.327,0.11,1.34
6146,22.0,797.87,65.0,0.416,0.083,4.0,2.0,36.64,0.313,0.005,0.14
6147,1.0,19.52,2.0,0.152,0.0,95.0,0.0,14.52,0.454,0.0,0.39
6148,13.0,485.53,34.0,0.281,0.095,2.0,0.0,37.73,0.392,0.315,2.3
6149,9.0,646.63,40.0,0.114,0.017,17.0,0.0,73.1,0.431,0.069,1.42
6150,2.0,224.76,11.0,0.191,0.0,18.0,1.0,94.25,0.611,0.134,2.51
6151,15.0,375.99,29.0,0.088,0.0,12.0,0.0,24.46,0.095,0.185,2.73
6152,0.0,112.69,7.0,0.142,0.0,23.0,1.0,112.69,0.319,0.157,0.0
6153,21.0,588.28,35.0,0.528,0.194,14.0,1.0,27.54,0.47,0.335,0.0
6154,3.0,60.56,0.0,0.057,0.057,93.0,1.0,22.79,0.231,0.0,0.95
6155,13.0,445.56,7.0,0.131,0.077,11.0,2.0,35.19,0.7,0.216,3.03
6156,38.0,2420.19,55.0,0.087,0.041,8.0,1.0,62.87,0.532,0.29,3.02
6157,3.0,69.51,9.0,0.161,0.032,61.0,2.0,20.93,0.48,0.27,1.92
6158,2.0,230.91,6.0,0.045,0.04,44.0,1.0,100.71,0.734,0.081,1.16
6159,15.0,588.71,41.0,0.343,0.1,12.0,3.0,39.19,0.312,0.287,0.84
6160,16.0,640.0,52.0,0.401,0.079,17.0,3.0,38.91,0.754,0.295,0.55
6161,21.0,508.99,43.0,0.427,0.025,9.0,0.0,24.48,0.295,0.226,0.13
6162,5.0,169.28,3.0,0.142,0.0,43.0,1.0,35.57,0.331,0.209,0.42
6163,0.0,0.0,7.0,0.159,0.0,45.0,1.0,0.0,0.306,0.356,0.32
6164,32.0,2120.18,45.0,0.08,0.047,6.0,3.0,66.13,0.131,0.173,3.31
6165,37.0,1825.11,37.0,0.061,0.025,3.0,1.0,49.46,0.593,0.251,1.06
6166,16.0,500.2,16.0,0.106,0.006,13.0,1.0,31.77,0.53,0.439,2.03
6167,9.0,686.56,21.0,0.163,0.033,18.0,1.0,76.61,0.165,0.273,1.48
6168,5.0,463.33,22.0,0.201,0.088,10.0,0.0,96.64,0.255,0.356,3.29
6169,2.0,151.08,4.0,0.319,0.0,19.0,0.0,64.51,0.29,0.203,1.28
6170,12.0,532.31,23.0,0.077,0.076,0.0,1.0,44.18,0.182,0.235,1.68
6171,7.0,455.95,19.0,0.02,0.04,12.0,2.0,68.52,0.446,0.182,2.27
6172,2.0,62.03,9.0,0.253,0.1,10.0,1.0,27.91,0.689,0.051,0.0
6173,2.0,105.27,2.0,0.151,0.034,54.0,1.0,50.71,0.161,0.107,0.37
6174,9.0,283.27,18.0,0.041,0.049,16.0,1.0,33.15,0.367,0.299,2.12
6175,3.0,100.69,8.0,0.06,0.033,40.0,0.0,36.1,0.164,0.389,1.66
6176,12.0,737.24,34.0,0.108,0.09,8.0,1.0,63.3,0.897,0.015,2.54
6177,5.0,159.82,3.0,0.198,0.031,68.0,1.0,31.15,0.06,0.338,0.83
6178,15.0,1417.28,53.0,0.047,0.036,6.0,2.0,96.4,0.321,0.182,2.76
6179,0.0,120.63,13.0,0.223,0.066,8.0,1.0,120.63,0.589,0.286,0.49
6180,6.0,141.75,4.0,0.135,0.027,18.0,2.0,22.93,0.327,0.042,0.0
6181,2.0,6.7,4.0,0.162,0.06,56.0,0.0,4.33,0.738,0.0,1.83
6182,1.0,45.49,9.0,0.179,0.057,48.0,1.0,32.68,0.22,0.251,1.13
6183,2.0,26.44,4.0,0.053,0.013,99.0,0.0,10.75,0.316,0.022,0.73
6184,3.0,642.83,31.0,0.139,0.007,8.0,2.0,227.7,0.134,0.547,1.44
6185,25.0,1610.02,73.0,0.098,0.024,15.0,2.0,63.69,0.572,0.224,1.51
6186,24.0,726.46,74.0,0.419,0.118,10.0,0.0,30.15,0.809,0.402,1.33
6187,15.0,386.57,34.0,0.212,0.087,16.0,1.0,26.19,0.197,0.213,1.52
6188,11.0,432.56,31.0,0.094,0.034,9.0,0.0,38.02,0.026,0.428,1.63
6189,2.0,67.61,1.0,0.365,0.02,43.0,0.0,32.64,0.689,0.137,1.18
6190,1.0,10.3,4.0,0.212,0.02,76.0,0.0,9.42,0.322,0.0,1.13
6191,3.0,158.39,7.0,0.151,0.096,33.0,1.0,53.61,0.34,0.056,1.1
6192,3.0,106.97,5.0,0.215,0.0,104.0,1.0,38.08,0.255,0.0,2.21
6193,13.0,640.8,13.0,0.135,0.049,10.0,1.0,49.11,0.736,0.315,3.65
6194,17.0,672.2,50.0,0.496,0.081,16.0,0.0,40.66,0.331,0.415,0.0
6195,31.0,1630.14,85.0,0.039,0.035,6.0,0.0,53.09,0.682,0.38,0.26
6196,26.0,1286.44,65.0,0.06,0.054,7.0,3.0,50.37,0.52,0.174,3.42
6197,43.0,1862.68,65.0,0.024,0.012,2.0,3.0,42.93,0.343,,2.48
6198,6.0,173.45,3.0,0.173,0.011,42.0,0.0,31.39,0.429,0.436,1.6
6199,17.0,751.42,22.0,0.0,0.025,17.0,0.0,43.06,0.573,0.311,1.25
6200,3.0,139.63,3.0,0.371,0.057,51.0,0.0,52.98,0.183,0.439,1.07
6201,3.0,47.94,4.0,0.227,0.025,51.0,2.0,14.39,0.512,0.25,0.45
6202,10.0,344.91,41.0,0.023,0.115,6.0,1.0,36.25,0.361,0.325,1.59
6203,14.0,215.12,27.0,0.109,0.0,24.0,1.0,15.85,0.755,0.26,1.58
6204,2.0,64.51,3.0,0.216,0.004,193.0,0.0,40.35,0.209,0.0,0.52
6205,0.0,230.66,6.0,0.212,0.075,48.0,1.0,230.66,0.47,0.298,1.3
6206,3.0,121.4,4.0,0.204,0.047,13.0,1.0,35.99,0.401,0.212,1.32
6207,21.0,716.52,50.0,0.377,0.036,17.0,0.0,34.62,0.706,0.017,0.62
6208,17.0,710.01,21.0,0.106,0.077,25.0,1.0,42.24,0.23,0.344,1.68
6209,3.0,123.96,14.0,0.102,0.03,50.0,1.0,48.59,0.038,0.074,0.88
6210,0.0,211.86,10.0,0.003,0.019,33.0,0.0,211.86,0.442,0.375,0.76
6211,1.0,80.78,0.0,0.177,0.018,119.0,1.0,80.78,0.569,0.021,0.73
6212,1.0,149.25,11.0,0.135,0.105,26.0,2.0,101.49,0.658,0.147,0.0
6213,15.0,486.87,19.0,0.132,0.041,16.0,2.0,33.18,0.675,0.279,2.09
6214,21.0,1052.41,52.0,0.379,0.025,13.0,0.0,49.64,0.444,0.191,1.24
6215,0.0,94.32,3.0,0.195,0.072,78.0,1.0,94.32,0.462,0.2,0.41
6216,2.0,11.73,0.0,0.091,0.045,80.0,0.0,5.81,0.469,0.06,1.28
6217,7.0,235.22,13.0,0.036,0.021,31.0,0.0,35.27,0.559,0.221,0.58
6218,2.0,135.79,11.0,0.113,0.015,35.0,0.0,77.0,0.593,0.201,0.0
6219,19.0,841.3,37.0,0.42,0.108,17.0,2.0,45.47,0.474,0.294,0.75
6220,27.0,931.55,48.0,0.507,0.05,24.0,5.0,34.11,0.697,0.0,0.01
6221,3.0,193.22,11.0,0.078,0.109,3.0,2.0,62.91,0.397,0.393,0.0
6222,7.0,137.13,10.0,0.125,0.0,31.0,0.0,20.36,0.373,0.472,0.4
6223,5.0,129.39,7.0,0.076,0.04,46.0,0.0,27.35,0.25,0.3,2.21
6224,12.0,1545.7,53.0,0.033,0.037,8.0,2.0,129.18,0.257,0.367,2.87
6225,13.0,666.4,24.0,0.044,0.065,10.0,0.0,49.46,0.274,0.232,0.8
6226,14.0,520.13,37.0,0.44,0.104,21.0,1.0,35.9,0.88,0.114,1.12
6227,11.0,498.23,18.0,0.113,0.054,15.0,2.0,45.04,0.61,,1.86
6228,10.0,820.5,35.0,0.13,0.105,20.0,0.0,79.31,0.415,0.28,2.64
6229,7.0,571.75,7.0,0.17,0.066,12.0,0.0,81.59,0.413,0.0,2.17
6230,10.0,575.25,29.0,0.07,0.023,15.0,1.0,55.93,0.712,0.115,1.77
6231,14.0,511.76,27.0,0.076,0.077,12.0,1.0,35.81,0.189,0.128,2.64
6232,8.0,889.28,28.0,0.104,0.106,6.0,1.0,110.66,0.377,0.324,2.3
6233,1.0,90.41,1.0,0.03,0.001,86.0,1.0,72.67,0.611,0.209,0.26
6234,2.0,84.86,2.0,0.244,0.0,119.0,1.0,43.6,0.501,0.0,1.03
6235,14.0,272.21,20.0,0.088,0.028,17.0,2.0,19.69,0.648,0.179,3.61
6236,35.0,2301.03,42.0,0.067,0.047,6.0,1.0,66.09,0.113,0.388,2.43
6237,18.0,1043.81,49.0,0.453,0.151,26.0,2.0,58.24,0.445,0.156,1.63
6238,0.0,209.63,9.0,0.132,0.061,44.0,1.0,209.63,0.356,0.095,1.45
6239,11.0,442.94,41.0,0.025,0.063,5.0,0.0,41.14,0.577,0.0,2.13
6240,24.0,610.54,82.0,0.238,0.072,0.0,1.0,25.01,0.437,0.138,0.13
6241,36.0,2099.45,44.0,0.076,0.032,0.0,1.0,57.75,0.089,0.281,3.34
6242,36.0,1435.76,55.0,0.074,0.013,7.0,2.0,39.44,0.68,0.069,1.35
6243,3.0,540.64,23.0,0.086,0.039,3.0,1.0,197.89,0.496,0.14,
6244,10.0,573.57,28.0,0.104,0.023,11.0,0.0,56.33,0.17,0.41,3.81
6245,2.0,133.72,12.0,0.394,0.01,48.0,1.0,65.62,0.245,0.29,0.94
6246,20.0,2105.17,48.0,0.036,0.051,12.0,1.0,107.17,0.29,0.134,2.1
6247,17.0,619.8,25.0,0.134,0.014,19.0,1.0,36.1,0.401,0.176,1.44
6248,13.0,789.91,68.0,0.393,0.071,16.0,1.0,60.57,0.552,0.301,1.64
6249,2.0,21.9,8.0,0.0,0.038,42.0,2.0,12.66,0.193,0.228,0.88
6250,10.0,804.42,30.0,0.528,0.091,0.0,0.0,83.48,0.477,0.197,0.19
6251,7.0,112.46,12.0,0.282,0.041,47.0,0.0,17.22,0.352,0.24,0.41
6252,4.0,92.06,10.0,0.29,0.037,80.0,1.0,21.14,0.314,0.497,1.32
6253,13.0,590.42,23.0,0.205,0.038,10.0,1.0,46.59,0.312,0.0,0.58
6254,34.0,1708.34,47.0,0.043,0.063,9.0,0.0,50.4,0.266,0.015,3.0
6255,9.0,417.89,30.0,0.106,0.075,6.0,0.0,44.2,0.332,0.065,1.45
6256,0.0,201.91,19.0,0.195,0.011,53.0,0.0,201.91,0.535,0.217,0.42
6257,14.0,408.63,16.0,0.107,0.062,16.0,1.0,29.05,0.34,,1.48
6258,17.0,517.02,50.0,0.371,0.03,1.0,1.0,30.91,0.827,0.292,2.38
6259,0.0,126.65,15.0,0.169,0.019,46.0,0.0,126.65,0.415,0.262,0.29
6260,4.0,173.06,7.0,0.375,0.031,68.0,0.0,48.63,0.259,0.104,1.26
6261,18.0,622.6,36.0,0.127,0.014,14.0,0.0,34.77,0.065,0.078,2.05
6262,4.0,34.44,13.0,0.045,0.05,0.0,1.0,9.39,0.652,0.268,0.0
6263,21.0,2390.49,44.0,0.075,0.056,12.0,2.0,115.71,0.522,0.11,3.22
6264,22.0,511.55,33.0,0.058,0.063,20.0,1.0,23.23,0.291,0.0,2.34
6265,14.0,461.88,27.0,0.076,0.049,7.0,1.0,34.01,0.575,0.375,1.85
6266,13.0,558.5,25.0,0.071,0.088,5.0,2.0,43.46,0.124,0.055,3.35
6267,8.0,429.74,20.0,0.132,0.045,14.0,2.0,51.3,0.416,0.22,1.04
6268,30.0,1890.39,48.0,0.073,0.046,4.0,0.0,62.2,0.414,0.246,2.43
6269,5.0,82.96,5.0,0.115,0.065,50.0,0.0,16.7,0.199,0.373,0.74
6270,31.0,1721.72,56.0,0.07,0.021,12.0,1.0,54.92,0.607,0.242,2.15
6271,8.0,531.91,31.0,0.368,0.141,28.0,3.0,62.82,0.755,0.294,3.34
6272,3.0,112.9,13.0,0.239,0.051,18.0,1.0,33.9,0.201,0.274,0.15
6273,5.0,127.4,9.0,0.142,0.092,38.0,2.0,24.66,0.163,0.292,1.87
6274,0.0,202.62,5.0,0.269,0.054,31.0,1.0,202.62,0.152,0.265,0.0
6275,4.0,92.33,8.0,0.111,0.061,27.0,0.0,21.34,0.601,0.163,1.31
6276,3.0,41.99,13.0,0.185,0.095,14.0,1.0,16.46,0.281,0.183,0.5
6277,19.0,397.08,31.0,0.069,0.07,1.0,0.0,21.43,0.106,0.185,1.53
6278,19.0,361.18,39.0,0.014,0.041,13.0,1.0,19.16,0.085,0.409,2.04
6279,4.0,133.5,7.0,0.26,0.054,76.0,0.0,33.98,0.493,0.197,2.89
6280,16.0,899.27,56.0,0.279,0.093,22.0,4.0,54.82,0.769,0.256,0.34
6281,13.0,495.22,32.0,0.187,0.064,5.0,0.0,37.02,0.327,0.188,1.75
6282,26.0,1517.06,61.0,0.069,0.022,3.0,0.0,58.89,0.616,0.306,1.54
6283,13.0,271.12,18.0,0.116,0.036,17.0,2.0,21.05,0.503,0.307,0.49
6284,6.0,374.53,32.0,0.065,0.058,20.0,3.0,66.36,0.261,0.161,3.26
6285,2.0,152.64,11.0,0.183,0.0,33.0,0.0,64.36,0.625,0.184,1.53
6286,14.0,222.61,43.0,0.082,0.103,11.0,1.0,16.43,0.674,0.393,2.72
6287,13.0,635.91,25.0,0.074,0.067,19.0,1.0,48.0,0.333,0.075,1.56
6288,12.0,360.34,29.0,0.101,0.049,11.0,0.0,29.25,0.136,0.176,1.25
6289,14.0,336.27,24.0,0.182,0.066,5.0,2.0,23.61,0.744,0.195,0.97
6290,2.0,210.21,3.0,0.103,0.074,26.0,2.0,100.35,0.733,0.582,0.0
6291,17.0,2333.04,69.0,0.101,0.026,6.0,0.0,137.33,0.328,0.143,1.43
6292,5.0,60.77,12.0,0.224,0.014,36.0,1.0,11.13,0.282,0.287,0.29
6293,16.0,396.45,38.0,0.145,0.043,1.0,2.0,24.82,0.559,0.155,2.11
6294,12.0,638.29,26.0,0.132,0.059,13.0,0.0,53.56,0.068,0.297,1.11
6295,10.0,534.41,27.0,0.071,0.0,16.0,1.0,53.01,0.247,0.337,2.22
6296,5.0,166.05,9.0,0.203,0.114,4.0,1.0,33.75,0.145,0.096,0.44
6297,24.0,2029.42,50.0,0.107,0.053,3.0,1.0,83.49,0.554,0.374,1.04
6298,1.0,83.95,15.0,0.08,0.0,33.0,0.0,57.5,0.127,0.099,0.0
6299,31.0,1455.24,60.0,0.049,0.038,13.0,2.0,46.96,0.173,0.168,2.2
6300,12.0,453.35,24.0,0.113,0.013,14.0,2.0,36.82,0.803,0.201,1.67
6301,0.0,135.7,5.0,0.078,0.029,20.0,2.0,135.7,0.634,0.529,0.57
6302,2.0,207.48,5.0,0.168,0.026,23.0,2.0,100.59,0.54,0.101,1.01
6303,12.0,395.95,24.0,0.169,0.046,18.0,2.0,34.39,0.214,0.202,3.65
6304,45.0,1748.52,49.0,0.026,0.043,0.0,2.0,38.66,0.464,0.222,1.12
6305,8.0,449.36,30.0,0.112,0.037,11.0,3.0,56.3,0.476,0.308,1.01
6306,16.0,449.65,20.0,0.024,0.056,11.0,0.0,28.93,0.227,0.11,3.01
6307,20.0,591.36,22.0,0.506,0.116,20.0,0.0,29.35,0.627,0.18,0.54
6308,4.0,96.95,3.0,,0.115,15.0,0.0,22.56,0.189,0.093,1.92
6309,1.0,150.12,3.0,0.152,0.035,93.0,0.0,112.07,0.563,0.136,1.44
6310,3.0,68.63,13.0,0.133,0.03,18.0,1.0,20.35,0.189,0.067,2.3
6311,19.0,1884.49,48.0,0.028,0.0,12.0,1.0,97.48,0.639,0.301,2.0
6312,31.0,2079.87,74.0,0.08,0.034,10.0,1.0,66.78,0.374,0.059,1.68
6313,14.0,608.66,40.0,0.076,0.04,12.0,0.0,44.98,0.592,0.184,1.99
6314,12.0,1729.02,41.0,0.0,0.031,5.0,1.0,143.63,0.337,0.153,1.68
6315,18.0,602.53,23.0,0.075,,8.0,1.0,33.12,0.69,0.239,1.8
6316,12.0,611.1,59.0,0.284,0.068,0.0,0.0,49.06,0.47,0.226,2.0
6317,13.0,619.26,32.0,0.07,0.081,19.0,0.0,48.57,0.172,0.301,1.6
6318,15.0,670.21,40.0,0.083,0.03,8.0,1.0,44.76,0.224,0.405,1.86
6319,13.0,1304.09,66.0,0.011,0.047,10.0,3.0,101.26,0.635,0.308,0.73
6320,4.0,121.32,6.0,0.254,0.021,23.0,1.0,29.8,0.444,0.184,0.0
6321,4.0,58.73,14.0,0.0,0.026,28.0,1.0,14.52,0.483,0.353,1.09
6322,0.0,183.17,10.0,0.09,0.044,12.0,0.0,183.17,0.341,0.322,0.0
6323,32.0,2175.43,44.0,0.012,0.033,6.0,2.0,67.37,0.511,0.332,1.34
6324,16.0,793.28,35.0,0.503,0.112,13.0,3.0,49.65,0.633,0.302,1.98
6325,8.0,438.24,39.0,0.163,0.089,19.0,0.0,53.14,0.322,0.304,1.69
6326,24.0,1498.17,60.0,0.048,0.019,10.0,1.0,62.1,0.248,0.19,0.63
6327,0.0,234.48,7.0,0.148,0.029,22.0,0.0,234.48,0.533,0.167,0.0
6328,15.0,438.34,20.0,0.115,0.034,3.0,3.0,30.05,0.149,0.069,2.7
6329,22.0,501.69,58.0,,0.115,17.0,3.0,23.07,0.385,0.129,0.0
6330,31.0,1493.23,69.0,0.004,0.04,8.0,0.0,48.18,0.369,0.326,1.06
6331,23.0,576.86,53.0,0.459,0.088,1.0,1.0,25.12,0.843,0.299,0.96
6332,2.0,186.95,11.0,0.229,0.043,31.0,1.0,82.08,0.011,0.116,1.51
6333,16.0,697.41,31.0,0.189,0.059,15.0,1.0,43.28,0.531,0.044,0.96
6334,11.0,681.56,39.0,0.15,0.104,20.0,0.0,61.94,0.319,0.111,0.17
6335,16.0,365.18,25.0,0.143,0.069,18.0,0.0,22.78,0.358,0.134,2.23
6336,18.0,676.71,45.0,0.465,0.104,1.0,3.0,36.97,0.508,0.33,0.95
6337,2.0,180.38,5.0,0.186,0.06,44.0,0.0,85.55,0.343,0.213,0.56
6338,10.0,379.54,24.0,0.057,0.04,2.0,1.0,39.48,0.424,0.31,1.99
6339,11.0,680.66,24.0,0.105,0.104,12.0,2.0,59.6,0.329,0.003,2.63
6340,11.0,312.03,27.0,0.162,0.037,17.0,2.0,27.28,0.332,0.27,1.26
6341,41.0,1433.17,50.0,0.0,0.047,2.0,3.0,34.54,0.802,0.473,1.48
6342,0.0,156.94,7.0,0.117,0.035,30.0,0.0,156.94,0.326,0.19,1.17
6343,3.0,212.8,10.0,0.116,0.053,34.0,0.0,62.52,0.716,0.201,0.45
6344,31.0,1906.15,29.0,0.089,0.029,6.0,1.0,62.31,0.275,0.216,0.3
6345,2.0,230.39,15.0,0.322,0.057,17.0,0.0,104.83,0.501,0.114,1.58
6346,10.0,447.24,34.0,0.231,0.077,17.0,2.0,44.37,0.392,0.204,2.78
6347,31.0,1961.36,71.0,0.007,0.021,1.0,0.0,62.94,0.134,0.201,2.05
6348,20.0,824.88,52.0,0.312,0.093,10.0,2.0,42.11,0.81,0.331,1.9
6349,31.0,1238.83,82.0,0.007,0.034,8.0,0.0,40.32,0.511,0.0,1.94
6350,8.0,193.86,23.0,0.035,0.045,0.0,0.0,24.63,0.428,0.149,2.67
6351,1.0,79.55,5.0,0.118,0.038,118.0,0.0,63.53,0.499,0.193,0.38
6352,10.0,610.44,15.0,0.158,0.006,21.0,2.0,62.33,0.308,0.15,1.16
6353,0.0,32.91,4.0,0.221,0.021,127.0,1.0,32.91,0.633,0.0,0.91
6354,2.0,190.56,8.0,0.098,0.04,71.0,1.0,113.76,0.46,0.285,0.0
6355,5.0,473.98,25.0,0.19,0.015,16.0,2.0,89.77,0.219,0.343,1.41
6356,9.0,407.51,28.0,0.069,0.069,7.0,2.0,47.87,0.724,0.263,3.43
6357,15.0,394.63,41.0,0.512,0.103,4.0,1.0,25.6,0.682,0.239,0.34
6358,31.0,1144.81,50.0,0.111,0.051,6.0,2.0,36.56,0.249,0.304,1.63
6359,2.0,119.81,2.0,0.247,0.0,53.0,2.0,52.24,0.164,0.575,0.13
6360,6.0,212.34,3.0,0.042,0.074,11.0,1.0,34.53,0.637,0.195,1.39
6361,23.0,1631.59,68.0,0.01,0.042,0.0,0.0,71.25,0.197,0.016,1.16
6362,1.0,179.85,7.0,0.205,0.008,39.0,0.0,179.85,0.705,0.213,0.0
6363,1.0,48.64,2.0,0.311,0.008,2.0,2.0,46.73,0.236,0.197,0.89
6364,11.0,604.19,38.0,0.053,0.026,17.0,1.0,56.37,0.191,0.186,2.11
6365,21.0,432.23,41.0,0.418,0.032,15.0,1.0,20.92,0.855,0.209,0.56
6366,0.0,135.74,10.0,0.117,0.017,6.0,2.0,135.74,0.235,0.153,1.56
6367,6.0,317.93,32.0,0.074,0.0,10.0,2.0,54.92,0.451,0.398,2.09
6368,38.0,2376.8,47.0,0.044,0.058,5.0,1.0,61.86,0.71,0.218,2.94
6369,22.0,674.41,35.0,0.468,0.092,9.0,3.0,30.91,0.456,0.185,0.0
6370,22.0,647.3,57.0,0.386,0.052,11.0,3.0,29.49,0.185,0.133,1.18
6371,34.0,1269.09,52.0,0.066,0.066,0.0,2.0,37.33,0.474,0.341,
6372,14.0,647.37,46.0,0.453,0.078,9.0,2.0,46.81,0.642,0.114,0.71
6373,1.0,179.89,0.0,0.041,0.0,59.0,2.0,179.89,0.385,0.22,0.0
6374,8.0,680.44,29.0,0.089,0.0,18.0,1.0,83.67,0.467,0.289,1.5
6375,23.0,243.92,43.0,0.15,0.0,10.0,0.0,10.75,0.523,0.026,1.66
6376,1.0,187.03,8.0,0.171,0.01,68.0,1.0,148.04,0.384,0.385,1.55
6377,16.0,641.86,22.0,0.025,0.072,24.0,1.0,39.95,0.074,0.267,1.7
6378,3.0,0.0,0.0,0.072,0.003,92.0,1.0,0.0,0.24,0.017,1.53
6379,9.0,265.93,33.0,,0.0,18.0,1.0,30.63,0.467,0.29,2.18
6380,1.0,0.0,7.0,0.13,0.066,39.0,2.0,0.0,0.229,0.108,1.08
6381,26.0,2762.0,50.0,0.032,0.001,14.0,3.0,107.43,0.247,0.178,1.82
6382,6.0,443.43,31.0,0.119,0.109,17.0,0.0,80.56,0.018,0.094,2.66
6383,12.0,497.29,15.0,0.103,0.055,22.0,0.0,42.97,0.322,0.103,2.7
6384,32.0,1489.53,53.0,0.028,0.033,6.0,3.0,46.83,0.088,0.146,1.71
6385,0.0,146.95,4.0,0.117,0.0,18.0,0.0,146.95,0.565,0.231,2.45
6386,4.0,138.25,8.0,0.144,0.067,13.0,1.0,38.16,0.006,0.124,1.12
6387,32.0,977.14,92.0,0.065,0.038,9.0,2.0,30.49,0.541,0.028,2.5
6388,13.0,758.48,29.0,0.166,0.088,14.0,0.0,56.39,0.41,0.438,2.43
6389,16.0,515.33,30.0,0.093,0.014,12.0,1.0,32.23,0.519,0.13,1.57
6390,2.0,125.52,2.0,0.064,0.049,79.0,0.0,79.22,0.893,0.077,0.48
6391,3.0,172.53,8.0,0.192,0.018,54.0,1.0,55.35,0.33,0.109,2.28
6392,17.0,808.09,58.0,0.254,0.047,0.0,2.0,48.92,0.633,0.304,0.83
6393,24.0,1881.86,68.0,0.092,0.082,4.0,2.0,77.26,0.611,0.27,3.64
6394,17.0,772.47,54.0,0.187,0.054,9.0,2.0,46.28,0.689,0.523,1.1
6395,5.0,132.97,10.0,0.145,0.055,44.0,1.0,25.35,0.29,0.257,1.69
6396,4.0,203.02,8.0,0.108,0.021,32.0,2.0,54.1,0.353,0.157,0.68
6397,9.0,539.51,18.0,0.101,0.062,11.0,0.0,59.42,0.287,0.298,2.47
6398,2.0,50.9,3.0,0.173,0.011,104.0,0.0,20.77,0.077,0.087,1.7
6399,3.0,140.75,12.0,0.068,0.0,14.0,0.0,55.26,0.628,0.265,0.0
6400,4.0,160.08,13.0,0.311,0.0,29.0,1.0,40.07,0.415,0.254,0.22
6401,5.0,87.62,8.0,0.283,,24.0,0.0,16.85,0.371,0.16,0.38
6402,14.0,373.51,34.0,0.107,0.002,3.0,1.0,26.13,0.454,0.3,0.86
6403,4.0,123.31,7.0,0.167,0.03,32.0,2.0,28.33,0.181,0.344,1.75
6404,29.0,2126.4,56.0,0.042,0.046,1.0,2.0,73.89,0.218,0.058,1.57
6405,17.0,175.97,33.0,0.077,0.011,16.0,2.0,10.55,0.314,0.387,2.67
6406,14.0,602.18,33.0,0.135,0.028,13.0,0.0,43.94,0.475,0.181,2.03
6407,1.0,179.51,5.0,0.091,0.017,34.0,1.0,122.76,0.305,0.27,0.0
6408,0.0,29.53,7.0,0.208,0.002,41.0,1.0,29.53,0.546,0.273,1.03
6409,9.0,295.51,10.0,0.154,0.048,12.0,3.0,34.41,0.05,0.231,1.66
6410,0.0,188.84,7.0,0.184,0.081,47.0,1.0,188.84,0.158,0.155,1.64
6411,5.0,48.25,8.0,0.229,0.043,53.0,1.0,9.14,0.193,0.131,0.24
6412,6.0,548.97,38.0,0.15,0.086,15.0,2.0,89.21,0.431,0.082,1.82
6413,12.0,413.88,33.0,0.066,0.033,13.0,3.0,34.27,0.557,0.433,1.52
6414,31.0,1921.78,59.0,0.068,0.051,15.0,0.0,62.24,0.6,0.213,2.31
6415,11.0,36.12,31.0,0.061,0.068,10.0,1.0,3.19,0.291,0.273,1.61
6416,31.0,1401.24,70.0,0.079,0.0,0.0,4.0,44.69,0.654,0.197,
6417,37.0,1828.71,44.0,0.064,0.036,0.0,1.0,49.56,0.189,0.063,1.48
6418,3.0,81.27,9.0,0.319,0.05,7.0,1.0,29.44,0.538,0.14,1.74
6419,1.0,288.22,7.0,0.115,0.008,39.0,0.0,288.22,0.494,0.437,1.09
6420,8.0,537.74,37.0,0.115,0.063,15.0,2.0,69.5,0.261,0.023,1.75
6421,8.0,231.31,9.0,0.223,0.03,17.0,1.0,29.93,0.426,0.05,1.93
6422,2.0,25.47,15.0,0.213,0.032,26.0,0.0,10.95,0.491,0.151,0.34
6423,3.0,203.29,9.0,0.228,0.044,27.0,0.0,68.35,0.227,0.264,1.12
6424,32.0,1251.47,34.0,0.076,0.049,5.0,1.0,39.6,0.61,0.262,0.93
6425,10.0,667.84,38.0,0.102,0.07,16.0,3.0,65.59,0.299,0.367,2.26
6426,6.0,93.41,10.0,0.144,0.046,64.0,2.0,16.36,0.34,0.156,0.14
6427,14.0,359.64,26.0,0.094,0.061,6.0,0.0,26.23,0.536,0.044,1.73
6428,0.0,109.41,17.0,0.281,0.003,28.0,1.0,109.41,0.659,0.214,1.13
6429,2.0,114.48,4.0,0.197,0.013,52.0,0.0,67.86,0.057,0.167,0.9
6430,28.0,1400.7,72.0,0.029,0.04,2.0,1.0,49.34,0.589,0.091,2.35
6431,12.0,502.53,19.0,0.097,0.049,14.0,0.0,40.95,0.241,0.261,2.99
6432,4.0,187.86,5.0,0.131,0.064,59.0,1.0,49.69,0.785,,0.74
6433,7.0,345.96,23.0,0.116,0.031,9.0,1.0,51.6,0.24,0.14,2.51
6434,8.0,600.62,27.0,0.127,0.044,18.0,4.0,73.18,0.145,,0.81
6435,16.0,285.64,61.0,0.538,0.036,12.0,1.0,17.43,0.68,0.176,0.08
6436,8.0,213.75,9.0,0.065,0.022,47.0,1.0,28.2,0.403,0.304,1.11
6437,10.0,487.9,38.0,0.17,0.042,11.0,1.0,50.69,0.153,0.175,2.19
6438,5.0,252.03,14.0,0.297,0.033,41.0,0.0,52.81,0.207,0.171,0.0
6439,15.0,502.64,58.0,0.29,0.129,4.0,2.0,33.92,0.389,0.235,2.25
6440,1.0,39.54,10.0,0.175,0.0,20.0,0.0,27.93,0.274,0.116,1.41
6441,25.0,513.23,39.0,0.433,0.093,9.0,1.0,20.24,0.406,0.397,1.55
6442,31.0,2238.39,49.0,0.012,0.054,12.0,3.0,72.09,0.208,0.311,0.58
6443,34.0,528.88,33.0,0.497,0.124,12.0,3.0,15.49,0.571,0.434,1.04
6444,13.0,517.07,25.0,0.154,0.027,23.0,1.0,40.06,0.594,0.294,1.34
6445,14.0,714.05,34.0,0.098,0.063,4.0,0.0,50.2,0.112,0.201,3.2
6446,16.0,1030.67,36.0,0.479,0.109,12.0,2.0,63.66,0.3,0.254,0.05
6447,13.0,992.21,16.0,0.12,0.062,9.0,0.0,77.5,0.838,0.198,0.14
6448,1.0,146.99,11.0,0.012,0.019,36.0,1.0,146.99,0.631,0.134,0.7
6449,17.0,1643.8,52.0,0.053,0.049,12.0,1.0,95.86,0.626,0.502,1.49
6450,16.0,563.84,32.0,0.192,0.044,10.0,1.0,36.24,0.546,0.116,1.77
6451,15.0,399.76,19.0,0.087,0.035,10.0,0.0,26.01,0.048,0.132,2.3
6452,9.0,171.38,24.0,0.081,0.032,15.0,1.0,19.12,0.251,0.097,1.71
6453,13.0,574.88,29.0,0.02,0.051,14.0,1.0,45.6,0.528,0.139,2.76
6454,17.0,1579.14,76.0,0.062,0.007,8.0,0.0,95.3,0.356,0.356,1.41
6455,0.0,72.95,0.0,0.123,0.045,94.0,0.0,72.95,0.452,0.099,1.08
6456,23.0,840.1,69.0,0.382,0.072,14.0,1.0,36.92,0.633,0.137,0.9
6457,8.0,551.46,25.0,0.087,0.048,1.0,1.0,67.33,0.29,0.157,3.02
6458,28.0,618.19,69.0,0.038,0.057,3.0,4.0,21.93,0.018,0.258,0.58
6459,2.0,46.47,7.0,0.107,0.006,50.0,1.0,27.82,0.417,0.244,0.0
6460,12.0,648.06,18.0,0.108,0.083,11.0,0.0,54.22,0.313,0.235,3.43
6461,0.0,55.03,9.0,0.077,0.046,12.0,1.0,55.03,0.463,0.234,0.64
6462,3.0,133.63,1.0,0.165,0.029,68.0,0.0,38.49,0.226,0.019,1.67
6463,13.0,527.0,34.0,0.052,0.066,14.0,1.0,39.65,0.437,0.136,1.42
6464,22.0,425.4,33.0,0.246,0.028,4.0,0.0,19.44,0.463,,2.75
6465,18.0,643.67,36.0,0.499,0.073,9.0,1.0,34.88,0.404,0.467,0.11
6466,11.0,567.41,24.0,0.123,0.018,17.0,0.0,50.94,0.486,0.482,2.59
6467,20.0,1802.97,51.0,0.09,0.053,4.0,1.0,88.87,0.559,0.433,1.4
6468,13.0,565.13,45.0,0.404,0.023,17.0,2.0,41.92,0.494,0.167,0.0
6469,5.0,91.57,5.0,0.081,0.077,59.0,1.0,18.83,0.22,0.356,1.23
6470,18.0,522.31,30.0,0.12,0.061,14.0,1.0,28.85,0.364,0.288,1.31
6471,1.0,85.06,4.0,0.18,0.0,144.0,0.0,84.93,0.846,,1.13
6472,3.0,106.66,2.0,0.159,0.02,50.0,0.0,36.31,0.151,0.144,2.03
6473,10.0,481.44,28.0,0.096,0.066,6.0,1.0,50.49,0.115,0.112,2.29
6474,5.0,132.06,7.0,0.321,0.078,37.0,1.0,28.23,0.175,0.0,1.7
6475,6.0,510.48,25.0,0.12,0.052,17.0,0.0,87.43,0.106,0.18,2.4
6476,12.0,671.94,31.0,0.113,0.026,4.0,1.0,55.71,0.251,0.338,2.01
6477,3.0,100.26,10.0,0.162,0.046,39.0,1.0,32.66,0.433,0.316,0.0
6478,19.0,436.92,28.0,0.128,0.042,5.0,1.0,23.2,0.055,0.295,1.59
6479,11.0,378.0,28.0,0.068,0.045,3.0,3.0,33.59,0.645,0.298,2.56
6480,13.0,326.97,24.0,0.094,0.0,15.0,0.0,26.0,0.469,0.143,1.43
6481,4.0,167.11,8.0,0.079,0.012,35.0,0.0,39.57,0.196,0.411,0.0
6482,5.0,144.68,8.0,0.336,0.006,48.0,1.0,26.89,0.58,0.252,1.93
6483,3.0,130.11,9.0,0.036,0.036,54.0,2.0,40.8,0.524,0.135,0.91
6484,30.0,1410.37,52.0,0.062,0.013,4.0,3.0,46.36,0.183,0.269,2.13
6485,2.0,89.54,3.0,0.149,0.048,116.0,1.0,54.77,0.744,0.007,0.0
6486,28.0,2261.27,53.0,0.07,0.039,1.0,2.0,80.84,0.573,0.097,1.63
6487,16.0,676.54,50.0,0.438,0.022,2.0,1.0,41.16,0.807,0.362,2.18
6488,0.0,0.0,9.0,0.128,0.04,37.0,0.0,0.0,0.297,0.278,1.37
6489,22.0,1894.77,79.0,0.005,0.014,6.0,0.0,87.42,0.645,0.048,3.67
6490,2.0,47.14,1.0,0.215,0.0,59.0,0.0,20.48,0.403,0.148,0.01
6491,3.0,149.75,2.0,0.085,0.018,96.0,0.0,43.2,0.352,0.181,0.46
6492,4.0,107.25,5.0,0.221,0.009,49.0,0.0,24.84,0.601,0.15,0.12
6493,6.0,100.61,10.0,0.033,0.035,18.0,2.0,17.53,0.517,0.275,1.02
6494,13.0,268.93,26.0,0.0,0.032,11.0,1.0,20.75,0.191,0.195,1.99
6495,7.0,183.53,8.0,0.133,0.077,62.0,0.0,25.87,0.516,0.186,0.3
6496,3.0,135.82,3.0,0.089,0.0,105.0,0.0,54.32,0.453,0.03,0.31
6497,5.0,263.66,2.0,0.273,0.035,25.0,1.0,53.26,0.361,0.104,1.52
6498,10.0,412.84,22.0,0.139,0.008,13.0,1.0,41.11,0.434,0.128,1.42
6499,1.0,24.97,3.0,0.177,0.046,122.0,0.0,19.68,0.117,0.125,1.35
6500,2.0,10.38,6.0,0.184,0.016,46.0,0.0,5.77,0.124,,1.8
6501,16.0,650.05,25.0,0.122,0.059,17.0,2.0,39.92,0.258,0.304,0.27
6502,17.0,373.09,27.0,0.13,0.103,7.0,0.0,22.0,0.829,0.402,2.28
6503,13.0,326.81,40.0,0.081,0.0,11.0,1.0,25.35,0.201,0.267,1.45
6504,4.0,25.98,11.0,0.0,0.083,65.0,2.0,6.38,0.702,0.254,1.91
6505,1.0,114.83,12.0,0.149,0.103,39.0,0.0,114.83,0.177,0.013,0.33
6506,19.0,1958.67,52.0,0.049,0.028,11.0,2.0,101.01,0.833,0.048,1.99
6507,1.0,98.58,4.0,0.233,0.014,86.0,1.0,98.58,0.131,0.153,1.48
6508,0.0,192.26,16.0,0.131,0.038,38.0,1.0,192.26,0.599,0.295,1.14
6509,1.0,44.04,3.0,0.111,0.051,103.0,0.0,36.58,0.29,0.086,1.26
6510,2.0,59.09,7.0,0.26,0.035,50.0,0.0,26.26,0.3,0.157,1.37
6511,24.0,2115.63,42.0,0.043,0.03,2.0,0.0,89.1,0.63,0.265,0.72
6512,0.0,75.28,5.0,0.176,0.048,36.0,1.0,75.28,0.033,0.313,0.0
6513,7.0,481.28,24.0,0.032,0.014,20.0,1.0,68.59,0.245,0.308,1.96
6514,1.0,122.6,14.0,0.208,,52.0,0.0,104.78,0.616,,2.39
6515,18.0,124.77,28.0,0.089,0.0,18.0,1.0,7.05,0.385,0.248,1.47
6516,12.0,673.15,32.0,0.058,0.006,13.0,0.0,58.24,0.29,0.259,2.26
6517,13.0,665.39,62.0,0.244,0.128,6.0,0.0,49.95,0.323,0.477,1.99
6518,2.0,131.59,10.0,0.156,0.095,55.0,1.0,67.76,0.58,0.477,1.36
6519,28.0,1376.21,46.0,0.036,0.0,5.0,0.0,49.6,0.402,0.251,3.77
6520,37.0,833.11,57.0,0.077,0.041,4.0,1.0,22.56,0.32,0.184,2.75
6521,26.0,2232.38,45.0,0.12,0.03,8.0,4.0,85.92,0.235,0.374,1.48
6522,0.0,115.88,1.0,0.156,0.006,93.0,0.0,115.88,0.501,0.165,1.25
6523,35.0,1716.79,47.0,0.099,0.055,13.0,1.0,48.79,0.549,0.222,2.19
6524,10.0,693.9,25.0,0.13,0.056,14.0,2.0,66.49,0.408,0.111,1.02
6525,4.0,46.43,4.0,0.042,0.036,52.0,0.0,11.55,0.101,0.196,1.36
6526,10.0,499.96,34.0,0.086,0.077,16.0,1.0,50.93,0.278,0.2,2.79
6527,1.0,115.59,1.0,0.14,0.066,130.0,0.0,115.59,0.619,0.0,3.26
6528,20.0,591.55,23.0,0.437,0.132,18.0,2.0,29.75,0.931,0.374,1.32
6529,15.0,421.74,38.0,0.047,0.024,12.0,3.0,27.48,0.298,0.294,0.41
6530,22.0,2589.15,54.0,0.01,0.034,2.0,0.0,116.31,0.333,0.27,1.05
6531,16.0,643.87,33.0,0.525,0.042,13.0,2.0,40.64,0.508,0.204,0.83
6532,23.0,683.0,53.0,0.344,0.041,17.0,0.0,30.09,0.346,0.295,1.7
6533,3.0,105.67,7.0,0.12,0.059,39.0,1.0,33.42,0.128,0.243,1.89
6534,3.0,105.03,4.0,0.136,0.047,47.0,0.0,39.2,0.269,0.311,1.25
6535,26.0,2046.18,68.0,0.081,0.059,1.0,2.0,78.88,0.515,0.249,3.29
6536,1.0,71.54,0.0,0.345,0.03,103.0,0.0,53.09,0.372,0.128,0.86
6537,2.0,121.56,9.0,0.185,0.056,34.0,0.0,50.48,0.231,0.219,
6538,13.0,637.92,37.0,0.202,0.009,18.0,0.0,49.2,0.6,0.041,2.63
6539,2.0,67.31,4.0,0.113,0.05,114.0,0.0,29.29,0.139,0.0,1.06
6540,6.0,483.85,33.0,0.138,0.019,6.0,0.0,81.25,0.257,0.114,2.08
6541,6.0,122.87,12.0,0.119,0.032,37.0,0.0,20.3,0.306,0.228,1.36
6542,11.0,418.25,30.0,0.135,0.084,19.0,3.0,38.21,0.659,0.418,2.71
6543,0.0,180.49,18.0,0.079,0.059,23.0,1.0,180.49,0.823,0.342,0.88
6544,25.0,467.81,50.0,0.48,0.07,4.0,0.0,18.91,0.472,0.159,1.52
6545,8.0,382.96,30.0,0.045,0.049,16.0,0.0,46.78,0.362,0.252,1.99
6546,20.0,2407.99,77.0,0.063,0.049,12.0,1.0,118.37,0.459,0.059,2.19
6547,6.0,190.89,8.0,0.151,0.076,39.0,1.0,29.83,0.589,0.273,0.0
6548,42.0,1865.18,28.0,0.054,0.014,5.0,2.0,44.13,0.287,0.062,1.77
6549,11.0,443.26,30.0,0.067,0.004,15.0,0.0,39.18,0.305,0.106,2.9
6550,34.0,2066.4,49.0,0.031,0.019,3.0,2.0,60.25,0.249,0.0,2.15
6551,13.0,720.6,20.0,0.114,0.053,19.0,1.0,55.78,0.283,0.222,2.64
6552,14.0,509.9,55.0,0.47,0.05,17.0,1.0,35.88,0.522,0.317,0.56
6553,28.0,3053.62,56.0,0.015,0.029,5.0,2.0,110.01,0.215,0.214,2.54
6554,1.0,108.95,11.0,0.367,0.06,55.0,1.0,108.95,0.597,0.272,1.19
6555,18.0,457.24,61.0,0.503,0.03,9.0,2.0,26.08,0.279,0.247,1.66
6556,10.0,710.07,27.0,0.124,0.052,21.0,2.0,72.67,0.252,0.437,0.38
6557,2.0,234.05,9.0,0.251,0.001,49.0,0.0,140.82,0.375,0.179,0.0
6558,11.0,535.23,37.0,0.173,0.051,11.0,0.0,48.72,0.529,0.482,2.07
6559,14.0,371.11,26.0,0.061,0.071,16.0,2.0,25.84,0.345,0.386,3.59
6560,9.0,496.54,22.0,0.109,0.0,8.0,1.0,53.48,0.204,0.017,1.56
6561,2.0,156.33,11.0,0.202,0.055,0.0,1.0,92.96,0.064,0.292,0.07
6562,21.0,550.34,24.0,0.396,0.112,21.0,3.0,26.54,0.808,0.275,2.32
6563,6.0,111.69,7.0,0.141,0.071,46.0,1.0,17.79,0.067,0.077,
6564,2.0,28.41,7.0,0.184,0.06,36.0,2.0,13.3,0.462,0.228,1.17
6565,5.0,392.98,41.0,0.072,0.06,11.0,2.0,78.99,0.141,0.43,1.09
6566,2.0,82.74,8.0,0.121,0.021,30.0,0.0,48.73,0.158,0.275,1.26
6567,20.0,1874.2,67.0,0.075,0.0,6.0,4.0,92.15,0.426,0.458,2.21
6568,8.0,411.31,25.0,0.106,0.003,14.0,1.0,54.71,0.644,0.411,3.17
6569,4.0,345.21,35.0,0.077,0.056,16.0,1.0,84.65,0.192,0.409,1.04
6570,3.0,82.98,3.0,0.066,0.057,22.0,1.0,31.06,0.254,0.265,0.0
6571,16.0,757.62,28.0,0.276,0.13,6.0,1.0,46.32,0.594,0.143,1.9
6572,9.0,546.1,48.0,0.299,0.108,2.0,0.0,62.18,0.86,0.234,2.06
6573,3.0,146.44,9.0,0.217,0.053,13.0,2.0,44.93,0.378,0.067,0.48
6574,2.0,60.25,3.0,0.202,0.0,99.0,1.0,35.83,0.24,0.0,0.0
6575,14.0,849.71,23.0,0.453,0.072,16.0,2.0,60.29,0.49,0.0,1.64
6576,3.0,53.74,4.0,0.154,0.057,26.0,1.0,18.63,0.638,0.067,0.3
6577,18.0,807.2,33.0,0.46,0.144,8.0,1.0,44.34,0.661,0.405,0.64
6578,35.0,1707.2,39.0,0.002,0.071,10.0,0.0,49.19,0.336,0.244,1.56
6579,18.0,620.0,24.0,0.066,0.052,9.0,2.0,34.45,0.731,0.254,2.02
6580,12.0,329.57,26.0,0.18,0.05,0.0,1.0,26.53,0.72,0.283,2.8
6581,11.0,1352.94,43.0,0.071,,0.0,1.0,118.62,0.77,0.157,2.59
6582,4.0,103.43,6.0,0.106,0.071,22.0,1.0,23.68,0.182,0.175,0.0
6583,1.0,89.91,11.0,0.069,0.04,27.0,1.0,89.91,0.187,0.221,2.23
6584,12.0,537.79,31.0,0.15,0.035,14.0,1.0,46.12,0.756,0.255,
6585,1.0,111.5,13.0,0.302,0.049,58.0,0.0,111.5,0.55,0.098,0.0
6586,12.0,767.5,44.0,0.466,0.106,13.0,0.0,62.49,0.622,0.236,0.0
6587,4.0,154.84,6.0,0.268,0.019,0.0,3.0,37.36,0.236,0.235,1.84
6588,3.0,107.08,11.0,0.059,0.057,30.0,1.0,31.49,0.768,0.351,1.52
6589,10.0,745.56,54.0,0.364,0.101,6.0,2.0,76.6,0.516,0.0,0.0
6590,4.0,95.91,9.0,0.225,0.039,28.0,1.0,24.62,0.322,0.22,0.44
6591,28.0,761.01,51.0,0.372,0.095,4.0,0.0,27.5,0.966,0.066,0.12
6592,14.0,557.97,32.0,0.095,0.082,15.0,1.0,40.02,0.3,0.121,1.55
6593,9.0,539.77,15.0,0.092,0.056,14.0,1.0,60.72,0.393,0.243,2.89
6594,12.0,512.15,42.0,0.135,0.069,10.0,0.0,41.03,0.172,0.15,1.3
6595,12.0,717.33,59.0,0.358,0.107,15.0,0.0,60.8,0.45,0.148,1.06
6596,19.0,755.37,44.0,0.478,0.091,14.0,1.0,39.67,0.338,0.105,2.28
6597,11.0,715.32,28.0,0.19,0.06,9.0,2.0,63.03,0.841,0.0,3.12
6598,13.0,669.19,40.0,0.307,0.052,14.0,2.0,51.49,0.524,0.152,0.61
6599,1.0,28.77,1.0,0.198,0.035,87.0,0.0,28.77,0.088,0.29,0.57
6600,13.0,621.01,53.0,0.405,0.049,6.0,0.0,49.58,0.401,0.27,2.04
6601,15.0,392.64,22.0,0.156,0.079,15.0,1.0,26.23,0.295,0.066,1.07
6602,0.0,116.92,4.0,0.203,0.058,6.0,1.0,116.92,0.675,0.212,0.96
6603,4.0,107.33,0.0,0.157,0.023,47.0,0.0,28.07,0.494,0.306,1.3
6604,13.0,696.37,23.0,0.133,0.011,11.0,1.0,54.04,0.658,0.278,0.74
6605,5.0,181.83,4.0,0.373,0.028,64.0,2.0,36.33,0.427,0.083,0.56
6606,5.0,712.43,53.0,0.11,0.003,12.0,0.0,129.9,0.26,0.227,1.04
6607,2.0,22.24,11.0,0.175,0.009,27.0,0.0,11.04,0.174,0.218,0.14
6608,20.0,279.82,22.0,0.232,0.038,14.0,2.0,13.97,0.341,0.167,1.46
6609,2.0,86.19,13.0,0.199,0.014,60.0,0.0,41.11,0.369,0.225,0.0
6610,13.0,477.76,22.0,0.109,0.017,9.0,1.0,36.92,0.259,0.173,2.05
6611,15.0,521.17,35.0,0.208,0.059,17.0,2.0,34.7,0.513,0.164,2.54
6612,15.0,533.67,20.0,0.1,0.057,13.0,1.0,35.28,0.133,0.088,0.57
6613,4.0,45.35,9.0,0.163,0.043,11.0,0.0,12.26,0.477,0.274,1.51
6614,1.0,95.59,0.0,0.157,0.037,124.0,0.0,95.59,0.569,0.0,1.11
6615,4.0,547.49,29.0,0.119,0.017,18.0,1.0,148.62,0.367,0.0,2.75
6616,2.0,134.71,5.0,0.201,0.021,4.0,1.0,71.8,0.188,,1.2
6617,13.0,445.05,33.0,0.121,0.0,7.0,0.0,35.53,0.583,0.079,1.71
6618,1.0,237.74,13.0,0.087,0.032,10.0,1.0,214.43,0.593,0.1,2.52
6619,12.0,482.07,21.0,0.131,0.06,12.0,2.0,40.92,0.857,0.202,2.55
6620,3.0,230.58,9.0,0.048,0.062,34.0,1.0,83.15,0.76,0.066,0.73
6621,22.0,279.01,57.0,0.397,0.076,7.0,1.0,12.5,0.243,0.147,0.51
6622,4.0,153.2,7.0,0.099,0.05,51.0,1.0,39.39,0.307,0.346,0.73
6623,12.0,652.35,25.0,0.059,0.092,10.0,0.0,53.95,0.065,0.0,1.68
6624,16.0,554.57,15.0,0.069,0.067,9.0,1.0,33.76,0.502,0.154,1.39
6625,4.0,48.4,10.0,0.042,0.009,36.0,2.0,12.99,0.32,0.256,0.14
6626,2.0,57.3,3.0,0.0,0.035,154.0,0.0,32.2,0.151,0.203,0.0
6627,0.0,108.24,8.0,0.266,0.048,55.0,1.0,108.24,0.151,0.082,2.15
6628,15.0,523.63,51.0,0.397,0.073,9.0,1.0,34.93,0.458,0.195,1.52
6629,4.0,466.08,32.0,0.106,0.026,20.0,1.0,114.93,0.037,0.134,4.03
6630,30.0,1623.39,57.0,0.051,0.034,6.0,2.0,53.76,0.779,0.228,0.97
6631,0.0,31.22,2.0,0.154,0.028,21.0,2.0,31.22,0.451,0.163,0.65
6632,25.0,1558.2,71.0,0.087,0.054,0.0,2.0,61.22,0.623,0.408,2.58
6633,23.0,1550.93,85.0,0.023,0.034,13.0,2.0,68.19,0.446,0.18,1.92
6634,0.0,176.7,18.0,0.224,0.019,43.0,0.0,176.7,0.321,0.192,0.59
6635,0.0,66.28,1.0,0.227,0.0,108.0,0.0,66.28,0.223,0.118,1.73
6636,14.0,1545.03,70.0,0.043,0.048,16.0,2.0,110.41,0.468,0.086,0.86
6637,21.0,509.87,51.0,0.58,0.152,0.0,0.0,24.64,0.342,0.088,0.0
6638,4.0,43.73,15.0,0.112,0.042,64.0,1.0,11.91,0.734,0.07,0.65
6639,31.0,1235.82,57.0,0.068,0.018,9.0,2.0,40.1,0.758,0.346,2.11
6640,17.0,655.3,19.0,0.113,0.003,9.0,0.0,37.53,0.171,0.277,2.13
6641,13.0,313.13,39.0,0.135,0.047,6.0,1.0,24.36,0.142,0.387,1.96
6642,2.0,139.6,7.0,0.202,0.013,50.0,0.0,91.25,0.177,0.0,0.0
6643,5.0,114.14,7.0,0.311,0.017,22.0,0.0,21.1,0.568,0.329,1.04
6644,1.0,40.51,4.0,0.08,0.029,73.0,0.0,37.5,0.223,0.0,1.41
6645,2.0,12.99,12.0,0.172,0.066,40.0,1.0,8.26,0.084,0.259,0.24
6646,2.0,50.19,11.0,0.115,0.068,43.0,1.0,26.43,0.576,0.314,0.75
6647,4.0,119.22,10.0,0.088,0.069,29.0,0.0,32.72,0.486,0.181,1.27
6648,4.0,341.77,44.0,0.056,0.027,13.0,2.0,84.1,0.496,0.174,1.71
6649,3.0,110.59,12.0,0.227,0.017,46.0,0.0,31.6,0.182,0.048,1.51
6650,6.0,160.59,8.0,0.168,0.062,43.0,0.0,29.13,0.574,0.097,0.87
6651,3.0,138.12,7.0,0.163,0.014,57.0,0.0,53.38,0.249,0.156,2.06
6652,13.0,578.63,32.0,0.135,0.051,8.0,0.0,46.23,0.739,0.449,2.77
6653,17.0,436.91,24.0,0.357,0.152,4.0,1.0,25.48,0.812,0.034,0.75
6654,2.0,86.43,0.0,0.169,0.0,110.0,1.0,38.69,0.63,0.0,1.42
6655,4.0,144.56,6.0,0.148,0.052,19.0,1.0,40.3,0.411,0.328,2.2
6656,9.0,521.83,32.0,0.15,0.053,24.0,1.0,56.71,0.812,0.216,1.04
6657,20.0,2084.58,50.0,0.019,0.0,0.0,1.0,106.21,0.672,0.261,2.45
6658,3.0,55.9,12.0,0.19,0.053,4.0,1.0,20.06,0.263,0.3,1.08
6659,21.0,636.06,55.0,0.383,0.132,4.0,3.0,30.39,0.609,0.156,0.59
6660,3.0,78.25,1.0,0.081,0.041,46.0,0.0,28.21,0.797,0.152,0.89
6661,9.0,906.4,25.0,0.024,0.041,13.0,0.0,96.33,0.148,0.352,0.28
6662,2.0,119.24,3.0,0.102,0.011,146.0,1.0,58.61,0.063,0.07,1.59
6663,11.0,280.88,36.0,0.109,0.076,19.0,0.0,25.6,0.661,0.229,1.16
6664,8.0,443.55,23.0,0.086,0.035,1.0,1.0,57.92,0.7,0.07,2.03
6665,1.0,0.0,9.0,0.142,0.025,32.0,0.0,0.0,0.682,0.076,0.0
6666,32.0,2648.89,51.0,0.009,0.013,9.0,2.0,83.07,0.361,0.335,0.84
6667,20.0,550.56,32.0,0.162,0.046,26.0,2.0,27.09,0.269,0.222,1.78
6668,4.0,123.59,9.0,0.199,0.019,12.0,0.0,28.42,0.352,0.169,0.47
6669,19.0,2920.04,68.0,0.046,0.043,7.0,2.0,150.11,0.155,0.131,0.9
6670,15.0,1127.58,75.0,0.082,0.022,10.0,0.0,77.76,0.255,0.369,1.96
6671,20.0,565.07,56.0,0.417,0.055,7.0,2.0,28.2,0.969,0.237,1.18
6672,11.0,541.43,25.0,0.036,0.017,11.0,2.0,47.21,0.481,0.158,1.95
6673,11.0,543.76,31.0,0.146,0.044,18.0,0.0,47.38,0.521,0.309,1.51
6674,2.0,33.51,7.0,0.213,0.0,39.0,1.0,13.57,0.154,0.255,0.71
6675,19.0,577.18,46.0,0.423,0.05,2.0,1.0,29.68,0.413,0.203,0.87
6676,23.0,1919.85,38.0,0.033,0.02,7.0,3.0,85.23,0.417,0.367,2.44
6677,6.0,83.61,16.0,0.169,0.066,59.0,0.0,14.49,0.718,0.337,1.01
6678,4.0,81.19,1.0,0.059,0.055,37.0,0.0,20.17,0.638,0.281,2.02
6679,11.0,252.63,26.0,0.08,0.063,9.0,0.0,22.08,0.751,0.118,1.67
6680,6.0,64.52,10.0,0.152,0.028,26.0,0.0,11.39,0.601,0.249,0.48
6681,16.0,191.77,47.0,0.141,0.074,10.0,2.0,11.82,0.605,0.265,1.98
6682,16.0,558.43,31.0,0.083,0.046,8.0,2.0,35.85,0.179,0.083,2.18
6683,10.0,471.0,30.0,0.07,0.116,8.0,2.0,48.35,0.462,0.275,2.31
6684,15.0,640.11,30.0,0.091,0.022,8.0,2.0,43.58,0.454,0.078,2.12
6685,9.0,691.58,46.0,0.109,0.054,8.0,0.0,79.35,0.581,0.27,1.67
6686,11.0,759.12,38.0,0.44,0.011,4.0,1.0,68.72,0.706,0.456,0.51
6687,30.0,1760.37,60.0,0.106,0.056,4.0,2.0,58.18,0.309,0.152,3.17
6688,29.0,2478.24,55.0,0.036,0.052,10.0,2.0,85.04,0.092,0.26,2.04
6689,3.0,135.37,5.0,0.111,0.004,151.0,0.0,47.69,0.414,0.0,1.47
6690,23.0,1958.3,62.0,0.023,0.014,7.0,1.0,86.1,0.175,0.275,2.42
6691,6.0,149.24,12.0,0.161,0.011,33.0,1.0,24.76,0.374,0.097,0.67
6692,2.0,87.58,2.0,0.197,0.065,64.0,0.0,41.27,0.478,0.156,1.69
6693,25.0,1647.91,49.0,0.076,0.015,6.0,2.0,67.03,0.575,0.151,2.7
6694,36.0,1757.46,48.0,0.003,0.025,8.0,1.0,48.16,0.302,0.285,0.89
6695,23.0,739.03,42.0,0.287,0.152,1.0,0.0,32.24,0.575,0.311,1.37
6696,0.0,110.69,5.0,0.0,0.024,104.0,0.0,110.69,0.651,0.0,0.8
6697,14.0,709.29,33.0,0.051,0.07,9.0,1.0,50.52,0.651,,3.53
6698,1.0,139.04,5.0,0.052,0.055,46.0,1.0,105.25,0.473,0.368,0.61
6699,22.0,1618.35,65.0,0.075,0.014,9.0,1.0,74.51,0.425,0.144,1.89
6700,14.0,783.34,31.0,0.208,0.095,14.0,2.0,54.46,0.938,0.231,1.03
6701,4.0,156.56,17.0,0.114,0.058,18.0,0.0,38.19,0.4,0.0,0.0
6702,9.0,210.49,24.0,,0.05,5.0,1.0,23.9,0.824,0.357,1.63
6703,2.0,71.21,12.0,0.076,0.083,37.0,1.0,46.4,0.428,,1.14
6704,19.0,435.8,16.0,0.072,0.034,16.0,2.0,22.77,0.283,0.059,1.03
6705,1.0,93.63,1.0,0.043,0.051,103.0,0.0,82.73,0.15,0.2,1.29
6706,0.0,221.68,9.0,0.017,0.0,23.0,1.0,221.68,0.323,0.334,1.63
6707,14.0,734.12,46.0,0.442,0.08,18.0,2.0,51.44,0.619,0.203,0.0
6708,34.0,1814.0,34.0,0.028,0.013,5.0,2.0,53.74,0.557,0.0,2.59
6709,9.0,390.86,40.0,0.151,0.084,13.0,0.0,41.26,0.515,0.17,1.24
6710,14.0,792.1,40.0,0.419,0.022,8.0,0.0,57.51,0.404,0.368,0.15
6711,1.0,81.82,2.0,0.202,0.05,51.0,0.0,81.82,0.227,0.0,0.62
6712,2.0,0.0,4.0,0.107,0.044,71.0,1.0,0.0,0.53,0.193,1.18
6713,24.0,1918.88,43.0,0.047,0.043,5.0,5.0,78.6,0.438,0.315,3.17
6714,2.0,708.17,27.0,0.078,0.073,9.0,0.0,308.29,0.56,0.123,2.98
6715,1.0,0.0,5.0,0.0,0.045,133.0,1.0,0.0,0.044,0.153,0.0
6716,28.0,1113.33,42.0,0.038,0.071,8.0,2.0,39.71,0.32,0.44,2.44
6717,1.0,76.31,2.0,0.183,0.015,99.0,0.0,52.09,0.153,0.0,0.13
6718,2.0,104.4,1.0,0.224,0.02,41.0,1.0,59.06,0.132,0.073,0.79
6719,36.0,1853.67,78.0,0.085,0.0,9.0,1.0,52.11,0.42,0.245,1.11
6720,1.0,0.0,4.0,0.077,0.042,34.0,0.0,0.0,0.207,0.0,1.13
6721,4.0,175.02,14.0,0.133,0.005,23.0,1.0,44.73,0.743,0.328,0.52
6722,10.0,563.69,29.0,0.124,0.055,15.0,3.0,55.7,0.463,0.117,0.11
6723,1.0,74.68,5.0,0.126,0.046,27.0,2.0,74.68,0.318,0.023,2.39
6724,6.0,214.85,3.0,0.123,0.062,45.0,0.0,33.58,0.657,0.099,1.43
6725,0.0,154.91,6.0,0.156,0.056,24.0,1.0,154.91,0.242,0.141,0.39
6726,37.0,2759.54,72.0,0.041,0.046,5.0,2.0,74.98,0.158,0.262,0.0
6727,13.0,439.36,26.0,0.114,0.062,22.0,2.0,33.31,0.581,0.416,2.03
6728,28.0,1625.2,64.0,0.097,0.058,9.0,1.0,58.98,0.213,0.458,2.16
6729,9.0,439.39,19.0,0.147,0.07,9.0,1.0,47.31,0.475,0.237,2.66
6730,8.0,706.12,30.0,0.128,0.04,14.0,1.0,88.39,0.63,0.31,2.1
6731,2.0,50.66,7.0,0.192,0.031,63.0,1.0,25.55,0.675,0.199,1.42
6732,7.0,538.9,28.0,0.18,0.0,7.0,1.0,73.41,0.322,0.139,1.53
6733,3.0,43.99,3.0,0.187,0.017,65.0,0.0,13.98,0.74,0.124,1.2
6734,5.0,566.39,20.0,0.149,0.065,15.0,2.0,104.94,0.236,0.241,2.14
6735,0.0,74.15,1.0,0.11,0.003,94.0,0.0,74.15,0.431,0.174,0.8
6736,15.0,600.91,50.0,0.361,0.074,24.0,1.0,41.03,0.316,0.0,0.38
6737,3.0,0.0,4.0,0.1,0.076,60.0,0.0,0.0,0.173,,0.45
6738,24.0,1885.45,56.0,0.07,0.025,3.0,2.0,79.62,0.214,0.151,0.75
6739,19.0,803.49,55.0,0.473,0.135,21.0,2.0,43.21,0.601,0.202,0.64
6740,10.0,197.72,27.0,0.0,0.079,15.0,1.0,19.72,0.24,0.129,1.75
6741,13.0,467.26,38.0,0.143,0.051,19.0,0.0,34.8,0.681,0.221,2.71
6742,9.0,518.59,31.0,0.066,0.0,18.0,1.0,60.97,0.386,0.215,1.17
6743,18.0,866.54,39.0,0.54,0.114,11.0,2.0,47.53,0.509,0.167,1.37
6744,3.0,167.44,3.0,0.115,0.033,57.0,1.0,60.88,0.453,0.089,0.72
6745,17.0,730.25,41.0,0.447,0.117,19.0,1.0,42.6,0.756,0.147,0.97
6746,24.0,633.0,56.0,0.396,0.062,10.0,0.0,25.91,0.267,0.099,0.34
6747,16.0,453.11,32.0,0.34,0.062,10.0,1.0,28.6,0.576,0.129,0.88
6748,8.0,128.75,11.0,0.205,0.014,67.0,0.0,17.05,0.637,0.53,0.23
6749,1.0,163.26,1.0,0.167,0.0,121.0,1.0,122.76,0.754,0.007,0.37
6750,9.0,313.99,24.0,0.149,0.097,8.0,1.0,36.17,0.298,0.221,1.41
6751,7.0,364.97,26.0,0.137,0.071,0.0,0.0,55.38,0.271,0.092,4.52
6752,22.0,705.24,35.0,0.262,0.082,13.0,1.0,31.74,0.275,0.176,0.0
6753,5.0,56.38,8.0,0.133,0.0,51.0,1.0,10.57,0.374,0.339,0.1
6754,7.0,646.24,35.0,0.111,0.011,12.0,2.0,86.78,0.27,0.212,1.55
6755,8.0,388.55,18.0,0.1,0.048,14.0,0.0,51.42,0.457,0.244,1.63
6756,5.0,172.14,0.0,0.089,0.049,31.0,1.0,32.47,0.343,0.123,2.03
6757,20.0,619.41,28.0,0.501,0.071,12.0,1.0,31.23,0.27,0.252,0.0
6758,4.0,451.7,29.0,0.071,0.046,13.0,1.0,104.01,0.1,0.107,1.89
6759,2.0,203.49,11.0,0.256,0.045,17.0,2.0,83.93,0.575,0.27,0.0
6760,1.0,59.5,9.0,0.267,0.046,29.0,0.0,49.8,0.513,0.356,0.76
6761,3.0,8.55,0.0,0.088,0.02,84.0,0.0,2.88,0.119,0.04,1.33
6762,0.0,25.76,6.0,0.14,0.028,28.0,1.0,25.76,0.634,0.281,0.65
6763,15.0,592.84,19.0,0.111,0.064,9.0,1.0,39.75,0.544,0.42,2.76
6764,5.0,40.66,1.0,0.054,0.038,18.0,1.0,7.49,0.516,0.172,2.02
6765,0.0,73.88,8.0,0.114,0.006,46.0,0.0,73.88,0.128,0.09,0.0
6766,7.0,686.96,55.0,0.304,0.082,14.0,2.0,103.28,0.169,0.072,0.62
6767,24.0,1647.43,65.0,0.082,0.0,2.0,3.0,69.73,0.667,0.24,1.66
6768,27.0,1826.02,58.0,0.05,0.012,4.0,1.0,67.18,0.219,0.372,1.84
6769,2.0,41.98,3.0,0.247,0.048,73.0,1.0,25.12,0.412,0.082,1.73
6770,41.0,1896.17,75.0,0.0,0.061,5.0,2.0,46.66,0.553,0.281,1.06
6771,1.0,170.12,8.0,0.096,0.04,45.0,1.0,170.12,0.345,0.304,0.54
6772,11.0,582.76,26.0,0.104,0.052,18.0,0.0,54.14,0.507,0.203,1.74
6773,20.0,1893.75,57.0,0.083,0.028,7.0,0.0,92.46,0.311,0.332,2.74
6774,16.0,501.37,31.0,0.185,0.071,17.0,0.0,32.1,0.506,0.236,0.79
6775,3.0,109.75,4.0,0.125,0.019,0.0,0.0,35.86,0.715,0.211,0.71
6776,2.0,63.03,4.0,0.158,0.015,123.0,0.0,27.74,0.42,0.0,1.47
6777,8.0,434.09,26.0,0.083,0.017,15.0,1.0,52.63,0.155,0.362,2.65
6778,11.0,461.22,24.0,0.232,0.038,15.0,1.0,43.29,0.283,0.009,2.67
6779,30.0,1246.72,43.0,0.034,0.013,4.0,3.0,42.05,0.197,0.256,1.83
6780,18.0,337.07,32.0,0.189,0.026,8.0,1.0,18.49,0.259,0.097,1.32
6781,4.0,56.0,8.0,0.053,0.034,49.0,0.0,13.94,0.323,0.344,0.36
6782,22.0,482.11,30.0,0.053,0.0,13.0,2.0,22.22,0.28,0.195,0.71
6783,15.0,486.81,36.0,0.302,0.109,28.0,1.0,32.96,0.871,0.28,0.88
6784,32.0,1557.66,46.0,0.004,0.0,6.0,2.0,48.6,0.352,0.167,2.0
6785,33.0,2005.01,58.0,0.032,0.04,3.0,1.0,60.67,0.633,0.301,2.01
6786,0.0,234.05,6.0,0.239,0.024,35.0,1.0,234.05,0.383,0.283,0.21
6787,11.0,649.09,37.0,0.356,0.109,8.0,0.0,60.63,0.716,0.125,1.5
6788,6.0,58.66,13.0,0.137,0.067,15.0,0.0,9.05,0.747,0.168,2.23
6789,5.0,169.78,10.0,0.207,0.078,46.0,0.0,33.01,0.412,0.253,1.04
6790,24.0,2333.54,69.0,0.033,,14.0,1.0,97.89,0.029,0.299,1.43
6791,30.0,1925.13,23.0,0.017,0.017,12.0,2.0,63.8,0.338,0.269,2.62
6792,3.0,199.81,12.0,0.146,,64.0,0.0,71.12,0.301,0.224,2.29
6793,24.0,568.53,40.0,0.426,0.154,14.0,2.0,23.69,0.67,0.201,2.09
6794,23.0,1372.08,52.0,0.056,0.026,12.0,3.0,59.06,0.234,0.322,2.06
6795,4.0,728.11,22.0,0.178,0.017,21.0,0.0,196.92,0.727,0.199,1.75
6796,4.0,134.69,3.0,0.202,0.018,31.0,0.0,36.87,0.474,0.271,0.25
6797,5.0,107.09,14.0,0.228,0.053,5.0,0.0,22.97,0.403,0.144,0.76
6798,2.0,342.95,24.0,0.117,0.043,17.0,1.0,141.1,0.479,0.359,1.83
6799,13.0,408.93,16.0,0.094,0.004,5.0,1.0,31.44,0.527,0.0,3.55
6800,5.0,89.77,2.0,0.152,0.046,43.0,2.0,18.3,0.246,0.402,1.45
6801,9.0,643.64,10.0,0.111,0.031,16.0,0.0,73.56,0.578,0.121,1.76
6802,13.0,329.76,19.0,0.066,0.067,11.0,2.0,24.64,0.118,0.06,2.33
6803,13.0,624.74,38.0,0.343,0.088,4.0,1.0,47.36,0.346,0.249,0.46
6804,7.0,870.0,37.0,0.519,0.113,0.0,0.0,117.49,0.294,0.298,0.0
6805,25.0,752.24,42.0,0.429,0.152,13.0,0.0,30.36,0.405,0.203,1.13
6806,2.0,88.85,5.0,0.088,0.05,28.0,0.0,48.96,0.809,0.23,0.94
6807,3.0,117.01,5.0,0.126,,39.0,0.0,43.03,0.4,0.045,0.72
6808,12.0,621.23,23.0,0.149,0.061,11.0,1.0,53.64,0.732,0.322,1.59
6809,9.0,559.02,28.0,0.129,0.026,7.0,2.0,62.15,0.128,0.196,2.48
6810,23.0,1824.92,51.0,0.062,0.028,6.0,1.0,78.43,0.558,0.365,1.9
6811,15.0,730.26,37.0,0.107,0.059,8.0,2.0,48.05,0.693,0.046,2.56
6812,4.0,568.88,22.0,0.112,0.041,13.0,1.0,151.34,0.3,0.268,1.77
6813,9.0,385.1,26.0,0.117,0.0,5.0,2.0,44.45,0.189,0.152,2.24
6814,4.0,175.52,6.0,0.197,0.043,24.0,0.0,40.84,0.437,0.167,2.22
6815,12.0,568.36,26.0,0.183,0.053,15.0,1.0,48.76,0.256,0.225,3.69
6816,2.0,137.31,14.0,0.12,0.098,24.0,1.0,55.35,0.079,0.34,0.2
6817,19.0,674.29,50.0,0.312,0.104,20.0,2.0,36.39,0.902,0.098,0.2
6818,1.0,136.0,12.0,0.182,0.061,60.0,0.0,118.1,0.266,0.253,0.07
6819,15.0,572.23,47.0,0.076,0.035,5.0,2.0,36.93,0.629,0.204,2.53
6820,8.0,615.48,19.0,0.146,0.064,14.0,1.0,75.57,0.638,0.153,2.23
6821,1.0,72.89,10.0,0.183,0.045,35.0,0.0,72.89,0.401,0.151,0.0
6822,7.0,587.22,41.0,0.0,0.067,3.0,2.0,87.95,0.379,0.166,1.63
6823,27.0,1937.06,39.0,0.099,0.006,11.0,1.0,71.97,0.567,0.129,1.45
6824,13.0,683.35,44.0,0.045,0.0,16.0,0.0,54.37,0.396,0.106,2.52
6825,7.0,593.82,19.0,0.17,0.06,11.0,1.0,89.08,0.496,0.25,3.67
6826,18.0,685.4,63.0,0.461,0.086,16.0,0.0,38.49,0.518,0.353,1.92
6827,14.0,591.83,34.0,0.125,0.079,16.0,2.0,42.53,0.507,0.278,1.21
6828,4.0,116.58,11.0,0.183,0.056,4.0,0.0,31.65,0.706,0.513,1.39
6829,14.0,755.46,23.0,0.175,0.03,22.0,2.0,55.42,0.26,0.404,1.49
6830,1.0,18.74,6.0,0.146,0.041,33.0,1.0,17.59,0.444,0.109,0.14
6831,12.0,663.12,15.0,0.187,0.062,20.0,1.0,56.59,0.364,0.343,2.38
6832,4.0,89.12,9.0,0.305,0.059,46.0,0.0,24.1,0.954,0.178,1.32
6833,30.0,2507.74,40.0,0.07,0.0,15.0,2.0,84.69,0.849,0.149,2.26
6834,10.0,670.98,24.0,0.117,0.065,2.0,0.0,69.86,0.081,0.074,1.13
6835,3.0,139.95,5.0,0.144,0.015,37.0,1.0,47.01,0.638,0.211,0.81
6836,32.0,1367.32,41.0,0.097,0.022,3.0,2.0,42.81,0.531,0.406,1.51
6837,26.0,2236.16,79.0,0.05,,11.0,0.0,85.25,0.405,0.298,2.22
6838,13.0,520.46,56.0,0.301,0.083,7.0,2.0,40.67,0.982,0.178,0.25
6839,9.0,484.86,31.0,0.043,0.068,17.0,1.0,52.75,0.4,0.198,2.14
6840,1.0,133.15,6.0,0.127,0.067,79.0,0.0,133.15,0.466,0.0,1.74
6841,7.0,348.51,35.0,0.076,0.014,7.0,2.0,52.8,0.269,0.392,2.37
6842,27.0,1930.98,55.0,0.075,0.032,8.0,1.0,72.63,0.454,0.419,1.19
6843,17.0,959.26,25.0,0.438,0.108,1.0,2.0,56.95,0.634,0.224,0.82
6844,1.0,106.73,3.0,0.278,0.0,101.0,0.0,106.73,0.441,0.189,1.65
6845,17.0,780.83,40.0,0.377,0.114,23.0,1.0,45.35,0.217,0.367,0.57
6846,2.0,71.12,0.0,0.11,0.02,110.0,1.0,28.97,0.497,0.076,1.26
6847,4.0,62.99,6.0,0.217,0.0,0.0,1.0,17.51,0.211,0.447,1.37
6848,16.0,305.92,32.0,0.0,0.045,23.0,0.0,18.93,0.598,0.087,0.93
6849,20.0,714.16,23.0,0.02,,6.0,1.0,36.6,0.055,0.308,2.81
6850,27.0,2470.81,45.0,0.077,0.05,0.0,2.0,90.28,0.788,0.248,0.45
6851,13.0,540.44,40.0,0.097,0.059,5.0,0.0,41.4,0.779,0.261,3.2
6852,17.0,561.68,40.0,0.349,0.089,3.0,1.0,33.15,0.342,0.321,2.8
6853,3.0,191.67,5.0,0.307,0.047,51.0,0.0,67.57,0.186,0.311,1.91
6854,30.0,844.62,71.0,0.04,0.005,5.0,3.0,28.58,0.188,0.458,1.94
6855,2.0,194.37,12.0,0.288,0.044,0.0,0.0,99.72,0.094,0.049,0.0
6856,11.0,681.76,7.0,0.0,0.038,21.0,0.0,60.01,0.274,0.27,3.02
6857,3.0,0.0,4.0,0.114,0.051,107.0,0.0,0.0,0.262,0.126,2.19
6858,2.0,209.7,11.0,0.229,0.053,44.0,1.0,84.82,0.62,0.101,0.88
6859,12.0,595.05,21.0,0.208,0.043,12.0,1.0,50.67,0.59,0.406,1.75
6860,1.0,0.0,3.0,0.064,0.001,131.0,0.0,0.0,0.614,0.137,1.47
6861,41.0,1521.92,72.0,0.075,0.033,3.0,2.0,36.74,0.157,0.531,2.41
6862,1.0,84.84,10.0,0.297,0.029,48.0,1.0,84.84,0.455,0.355,2.81
6863,8.0,643.47,34.0,0.041,0.012,14.0,0.0,79.59,0.436,0.177,0.97
6864,22.0,560.55,45.0,0.558,0.044,13.0,0.0,25.68,0.655,0.342,1.58
6865,1.0,56.78,9.0,0.243,0.004,25.0,2.0,50.73,0.222,0.293,0.45
6866,3.0,68.74,10.0,0.271,0.038,44.0,1.0,23.28,0.238,0.351,0.69
6867,15.0,587.63,64.0,0.416,0.04,1.0,1.0,38.9,0.776,0.121,3.11
6868,0.0,53.57,3.0,0.124,0.018,31.0,1.0,53.57,0.312,0.083,0.63
6869,14.0,514.1,28.0,0.095,0.08,13.0,2.0,37.18,0.124,0.237,3.1
6870,3.0,147.28,1.0,0.264,0.0,24.0,1.0,47.84,0.471,0.315,1.56
6871,2.0,0.0,11.0,0.183,0.038,29.0,0.0,0.0,0.181,0.209,1.04
6872,26.0,2150.87,49.0,0.055,0.049,18.0,1.0,83.46,0.755,0.286,1.98
6873,5.0,498.11,33.0,0.24,0.038,12.0,1.0,108.31,0.593,0.175,1.35
6874,5.0,123.91,3.0,0.3,0.039,37.0,0.0,25.48,0.379,0.184,0.78
6875,5.0,122.75,0.0,0.127,0.0,22.0,1.0,24.01,0.196,0.309,1.41
6876,15.0,625.1,29.0,0.0,0.067,15.0,0.0,41.21,0.215,0.126,1.9
6877,2.0,83.58,6.0,0.041,0.0,114.0,1.0,38.78,0.02,0.0,1.5
6878,12.0,260.93,38.0,0.43,0.023,7.0,1.0,22.43,0.381,0.219,1.85
6879,6.0,740.74,16.0,0.123,0.0,16.0,2.0,128.99,0.248,0.05,3.11
6880,35.0,2229.79,24.0,0.012,0.044,9.0,2.0,64.26,0.177,0.146,2.63
6881,3.0,137.35,4.0,0.078,0.042,168.0,0.0,52.73,0.097,0.206,0.0
6882,11.0,650.09,33.0,0.086,0.018,8.0,2.0,56.66,0.34,0.114,0.42
6883,13.0,415.91,33.0,0.106,0.066,16.0,2.0,31.62,0.057,0.192,1.04
6884,5.0,140.55,7.0,0.079,0.083,45.0,0.0,26.25,0.269,0.24,1.27
6885,0.0,79.33,4.0,0.158,0.054,69.0,0.0,79.33,0.361,0.234,1.33
6886,4.0,248.32,5.0,0.227,0.034,46.0,0.0,68.86,0.487,0.204,0.54
6887,16.0,376.42,35.0,0.199,0.03,12.0,2.0,24.24,0.355,0.245,0.81
6888,39.0,1183.26,58.0,0.04,0.026,3.0,2.0,30.63,0.626,0.266,3.72
6889,8.0,457.68,34.0,0.048,0.039,8.0,0.0,54.28,0.283,0.152,1.98
6890,30.0,2872.7,55.0,0.111,0.065,0.0,1.0,95.29,0.662,0.003,1.82
6891,17.0,680.87,45.0,0.397,0.053,0.0,1.0,39.0,0.409,,1.33
6892,21.0,1652.73,58.0,0.044,0.011,12.0,1.0,80.14,0.321,0.198,0.37
6893,1.0,0.0,3.0,0.036,0.032,131.0,0.0,0.0,0.023,0.0,1.87
6894,7.0,282.83,28.0,0.118,0.072,11.0,3.0,43.22,0.432,0.422,1.78
6895,16.0,510.23,44.0,0.109,0.014,8.0,2.0,31.14,0.208,0.296,2.36
6896,4.0,36.47,7.0,0.092,0.085,60.0,0.0,8.25,0.256,0.305,0.52
6897,22.0,1331.14,54.0,0.089,0.049,10.0,2.0,61.1,0.598,0.401,1.41
6898,1.0,50.22,3.0,0.208,0.038,25.0,0.0,50.22,0.641,0.136,0.89
6899,0.0,152.67,13.0,0.151,,37.0,1.0,152.67,0.326,0.161,0.57
6900,0.0,92.59,4.0,0.152,0.042,45.0,1.0,92.59,0.18,0.252,0.92
6901,14.0,756.62,41.0,0.099,0.039,6.0,0.0,53.21,0.317,0.212,2.97
6902,15.0,644.79,53.0,0.36,0.061,9.0,3.0,44.0,0.578,0.249,1.71
6903,0.0,99.14,4.0,0.172,0.027,89.0,0.0,99.14,0.336,,
6904,18.0,469.06,61.0,0.328,0.096,16.0,1.0,25.9,0.692,0.45,2.43
6905,1.0,88.86,5.0,0.215,0.101,54.0,1.0,88.86,0.711,0.359,0.83
6906,16.0,504.39,30.0,0.122,0.052,15.0,1.0,32.52,0.096,0.339,3.38
6907,2.0,83.18,8.0,0.381,0.025,46.0,0.0,46.35,0.715,0.156,2.49
6908,1.0,121.09,2.0,0.097,0.02,117.0,1.0,121.09,0.471,0.271,0.61
6909,8.0,637.03,41.0,0.167,0.069,10.0,1.0,77.56,0.915,0.288,1.24
6910,3.0,111.37,11.0,0.362,0.061,32.0,1.0,38.27,0.528,0.121,0.68
6911,13.0,629.34,37.0,0.498,0.081,16.0,1.0,47.54,0.725,0.245,0.62
6912,9.0,380.62,17.0,0.12,0.015,15.0,2.0,43.09,0.291,0.181,1.51
6913,17.0,902.09,65.0,0.251,0.096,10.0,1.0,53.5,0.624,0.318,0.72
6914,45.0,2175.91,81.0,0.079,0.053,1.0,1.0,48.04,0.196,0.076,1.69
6915,2.0,155.48,4.0,0.262,0.027,25.0,1.0,69.94,0.486,0.081,1.38
6916,13.0,828.79,35.0,0.084,0.054,8.0,0.0,64.77,0.297,0.108,0.41
6917,17.0,494.74,15.0,0.11,0.08,8.0,0.0,29.27,0.533,0.118,1.56
6918,2.0,59.63,6.0,0.212,0.014,36.0,2.0,25.51,0.76,0.377,1.15
6919,4.0,42.05,3.0,0.279,0.028,66.0,0.0,9.8,0.402,0.331,0.15
6920,18.0,777.2,62.0,0.512,0.132,15.0,0.0,42.75,0.589,0.23,0.92
6921,3.0,34.69,2.0,0.141,0.058,62.0,1.0,10.79,0.143,0.025,0.21
6922,1.0,95.77,2.0,0.223,0.029,77.0,0.0,68.4,0.435,0.128,0.8
6923,21.0,825.72,48.0,0.273,0.12,8.0,2.0,39.61,0.842,0.246,1.32
6924,38.0,1847.89,51.0,0.046,0.059,10.0,4.0,49.08,0.191,0.469,2.07
6925,2.0,98.23,15.0,0.177,0.01,32.0,1.0,54.65,0.794,0.122,1.37
6926,9.0,649.06,28.0,0.119,0.013,5.0,0.0,76.27,0.254,0.128,1.18
6927,17.0,334.34,25.0,0.052,0.025,19.0,0.0,19.29,0.448,0.284,0.28
6928,40.0,1619.25,19.0,0.072,0.03,5.0,2.0,40.05,0.498,0.168,1.57
6929,18.0,673.16,28.0,0.184,0.013,12.0,2.0,37.55,0.26,0.177,2.51
6930,4.0,172.15,7.0,0.278,0.081,31.0,0.0,38.37,0.136,0.393,0.81
6931,8.0,456.19,28.0,0.018,0.069,14.0,1.0,54.22,0.429,0.275,1.6
6932,4.0,135.46,4.0,0.255,0.0,0.0,2.0,38.6,0.501,0.209,0.73
6933,3.0,39.71,10.0,0.245,0.079,41.0,0.0,15.06,0.592,0.43,1.6
6934,19.0,717.53,25.0,0.065,0.061,14.0,1.0,38.26,0.692,0.241,0.73
6935,1.0,141.9,4.0,0.038,0.007,105.0,0.0,128.14,0.155,0.093,1.58
6936,3.0,112.98,1.0,0.272,0.045,69.0,1.0,41.63,0.393,0.209,0.65
6937,3.0,150.02,3.0,0.078,0.022,84.0,0.0,59.44,0.194,0.062,0.0
6938,19.0,338.89,50.0,0.222,0.089,10.0,1.0,18.07,0.836,0.228,0.52
6939,1.0,22.83,3.0,0.073,0.017,75.0,0.0,19.53,0.317,0.011,1.31
6940,30.0,2312.13,46.0,0.041,0.0,6.0,1.0,78.26,0.427,0.286,1.01
6941,12.0,79.13,25.0,0.121,0.035,9.0,0.0,6.87,0.486,0.396,1.96
6942,40.86192703805139,1689.7937094002307,44.0,0.393,0.032,18.0,1.0,30.87,0.402,0.254,1.25
6943,0.0,42.63,1.0,0.092,0.031,164.0,0.0,42.63,0.266,0.0,1.85
6944,13.0,637.32,42.0,0.253,0.099,8.0,2.0,49.85,0.384,0.289,1.93
6945,0.0,198.66,5.0,0.218,0.047,17.0,1.0,198.66,0.415,0.139,0.84
6946,21.0,359.45,24.0,0.083,0.07,8.0,0.0,17.23,0.687,0.18,0.68
6947,2.0,48.55,1.0,0.155,0.0,138.0,0.0,21.75,0.428,0.022,0.87
6948,12.0,653.06,43.0,0.007,0.038,14.0,0.0,52.32,0.858,0.184,2.11
6949,3.0,81.31,12.0,0.173,0.033,21.0,0.0,28.58,0.519,0.286,0.94
6950,9.0,521.57,41.0,0.142,0.071,13.0,0.0,58.05,0.154,0.258,2.0
6951,2.0,19.73,12.0,0.038,0.031,5.0,2.0,10.43,0.286,0.143,0.55
6952,5.0,584.63,20.0,0.165,0.044,3.0,1.0,116.51,0.492,0.369,1.5
6953,2.0,244.77,7.0,0.145,0.061,60.0,0.0,109.31,0.552,0.2,0.0
6954,7.0,514.7,36.0,0.103,0.069,13.0,0.0,69.69,0.673,0.327,3.08
6955,11.0,365.76,27.0,0.095,0.025,6.0,0.0,33.96,0.524,,2.45
6956,16.0,436.14,19.0,0.065,0.065,20.0,0.0,26.45,0.517,0.47,1.0
6957,29.0,1857.01,50.0,0.074,0.012,11.0,3.0,64.49,0.427,0.092,2.1
6958,5.0,161.26,9.0,0.232,0.126,34.0,1.0,33.74,0.612,0.238,
6959,2.0,26.57,19.0,0.186,0.034,28.0,1.0,13.57,0.166,0.243,0.95
6960,2.0,57.97,15.0,0.304,0.059,27.0,0.0,25.39,0.465,0.107,0.53
6961,1.0,0.0,3.0,0.186,0.047,112.0,0.0,0.0,0.295,0.0,1.45
6962,3.0,211.89,11.0,0.126,0.03,23.0,2.0,61.2,0.839,0.0,0.0
6963,1.0,1.64,8.0,0.046,0.02,96.0,0.0,1.64,0.185,0.177,0.62
6964,1.0,30.68,10.0,0.238,0.067,3.0,1.0,30.68,0.737,0.127,0.67
6965,10.0,360.26,44.0,0.042,0.133,24.0,0.0,35.4,0.486,0.525,2.51
6966,27.0,2112.4,36.0,0.043,0.027,7.0,2.0,78.64,0.631,0.289,1.78
6967,5.0,101.45,7.0,0.287,0.081,74.0,0.0,21.79,0.029,0.268,0.79
6968,3.0,8.58,8.0,0.158,0.068,3.0,1.0,2.8,0.527,0.088,0.0
6969,46.0,1051.54,63.0,0.054,0.034,7.0,0.0,23.09,0.395,0.109,2.9
6970,0.0,81.51,11.0,0.117,0.03,45.0,2.0,81.51,0.382,0.164,1.18
6971,4.0,104.4,8.0,0.107,0.021,20.0,1.0,24.4,0.136,0.467,0.91
6972,37.0,1371.23,60.0,0.028,0.004,8.0,3.0,36.83,0.686,0.055,2.11
6973,3.0,66.0,6.0,0.136,0.014,18.0,1.0,24.14,0.109,0.285,0.11
6974,7.0,431.98,21.0,0.092,0.0,12.0,1.0,57.84,0.243,0.01,2.97
6975,4.0,96.09,8.0,0.109,0.0,29.0,1.0,26.22,0.19,0.206,1.66
6976,14.0,362.95,14.0,0.026,0.06,16.0,1.0,25.94,0.421,0.151,2.27
6977,16.0,734.47,41.0,0.263,0.115,4.0,2.0,46.07,0.741,0.365,1.22
6978,8.0,588.25,33.0,0.095,0.011,13.0,0.0,70.12,0.077,0.296,3.14
6979,16.0,506.32,20.0,0.149,0.073,7.0,1.0,31.16,0.134,0.185,1.68
6980,19.0,375.48,35.0,0.077,0.044,5.0,2.0,19.87,0.672,0.105,2.6
6981,13.0,321.14,19.0,0.198,0.0,13.0,2.0,25.62,0.453,0.34,
6982,15.0,562.46,32.0,0.069,0.0,27.0,2.0,37.14,0.594,0.205,1.86
6983,2.0,117.23,3.0,0.144,0.031,113.0,1.0,76.58,0.678,0.076,0.0
6984,13.0,471.25,33.0,0.314,0.074,12.0,0.0,37.4,0.551,0.008,1.6
6985,19.0,568.42,53.0,0.519,0.089,6.0,1.0,29.91,0.395,0.215,1.75
6986,29.0,2197.7,36.0,0.116,0.031,5.0,3.0,75.35,0.181,0.389,1.24
6987,3.0,261.57,8.0,0.204,0.05,21.0,0.0,75.42,0.335,0.319,0.42
6988,20.0,560.44,42.0,0.385,0.111,4.0,4.0,28.36,0.284,0.129,0.56
6989,12.0,530.15,40.0,0.063,0.064,14.0,2.0,44.48,0.596,0.268,1.0
6990,2.0,0.0,2.0,0.089,0.0,104.0,0.0,0.0,0.671,0.109,1.51
6991,5.0,119.98,13.0,0.207,0.066,16.0,1.0,26.46,0.126,0.253,0.0
6992,2.0,146.33,0.0,0.11,0.049,119.0,1.0,80.78,0.181,0.066,1.08
6993,4.0,198.04,0.0,0.156,0.051,30.0,0.0,51.88,0.377,0.406,2.32
6994,17.0,547.58,57.0,0.372,0.045,6.0,0.0,32.32,1.0,0.0,0.0
6995,2.0,79.76,6.0,0.184,0.033,25.0,0.0,38.75,0.329,0.004,1.4
6996,10.0,599.87,31.0,0.084,0.073,18.0,2.0,57.43,0.621,0.41,0.58
6997,35.0,1483.14,72.0,0.013,0.042,2.0,2.0,42.22,0.679,0.323,1.91
6998,6.0,7.79,7.0,0.265,0.036,38.0,0.0,1.2,0.499,0.279,1.97
6999,9.0,683.03,21.0,0.084,0.005,15.0,1.0,74.02,0.587,0.22,3.62
7000,17.0,236.17,36.0,0.094,0.098,21.0,1.0,14.05,0.371,0.338,1.06
7001,1.0,24.13,0.0,0.061,0.0,138.0,1.0,16.57,0.136,0.058,0.8
7002,26.0,1771.33,51.0,0.013,0.018,5.0,2.0,66.92,0.578,0.019,0.53
7003,0.0,122.35,7.0,0.158,0.038,52.0,0.0,122.35,0.202,0.0,0.0
7004,7.0,509.62,36.0,0.121,0.086,13.0,2.0,76.72,0.378,0.012,1.68
7005,5.0,75.91,5.0,0.176,0.048,26.0,1.0,14.39,0.835,0.132,0.35
7006,17.0,509.31,55.0,0.584,0.161,16.0,0.0,30.04,0.509,0.284,1.39
7007,10.0,396.79,22.0,0.1,0.069,21.0,1.0,41.3,0.451,0.31,1.91
7008,19.0,956.61,52.0,0.343,0.053,0.0,0.0,49.12,0.43,0.295,0.0
7009,8.0,611.39,25.0,0.092,0.041,24.0,0.0,72.58,0.229,0.35,2.12
7010,20.0,1072.59,38.0,0.058,0.022,17.0,3.0,53.24,0.445,0.351,2.37
7011,1.0,87.96,3.0,0.231,0.038,144.0,0.0,61.72,0.701,0.177,1.44
7012,12.0,287.35,34.0,0.107,0.017,17.0,3.0,24.86,0.387,0.166,2.29
7013,4.0,95.59,5.0,0.129,0.051,38.0,1.0,21.91,0.137,0.176,0.0
7014,4.0,169.11,11.0,0.292,0.033,49.0,0.0,42.04,0.326,0.303,1.36
7015,21.0,883.32,35.0,0.307,0.118,8.0,2.0,42.31,0.51,0.304,0.99
7016,3.0,118.29,9.0,0.039,0.069,14.0,0.0,42.2,0.483,0.371,1.48
7017,3.0,115.39,4.0,0.251,0.03,52.0,0.0,38.03,0.61,0.293,2.24
7018,7.0,167.93,9.0,0.057,0.056,10.0,1.0,23.66,0.558,0.307,0.6
7019,1.0,39.46,4.0,0.096,0.041,113.0,0.0,35.18,0.586,0.091,0.74
7020,16.0,323.83,30.0,0.096,0.113,14.0,1.0,20.5,0.207,0.31,2.38
7021,4.0,120.29,7.0,0.215,0.034,22.0,1.0,32.69,0.598,0.324,1.14
7022,3.0,54.12,12.0,0.15,0.056,35.0,1.0,17.47,0.367,0.0,0.0
7023,22.0,582.72,40.0,0.259,0.122,3.0,0.0,26.22,0.679,0.203,0.14
7024,25.0,1139.36,76.0,0.055,0.017,6.0,1.0,46.02,0.08,,2.55
7025,12.0,546.78,30.0,0.118,0.097,6.0,1.0,45.18,0.814,0.237,2.78
7026,3.0,173.15,6.0,,0.036,51.0,1.0,68.74,0.773,0.206,0.54
7027,4.0,132.04,8.0,0.239,0.035,26.0,1.0,35.9,0.192,0.045,0.26
7028,8.0,632.38,3.0,0.099,0.041,27.0,0.0,75.29,0.231,0.296,1.76
7029,4.0,40.9,3.0,0.075,0.013,48.0,0.0,10.56,0.596,0.0,0.3
7030,3.0,0.0,6.0,0.046,0.057,25.0,0.0,0.0,0.619,0.354,0.89
7031,12.0,754.66,18.0,0.131,0.053,8.0,0.0,65.53,0.119,0.193,1.89
7032,15.0,565.29,26.0,0.106,0.028,12.0,2.0,36.93,0.817,0.257,0.49
7033,15.0,701.12,17.0,0.053,0.067,20.0,0.0,45.72,0.614,0.063,2.32
7034,41.38735521315405,1750.7676587510202,34.0,0.008,0.108,18.0,0.0,39.79,0.473,0.176,1.34
7035,10.0,204.09,23.0,0.085,0.04,20.0,0.0,21.4,0.433,0.062,0.89
7036,19.0,852.02,42.0,0.408,0.099,2.0,1.0,44.02,0.495,0.365,0.0
7037,20.0,579.53,56.0,0.279,0.0,6.0,2.0,29.18,0.519,0.429,2.51
7038,25.0,2051.9,71.0,0.085,0.038,13.0,1.0,83.55,0.094,0.212,0.03
7039,3.0,78.55,3.0,0.105,0.032,111.0,0.0,24.21,0.309,0.0,1.57
7040,0.0,214.59,2.0,0.163,0.032,4.0,0.0,214.59,0.757,0.217,1.99
7041,4.0,102.11,5.0,0.181,0.053,0.0,1.0,28.08,0.055,0.186,0.64
7042,3.0,159.64,10.0,0.194,0.037,34.0,1.0,54.75,0.2,0.321,1.55
7043,3.0,50.82,13.0,0.269,0.04,56.0,2.0,16.14,0.457,0.29,0.83
7044,37.0,1941.84,63.0,0.12,0.04,9.0,2.0,52.02,0.395,0.322,2.34
7045,3.0,58.24,4.0,0.078,0.041,128.0,2.0,23.18,0.113,0.146,0.29
7046,12.0,340.63,39.0,0.133,0.04,14.0,1.0,27.69,0.826,0.21,1.37
7047,1.0,72.78,6.0,0.115,0.0,75.0,1.0,72.78,0.305,0.0,0.88
7048,14.0,573.66,46.0,0.327,0.077,0.0,1.0,41.87,0.756,0.444,1.66
7049,2.0,167.44,3.0,0.116,0.0,21.0,0.0,99.26,0.456,0.328,0.28
7050,7.0,148.9,7.0,0.198,0.072,43.0,0.0,22.52,0.21,0.314,1.18
7051,1.0,21.95,6.0,0.164,0.035,45.0,0.0,21.95,0.769,0.28,2.09
7052,20.0,701.62,50.0,0.487,0.113,2.0,0.0,34.78,0.227,0.164,1.34
7053,2.0,165.24,6.0,0.278,0.117,33.0,0.0,70.24,0.485,0.193,0.58
7054,9.0,579.31,26.0,0.154,0.036,20.0,2.0,64.89,0.648,0.149,0.9
7055,2.0,105.29,8.0,0.265,0.064,25.0,2.0,70.15,0.166,0.273,1.15
7056,18.0,521.04,27.0,0.108,0.077,9.0,0.0,28.35,0.21,0.276,2.16
7057,11.0,449.39,33.0,,0.055,0.0,2.0,39.45,0.203,0.0,1.35
7058,2.0,124.53,8.0,0.11,0.053,29.0,0.0,57.72,0.033,0.093,0.0
7059,11.0,616.34,34.0,0.0,0.049,11.0,2.0,55.54,0.66,0.189,2.77
7060,35.0,2639.78,66.0,0.085,0.049,11.0,0.0,75.48,0.473,0.228,2.67
7061,0.0,35.93,2.0,0.043,0.049,55.0,0.0,35.93,0.123,0.0,1.71
7062,1.0,126.23,7.0,0.196,0.078,36.0,0.0,126.23,0.805,0.214,1.27
7063,13.0,664.28,15.0,0.027,0.048,13.0,0.0,52.7,0.15,0.08,0.38
7064,4.0,102.39,6.0,0.269,0.041,54.0,1.0,24.88,0.461,0.0,1.48
7065,13.0,907.52,47.0,0.24,0.129,10.0,1.0,69.56,0.59,0.194,0.76
7066,5.0,119.63,11.0,0.183,0.061,42.0,1.0,24.72,0.056,0.419,0.91
7067,10.0,284.71,33.0,0.043,0.095,19.0,1.0,29.26,0.767,0.21,1.85
7068,12.0,388.14,19.0,0.153,0.03,18.0,1.0,31.36,0.373,0.159,3.28
7069,6.0,143.31,8.0,0.159,0.0,35.0,1.0,22.15,0.392,0.059,0.0
7070,1.0,80.7,0.0,0.14,0.04,60.0,1.0,80.7,0.629,0.075,0.39
7071,10.0,536.74,31.0,0.032,0.065,4.0,4.0,55.8,0.594,0.162,2.24
7072,9.0,451.22,28.0,0.048,0.063,11.0,0.0,48.69,0.261,0.29,1.18
7073,14.0,720.58,8.0,0.099,0.0,17.0,0.0,51.21,0.295,0.196,1.61
7074,3.0,88.89,3.0,0.195,0.0,49.0,1.0,25.6,0.273,,0.02
7075,15.0,1307.81,52.0,0.055,0.045,2.0,3.0,88.09,0.418,0.175,2.23
7076,23.0,1796.06,63.0,0.039,0.039,5.0,1.0,76.89,0.261,0.125,2.81
7077,17.0,714.71,58.0,0.352,0.042,0.0,0.0,42.1,0.956,0.198,0.66
7078,14.0,733.05,33.0,0.158,0.082,11.0,1.0,51.74,0.473,0.275,1.4
7079,38.0,2035.66,37.0,0.02,0.01,11.0,1.0,53.49,0.569,0.099,2.13
7080,40.0,1648.25,31.0,0.074,0.037,11.0,1.0,41.33,0.196,0.165,1.99
7081,16.0,1975.9,57.0,0.045,0.038,8.0,2.0,124.83,0.448,0.286,2.1
7082,18.0,616.87,37.0,0.356,0.055,17.0,3.0,34.28,0.489,0.313,1.52
7083,4.0,165.08,7.0,0.252,0.046,41.0,0.0,43.95,0.274,0.343,1.1
7084,32.0,2110.3,50.0,0.046,0.019,3.0,0.0,66.65,0.465,0.044,2.03
7085,2.0,27.33,0.0,0.206,0.034,32.0,0.0,12.05,0.34,0.153,0.9
7086,13.0,391.09,21.0,0.168,0.038,10.0,0.0,29.6,0.21,0.299,2.42
7087,3.0,133.0,3.0,0.235,0.003,49.0,1.0,39.74,0.202,0.429,0.17
7088,11.0,665.62,29.0,0.123,0.107,14.0,1.0,61.99,0.543,0.267,1.58
7089,16.0,397.79,19.0,0.126,0.076,1.0,0.0,24.77,0.319,0.26,2.29
7090,15.0,821.91,17.0,0.123,0.044,12.0,1.0,53.21,0.059,0.419,2.11
7091,3.0,0.0,4.0,0.229,0.061,13.0,0.0,0.0,0.512,0.41,0.0
7092,11.0,589.84,21.0,0.14,0.049,14.0,2.0,52.31,0.149,0.18,1.56
7093,18.0,681.07,63.0,0.416,0.068,5.0,0.0,37.92,0.77,0.199,1.83
7094,5.0,92.87,16.0,0.216,0.055,0.0,0.0,19.87,0.214,0.504,0.78
7095,45.0,2154.25,49.0,0.034,0.034,8.0,0.0,47.68,0.045,0.189,2.07
7096,16.0,689.4,29.0,0.217,0.056,13.0,1.0,43.82,0.409,0.231,2.51
7097,3.0,85.4,10.0,0.165,0.06,38.0,0.0,30.05,0.515,0.197,1.92
7098,5.0,521.57,25.0,0.065,0.0,15.0,2.0,108.36,0.248,0.078,1.38
7099,3.0,76.01,14.0,0.0,0.052,8.0,3.0,23.01,0.163,0.178,0.52
7100,16.0,438.86,39.0,0.437,0.108,7.0,0.0,27.35,0.514,0.295,1.26
7101,4.0,60.77,1.0,0.205,0.074,38.0,1.0,17.21,0.327,0.228,0.04
7102,11.0,462.04,27.0,0.116,0.04,9.0,0.0,41.79,0.257,0.112,2.71
7103,1.0,238.67,0.0,0.43,0.049,43.0,2.0,238.67,0.521,0.269,
7104,26.0,2412.5,60.0,0.021,0.053,6.0,1.0,94.18,0.479,0.182,2.43
7105,5.0,133.95,6.0,0.17,0.033,41.0,0.0,24.91,0.467,0.441,1.84
7106,1.0,37.82,2.0,0.105,0.004,131.0,1.0,25.93,0.659,0.041,1.57
7107,3.0,156.82,8.0,0.113,0.025,45.0,0.0,51.66,0.256,0.085,0.0
7108,24.0,1955.82,53.0,0.048,0.036,5.0,2.0,81.89,0.467,0.195,1.14
7109,11.0,586.2,33.0,0.148,0.011,17.0,0.0,52.72,0.708,0.133,2.2
7110,14.0,682.64,34.0,0.075,0.073,13.0,2.0,50.27,0.405,0.393,1.63
7111,23.0,439.24,54.0,0.341,0.079,6.0,0.0,19.49,0.399,0.02,0.47
7112,2.0,187.51,9.0,0.174,0.043,45.0,2.0,76.76,0.067,0.19,0.69
7113,3.0,112.36,5.0,0.17,0.0,7.0,0.0,38.7,0.151,0.194,0.56
7114,2.0,143.31,3.0,0.105,0.041,63.0,0.0,69.72,0.595,0.033,1.41
7115,2.0,94.47,6.0,0.199,0.096,14.0,1.0,45.47,0.768,0.223,2.18
7116,27.0,2070.03,63.0,0.098,0.045,4.0,1.0,77.51,0.432,0.161,2.68
7117,9.0,629.87,26.0,0.125,0.008,15.0,2.0,67.08,0.159,0.347,1.22
7118,29.0,1464.36,45.0,0.021,0.009,5.0,1.0,50.79,0.865,0.198,2.65
7119,4.0,196.8,3.0,0.155,0.0,44.0,1.0,48.19,0.409,0.203,0.97
7120,25.0,611.05,47.0,0.224,0.062,2.0,2.0,24.13,0.714,0.289,1.58
7121,29.0,596.06,52.0,0.503,0.074,7.0,0.0,20.27,0.317,0.367,0.05
7122,13.0,751.6,24.0,0.011,0.061,13.0,1.0,56.66,0.749,0.361,3.37
7123,4.0,78.94,9.0,0.251,0.012,17.0,0.0,19.49,0.502,0.376,0.71
7124,1.0,143.9,12.0,0.134,0.053,17.0,0.0,143.9,0.41,0.112,0.65
7125,2.0,150.36,10.0,0.167,0.0,56.0,1.0,82.06,0.095,0.186,1.79
7126,3.0,64.45,10.0,0.205,0.037,11.0,1.0,20.17,0.439,0.161,1.18
7127,1.0,149.61,2.0,0.107,0.041,48.0,0.0,121.83,0.361,0.0,0.95
7128,35.0,2310.75,67.0,0.019,0.028,13.0,2.0,66.58,0.278,0.145,1.07
7129,12.0,678.71,41.0,0.096,0.0,7.0,1.0,54.62,0.513,0.157,2.91
7130,6.0,468.65,22.0,0.027,0.033,14.0,1.0,74.11,0.578,0.044,2.95
7131,8.0,179.69,4.0,0.087,0.007,0.0,1.0,21.68,0.272,0.346,0.21
7132,34.0,1077.08,52.0,0.036,0.065,8.0,0.0,31.53,0.365,0.058,1.65
7133,9.0,491.93,22.0,0.071,0.058,16.0,3.0,55.16,0.378,0.296,1.77
7134,19.0,632.57,29.0,0.119,0.035,13.0,2.0,33.53,0.085,0.242,1.42
7135,14.0,523.19,21.0,,0.014,18.0,1.0,36.31,0.625,0.018,1.0
7136,39.0,1595.17,72.0,0.094,0.024,4.0,2.0,41.41,0.368,0.066,2.31
7137,10.0,849.59,25.0,0.119,0.054,17.0,1.0,82.93,0.345,0.233,1.74
7138,16.0,712.9,36.0,0.116,0.081,13.0,1.0,43.93,0.137,0.285,2.56
7139,15.0,638.85,33.0,0.119,0.001,7.0,2.0,41.76,0.65,0.106,2.85
7140,5.0,72.41,13.0,0.153,0.009,48.0,0.0,15.47,0.707,0.104,0.0
7141,2.0,75.24,2.0,0.1,0.0,93.0,0.0,36.37,0.531,0.0,1.16
7142,34.0,1402.5,44.0,0.084,0.04,8.0,0.0,41.46,0.126,0.266,2.44
7143,15.0,827.39,53.0,0.43,0.206,20.0,0.0,57.06,0.57,0.047,2.26
7144,4.0,176.34,5.0,0.231,0.017,43.0,0.0,40.56,0.569,0.33,0.59
7145,20.0,924.48,39.0,0.107,0.07,13.0,0.0,45.54,0.527,0.257,2.68
7146,3.0,43.51,9.0,0.288,0.03,34.0,2.0,15.33,0.226,0.224,0.8
7147,0.0,18.41,9.0,0.152,0.069,28.0,0.0,18.41,0.261,0.223,2.02
7148,2.0,57.54,1.0,0.148,0.052,61.0,1.0,33.76,0.392,0.38,0.02
7149,16.0,411.1,16.0,0.108,0.047,19.0,2.0,26.03,0.274,0.198,1.47
7150,18.0,453.43,42.0,0.391,0.045,11.0,0.0,25.04,0.408,0.142,2.4
7151,33.0,1435.6,68.0,0.014,0.053,8.0,3.0,42.96,0.196,0.298,1.24
7152,10.0,382.54,20.0,0.046,0.035,10.0,3.0,39.24,0.646,0.013,2.06
7153,11.0,488.02,34.0,0.092,0.0,15.0,1.0,42.95,0.289,0.11,2.48
7154,3.0,47.17,2.0,0.095,0.005,76.0,0.0,16.51,0.692,0.02,0.41
7155,2.0,178.0,12.0,0.215,0.041,50.0,0.0,82.85,0.814,0.327,1.36
7156,14.0,537.68,35.0,0.077,0.055,24.0,0.0,38.06,0.583,0.297,1.58
7157,16.0,745.89,44.0,0.414,0.148,2.0,1.0,46.55,0.761,0.119,1.38
7158,14.0,529.53,28.0,0.109,0.014,0.0,1.0,37.74,0.75,0.177,2.06
7159,14.0,414.26,21.0,0.02,0.076,18.0,3.0,30.25,0.394,0.166,1.04
7160,2.0,68.62,12.0,0.238,0.07,15.0,0.0,32.33,0.505,0.296,0.0
7161,13.0,411.48,19.0,0.049,0.022,8.0,1.0,30.94,0.365,0.098,1.15
7162,18.0,1423.07,39.0,0.068,0.051,5.0,2.0,76.99,0.759,0.354,1.53
7163,0.0,67.69,10.0,0.197,0.026,55.0,0.0,67.69,0.474,0.155,1.35
7164,0.0,141.27,3.0,0.238,0.048,32.0,0.0,141.27,0.433,0.153,0.62
7165,18.0,598.1,56.0,0.413,0.095,18.0,2.0,33.15,0.46,0.486,0.0
7166,34.0,1509.96,53.0,0.091,0.055,3.0,0.0,44.05,0.055,0.01,0.88
7167,1.0,133.87,11.0,0.179,0.022,59.0,1.0,133.87,0.372,0.066,1.0
7168,2.0,103.35,2.0,0.143,0.089,103.0,0.0,46.78,0.154,0.0,0.89
7169,4.0,158.85,6.0,0.296,0.03,41.0,1.0,43.55,0.057,0.16,0.98
7170,14.0,213.5,26.0,0.246,0.019,12.0,1.0,15.73,0.486,0.371,1.6
7171,25.0,2080.15,47.0,0.01,0.049,0.0,1.0,82.06,0.463,0.2,0.0
7172,1.0,0.0,6.0,0.119,0.033,110.0,0.0,0.0,0.76,0.0,2.1
7173,4.0,282.94,33.0,0.039,0.035,12.0,0.0,62.99,0.704,0.172,1.31
7174,25.0,2009.19,53.0,0.066,0.025,3.0,2.0,79.16,0.251,0.241,2.82
7175,20.0,179.35,35.0,0.146,0.005,8.0,0.0,8.91,0.493,0.072,2.06
7176,16.0,386.19,27.0,0.018,0.084,9.0,2.0,24.05,0.395,0.063,2.57
7177,1.0,39.35,5.0,0.249,0.068,125.0,1.0,29.78,0.256,0.129,2.47
7178,0.0,162.85,6.0,0.35,0.072,43.0,0.0,162.85,0.233,0.233,1.45
7179,0.0,34.7,5.0,0.183,0.051,67.0,0.0,34.7,0.627,0.0,1.51
7180,16.0,847.65,25.0,0.152,0.102,0.0,2.0,52.35,0.402,0.25,2.07
7181,11.0,471.23,37.0,0.374,0.019,4.0,0.0,44.04,0.962,0.176,0.0
7182,16.0,590.11,40.0,0.462,0.215,12.0,0.0,37.23,0.923,0.294,0.49
7183,33.0,1067.94,55.0,0.052,0.024,5.0,3.0,32.26,0.527,0.159,2.31
7184,6.0,129.06,9.0,0.105,0.017,38.0,0.0,22.37,0.157,0.229,1.96
7185,19.0,843.42,32.0,0.483,0.079,18.0,0.0,43.95,0.38,0.177,0.65
7186,15.0,262.43,29.0,0.131,0.037,11.0,0.0,17.63,0.508,0.119,1.53
7187,0.0,16.42,7.0,0.12,0.081,40.0,2.0,16.42,0.075,0.333,1.44
7188,2.0,151.71,9.0,0.317,0.054,57.0,1.0,79.92,0.523,0.125,1.33
7189,2.0,0.0,3.0,0.145,0.031,143.0,1.0,0.0,0.459,0.025,0.15
7190,2.0,35.1,3.0,0.041,0.0,142.0,1.0,15.65,0.217,0.054,2.8
7191,5.0,102.98,8.0,0.276,0.065,31.0,0.0,22.33,0.327,0.184,0.61
7192,19.0,238.48,42.0,0.368,0.066,19.0,2.0,12.45,0.418,0.285,0.24
7193,2.0,193.33,13.0,0.06,0.069,78.0,1.0,101.22,0.58,0.216,1.03
7194,0.0,53.1,2.0,0.159,0.0,95.0,1.0,53.1,0.442,0.0,0.0
7195,12.0,732.63,33.0,0.073,0.078,13.0,0.0,58.84,0.159,0.0,0.78
7196,17.0,624.38,47.0,0.314,0.16,10.0,0.0,35.87,0.751,0.025,1.15
7197,1.0,181.66,6.0,0.113,0.022,7.0,2.0,181.66,0.142,0.337,2.84
7198,1.0,81.07,0.0,0.052,0.013,25.0,1.0,81.07,0.537,0.216,1.6
7199,24.0,2178.29,64.0,0.036,0.081,10.0,1.0,92.46,0.719,0.071,2.24
7200,11.0,688.95,27.0,0.043,0.034,17.0,1.0,62.19,0.302,0.122,0.88
7201,14.0,490.77,32.0,0.107,0.044,3.0,2.0,35.66,0.434,0.104,1.62
7202,3.0,112.41,3.0,0.219,0.05,41.0,1.0,44.22,0.182,0.149,0.29
7203,15.0,541.59,33.0,0.045,0.0,18.0,1.0,35.21,0.256,0.344,2.41
7204,9.0,1002.02,28.0,0.529,0.082,0.0,2.0,108.81,0.925,0.354,0.49
7205,39.0,1859.51,69.0,0.054,0.062,5.0,1.0,47.66,0.462,0.124,2.52
7206,0.0,128.7,4.0,0.268,0.034,52.0,0.0,128.7,0.313,0.421,2.14
7207,11.0,528.46,27.0,0.007,0.037,9.0,1.0,46.41,0.483,0.137,1.83
7208,28.0,1996.96,52.0,0.081,0.035,12.0,1.0,71.14,0.303,0.276,1.23
7209,15.0,450.47,23.0,0.096,0.019,24.0,0.0,30.94,0.409,0.503,1.48
7210,16.0,365.64,36.0,0.334,0.142,14.0,0.0,22.46,0.464,0.164,1.91
7211,14.0,763.33,35.0,0.13,,0.0,0.0,53.12,0.228,0.0,2.38
7212,15.0,1800.09,17.0,0.098,0.037,2.0,0.0,122.69,0.306,0.225,1.7
7213,2.0,54.06,6.0,0.161,0.0,161.0,1.0,28.57,0.656,0.125,1.03
7214,4.0,132.06,4.0,0.293,0.087,36.0,0.0,29.54,0.246,0.263,0.63
7215,3.0,211.26,11.0,0.154,0.062,45.0,0.0,70.49,0.551,0.174,0.76
7216,10.0,650.12,36.0,0.13,0.05,1.0,1.0,68.42,0.495,0.242,1.19
7217,13.0,532.36,41.0,0.423,0.11,6.0,0.0,39.69,0.482,0.236,0.47
7218,0.0,62.06,3.0,0.192,0.066,20.0,0.0,62.06,0.489,0.169,0.39
7219,1.0,34.54,5.0,0.259,0.021,126.0,0.0,34.54,0.275,0.084,0.89
7220,16.0,1887.48,70.0,0.036,0.022,13.0,0.0,116.07,0.161,0.229,2.43
7221,19.0,2608.1,103.0,0.022,0.037,20.0,0.0,135.46,0.185,0.214,1.93
7222,21.0,831.15,23.0,0.458,,8.0,0.0,39.66,0.522,0.333,1.73
7223,1.0,0.0,3.0,0.132,0.045,147.0,1.0,0.0,0.484,0.208,2.18
7224,1.0,177.01,10.0,0.328,0.011,44.0,0.0,124.99,0.164,0.402,2.33
7225,12.0,926.4,48.0,0.409,0.097,12.0,2.0,80.32,0.435,0.182,1.25
7226,27.0,2605.68,59.0,0.027,0.052,4.0,4.0,96.72,0.104,0.0,1.69
7227,3.0,56.06,6.0,0.074,0.005,178.0,0.0,20.93,0.188,0.069,0.0
7228,7.0,182.15,3.0,0.104,0.0,67.0,0.0,24.97,0.666,0.24,0.65
7229,13.0,519.32,23.0,0.412,0.102,13.0,1.0,39.56,0.277,0.308,1.17
7230,4.0,105.72,1.0,0.15,0.088,31.0,1.0,27.92,0.363,0.366,0.55
7231,5.0,138.4,4.0,0.178,0.046,50.0,0.0,27.04,0.762,0.275,1.51
7232,2.0,38.53,3.0,0.12,0.037,140.0,0.0,23.92,0.157,0.211,0.0
7233,4.0,114.81,4.0,0.119,0.042,23.0,0.0,31.9,0.729,0.378,2.24
7234,14.0,453.43,37.0,0.155,0.024,15.0,2.0,31.74,0.032,0.374,2.09
7235,15.0,972.83,25.0,0.32,0.057,1.0,2.0,65.85,0.57,0.506,0.98
7236,10.0,482.19,29.0,0.128,0.071,22.0,0.0,47.43,0.371,0.355,1.85
7237,3.0,233.8,9.0,0.339,0.069,33.0,0.0,71.13,0.553,0.345,1.16
7238,8.0,625.08,30.0,0.089,0.0,7.0,1.0,74.07,0.49,0.223,3.26
7239,20.0,615.04,17.0,0.111,0.067,4.0,0.0,30.42,0.076,0.209,0.74
7240,28.0,2269.0,53.0,0.057,0.032,13.0,2.0,82.02,0.348,0.142,1.45
7241,1.0,183.47,10.0,0.034,0.059,34.0,1.0,183.47,0.465,0.461,1.04
7242,13.0,226.63,27.0,0.133,0.111,17.0,1.0,17.7,0.13,0.269,1.75
7243,13.0,826.9,23.0,0.102,0.038,8.0,2.0,63.41,0.634,0.409,1.4
7244,13.0,700.89,34.0,0.401,0.046,4.0,0.0,52.7,0.277,0.326,0.48
7245,2.0,63.09,5.0,0.16,0.018,16.0,0.0,38.4,0.109,0.1,1.08
7246,14.0,648.43,46.0,0.501,0.075,8.0,1.0,47.28,0.327,0.282,1.08
7247,11.0,98.31,36.0,0.088,0.034,17.0,2.0,8.7,0.276,0.258,1.95
7248,16.0,828.35,27.0,0.49,0.027,9.0,0.0,50.85,0.82,0.042,0.0
7249,14.0,604.72,20.0,0.145,0.004,15.0,3.0,44.26,0.378,0.072,1.97
7250,15.0,578.19,46.0,0.267,0.106,9.0,1.0,39.31,0.477,0.354,0.96
7251,13.0,437.96,29.0,0.121,0.03,12.0,1.0,33.2,0.37,0.116,1.81
7252,10.0,566.57,18.0,0.087,0.051,16.0,1.0,55.29,0.635,0.206,2.62
7253,4.0,198.2,4.0,0.234,0.0,10.0,0.0,51.12,0.463,0.209,0.8
7254,4.0,97.82,10.0,0.141,0.05,42.0,1.0,23.87,0.169,0.003,0.46
7255,14.0,1608.41,78.0,0.104,0.027,3.0,1.0,115.6,0.576,0.202,1.68
7256,16.0,593.03,36.0,0.165,0.051,6.0,0.0,36.32,0.618,0.239,1.95
7257,9.0,372.44,27.0,0.107,0.044,7.0,3.0,43.06,0.459,0.332,1.86
7258,19.0,670.87,23.0,0.331,0.052,12.0,1.0,36.14,0.707,0.218,2.01
7259,3.0,67.08,5.0,0.07,0.0,134.0,1.0,19.58,0.6,0.0,0.87
7260,33.0,1515.39,62.0,0.058,0.074,11.0,2.0,45.26,0.332,0.229,2.38
7261,3.0,149.16,7.0,0.344,0.052,6.0,1.0,51.85,0.771,0.204,0.94
7262,11.0,440.84,29.0,0.07,0.084,10.0,0.0,41.79,0.149,0.0,2.25
7263,2.0,110.63,0.0,0.16,0.052,44.0,1.0,46.79,0.721,0.324,
7264,13.0,1218.38,45.0,0.348,0.15,15.0,0.0,90.69,0.63,0.374,1.56
7265,5.0,192.59,9.0,0.221,0.0,34.0,0.0,42.76,0.401,0.169,0.49
7266,7.0,702.49,24.0,0.107,0.053,11.0,2.0,97.37,0.357,0.259,1.44
7267,13.0,642.56,36.0,0.233,0.044,16.0,0.0,50.73,0.403,0.246,1.63
7268,15.0,387.28,34.0,0.225,0.03,9.0,2.0,25.01,0.282,0.354,0.0
7269,38.0,1848.45,33.0,0.13,0.005,3.0,1.0,49.27,0.651,,2.1
7270,2.0,164.24,7.0,0.187,0.019,6.0,0.0,70.71,0.314,0.16,0.0
7271,14.0,1756.42,61.0,0.084,0.014,10.0,1.0,128.15,0.817,0.156,1.0
7272,9.0,510.84,40.0,0.104,0.033,10.0,2.0,56.69,0.761,0.132,2.07
7273,20.0,560.52,31.0,0.429,0.132,24.0,1.0,27.54,0.532,0.202,0.15
7274,23.0,1588.27,52.0,0.019,0.033,1.0,0.0,68.59,0.281,0.152,0.77
7275,1.0,49.37,5.0,0.091,0.027,93.0,1.0,49.03,0.517,0.028,1.19
7276,3.0,88.61,3.0,0.114,0.026,37.0,0.0,31.58,0.436,0.21,1.64
7277,4.0,127.78,11.0,0.12,0.069,35.0,2.0,36.39,0.619,0.188,0.74
7278,26.0,1820.36,48.0,0.048,0.015,7.0,1.0,69.21,0.59,0.187,1.5
7279,5.0,65.63,16.0,0.23,0.008,50.0,0.0,12.89,0.734,0.314,1.8
7280,7.0,76.38,6.0,0.329,0.047,56.0,0.0,10.28,0.744,0.181,1.02
7281,3.0,103.07,3.0,0.108,0.023,48.0,0.0,31.47,0.444,0.015,1.59
7282,2.0,189.15,8.0,0.147,0.071,61.0,0.0,87.96,0.44,0.216,0.84
7283,14.0,274.36,29.0,0.014,0.018,11.0,1.0,19.75,0.388,0.118,3.94
7284,1.0,135.48,7.0,0.15,0.014,32.0,1.0,99.26,0.551,0.367,0.77
7285,20.0,599.71,22.0,0.11,0.067,8.0,2.0,29.5,0.224,0.119,2.11
7286,5.0,145.02,8.0,0.025,0.03,32.0,0.0,26.68,0.215,0.054,0.49
7287,18.0,628.78,43.0,0.35,0.122,6.0,2.0,34.58,0.606,0.264,0.66
7288,26.0,1839.72,58.0,0.113,0.071,5.0,2.0,71.33,0.37,0.123,1.55
7289,13.0,377.27,26.0,0.127,0.078,20.0,2.0,29.05,0.371,0.295,1.28
7290,50.0,2232.45,53.0,0.016,0.076,10.0,2.0,44.52,0.266,0.258,2.77
7291,2.0,29.3,0.0,0.097,0.02,83.0,0.0,13.66,0.284,0.024,0.66
7292,6.0,126.73,10.0,0.118,0.081,24.0,1.0,21.96,0.277,0.214,0.93
7293,10.0,432.46,24.0,0.05,0.085,16.0,0.0,43.96,0.49,0.318,1.65
7294,1.0,149.53,5.0,0.185,0.043,51.0,2.0,108.27,0.162,0.094,1.21
7295,8.0,126.94,8.0,0.283,0.052,38.0,1.0,16.59,0.309,0.298,2.21
7296,31.0,2111.03,65.0,0.074,0.041,9.0,2.0,68.28,0.209,0.157,1.71
7297,2.0,222.75,4.0,0.11,0.054,23.0,1.0,110.15,0.819,0.151,0.8
7298,4.0,166.31,8.0,0.206,0.07,45.0,0.0,39.59,0.442,0.109,1.94
7299,14.0,542.11,55.0,0.255,0.141,12.0,1.0,39.2,0.455,0.36,0.62
7300,2.0,421.95,53.0,0.0,0.043,15.0,0.0,170.63,0.822,0.174,2.02
7301,9.0,408.37,29.0,0.085,0.091,7.0,2.0,46.46,0.372,0.199,2.99
7302,1.0,135.32,1.0,0.147,0.05,133.0,0.0,135.32,0.626,0.0,0.64
7303,18.0,514.99,26.0,0.388,0.098,17.0,1.0,28.04,0.796,0.099,1.25
7304,1.0,64.91,15.0,0.235,0.085,57.0,1.0,64.91,0.197,0.103,0.21
7305,27.0,1954.11,80.0,0.049,0.036,7.0,2.0,71.71,0.198,0.19,1.41
7306,9.0,646.67,14.0,0.118,0.057,10.0,2.0,69.12,0.115,0.214,0.41
7307,2.0,80.13,4.0,0.115,0.022,126.0,1.0,46.49,0.183,0.086,1.02
7308,21.0,832.09,48.0,0.388,0.125,4.0,1.0,39.01,0.238,0.177,2.68
7309,12.0,357.61,18.0,0.079,0.008,11.0,1.0,29.33,0.537,0.184,1.47
7310,1.0,43.9,5.0,0.174,0.001,63.0,0.0,43.9,0.379,0.1,1.48
7311,17.0,384.15,31.0,0.126,0.05,5.0,2.0,23.06,0.214,0.282,2.99
7312,13.0,422.21,36.0,0.109,0.036,9.0,2.0,32.0,0.132,0.218,2.55
7313,13.0,710.78,27.0,0.062,0.049,14.0,0.0,55.97,0.526,0.331,2.28
7314,2.0,24.68,18.0,0.146,0.049,7.0,0.0,13.21,0.473,0.165,1.11
7315,11.0,591.79,18.0,0.058,0.086,8.0,1.0,53.89,0.421,0.179,2.52
7316,30.0,2116.21,49.0,0.071,0.032,5.0,1.0,71.27,0.195,0.053,2.48
7317,3.0,132.43,13.0,0.206,0.0,39.0,0.0,41.89,0.098,0.39,0.19
7318,2.0,47.75,3.0,0.1,0.05,127.0,1.0,25.22,0.406,0.0,0.87
7319,2.0,191.75,3.0,0.104,0.023,0.0,0.0,104.36,0.493,0.242,1.43
7320,2.0,93.26,7.0,0.195,0.076,28.0,0.0,43.66,0.465,0.153,1.82
7321,5.0,100.42,11.0,,0.011,64.0,0.0,19.45,0.515,0.133,2.07
7322,3.0,68.06,2.0,0.123,0.035,75.0,0.0,21.5,0.387,0.003,0.7
7323,19.0,1847.15,33.0,0.065,0.048,13.0,1.0,95.32,0.606,0.0,2.33
7324,5.0,194.17,5.0,0.125,0.021,48.0,0.0,42.29,0.413,0.267,0.29
7325,6.0,548.48,23.0,0.141,0.057,5.0,2.0,90.66,0.72,0.189,1.25
7326,14.0,657.5,21.0,0.086,0.054,23.0,1.0,47.64,0.113,0.202,2.58
7327,3.0,98.25,2.0,0.085,0.06,99.0,0.0,35.47,0.157,0.0,1.6
7328,1.0,226.99,17.0,0.17,0.04,23.0,2.0,183.65,0.49,0.301,1.18
7329,7.0,338.65,28.0,0.06,0.041,17.0,1.0,51.95,0.542,0.185,2.26
7330,17.0,436.98,41.0,0.093,0.04,13.0,0.0,25.05,0.225,0.249,3.27
7331,10.0,440.38,35.0,0.118,0.042,4.0,0.0,44.04,0.518,0.338,3.91
7332,14.0,353.27,24.0,0.121,0.076,11.0,3.0,25.68,0.489,0.367,
7333,2.0,30.79,4.0,0.044,0.04,96.0,0.0,16.7,0.393,0.072,1.31
7334,30.0,1990.67,62.0,0.069,0.08,5.0,0.0,66.47,0.758,0.264,2.88
7335,10.0,280.93,27.0,0.203,0.007,17.0,0.0,28.66,0.428,0.118,2.23
7336,6.0,179.84,10.0,0.124,0.011,39.0,1.0,30.83,0.346,0.111,0.61
7337,8.0,115.01,1.0,0.173,0.039,63.0,0.0,14.43,0.451,0.2,0.05
7338,10.0,469.47,34.0,0.089,0.058,0.0,0.0,48.17,0.22,0.375,1.57
7339,9.0,349.76,29.0,0.119,0.071,16.0,0.0,39.41,0.034,0.484,1.73
7340,18.0,593.98,24.0,0.394,0.052,11.0,1.0,33.15,0.577,0.234,1.53
7341,27.0,2212.25,46.0,0.069,0.027,2.0,0.0,81.94,0.108,0.444,2.08
7342,6.0,508.75,24.0,0.089,0.014,19.0,2.0,78.98,0.634,0.172,2.4
7343,22.0,678.13,46.0,0.502,0.132,14.0,2.0,30.92,0.624,0.0,1.06
7344,14.0,495.02,26.0,0.111,0.0,12.0,0.0,36.54,0.531,0.339,2.96
7345,17.0,490.45,34.0,0.192,0.0,11.0,0.0,28.13,0.608,0.065,2.5
7346,1.0,120.79,7.0,0.264,0.0,19.0,1.0,93.07,0.334,0.296,0.9
7347,12.0,262.91,33.0,0.057,0.088,10.0,2.0,22.28,0.175,0.304,1.96
7348,4.0,43.39,12.0,0.141,0.054,12.0,1.0,10.03,0.319,0.131,1.2
7349,2.0,62.21,1.0,0.096,0.0,71.0,1.0,31.72,0.294,0.175,0.91
7350,15.0,591.97,26.0,0.102,0.035,17.0,2.0,40.54,0.273,0.227,2.11
7351,16.0,419.64,25.0,0.158,0.044,4.0,0.0,26.17,0.594,0.327,4.19
7352,9.0,482.33,35.0,,0.067,11.0,0.0,55.12,0.274,0.2,1.95
7353,5.0,127.97,7.0,0.222,0.0,68.0,1.0,23.4,0.626,0.136,0.85
7354,11.0,522.93,45.0,0.122,0.094,8.0,2.0,46.13,0.433,0.159,0.73
7355,1.0,7.26,5.0,0.237,0.043,90.0,0.0,7.26,0.37,0.088,0.51
7356,9.0,596.4,21.0,0.026,0.038,13.0,0.0,66.47,0.146,0.312,1.7
7357,13.0,623.73,21.0,0.097,0.027,5.0,0.0,49.4,0.123,0.632,2.0
7358,3.0,76.7,16.0,0.231,0.022,36.0,1.0,25.39,0.144,0.403,2.04
7359,6.0,124.65,6.0,0.168,0.113,32.0,0.0,19.34,0.339,0.192,1.92
7360,2.0,115.36,11.0,0.236,0.097,39.0,2.0,55.25,0.477,0.142,0.0
7361,18.0,709.4,11.0,0.164,0.026,10.0,2.0,40.32,0.086,0.291,1.88
7362,16.0,503.24,21.0,0.058,0.085,10.0,3.0,30.7,0.432,0.249,1.29
7363,29.0,1603.17,28.0,0.037,0.06,9.0,3.0,55.58,0.172,0.353,2.0
7364,16.0,852.19,58.0,0.372,0.073,18.0,0.0,54.32,0.702,0.42,1.87
7365,4.0,658.18,26.0,0.037,0.011,20.0,1.0,167.51,0.644,0.478,0.64
7366,8.0,297.55,33.0,0.154,0.071,10.0,1.0,35.02,0.389,0.399,2.08
7367,0.0,163.49,3.0,0.079,0.047,41.0,1.0,163.49,0.263,0.301,0.44
7368,2.0,106.02,4.0,0.196,0.007,61.0,1.0,59.6,0.604,0.038,1.5
7369,18.0,666.61,22.0,0.09,0.041,21.0,0.0,36.54,0.664,0.071,0.61
7370,2.0,95.79,8.0,0.104,0.037,0.0,1.0,61.1,0.599,0.365,2.17
7371,2.0,155.87,15.0,0.122,0.059,57.0,1.0,77.3,0.44,0.268,0.77
7372,39.0,1599.96,43.0,0.064,0.019,3.0,2.0,40.62,0.597,0.273,2.87
7373,18.0,747.6,30.0,0.075,0.02,11.0,1.0,41.64,0.561,0.357,2.31
7374,3.0,154.29,3.0,0.288,0.056,68.0,0.0,48.75,0.702,0.397,
7375,13.0,688.67,16.0,0.177,0.053,18.0,0.0,54.94,0.57,0.273,2.38
7376,7.0,234.19,11.0,0.187,0.043,32.0,2.0,34.32,0.475,0.356,2.76
7377,15.0,433.5,26.0,0.187,0.058,23.0,2.0,29.67,0.282,0.57,1.26
7378,6.0,193.39,14.0,0.181,0.016,54.0,1.0,32.88,0.312,0.225,1.0
7379,6.0,643.11,31.0,0.119,0.031,25.0,1.0,107.2,0.578,0.025,3.39
7380,21.0,554.68,43.0,0.495,0.094,10.0,2.0,26.8,0.692,0.042,0.72
7381,8.0,232.34,15.0,0.208,0.016,26.0,1.0,28.34,0.786,0.118,1.29
7382,26.0,596.85,41.0,0.611,0.129,2.0,1.0,22.89,0.316,0.267,1.37
7383,19.0,584.85,35.0,0.393,0.129,20.0,1.0,31.22,0.696,0.35,0.41
7384,6.0,421.37,26.0,0.139,0.042,7.0,0.0,71.83,0.088,0.22,1.21
7385,9.0,438.98,37.0,0.05,0.024,8.0,1.0,50.85,0.127,0.118,1.65
7386,6.0,82.48,7.0,0.124,0.05,32.0,0.0,14.4,0.461,0.103,0.13
7387,1.0,98.21,10.0,0.294,0.032,0.0,2.0,98.21,0.343,0.195,2.04
7388,13.0,474.75,28.0,0.139,0.074,9.0,1.0,35.38,0.434,0.072,1.86
7389,9.0,763.18,35.0,0.202,0.079,16.0,1.0,83.22,0.811,0.314,0.71
7390,3.0,29.67,0.0,0.211,0.035,64.0,0.0,11.54,0.315,0.0,1.7
7391,14.0,487.77,32.0,0.466,0.132,17.0,1.0,34.74,0.741,0.142,0.27
7392,20.0,2259.31,67.0,0.04,0.031,0.0,1.0,113.46,0.058,0.154,0.98
7393,3.0,52.22,11.0,0.209,,70.0,1.0,17.88,0.375,0.137,0.0
7394,34.0,2414.13,63.0,0.014,0.028,8.0,1.0,71.67,0.438,0.188,2.52
7395,3.0,77.5,8.0,0.135,0.01,4.0,1.0,23.0,0.48,0.186,1.02
7396,3.0,167.4,5.0,0.144,0.1,44.0,1.0,56.71,0.084,0.485,1.79
7397,27.0,1637.02,67.0,0.068,0.066,10.0,3.0,61.67,0.738,0.421,1.03
7398,24.0,2918.47,69.0,0.034,0.033,11.0,1.0,120.14,0.316,0.179,1.28
7399,14.0,805.18,42.0,0.146,0.032,4.0,0.0,57.51,0.672,0.373,2.67
7400,10.0,573.03,34.0,0.091,0.05,13.0,1.0,55.72,0.24,0.376,
7401,17.0,713.31,18.0,0.387,0.131,10.0,4.0,40.82,0.717,0.132,2.17
7402,13.0,689.14,28.0,0.15,0.09,12.0,0.0,53.18,0.435,0.0,2.15
7403,1.0,79.78,5.0,0.13,0.043,164.0,0.0,72.66,0.603,0.0,0.0
7404,4.0,166.0,9.0,0.211,0.0,18.0,2.0,37.45,0.706,0.42,1.37
7405,37.0,2221.78,71.0,0.074,0.04,4.0,1.0,59.71,0.517,0.204,1.94
7406,12.0,259.62,30.0,0.074,0.061,9.0,2.0,21.49,0.147,0.144,2.9
7407,14.0,510.32,25.0,0.13,0.044,1.0,2.0,36.13,0.503,0.0,0.98
7408,28.0,2126.87,53.0,0.027,0.033,0.0,1.0,75.79,0.622,0.183,2.39
7409,1.0,72.55,5.0,0.273,0.03,56.0,0.0,72.55,0.083,0.087,1.31
7410,2.0,82.85,6.0,0.15,0.039,20.0,1.0,40.18,0.469,0.149,0.05
7411,7.0,24.8,13.0,0.216,0.0,47.0,1.0,3.66,0.133,0.274,2.03
7412,14.0,790.21,46.0,0.406,0.126,0.0,2.0,58.38,0.892,0.173,0.99
7413,1.0,75.09,3.0,0.097,0.0,9.0,0.0,71.82,0.724,0.256,1.64
7414,13.0,657.52,29.0,0.0,0.052,16.0,1.0,50.82,0.265,0.001,0.7
7415,5.0,197.61,20.0,0.276,0.0,11.0,0.0,42.01,0.056,0.147,0.47
7416,2.0,112.93,8.0,0.229,0.069,0.0,1.0,52.61,0.55,0.302,0.98
7417,3.0,56.2,10.0,0.123,0.093,6.0,2.0,16.24,0.107,0.253,1.15
7418,3.0,52.01,2.0,0.144,0.019,56.0,0.0,16.1,0.212,0.379,2.49
7419,5.0,82.73,3.0,0.093,0.015,45.0,0.0,17.94,0.163,0.229,0.95
7420,2.0,188.03,13.0,0.118,0.055,56.0,0.0,117.74,0.45,0.18,0.26
7421,30.0,2040.1,56.0,0.067,0.029,10.0,0.0,67.25,0.419,0.485,3.03
7422,15.0,401.25,17.0,0.109,0.073,6.0,1.0,26.25,0.323,0.311,1.21
7423,3.0,220.88,10.0,0.198,0.023,17.0,1.0,64.07,0.241,0.241,0.33
7424,23.0,674.21,27.0,0.239,0.218,10.0,4.0,29.69,0.448,0.482,0.98
7425,2.0,75.35,5.0,0.161,0.041,116.0,0.0,45.15,0.602,0.128,0.24
7426,15.0,413.81,42.0,0.417,0.081,15.0,2.0,28.05,0.613,0.0,0.0
7427,3.0,23.88,13.0,0.258,0.007,44.0,0.0,7.47,0.181,0.071,1.26
7428,16.0,593.06,29.0,0.22,0.031,14.0,2.0,35.95,0.451,0.262,2.02
7429,27.0,2005.37,59.0,0.073,0.026,6.0,1.0,74.89,0.319,0.193,1.98
7430,24.0,1876.89,59.0,0.032,0.011,3.0,1.0,79.15,0.486,0.0,2.34
7431,41.0,1626.68,59.0,0.057,0.042,5.0,1.0,39.96,0.21,0.109,1.3
7432,7.0,594.67,21.0,0.154,0.01,16.0,2.0,79.29,0.433,0.304,1.57
7433,3.0,39.82,3.0,0.187,0.044,73.0,0.0,13.72,0.333,0.039,1.87
7434,25.0,1445.8,58.0,0.079,0.0,10.0,1.0,58.23,0.721,0.151,1.63
7435,42.0,2099.82,47.0,0.04,0.06,2.0,0.0,50.0,0.232,0.21,3.62
7436,16.844214243692313,2842.6388101629755,23.0,0.143,0.014,9.0,1.0,94.33,0.405,0.088,2.53
7437,4.0,118.2,7.0,0.138,0.056,71.0,0.0,33.34,0.469,0.271,3.19
7438,32.0,2081.64,30.0,0.084,0.044,11.0,1.0,64.66,0.152,0.288,2.34
7439,4.0,204.75,9.0,0.0,0.026,72.0,2.0,48.24,0.25,0.221,0.84
7440,3.0,78.18,11.0,0.259,0.039,18.0,2.0,29.8,0.67,0.264,0.23
7441,4.0,110.73,9.0,0.149,0.074,51.0,0.0,31.25,0.382,0.055,1.75
7442,0.0,82.14,5.0,0.165,0.039,25.0,0.0,82.14,0.574,0.175,0.0
7443,23.0,592.36,39.0,0.502,0.029,12.0,2.0,25.79,0.297,0.184,0.4
7444,20.0,847.41,28.0,0.463,0.124,8.0,0.0,42.99,0.57,0.352,0.97
7445,1.0,168.85,9.0,0.188,0.013,38.0,1.0,168.85,0.549,0.089,1.31
7446,1.0,54.86,9.0,0.217,0.019,14.0,0.0,44.98,0.181,0.338,2.59
7447,13.0,494.43,29.0,0.126,0.033,20.0,1.0,38.2,0.304,0.212,1.6
7448,4.0,30.57,9.0,0.108,0.054,36.0,0.0,7.42,0.689,0.402,1.21
7449,12.0,657.57,29.0,0.113,0.018,13.0,3.0,52.8,0.281,0.397,1.55
7450,5.0,159.69,14.0,0.227,0.051,30.0,1.0,33.17,0.473,0.281,0.45
7451,11.0,663.72,25.0,0.093,0.057,12.0,0.0,58.22,0.461,0.123,
7452,4.0,27.63,3.0,0.15,0.038,51.0,0.0,7.02,0.142,0.096,0.92
7453,10.0,976.84,64.0,0.411,0.147,6.0,1.0,94.18,0.741,0.202,1.51
7454,1.0,164.8,11.0,0.191,0.045,42.0,1.0,164.8,0.701,0.191,2.09
7455,12.0,882.78,22.0,0.041,0.016,9.0,3.0,76.2,0.745,0.114,3.13
7456,15.0,551.5,15.0,0.102,0.066,9.0,1.0,35.78,0.337,0.057,2.48
7457,15.0,647.2,32.0,0.201,0.037,8.0,1.0,42.01,0.188,0.52,2.19
7458,3.0,586.13,25.0,0.076,0.043,12.0,0.0,184.29,0.702,0.277,1.73
7459,10.0,356.61,26.0,0.084,0.068,16.0,1.0,36.18,0.443,0.165,1.71
7460,0.0,121.73,12.0,0.07,0.046,43.0,0.0,121.73,0.135,0.317,0.01
7461,3.0,39.48,0.0,0.208,0.001,38.0,1.0,12.08,0.234,0.231,1.64
7462,15.0,1740.54,60.0,0.072,0.065,6.0,3.0,119.54,0.158,0.037,1.52
7463,27.0,1231.98,56.0,0.0,0.037,9.0,1.0,45.3,0.428,0.294,1.97
7464,5.0,99.7,7.0,0.32,0.023,38.0,1.0,20.41,0.012,0.234,0.41
7465,1.0,87.84,1.0,0.231,0.055,70.0,1.0,87.84,0.34,0.101,0.19
7466,1.0,76.18,5.0,0.204,0.009,73.0,0.0,55.43,0.499,0.064,0.69
7467,0.0,105.3,7.0,0.228,0.051,31.0,1.0,105.3,0.574,0.104,0.54
7468,12.0,367.71,17.0,0.071,0.0,9.0,0.0,30.1,0.387,0.063,1.28
7469,0.0,80.69,0.0,0.016,0.0,105.0,1.0,80.69,0.061,0.231,
7470,19.0,615.56,27.0,0.024,0.017,18.0,0.0,31.68,0.676,0.241,2.62
7471,24.0,813.59,45.0,0.282,0.029,10.0,3.0,33.77,0.386,0.314,0.08
7472,5.0,63.88,12.0,0.131,0.013,53.0,0.0,12.33,0.203,0.29,1.22
7473,10.0,532.64,25.0,0.138,0.046,13.0,0.0,51.09,0.805,0.246,2.18
7474,24.0,2026.59,45.0,0.061,0.035,0.0,3.0,85.07,0.216,0.4,1.24
7475,13.0,620.41,27.0,0.127,0.071,23.0,2.0,45.98,0.507,0.2,1.59
7476,9.0,342.15,30.0,0.17,0.067,16.0,0.0,38.29,0.571,0.382,2.4
7477,3.0,57.34,5.0,0.161,0.031,42.0,1.0,21.72,0.306,0.088,0.0
7478,1.0,161.33,18.0,0.181,0.127,24.0,0.0,161.33,0.196,0.335,1.18
7479,33.0,1249.69,27.0,0.064,0.048,11.0,0.0,38.12,0.415,0.513,2.03
7480,14.0,483.03,35.0,0.045,0.029,14.0,0.0,33.82,0.396,0.352,2.65
7481,0.0,210.83,11.0,0.139,0.025,28.0,0.0,210.83,0.303,0.152,0.66
7482,1.0,95.77,4.0,0.003,0.029,116.0,0.0,95.77,0.527,0.072,0.97
7483,0.0,200.22,12.0,0.138,0.021,56.0,0.0,200.22,0.36,0.081,0.66
7484,31.0,1188.02,59.0,0.037,0.061,1.0,1.0,38.75,0.051,0.277,2.41
7485,10.0,177.32,26.0,0.186,0.061,13.0,2.0,17.3,0.536,0.24,1.7
7486,3.0,22.87,1.0,0.133,0.062,70.0,0.0,8.59,0.652,0.028,0.74
7487,19.0,855.75,43.0,0.295,0.099,6.0,1.0,44.84,0.814,0.128,0.29
7488,3.0,150.22,0.0,0.265,0.025,0.0,0.0,46.63,0.515,0.406,1.2
7489,1.0,103.61,5.0,0.087,0.026,63.0,0.0,103.61,0.674,0.096,0.66
7490,48.64412527262202,1904.906010104163,29.0,0.171,0.103,2.0,0.0,28.12,0.484,0.134,1.53
7491,1.0,161.98,3.0,0.117,0.027,50.0,1.0,161.98,0.169,0.126,0.58
7492,5.0,0.0,3.0,0.095,0.032,12.0,0.0,0.0,0.235,0.44,0.33
7493,14.0,464.94,36.0,0.094,0.038,1.0,1.0,32.51,0.521,0.537,3.13
7494,28.0,1860.26,74.0,0.048,0.05,1.0,2.0,65.67,0.181,0.142,2.34
7495,19.0,431.28,33.0,0.144,0.079,18.0,0.0,22.86,0.573,0.275,2.27
7496,9.0,808.14,36.0,0.114,0.076,11.0,0.0,87.11,0.515,0.218,1.77
7497,0.0,70.39,7.0,0.107,0.03,10.0,0.0,70.39,0.072,0.277,0.28
7498,1.0,116.07,0.0,0.105,0.029,50.0,1.0,112.66,0.329,0.0,0.28
7499,10.0,522.73,48.0,0.054,0.0,24.0,2.0,50.4,0.555,0.0,4.04
7500,14.0,528.05,23.0,0.009,0.084,12.0,1.0,38.07,0.61,0.381,1.48
7501,34.0,2113.48,67.0,0.071,0.024,7.0,0.0,61.29,0.487,0.233,2.01
7502,19.0,416.92,19.0,0.115,0.003,15.0,1.0,21.56,0.669,,0.99
7503,14.0,491.64,25.0,0.026,0.017,10.0,1.0,35.04,0.349,0.294,2.44
7504,6.0,144.04,4.0,0.237,0.04,17.0,0.0,25.54,0.412,0.251,0.81
7505,7.0,381.5,41.0,0.125,0.132,12.0,0.0,56.75,0.669,0.343,0.89
7506,8.0,480.99,27.0,0.112,0.054,25.0,1.0,62.87,0.653,0.09,0.76
7507,3.0,37.13,7.0,0.255,0.038,145.0,0.0,12.02,0.414,0.0,2.05
7508,2.0,183.6,8.0,0.241,0.023,25.0,1.0,89.58,0.868,0.247,0.06
7509,13.0,467.99,28.0,0.09,0.092,19.0,1.0,36.1,0.296,0.128,2.5
7510,17.0,705.01,36.0,0.033,0.0,8.0,2.0,40.73,0.574,0.286,2.44
7511,8.0,573.64,28.0,0.133,0.038,13.0,1.0,72.2,0.368,0.314,2.68
7512,12.0,586.21,19.0,0.076,0.048,19.0,2.0,50.22,0.275,0.367,1.63
7513,3.0,100.49,2.0,0.014,0.06,30.0,0.0,39.79,0.572,0.117,1.42
7514,2.0,173.42,10.0,0.178,0.027,40.0,1.0,82.04,0.59,0.323,1.57
7515,17.0,526.8,33.0,0.136,0.074,15.0,0.0,31.21,0.386,0.291,3.0
7516,54.0,1808.32,23.0,0.024,,6.0,1.0,33.23,0.429,0.173,2.44
7517,5.0,82.84,11.0,0.259,0.051,33.0,1.0,17.22,0.525,0.335,0.01
7518,0.0,60.7,5.0,0.133,0.046,74.0,1.0,60.7,0.269,0.0,0.94
7519,4.0,139.53,6.0,0.094,0.0,37.0,1.0,39.27,0.225,0.33,0.27
7520,4.0,67.12,4.0,0.028,0.024,31.0,0.0,16.38,0.261,0.214,2.02
7521,4.0,104.0,2.0,0.125,0.049,61.0,1.0,26.92,0.559,0.36,0.0
7522,28.0,747.96,59.0,0.178,0.11,0.0,3.0,26.83,0.468,0.332,0.93
7523,1.0,56.1,6.0,0.11,0.042,10.0,1.0,54.32,0.599,0.18,0.42
7524,1.0,133.78,2.0,0.15,0.01,124.0,1.0,133.78,0.292,0.0,1.29
7525,20.0,661.92,46.0,0.416,0.028,9.0,1.0,33.1,0.498,0.225,0.37
7526,16.0,634.55,20.0,0.12,0.047,23.0,0.0,40.3,0.221,0.106,1.91
7527,15.0,670.4,45.0,0.189,0.089,18.0,1.0,44.7,0.336,,2.39
7528,3.0,172.91,8.0,0.301,0.036,0.0,1.0,53.74,0.223,0.244,0.87
7529,15.0,778.27,31.0,0.114,0.065,16.0,1.0,50.45,0.151,0.186,2.56
7530,15.0,377.11,23.0,0.119,0.077,3.0,0.0,24.62,0.477,0.297,2.14
7531,5.0,105.32,8.0,0.215,0.015,38.0,2.0,22.01,0.109,0.2,1.01
7532,4.0,114.68,12.0,0.162,0.067,37.0,1.0,28.03,0.645,0.181,1.45
7533,1.0,108.14,0.0,0.163,0.082,108.0,1.0,90.37,0.849,0.051,0.35
7534,6.0,477.07,42.0,0.085,0.069,3.0,1.0,80.69,0.382,0.396,2.08
7535,4.0,75.78,12.0,0.12,0.085,19.0,0.0,21.01,0.507,0.104,0.7
7536,1.0,118.77,2.0,0.252,0.031,58.0,1.0,118.77,0.69,0.201,1.66
7537,34.0,2056.08,62.0,0.001,0.015,3.0,1.0,59.63,0.253,0.034,2.14
7538,3.0,191.0,6.0,0.225,0.058,48.0,0.0,57.88,0.155,0.231,0.39
7539,20.0,354.88,31.0,0.018,0.093,12.0,2.0,18.07,0.417,0.346,0.48
7540,1.0,42.73,3.0,0.053,0.034,86.0,1.0,42.73,0.414,0.095,0.61
7541,15.0,707.67,26.0,,0.033,11.0,1.0,48.31,0.701,0.299,1.14
7542,14.0,2039.96,69.0,0.029,0.035,7.0,0.0,146.88,0.069,0.163,1.65
7543,2.0,72.78,6.0,0.125,0.045,58.0,0.0,43.46,0.712,0.0,1.6
7544,1.0,63.28,8.0,0.296,0.029,43.0,0.0,42.71,0.078,0.131,1.33
7545,15.0,664.63,28.0,0.082,0.002,23.0,1.0,44.52,0.142,0.26,1.27
7546,35.0,1678.31,33.0,0.049,0.021,16.0,2.0,48.09,0.478,0.304,2.11
7547,12.0,678.27,50.0,0.349,0.04,14.0,2.0,55.53,0.283,0.191,0.33
7548,12.0,548.86,31.0,0.201,0.084,29.0,2.0,46.15,0.33,0.205,
7549,9.0,505.99,36.0,0.136,,15.0,0.0,55.44,0.291,0.23,1.65
7550,12.0,611.26,14.0,0.135,0.08,14.0,2.0,49.17,0.237,0.286,0.7
7551,37.0,2037.18,67.0,0.06,0.019,3.0,1.0,55.07,0.236,0.066,2.55
7552,0.0,174.28,4.0,0.024,0.017,81.0,0.0,174.28,0.767,0.0,1.59
7553,6.0,183.37,12.0,0.081,0.002,43.0,0.0,30.49,0.301,0.16,2.0
7554,1.0,22.63,5.0,0.098,0.074,134.0,0.0,17.88,0.27,0.0,1.79
7555,5.0,144.56,9.0,0.278,0.056,44.0,1.0,28.36,0.488,0.14,0.0
7556,4.0,88.52,12.0,0.237,0.062,27.0,2.0,22.63,0.369,0.297,1.28
7557,12.0,629.83,27.0,0.067,0.055,7.0,1.0,53.14,0.656,0.272,2.23
7558,8.0,152.47,8.0,0.284,0.056,45.0,0.0,20.18,0.725,0.301,1.53
7559,9.0,562.27,32.0,0.078,0.121,0.0,1.0,63.87,0.462,0.323,3.36
7560,11.0,396.87,31.0,0.064,0.116,15.0,1.0,35.27,0.297,0.171,1.14
7561,0.0,172.54,5.0,0.228,0.037,65.0,1.0,172.54,0.053,0.28,2.0
7562,12.0,679.51,42.0,0.362,0.131,11.0,1.0,57.52,0.573,0.304,1.04
7563,7.0,393.03,32.0,0.126,0.003,16.0,1.0,53.71,0.476,0.289,2.29
7564,9.0,789.54,36.0,0.286,0.115,6.0,0.0,92.45,0.257,0.181,0.52
7565,5.0,84.08,3.0,0.393,0.037,44.0,1.0,17.97,0.263,0.3,1.32
7566,23.0,337.58,38.0,0.41,0.096,14.0,1.0,14.91,0.38,0.088,0.74
7567,6.0,98.96,11.0,0.226,0.023,52.0,0.0,15.23,0.528,0.181,0.46
7568,15.0,2038.23,67.0,0.076,0.042,1.0,0.0,136.98,0.361,0.157,2.58
7569,22.0,2108.39,53.0,0.022,0.025,12.0,2.0,96.35,0.346,0.262,1.85
7570,14.0,586.28,29.0,0.135,0.078,7.0,2.0,42.8,0.528,0.148,2.42
7571,18.0,717.58,48.0,0.23,0.148,14.0,2.0,39.85,0.655,0.007,0.0
7572,22.0,1517.6,23.0,0.01,0.03,8.0,2.0,69.53,0.884,0.246,1.85
7573,16.0,498.9,23.0,0.172,0.034,17.0,0.0,30.98,0.243,0.371,1.01
7574,24.0,741.72,29.0,0.416,0.094,14.0,1.0,30.37,0.613,0.122,0.49
7575,5.0,412.35,33.0,0.071,0.085,2.0,1.0,80.82,0.018,0.353,3.5
7576,11.0,408.81,18.0,0.072,0.051,16.0,1.0,38.34,0.488,0.288,1.02
7577,18.0,184.88,7.0,0.037,0.084,13.0,2.0,10.48,0.407,,1.56
7578,14.0,750.52,35.0,0.353,0.1,4.0,1.0,54.12,0.549,0.276,1.21
7579,32.0,2170.39,52.0,0.133,0.045,0.0,1.0,67.94,0.191,0.357,2.11
7580,19.0,688.45,21.0,0.079,0.014,14.0,0.0,36.58,0.371,0.0,1.65
7581,3.0,58.03,3.0,0.138,0.055,105.0,0.0,21.42,0.65,0.0,0.0
7582,21.0,1564.67,17.0,0.049,0.015,5.0,1.0,74.12,0.419,0.03,1.46
7583,17.0,200.7,32.0,0.134,0.073,11.0,1.0,11.86,0.409,0.182,1.83
7584,16.0,940.71,55.0,0.283,0.133,12.0,0.0,58.69,0.466,0.287,0.71
7585,24.0,1492.22,42.0,0.11,0.038,8.0,0.0,61.53,0.3,0.336,
7586,17.0,722.42,48.0,0.261,0.078,0.0,1.0,42.85,0.719,0.252,0.0
7587,34.0,985.59,51.0,0.07,0.049,4.0,0.0,28.8,0.327,0.356,2.08
7588,20.0,933.07,49.0,0.367,0.088,6.0,4.0,47.21,0.692,0.487,0.58
7589,0.0,0.0,1.0,0.135,0.005,163.0,1.0,0.0,0.172,0.0,1.79
7590,2.0,102.6,3.0,0.247,0.024,133.0,0.0,54.19,0.158,0.119,1.15
7591,19.0,913.71,51.0,,0.067,7.0,0.0,47.02,0.67,0.286,1.38
7592,16.0,705.86,48.0,0.179,0.088,7.0,0.0,44.21,0.489,0.139,0.68
7593,23.0,346.83,14.0,0.029,0.151,8.0,0.0,14.9,0.336,0.219,1.88
7594,13.0,747.89,39.0,0.505,0.05,15.0,1.0,56.34,0.714,0.061,1.19
7595,3.0,86.22,2.0,0.03,0.0,60.0,0.0,29.14,0.122,0.164,2.6
7596,16.0,321.73,36.0,0.064,0.083,21.0,2.0,20.33,0.497,0.164,2.02
7597,1.0,123.23,13.0,0.171,0.056,36.0,0.0,123.23,0.375,0.103,0.51
7598,3.0,151.09,7.0,0.176,0.02,29.0,0.0,48.23,0.092,0.172,1.3
7599,16.0,444.29,21.0,0.075,0.068,12.0,1.0,27.97,0.231,0.145,3.08
7600,4.0,27.06,12.0,0.171,0.038,31.0,2.0,7.47,0.556,0.333,0.67
7601,31.0,1464.99,70.0,0.02,0.0,10.0,3.0,46.81,0.284,0.241,2.79
7602,4.0,179.97,10.0,0.137,0.053,29.0,0.0,48.14,0.043,0.32,0.34
7603,3.0,129.62,15.0,0.144,0.053,53.0,0.0,38.09,0.509,0.288,0.96
7604,23.0,406.33,45.0,0.097,0.048,8.0,1.0,17.91,0.158,0.097,0.88
7605,9.0,603.87,38.0,0.162,0.053,21.0,3.0,65.11,0.852,0.217,1.91
7606,6.0,108.68,5.0,0.193,0.0,38.0,1.0,18.52,0.243,0.231,2.12
7607,9.0,535.13,35.0,,0.052,7.0,1.0,57.34,0.6,0.299,1.47
7608,0.0,116.3,11.0,0.169,0.099,40.0,0.0,116.3,0.535,0.205,0.28
7609,4.0,211.56,11.0,0.029,0.089,29.0,0.0,50.14,0.342,0.297,1.75
7610,1.0,22.74,11.0,0.056,0.05,51.0,0.0,22.74,0.569,0.203,0.0
7611,38.0,1674.47,45.0,0.036,0.041,6.0,0.0,43.72,0.636,0.101,1.86
7612,17.0,861.62,55.0,0.38,0.07,16.0,3.0,49.43,0.836,0.349,0.65
7613,7.0,62.43,6.0,0.195,0.036,45.0,0.0,9.02,0.04,0.0,0.33
7614,28.0,2021.66,62.0,0.085,0.042,9.0,0.0,71.23,0.551,0.142,2.31
7615,25.0,1358.88,61.0,0.009,0.045,0.0,1.0,55.19,0.334,0.095,0.36
7616,11.0,750.81,30.0,0.143,0.022,9.0,2.0,71.37,0.187,0.246,2.08
7617,5.0,434.31,27.0,0.121,0.084,11.0,1.0,84.71,0.41,0.119,2.73
7618,26.0,1930.9,52.0,0.058,0.091,9.0,4.0,74.32,0.376,0.147,2.89
7619,5.0,118.37,6.0,,0.025,23.0,1.0,24.03,0.45,0.117,0.65
7620,10.0,356.52,18.0,0.219,0.023,7.0,2.0,35.04,0.407,0.282,2.65
7621,20.0,618.2,28.0,0.121,0.022,15.0,0.0,31.39,0.732,0.0,2.25
7622,22.0,1190.71,75.0,0.038,0.039,12.0,2.0,55.01,0.231,0.074,1.8
7623,4.0,59.32,9.0,0.239,0.071,39.0,1.0,14.22,0.546,0.148,2.01
7624,1.0,135.88,12.0,0.285,0.084,35.0,1.0,135.88,0.251,0.341,1.55
7625,18.0,452.13,32.0,0.045,0.057,0.0,1.0,25.19,0.217,0.307,1.58
7626,11.0,718.43,30.0,0.0,0.082,15.0,1.0,65.04,0.239,0.071,3.41
7627,2.0,64.83,5.0,0.046,0.039,82.0,1.0,33.62,0.26,0.161,1.9
7628,7.0,446.68,26.0,0.077,0.0,10.0,0.0,60.15,0.215,0.429,1.6
7629,36.0,2154.21,56.0,0.002,0.028,10.0,2.0,59.75,0.105,0.348,2.43
7630,5.0,97.02,9.0,0.098,0.01,34.0,1.0,18.17,0.383,0.333,1.29
7631,9.0,392.71,20.0,0.132,0.03,6.0,0.0,44.66,0.043,0.336,0.85
7632,1.0,100.44,4.0,0.151,0.032,140.0,0.0,97.74,0.461,0.0,1.42
7633,19.0,698.94,43.0,0.307,0.137,7.0,1.0,36.22,0.352,0.056,0.06
7634,17.0,731.61,46.0,0.31,0.101,5.0,2.0,43.86,0.657,0.133,1.69
7635,5.0,172.43,9.0,0.286,0.018,7.0,1.0,35.05,0.732,0.224,0.85
7636,16.0,625.56,37.0,0.481,0.06,2.0,1.0,38.86,0.486,0.117,1.12
7637,10.0,370.75,25.0,0.036,0.081,9.0,0.0,37.76,0.489,0.153,0.83
7638,7.0,113.59,9.0,0.054,0.053,47.0,0.0,16.93,0.386,0.254,0.01
7639,0.0,528.93,31.0,0.162,0.057,7.0,0.0,528.93,0.189,0.143,1.52
7640,22.0,1155.13,60.0,0.025,0.037,13.0,2.0,52.92,0.589,0.284,3.2
7641,18.0,344.0,22.0,0.064,0.025,10.0,1.0,18.86,0.487,0.0,2.1
7642,18.0,177.22,28.0,0.16,0.07,9.0,0.0,9.62,0.602,0.198,3.66
7643,2.0,42.31,0.0,0.308,0.021,103.0,0.0,28.15,0.392,0.0,0.6
7644,3.0,54.37,6.0,0.317,,91.0,2.0,21.69,0.172,0.023,0.79
7645,4.0,614.62,23.0,0.15,0.069,14.0,1.0,164.03,0.429,0.181,3.04
7646,2.0,51.63,7.0,0.06,0.074,37.0,0.0,29.43,0.115,0.395,0.6
7647,16.0,1412.25,50.0,0.057,0.044,7.0,3.0,91.06,0.429,0.112,2.96
7648,14.0,449.4,23.0,0.108,0.064,8.0,1.0,32.25,0.633,0.288,2.43
7649,21.0,629.12,45.0,0.262,0.054,4.0,0.0,29.4,0.339,0.318,2.84
7650,12.0,278.41,26.0,0.046,0.066,15.0,2.0,23.27,0.24,0.071,3.27
7651,13.0,620.75,23.0,0.108,0.058,9.0,0.0,47.01,0.603,0.354,1.65
7652,2.0,55.72,4.0,0.178,0.046,53.0,1.0,34.15,0.463,0.041,0.5
7653,23.0,1325.34,39.0,0.041,0.085,6.0,1.0,58.68,0.887,0.234,0.38
7654,5.0,32.69,7.0,0.13,0.015,48.0,2.0,6.25,0.351,0.13,0.76
7655,11.0,568.23,33.0,0.27,0.025,9.0,1.0,50.28,0.319,0.494,1.69
7656,3.0,36.87,6.0,0.148,0.018,12.0,0.0,14.45,0.202,0.421,1.02
7657,9.0,455.98,36.0,0.027,0.081,8.0,4.0,48.01,0.374,0.233,2.38
7658,1.0,178.75,3.0,0.135,0.042,37.0,0.0,178.75,0.338,0.43,1.68
7659,11.0,465.18,30.0,0.102,0.025,15.0,0.0,44.15,0.39,0.357,2.65
7660,2.0,145.32,6.0,0.136,0.013,43.0,1.0,68.63,0.117,0.091,0.94
7661,22.0,1663.95,49.0,0.033,0.055,8.0,3.0,76.22,0.206,0.259,1.77
7662,2.0,135.09,2.0,0.223,0.0,137.0,0.0,75.07,0.26,0.055,1.29
7663,19.0,479.18,42.0,0.528,0.181,3.0,1.0,25.02,0.241,0.253,0.52
7664,4.0,285.49,11.0,0.158,0.089,27.0,2.0,74.68,0.623,0.253,1.0
7665,15.0,422.2,30.0,0.09,0.072,11.0,0.0,28.59,0.421,0.232,1.42
7666,18.0,354.59,37.0,0.154,0.076,18.0,1.0,19.33,0.293,0.125,1.62
7667,3.0,45.97,8.0,0.161,0.03,22.0,1.0,16.01,0.652,0.445,0.0
7668,26.0,1903.98,40.0,0.102,0.024,9.0,1.0,74.21,0.841,0.469,0.88
7669,22.0,324.68,33.0,,0.055,5.0,0.0,14.55,0.52,0.392,0.0
7670,2.0,164.88,16.0,0.179,0.042,31.0,1.0,68.41,0.261,0.375,1.35
7671,43.0,1134.1,69.0,0.0,0.047,9.0,2.0,26.15,0.168,0.096,2.17
7672,6.0,614.65,37.0,0.0,0.0,5.0,2.0,110.1,0.435,0.259,2.05
7673,12.0,777.95,21.0,0.105,0.083,6.0,0.0,66.55,0.095,0.254,2.12
7674,0.0,40.12,0.0,0.157,0.05,0.0,0.0,40.12,0.377,0.0,0.0
7675,17.0,757.83,31.0,0.091,0.065,7.0,1.0,45.43,0.247,0.142,0.3
7676,8.0,481.46,24.0,0.099,0.094,16.0,3.0,57.01,0.567,,2.77
7677,32.0,2303.49,58.0,0.035,0.065,8.0,2.0,71.69,0.383,0.256,1.04
7678,14.0,756.34,37.0,0.26,0.086,13.0,2.0,53.71,0.538,0.206,0.7
7679,15.0,416.75,34.0,0.104,0.064,16.0,2.0,27.13,0.626,0.242,2.48
7680,25.0,537.85,57.0,0.202,0.044,15.0,2.0,21.82,0.737,0.267,0.0
7681,4.0,0.0,5.0,0.101,0.002,70.0,2.0,0.0,0.602,0.106,0.0
7682,2.0,0.0,1.0,0.035,0.002,104.0,1.0,0.0,0.379,0.0,1.36
7683,17.0,553.59,26.0,0.032,0.043,3.0,1.0,33.43,0.114,0.118,3.45
7684,6.0,122.65,11.0,0.259,0.075,51.0,1.0,19.62,0.433,0.219,0.58
7685,1.0,46.67,1.0,0.12,0.0,117.0,0.0,46.67,0.575,0.274,1.55
7686,21.0,615.28,67.0,0.441,0.051,3.0,1.0,29.97,0.566,0.0,1.36
7687,25.0,1133.44,33.0,0.068,0.057,6.0,1.0,45.62,0.15,0.175,0.73
7688,24.0,2373.9,63.0,0.096,0.042,7.0,2.0,97.43,0.42,0.228,3.16
7689,30.0,1282.03,57.0,0.075,0.0,0.0,3.0,42.87,0.473,0.031,1.26
7690,7.0,83.22,6.0,0.147,0.049,58.0,0.0,11.96,0.12,,0.54
7691,24.0,777.45,51.0,0.359,0.049,13.0,0.0,33.04,0.605,0.25,0.59
7692,2.0,186.42,11.0,0.132,0.014,35.0,0.0,84.54,0.631,0.219,0.51
7693,0.0,122.52,4.0,0.194,0.056,30.0,1.0,122.52,0.195,,0.07
7694,3.0,38.77,5.0,0.076,0.064,31.0,1.0,11.78,0.327,0.0,0.0
7695,2.0,65.16,4.0,0.023,0.003,82.0,1.0,33.01,0.341,0.0,0.0
7696,2.0,24.65,9.0,0.132,0.006,40.0,1.0,10.69,0.47,0.231,0.6
7697,4.0,171.93,10.0,0.284,0.095,56.0,1.0,41.51,0.654,0.298,1.05
7698,15.0,484.1,17.0,0.238,0.074,10.0,2.0,32.02,0.426,0.251,2.26
7699,15.0,494.68,51.0,0.019,0.082,16.0,2.0,32.81,0.317,0.305,0.84
7700,20.0,626.28,32.0,0.367,0.033,16.0,2.0,32.06,0.759,0.113,1.25
7701,28.0,1511.96,61.0,0.026,0.039,11.0,3.0,54.89,0.206,0.434,1.32
7702,8.0,472.38,40.0,0.33,0.078,19.0,1.0,57.9,0.561,0.307,0.0
7703,1.0,117.94,5.0,0.139,0.02,88.0,1.0,117.94,0.296,0.144,1.01
7704,6.0,178.45,11.0,0.245,0.036,28.0,1.0,32.29,0.386,0.211,0.12
7705,21.0,669.46,43.0,,0.222,7.0,2.0,32.35,0.704,0.135,1.29
7706,7.0,670.1,22.0,0.099,0.022,11.0,0.0,91.26,0.145,0.038,3.37
7707,21.0,541.66,30.0,0.085,0.046,12.0,1.0,25.54,0.598,0.132,0.26
7708,3.0,131.53,7.0,0.0,0.012,59.0,0.0,44.76,0.412,0.142,1.11
7709,10.0,775.68,19.0,0.085,0.09,20.0,1.0,74.04,0.278,0.291,2.81
7710,16.0,469.72,37.0,0.3,0.113,19.0,2.0,29.36,0.25,0.307,0.0
7711,1.0,395.77,20.0,0.167,0.078,15.0,2.0,277.72,0.09,0.088,2.52
7712,12.0,433.5,23.0,0.035,0.022,7.0,1.0,37.15,0.265,0.329,2.09
7713,1.0,141.73,3.0,0.052,0.0,85.0,0.0,121.47,0.58,0.0,1.45
7714,2.0,53.33,6.0,0.199,0.01,125.0,1.0,28.35,0.478,0.088,1.21
7715,4.0,105.86,12.0,0.238,0.045,32.0,0.0,28.21,0.14,0.168,0.76
7716,3.0,466.11,24.0,0.07,0.102,3.0,0.0,136.22,0.234,0.209,0.96
7717,7.0,142.04,7.0,0.0,0.031,43.0,1.0,20.3,0.441,,1.14
7718,3.0,182.7,11.0,0.246,0.0,38.0,1.0,55.71,0.454,0.325,0.79
7719,1.0,215.35,9.0,0.295,0.091,30.0,0.0,174.4,0.266,0.335,0.64
7720,12.0,319.91,31.0,0.35,0.111,4.0,0.0,26.37,0.529,0.359,0.0
7721,15.0,1992.29,59.0,0.03,0.012,9.0,1.0,128.81,0.388,0.253,1.69
7722,3.0,118.25,10.0,0.089,0.023,47.0,1.0,42.45,0.131,,1.37
7723,8.0,30.42,19.0,0.18,0.062,31.0,1.0,3.77,0.198,0.148,1.11
7724,9.0,773.66,35.0,0.0,0.038,22.0,2.0,84.05,0.066,0.046,2.64
7725,11.0,558.66,33.0,0.041,0.034,19.0,3.0,51.93,0.254,0.297,2.13
7726,2.0,251.3,37.0,0.126,0.044,6.0,1.0,162.32,0.805,0.516,2.42
7727,4.0,140.73,8.0,0.141,0.083,13.0,1.0,33.93,0.259,0.209,0.0
7728,1.0,126.16,4.0,0.112,0.025,43.0,0.0,98.64,0.703,0.038,0.52
7729,2.0,221.06,7.0,0.238,0.065,25.0,1.0,92.1,0.181,0.162,0.72
7730,2.0,184.32,3.0,0.271,0.04,37.0,0.0,85.39,0.261,0.314,0.0
7731,21.0,2052.52,65.0,0.071,0.036,5.0,2.0,98.09,0.319,0.036,1.17
7732,5.0,174.02,4.0,0.114,0.033,0.0,1.0,31.65,0.474,0.232,0.98
7733,1.0,119.37,3.0,0.172,0.059,33.0,2.0,119.37,0.35,0.302,1.81
7734,7.0,95.83,9.0,0.093,,54.0,0.0,14.01,0.345,0.099,1.41
7735,19.0,555.98,21.0,0.085,0.037,0.0,0.0,29.94,0.341,0.075,2.71
7736,2.0,114.43,5.0,0.27,0.025,40.0,1.0,66.39,0.194,0.031,0.89
7737,15.0,439.3,20.0,0.111,0.0,14.0,5.0,30.07,0.381,0.135,0.65
7738,8.0,546.12,26.0,0.139,0.112,8.0,2.0,64.73,0.723,0.428,2.28
7739,13.0,282.99,39.0,0.054,0.052,16.0,1.0,22.4,0.315,0.24,2.59
7740,4.0,160.02,10.0,0.197,0.11,27.0,0.0,38.88,0.132,0.31,1.64
7741,13.0,635.18,34.0,0.165,0.037,7.0,1.0,49.25,0.421,0.031,1.79
7742,31.0,2558.74,46.0,0.095,0.029,5.0,0.0,81.99,0.739,0.089,2.51
7743,2.0,51.71,1.0,0.0,0.034,140.0,0.0,21.3,0.693,,1.42
7744,2.0,113.22,8.0,0.053,0.0,26.0,1.0,50.17,0.691,0.115,0.57
7745,29.0,1468.33,98.0,0.022,0.011,3.0,1.0,50.61,0.403,0.224,1.34
7746,32.0,2296.98,35.0,0.055,0.0,14.0,2.0,70.91,0.642,0.416,1.57
7747,1.0,67.31,1.0,0.073,0.06,85.0,0.0,52.92,0.494,0.064,0.08
7748,33.0,1801.34,53.0,0.0,0.031,12.0,0.0,54.74,0.428,0.152,2.77
7749,13.0,744.04,16.0,0.031,0.035,23.0,2.0,59.13,0.542,0.172,1.23
7750,13.0,626.25,46.0,0.12,0.043,4.0,0.0,48.25,0.241,0.148,1.44
7751,11.0,307.43,25.0,0.1,0.106,5.0,2.0,26.84,0.275,0.167,2.16
7752,19.0,592.87,53.0,0.289,0.097,4.0,0.0,31.95,0.248,0.412,1.18
7753,4.0,126.55,15.0,0.025,0.045,65.0,1.0,33.37,0.353,0.34,0.0
7754,2.0,104.63,1.0,0.111,0.002,36.0,0.0,43.21,0.81,0.069,0.17
7755,3.0,419.28,29.0,0.188,0.073,15.0,3.0,125.12,0.433,0.262,2.52
7756,10.0,736.3,27.0,0.073,0.024,14.0,2.0,74.32,0.171,0.0,3.01
7757,1.0,74.39,2.0,0.264,0.004,113.0,0.0,60.68,0.509,,0.0
7758,15.0,669.66,22.0,0.491,0.021,8.0,2.0,44.03,0.255,0.349,0.85
7759,1.0,122.99,2.0,0.188,0.032,19.0,1.0,89.38,0.338,0.077,0.0
7760,13.0,431.59,36.0,0.03,0.0,9.0,4.0,33.48,0.344,0.083,1.35
7761,3.0,72.9,9.0,0.196,0.028,41.0,1.0,26.58,0.609,0.514,0.06
7762,2.0,43.04,3.0,0.047,0.044,123.0,0.0,24.17,0.396,0.136,0.0
7763,10.0,392.74,37.0,0.014,0.021,10.0,2.0,39.23,0.198,0.172,1.84
7764,20.0,610.19,47.0,0.324,0.034,9.0,1.0,29.8,0.813,0.0,0.99
7765,11.0,552.16,16.0,0.151,0.056,10.0,1.0,51.87,0.166,0.41,2.54
7766,18.0,1044.64,35.0,0.052,0.0,6.0,0.0,57.41,0.313,0.398,0.0
7767,26.0,1665.27,34.0,0.032,0.025,7.0,4.0,64.4,0.078,0.366,1.93
7768,2.0,86.04,15.0,0.283,0.097,42.0,0.0,46.41,0.175,0.261,0.29
7769,17.0,748.24,40.0,0.415,0.156,13.0,1.0,42.79,0.377,0.281,2.35
7770,14.0,713.92,28.0,0.197,0.053,20.0,1.0,52.7,0.604,0.233,1.02
7771,14.0,724.37,36.0,0.023,0.016,12.0,2.0,51.27,0.547,0.0,2.43
7772,23.0,685.89,42.0,0.357,0.051,15.0,0.0,29.68,0.349,0.392,1.15
7773,19.0,615.66,37.0,0.055,0.091,10.0,0.0,31.73,0.706,0.362,0.85
7774,13.0,2133.52,65.0,0.013,0.037,4.0,1.0,163.0,0.722,0.298,1.46
7775,3.0,192.73,3.0,0.153,0.032,86.0,1.0,57.48,0.421,0.097,1.2
7776,13.0,484.89,22.0,0.169,0.0,16.0,1.0,38.75,0.626,0.185,
7777,3.0,198.92,3.0,0.176,0.077,60.0,1.0,58.42,0.413,0.244,1.99
7778,2.0,439.77,29.0,0.137,0.127,18.0,1.0,280.21,0.103,0.287,1.33
7779,15.0,2558.9,86.0,0.073,0.054,0.0,2.0,166.41,0.661,0.276,2.31
7780,34.0,1589.56,57.0,0.0,0.062,10.0,1.0,46.82,0.445,0.299,3.97
7781,5.0,66.66,9.0,0.224,0.031,30.0,0.0,14.28,0.563,0.297,0.0
7782,7.0,677.92,27.0,0.134,0.079,15.0,1.0,96.22,0.662,0.131,0.54
7783,17.0,429.86,29.0,0.138,0.0,10.0,2.0,25.47,0.726,0.275,1.86
7784,9.0,467.05,32.0,0.091,0.098,17.0,1.0,52.61,0.748,0.324,1.55
7785,12.0,486.57,40.0,0.091,0.043,6.0,0.0,39.38,0.356,0.384,2.58
7786,1.0,92.0,5.0,0.104,0.007,54.0,1.0,62.71,0.333,0.0,0.57
7787,5.0,68.81,7.0,0.235,0.044,72.0,0.0,12.72,0.533,0.221,0.2
7788,17.0,420.91,27.0,0.056,0.088,13.0,1.0,24.28,0.439,0.271,3.11
7789,3.0,150.64,5.0,0.026,0.0,47.0,0.0,44.41,0.516,0.15,2.14
7790,8.0,404.04,32.0,0.148,0.104,22.0,1.0,51.29,0.572,0.165,4.0
7791,0.0,68.98,2.0,0.0,0.0,94.0,1.0,68.98,0.059,0.142,0.0
7792,10.0,423.46,33.0,0.107,0.082,13.0,2.0,43.36,0.355,0.125,0.54
7793,5.0,108.26,6.0,0.19,0.015,27.0,0.0,23.8,0.418,0.432,0.0
7794,42.0,583.71,68.0,0.0,0.023,3.0,0.0,13.82,0.57,0.147,1.66
7795,2.0,184.62,11.0,0.192,0.002,54.0,1.0,80.64,0.713,0.28,2.32
7796,7.0,350.25,31.0,0.104,0.038,7.0,0.0,49.4,0.376,0.195,0.57
7797,3.0,177.45,14.0,0.0,0.094,12.0,0.0,50.74,0.334,0.362,1.05
7798,7.0,80.48,5.0,0.137,0.014,11.0,1.0,11.01,0.272,0.31,0.0
7799,3.0,42.1,2.0,0.041,0.079,25.0,2.0,16.76,0.247,0.338,2.09
7800,0.0,154.79,1.0,0.121,0.084,127.0,0.0,154.79,0.184,0.076,0.88
7801,14.0,418.23,24.0,0.092,0.058,13.0,1.0,29.24,0.366,0.287,2.54
7802,24.0,1567.98,83.0,0.063,0.058,8.0,1.0,65.63,0.044,0.182,1.52
7803,8.0,583.14,29.0,0.078,0.063,16.0,2.0,75.61,0.723,0.311,2.34
7804,14.0,367.22,41.0,0.069,0.013,3.0,1.0,26.1,0.811,0.307,0.74
7805,26.0,1798.64,58.0,0.036,0.037,10.0,2.0,68.08,0.435,0.2,1.36
7806,4.0,622.84,45.0,0.163,0.065,27.0,2.0,143.65,0.481,0.277,1.74
7807,1.0,141.17,6.0,0.304,0.086,44.0,1.0,141.17,0.242,0.042,0.12
7808,35.0,1684.8,59.0,0.047,0.044,7.0,2.0,48.21,0.302,0.189,2.67
7809,0.0,111.09,8.0,0.378,0.027,25.0,2.0,111.09,0.457,0.311,0.0
7810,20.0,635.03,32.0,0.063,0.088,11.0,0.0,31.7,0.444,0.185,2.18
7811,10.0,189.5,40.0,0.36,0.075,9.0,1.0,18.93,0.42,0.204,0.5
7812,11.0,474.71,28.0,0.089,0.02,4.0,1.0,42.96,0.24,0.273,1.24
7813,28.0,747.4,45.0,0.501,0.107,18.0,3.0,26.73,0.778,0.253,1.74
7814,3.0,233.61,7.0,0.182,0.064,27.0,1.0,85.8,0.782,,0.05
7815,19.0,555.39,59.0,0.223,0.063,16.0,1.0,28.82,0.726,0.378,2.35
7816,14.0,500.24,20.0,0.036,0.111,14.0,0.0,36.15,0.837,0.112,2.71
7817,0.0,73.69,3.0,0.182,0.019,46.0,1.0,73.69,0.352,0.175,1.24
7818,3.0,102.58,4.0,0.169,0.0,161.0,1.0,35.45,0.481,0.067,0.53
7819,3.0,179.47,12.0,0.029,0.066,27.0,0.0,65.94,0.125,0.18,0.16
7820,3.0,172.5,8.0,0.12,0.102,45.0,0.0,56.81,0.341,0.246,2.0
7821,18.0,480.59,29.0,0.157,0.063,6.0,1.0,27.36,0.21,0.497,2.71
7822,2.0,56.96,7.0,0.115,0.0,32.0,1.0,25.25,0.489,0.393,1.09
7823,12.0,547.46,19.0,0.111,0.01,6.0,0.0,45.14,0.649,0.247,2.0
7824,10.0,757.81,24.0,0.073,0.052,19.0,1.0,78.18,0.048,0.321,1.86
7825,13.0,623.41,30.0,0.062,0.064,13.0,2.0,48.1,0.069,0.176,2.96
7826,13.0,671.26,30.0,0.171,0.046,11.0,0.0,52.71,0.318,0.408,2.95
7827,7.0,202.7,24.0,0.231,0.032,18.0,1.0,29.55,0.254,0.19,2.2
7828,15.0,655.57,29.0,0.054,0.045,8.0,2.0,43.27,0.227,0.336,0.97
7829,18.0,423.53,56.0,0.341,0.138,10.0,2.0,23.88,0.598,0.113,1.44
7830,1.0,30.19,4.0,0.085,0.0,74.0,1.0,30.19,0.066,0.017,0.63
7831,15.0,571.95,32.0,0.047,0.02,7.0,1.0,38.5,0.785,0.212,1.7
7832,23.0,2181.12,78.0,0.079,0.035,4.0,1.0,94.48,0.436,0.173,
7833,6.0,227.3,32.0,0.155,0.015,23.0,1.0,35.77,0.666,0.273,1.58
7834,10.0,349.13,24.0,0.047,0.025,3.0,1.0,34.42,0.802,0.288,2.28
7835,15.0,717.74,23.0,0.153,0.042,12.0,0.0,49.44,0.748,0.125,0.95
7836,8.0,817.37,48.0,0.07,0.098,0.0,2.0,96.43,0.458,0.097,2.21
7837,19.0,673.0,21.0,0.097,0.174,6.0,2.0,35.26,0.605,0.17,0.74
7838,4.0,429.34,28.0,0.146,0.041,16.0,0.0,99.72,0.454,0.076,3.55
7839,5.0,188.01,2.0,0.127,0.0,36.0,0.0,39.04,0.198,0.377,0.98
7840,10.0,333.2,22.0,0.151,0.067,19.0,3.0,34.51,0.017,0.119,1.52
7841,3.0,0.0,9.0,0.313,0.056,41.0,0.0,0.0,0.712,0.145,0.14
7842,20.0,459.17,19.0,0.069,0.063,27.0,0.0,22.97,0.613,0.413,1.25
7843,31.0,1684.81,30.0,0.061,0.011,7.0,1.0,55.17,0.174,0.238,2.7
7844,6.0,715.19,28.0,0.132,0.016,6.0,1.0,115.98,0.387,0.281,0.27
7845,2.0,117.7,1.0,0.135,0.0,0.0,0.0,62.34,0.227,0.052,2.01
7846,18.0,546.5,26.0,0.144,0.054,16.0,0.0,30.01,0.041,0.599,1.73
7847,32.0,2315.55,64.0,0.019,0.019,11.0,1.0,73.35,0.306,0.181,0.76
7848,2.0,201.55,7.0,0.124,0.005,23.0,0.0,130.45,0.374,0.22,2.85
7849,11.0,708.93,17.0,0.298,0.052,0.0,3.0,65.58,0.171,0.273,1.25
7850,14.0,625.57,42.0,,0.062,9.0,1.0,43.92,0.472,0.338,0.62
7851,5.0,153.08,6.0,0.145,0.013,29.0,0.0,28.71,0.574,0.298,0.92
7852,2.0,35.62,1.0,0.148,0.069,65.0,0.0,15.45,0.052,0.0,0.95
7853,2.0,106.63,6.0,0.061,0.034,116.0,1.0,57.47,0.657,0.161,0.08
7854,19.0,745.91,36.0,0.183,0.077,14.0,0.0,38.97,0.442,0.04,0.0
7855,4.0,485.49,17.0,0.107,0.026,9.0,3.0,112.14,0.795,0.039,2.65
7856,4.0,128.55,10.0,0.095,0.09,11.0,1.0,29.35,0.234,0.396,0.25
7857,12.0,265.98,28.0,0.116,0.07,11.0,0.0,22.36,0.699,0.13,0.45
7858,14.0,399.84,30.0,0.114,0.0,8.0,2.0,29.41,0.506,0.504,2.23
7859,5.0,144.16,7.0,0.223,0.032,42.0,0.0,30.17,0.353,0.304,0.85
7860,15.0,370.6,27.0,0.119,0.08,11.0,1.0,25.19,0.22,0.323,2.08
7861,0.0,141.73,7.0,0.2,0.053,31.0,1.0,141.73,0.321,0.268,2.04
7862,9.0,659.54,18.0,0.135,0.0,13.0,1.0,72.47,0.029,0.027,3.04
7863,18.0,501.56,35.0,0.179,0.055,20.0,1.0,28.06,0.456,0.412,2.26
7864,0.0,147.48,2.0,0.266,0.089,28.0,2.0,147.48,0.428,0.232,1.44
7865,4.0,20.7,6.0,0.237,0.074,52.0,0.0,5.08,0.513,0.233,0.0
7866,15.0,452.23,29.0,0.195,0.083,7.0,1.0,30.89,0.486,0.198,0.95
7867,4.0,139.77,13.0,0.394,0.052,36.0,0.0,31.54,0.165,0.266,0.08
7868,1.0,121.11,5.0,0.018,,55.0,0.0,121.11,0.082,0.07,1.87
7869,0.0,126.73,5.0,0.0,0.054,129.0,0.0,126.73,0.501,0.259,0.45
7870,31.0,1681.61,37.0,0.058,0.077,5.0,2.0,54.96,0.31,0.244,2.36
7871,2.0,136.8,12.0,0.11,0.132,52.0,0.0,85.7,0.531,0.097,0.39
7872,22.0,2335.05,37.0,0.006,0.031,5.0,0.0,104.26,0.325,0.162,2.38
7873,29.0,2307.16,85.0,0.048,0.046,3.0,2.0,80.94,0.19,0.275,1.89
7874,43.0,2094.02,59.0,0.004,0.032,0.0,3.0,48.87,0.253,0.287,2.68
7875,26.0,2509.91,49.0,0.068,0.033,9.0,2.0,96.4,0.697,0.371,1.71
7876,9.0,494.42,26.0,0.096,0.0,9.0,1.0,54.55,0.601,0.36,2.75
7877,18.0,1505.06,51.0,0.0,0.008,0.0,0.0,82.02,0.263,0.363,1.06
7878,15.0,617.65,22.0,0.092,0.0,13.0,3.0,39.99,0.511,0.306,1.67
7879,11.0,392.46,32.0,0.11,0.057,17.0,1.0,35.56,0.082,0.082,1.5
7880,23.0,1273.05,83.0,0.091,0.005,3.0,2.0,55.64,0.587,0.531,2.53
7881,2.0,70.99,10.0,0.143,0.019,29.0,2.0,31.54,0.137,0.338,1.85
7882,22.0,793.03,67.0,0.331,0.093,10.0,1.0,36.62,0.371,0.276,0.91
7883,42.0,1354.68,57.0,0.059,0.021,9.0,1.0,32.21,0.496,0.048,0.21
7884,10.0,316.21,20.0,0.115,0.079,6.0,3.0,31.1,0.377,0.243,0.84
7885,4.0,500.64,30.0,0.119,0.057,16.0,1.0,111.49,0.528,0.097,0.84
7886,5.0,212.71,5.0,0.238,0.007,21.0,2.0,47.09,0.53,0.199,0.0
7887,0.0,71.35,6.0,0.068,0.021,91.0,1.0,71.35,0.622,0.0,1.89
7888,13.0,468.86,33.0,0.087,0.038,6.0,0.0,36.19,0.539,0.22,0.67
7889,11.0,551.54,30.0,0.128,0.063,5.0,0.0,49.09,0.151,0.226,2.44
7890,17.0,556.82,28.0,0.064,0.007,9.0,0.0,33.47,0.58,0.188,2.06
7891,15.0,546.97,20.0,0.065,0.068,4.0,1.0,36.5,0.228,0.254,1.55
7892,3.0,164.36,6.0,0.175,0.028,60.0,0.0,51.75,0.127,0.106,1.81
7893,16.0,292.87,42.0,0.126,0.079,11.0,0.0,18.18,0.617,0.246,1.84
7894,18.0,630.48,57.0,0.443,0.082,16.0,0.0,35.88,0.736,0.13,1.27
7895,11.0,1542.7,25.0,0.012,0.08,12.0,3.0,135.67,0.785,0.247,1.8
7896,1.0,45.96,2.0,0.045,0.028,106.0,0.0,45.96,0.652,0.05,0.14
7897,7.0,351.78,41.0,0.152,0.081,4.0,0.0,47.98,0.423,0.314,2.07
7898,12.0,461.35,31.0,0.071,0.059,7.0,0.0,37.45,0.413,0.217,2.8
7899,12.0,864.57,34.0,0.145,0.05,20.0,3.0,73.99,0.222,0.175,2.8
7900,18.0,360.06,63.0,0.402,0.073,0.0,4.0,20.14,0.464,0.329,0.63
7901,6.0,552.45,28.0,0.099,0.058,17.0,1.0,86.12,0.405,0.25,0.61
7902,2.0,135.31,1.0,0.015,0.036,15.0,1.0,74.75,0.469,0.09,0.41
7903,40.0,1992.49,86.0,0.093,0.049,0.0,2.0,49.24,0.511,0.245,1.91
7904,14.0,389.23,27.0,0.127,0.014,9.0,0.0,28.42,0.107,0.315,2.53
7905,2.0,227.76,10.0,0.135,0.093,57.0,1.0,114.96,0.758,0.198,1.51
7906,12.0,433.22,31.0,0.137,0.054,9.0,2.0,36.0,0.285,0.137,
7907,9.0,482.09,31.0,0.055,0.003,8.0,0.0,56.28,0.828,0.247,2.81
7908,29.0,894.83,60.0,0.038,0.064,0.0,1.0,31.14,0.445,0.205,0.1
7909,2.0,138.66,6.0,0.225,0.042,36.0,0.0,75.31,0.827,0.0,1.91
7910,7.0,773.65,68.0,0.266,0.066,14.0,1.0,116.04,0.554,0.213,1.12
7911,11.0,267.46,30.0,0.021,0.029,7.0,1.0,24.6,0.647,0.389,1.65
7912,22.0,2013.77,52.0,0.094,0.031,14.0,0.0,92.36,0.082,0.127,1.95
7913,3.0,141.2,14.0,0.067,0.037,14.0,0.0,42.19,0.356,0.176,0.32
7914,2.0,74.09,5.0,0.226,0.04,23.0,2.0,35.94,0.063,0.13,1.04
7915,12.0,389.07,31.0,0.068,0.059,6.0,0.0,31.74,0.359,0.448,1.34
7916,1.0,98.38,5.0,0.153,0.013,49.0,0.0,98.38,0.209,0.298,0.0
7917,28.0,659.83,28.0,0.347,0.03,23.0,2.0,23.18,0.341,,0.0
7918,13.0,569.99,25.0,0.126,0.079,27.0,0.0,43.41,0.319,0.12,0.94
7919,2.0,54.97,3.0,0.139,0.041,90.0,0.0,34.06,0.601,0.0,0.7
7920,21.0,2096.07,45.0,0.084,0.056,4.0,3.0,98.8,0.308,0.268,2.58
7921,12.0,485.17,34.0,0.031,0.032,19.0,0.0,40.2,0.529,0.001,2.44
7922,12.0,609.14,27.0,0.033,0.077,6.0,2.0,51.66,0.875,,2.66
7923,16.0,694.67,25.0,0.091,0.011,7.0,1.0,44.36,0.17,0.14,3.62
7924,0.0,65.52,2.0,0.181,0.025,123.0,0.0,65.52,0.238,0.228,1.92
7925,27.0,1798.82,49.0,0.031,0.045,7.0,4.0,66.01,0.532,0.455,0.9
7926,13.0,514.88,33.0,0.383,0.122,6.0,2.0,40.93,0.412,0.225,0.06
7927,12.0,722.47,25.0,0.086,0.065,5.0,1.0,58.84,0.402,0.168,2.04
7928,25.0,1838.29,75.0,0.117,0.032,4.0,2.0,74.99,0.188,0.355,3.16
7929,0.0,186.03,2.0,0.232,0.03,22.0,1.0,186.03,0.498,0.207,0.26
7930,7.0,566.62,20.0,0.144,0.056,14.0,1.0,86.33,0.252,0.142,2.22
7931,6.0,115.4,17.0,0.233,0.003,52.0,0.0,20.49,0.395,0.034,1.49
7932,18.0,414.18,41.0,0.043,0.031,12.0,1.0,22.74,0.177,0.296,2.81
7933,8.0,524.13,35.0,0.129,0.041,11.0,2.0,62.22,0.224,0.146,2.76
7934,21.0,640.15,35.0,0.147,0.092,11.0,1.0,30.8,0.556,0.47,2.8
7935,3.0,158.86,5.0,0.212,0.0,18.0,0.0,60.4,0.624,,1.52
7936,8.0,370.1,32.0,0.077,0.026,15.0,0.0,44.73,0.553,0.164,0.77
7937,9.0,515.82,41.0,0.078,0.069,15.0,0.0,55.1,0.361,0.24,1.66
7938,19.0,752.17,59.0,0.374,0.115,10.0,0.0,40.65,0.411,0.439,1.37
7939,19.0,232.49,24.0,0.13,0.093,17.0,1.0,12.49,0.624,0.16,3.45
7940,23.0,1948.76,44.0,0.073,0.049,3.0,3.0,86.16,0.138,0.176,2.35
7941,17.0,525.86,71.0,0.311,0.12,19.0,2.0,31.45,0.718,0.555,0.37
7942,1.0,49.44,6.0,0.125,0.074,55.0,1.0,49.44,0.311,0.08,0.0
7943,34.0,1587.61,34.0,0.085,0.063,12.0,2.0,46.36,0.507,0.414,1.88
7944,7.0,500.12,24.0,0.034,0.035,8.0,0.0,66.87,0.569,0.406,2.05
7945,22.0,1581.03,65.0,0.068,0.047,10.0,0.0,72.77,0.581,0.0,2.92
7946,12.0,536.41,30.0,0.064,0.094,12.0,2.0,45.76,0.164,0.32,2.1
7947,3.0,45.65,3.0,0.178,0.054,26.0,0.0,17.69,0.449,0.319,1.86
7948,12.0,689.6,15.0,0.093,0.056,10.0,0.0,56.11,0.246,0.229,0.0
7949,12.0,662.63,29.0,0.0,0.027,4.0,1.0,56.69,0.185,0.304,2.97
7950,4.0,98.75,3.0,0.063,0.05,59.0,0.0,26.06,0.072,0.071,0.34
7951,6.0,213.74,6.0,0.189,0.029,36.0,0.0,34.57,0.368,0.304,1.31
7952,4.0,139.34,9.0,0.335,0.028,33.0,1.0,33.55,0.464,0.293,1.2
7953,1.0,87.16,2.0,0.224,0.0,71.0,1.0,87.16,0.21,0.066,0.0
7954,3.0,174.18,10.0,0.195,0.009,74.0,1.0,69.12,0.209,0.328,1.52
7955,7.0,381.37,42.0,0.021,0.094,2.0,0.0,52.36,0.393,0.213,1.44
7956,8.0,509.47,30.0,0.141,0.076,1.0,1.0,61.05,0.653,0.187,3.21
7957,12.0,727.88,32.0,0.014,0.055,17.0,0.0,62.08,0.388,0.182,2.65
7958,11.0,604.09,19.0,0.059,0.018,2.0,1.0,57.25,0.691,0.338,1.2
7959,13.0,620.54,31.0,0.073,0.017,9.0,3.0,46.54,0.474,0.34,2.61
7960,3.0,254.05,1.0,0.215,0.071,30.0,1.0,74.01,0.619,0.298,1.51
7961,4.0,78.86,10.0,0.292,0.061,76.0,0.0,22.12,0.752,0.193,1.38
7962,26.0,2288.79,58.0,0.026,0.03,7.0,1.0,88.84,0.052,0.054,1.82
7963,3.0,175.29,12.0,0.015,0.04,40.0,0.0,53.07,0.506,0.29,0.0
7964,31.0,1690.23,52.0,0.032,0.0,1.0,1.0,54.34,0.232,0.14,0.26
7965,4.0,184.34,4.0,0.231,0.008,39.0,1.0,47.01,0.279,0.116,2.63
7966,17.0,354.04,37.0,0.019,0.049,13.0,2.0,20.71,0.481,0.076,2.47
7967,7.0,10.33,10.0,0.138,0.021,30.0,0.0,1.46,0.179,0.317,0.0
7968,1.0,164.73,1.0,0.086,0.022,132.0,1.0,164.73,0.361,0.115,1.08
7969,21.0,641.03,39.0,0.373,0.135,18.0,2.0,30.11,0.247,0.125,0.01
7970,6.0,115.29,12.0,0.126,0.088,64.0,0.0,20.48,0.839,0.31,2.0
7971,25.0,2468.63,60.0,0.032,0.007,11.0,0.0,97.01,0.657,0.377,2.32
7972,4.0,27.3,8.0,0.181,0.076,25.0,1.0,7.35,0.507,0.25,0.0
7973,13.0,360.1,37.0,0.121,0.059,19.0,1.0,27.75,0.146,0.0,1.92
7974,7.0,101.3,9.0,0.224,0.0,64.0,0.0,14.95,0.301,0.262,1.89
7975,7.0,727.11,28.0,0.051,0.054,8.0,4.0,98.03,0.609,0.267,0.74
7976,0.0,110.47,7.0,0.113,0.072,44.0,2.0,110.47,0.204,0.258,0.78
7977,2.0,59.59,4.0,0.223,0.056,38.0,0.0,24.2,0.721,0.223,2.61
7978,14.0,622.33,25.0,0.167,0.047,14.0,2.0,44.81,0.297,0.013,2.14
7979,14.0,461.11,40.0,0.085,0.07,21.0,2.0,32.95,0.186,0.293,2.68
7980,13.0,889.13,38.0,0.139,0.049,12.0,1.0,69.86,0.47,0.342,2.14
7981,2.0,43.2,2.0,0.167,0.045,130.0,1.0,19.06,0.784,0.0,0.69
7982,4.0,221.95,1.0,0.102,0.044,31.0,1.0,56.01,0.117,0.042,0.0
7983,2.0,111.82,10.0,0.339,0.023,42.0,1.0,64.12,0.525,0.23,0.0
7984,10.0,444.26,12.0,0.078,0.052,8.0,0.0,43.93,0.349,0.039,2.27
7985,7.0,372.13,16.0,0.041,0.04,20.0,0.0,51.49,0.431,0.355,2.01
7986,8.0,484.9,36.0,0.087,0.065,19.0,1.0,62.01,0.676,0.0,3.01
7987,4.0,143.64,15.0,0.255,0.024,23.0,0.0,37.46,0.847,0.203,1.11
7988,24.0,1628.77,33.0,0.026,0.067,3.0,1.0,69.19,0.39,0.343,1.77
7989,2.0,114.94,1.0,0.099,0.077,71.0,0.0,66.7,0.253,0.198,0.91
7990,8.0,359.8,28.0,0.097,0.081,7.0,2.0,43.52,0.449,0.312,1.13
7991,0.0,203.61,9.0,0.117,0.003,40.0,0.0,203.61,0.273,0.189,0.08
7992,20.0,1811.64,23.0,0.046,0.028,7.0,2.0,89.26,0.304,0.193,1.59
7993,19.0,1083.85,27.0,0.492,0.096,0.0,0.0,55.72,0.374,0.222,0.47
7994,36.0,1915.74,60.0,0.052,0.04,4.0,3.0,53.7,0.231,0.239,2.8
7995,2.0,93.62,6.0,0.052,0.075,51.0,2.0,37.48,0.644,0.254,0.17
7996,5.0,0.0,13.0,0.18,0.031,10.0,1.0,0.0,0.706,0.234,0.65
7997,4.0,163.2,6.0,0.242,0.007,46.0,1.0,41.85,0.528,0.174,1.56
7998,4.0,69.69,4.0,0.203,0.035,21.0,1.0,17.38,0.21,0.288,1.82
7999,4.0,183.59,13.0,0.254,0.047,65.0,1.0,41.46,0.385,0.137,1.83
8000,20.0,533.68,45.0,0.34,0.095,7.0,1.0,27.24,0.644,0.414,1.48
8001,19.0,407.17,32.0,0.182,0.029,15.0,1.0,21.65,0.726,0.192,2.27
8002,4.0,58.34,4.0,0.199,0.007,0.0,0.0,16.37,0.755,0.336,1.19
8003,2.0,199.8,11.0,0.034,0.028,39.0,1.0,118.98,0.175,0.336,0.0
8004,10.0,359.71,34.0,0.078,0.053,9.0,0.0,36.43,0.211,0.29,2.43
8005,2.0,14.47,3.0,0.0,0.027,68.0,0.0,8.67,0.464,0.154,0.68
8006,17.0,729.42,47.0,0.298,0.064,17.0,2.0,43.15,0.227,0.293,0.74
8007,4.0,92.37,3.0,0.096,0.033,32.0,0.0,23.59,0.787,0.229,0.59
8008,22.0,1569.26,67.0,0.02,0.032,3.0,0.0,72.67,0.064,0.226,0.17
8009,17.0,535.58,41.0,0.383,0.127,0.0,0.0,31.48,0.453,0.319,1.34
8010,27.0,697.78,64.0,0.418,0.076,16.0,2.0,25.71,0.622,0.267,1.41
8011,3.0,71.02,6.0,0.239,0.063,60.0,1.0,22.85,0.142,0.153,0.94
8012,1.0,1.87,2.0,0.094,0.041,148.0,1.0,1.87,0.293,0.037,0.55
8013,4.0,129.53,7.0,0.27,0.049,34.0,0.0,33.75,0.226,0.169,1.47
8014,1.0,91.77,3.0,0.039,0.0,139.0,0.0,61.86,0.355,0.286,0.68
8015,14.0,612.84,23.0,0.108,0.025,10.0,1.0,42.87,0.542,0.265,3.3
8016,16.0,220.55,20.0,0.138,0.052,13.0,1.0,13.74,0.281,0.436,3.57
8017,39.0,1280.72,59.0,0.105,0.035,7.0,1.0,32.99,0.092,0.224,3.52
8018,33.0,2121.38,38.0,0.025,0.037,2.0,1.0,63.45,0.539,0.137,1.51
8019,9.0,802.49,23.0,0.289,0.12,16.0,2.0,85.32,0.293,0.414,1.06
8020,1.0,19.95,5.0,0.326,0.011,71.0,1.0,19.95,0.401,0.0,1.83
8021,16.0,624.85,35.0,0.126,0.038,0.0,1.0,38.63,0.784,0.299,2.89
8022,5.0,86.08,12.0,0.207,0.008,11.0,2.0,18.15,0.654,0.291,0.67
8023,12.0,434.62,50.0,0.506,0.141,25.0,1.0,35.36,0.419,0.214,0.24
8024,2.0,70.98,18.0,0.269,0.073,36.0,0.0,32.59,0.502,0.225,0.0
8025,11.0,585.03,39.0,0.156,0.055,17.0,1.0,54.3,0.522,0.273,3.31
8026,18.0,690.74,34.0,0.393,0.128,4.0,0.0,38.77,0.47,0.186,0.06
8027,9.0,707.66,30.0,0.436,0.132,21.0,2.0,78.11,0.522,0.247,0.88
8028,2.0,72.23,7.0,0.136,0.023,55.0,2.0,30.6,0.544,0.116,1.32
8029,11.0,592.8,12.0,0.352,0.076,21.0,1.0,53.51,0.331,0.174,0.92
8030,18.0,230.75,19.0,0.067,0.062,12.0,1.0,13.13,0.635,0.237,2.48
8031,13.0,788.57,24.0,0.432,0.038,4.0,2.0,62.39,0.792,0.16,1.52
8032,5.0,92.64,11.0,0.227,0.047,42.0,0.0,17.01,0.605,0.162,0.0
8033,3.0,27.36,11.0,0.22,0.051,56.0,0.0,9.72,0.565,0.202,0.54
8034,23.0,367.66,50.0,0.507,0.076,4.0,3.0,16.21,0.487,0.143,2.14
8035,15.0,510.38,52.0,0.075,0.032,3.0,2.0,33.96,0.586,0.169,2.56
8036,3.0,72.49,12.0,0.153,0.078,19.0,1.0,21.68,0.333,0.029,0.0
8037,21.0,283.43,21.0,0.199,0.027,11.0,3.0,13.5,0.624,0.0,0.95
8038,8.0,364.04,50.0,0.269,0.094,9.0,1.0,46.68,0.858,0.176,0.78
8039,20.0,847.06,69.0,0.434,0.07,3.0,0.0,42.76,0.416,0.155,0.82
8040,2.0,30.96,11.0,0.242,0.05,37.0,0.0,13.62,0.232,0.131,1.85
8041,16.0,835.0,41.0,0.056,0.062,21.0,0.0,51.08,0.796,0.407,1.9
8042,27.0,1583.39,57.0,0.037,0.013,4.0,1.0,59.26,0.134,0.318,2.88
8043,2.0,136.3,15.0,0.224,0.023,43.0,0.0,74.04,0.616,0.038,1.0
8044,0.0,107.27,0.0,0.103,0.044,155.0,1.0,107.27,0.275,0.0,1.31
8045,4.0,52.75,1.0,0.04,0.007,33.0,0.0,14.43,0.392,0.434,1.14
8046,21.0,1601.03,55.0,0.036,0.027,3.0,2.0,76.08,0.125,,2.25
8047,9.0,590.78,27.0,0.018,0.044,8.0,1.0,63.54,0.275,0.294,4.06
8048,2.0,120.84,3.0,0.158,0.078,74.0,0.0,62.2,0.175,0.13,1.98
8049,11.0,500.07,30.0,0.178,0.017,14.0,1.0,45.44,0.489,0.178,1.81
8050,21.0,562.42,45.0,0.444,0.082,5.0,1.0,27.12,0.702,0.4,1.36
8051,3.0,121.73,11.0,0.039,0.023,46.0,1.0,35.97,0.075,0.089,0.76
8052,15.0,600.81,42.0,0.081,0.068,17.0,0.0,41.03,0.175,0.162,2.68
8053,16.0,338.91,34.0,0.116,0.047,20.0,0.0,21.13,0.719,0.256,2.48
8054,31.0,1662.26,36.0,0.055,0.054,4.0,2.0,53.2,0.215,0.193,2.13
8055,3.0,408.56,52.0,0.032,0.031,19.0,3.0,129.38,0.154,0.224,0.57
8056,11.0,582.63,24.0,0.066,0.015,15.0,1.0,54.69,0.186,0.158,2.58
8057,20.0,656.19,20.0,0.191,0.07,8.0,1.0,32.35,0.524,0.244,1.84
8058,12.0,564.99,22.0,0.109,0.0,3.0,2.0,49.07,0.262,0.167,2.75
8059,38.0,1942.54,83.0,0.05,0.0,4.0,1.0,51.68,0.48,0.168,2.76
8060,18.0,470.02,39.0,0.558,0.093,14.0,0.0,26.56,1.0,0.535,0.0
8061,1.0,244.32,9.0,0.292,0.026,63.0,0.0,219.57,0.033,0.249,0.0
8062,3.0,12.83,4.0,0.048,0.007,128.0,0.0,4.83,0.385,0.132,1.65
8063,0.0,85.49,5.0,0.163,0.031,69.0,1.0,85.49,0.249,0.0,1.93
8064,53.0,1060.49,75.0,0.08,0.029,0.0,1.0,20.2,0.376,0.226,1.48
8065,0.0,151.81,3.0,0.149,0.068,80.0,0.0,151.81,0.875,0.003,1.54
8066,5.0,67.84,10.0,0.148,0.055,42.0,0.0,14.2,0.513,0.362,0.31
8067,2.0,0.0,0.0,0.081,0.0,40.0,0.0,0.0,0.261,,0.82
8068,10.0,591.28,21.0,0.0,0.127,4.0,1.0,57.06,0.084,0.16,3.97
8069,5.0,125.63,5.0,0.321,0.043,55.0,1.0,24.07,0.029,0.202,2.4
8070,15.0,498.15,35.0,0.053,0.101,2.0,2.0,33.33,0.817,0.192,1.33
8071,17.0,778.29,51.0,0.304,0.11,15.0,3.0,44.93,0.219,0.335,1.35
8072,19.0,710.78,26.0,0.124,0.015,14.0,1.0,37.63,0.525,0.192,1.87
8073,0.0,89.71,6.0,0.096,0.035,136.0,1.0,89.71,0.722,0.0,0.12
8074,15.0,311.42,35.0,0.18,0.084,7.0,1.0,20.33,0.192,0.398,2.24
8075,21.0,1575.37,32.0,0.085,0.03,8.0,0.0,76.37,0.486,0.223,3.28
8076,19.0,881.87,45.0,0.284,0.097,15.0,1.0,47.62,0.539,0.223,0.29
8077,48.0,2269.86,41.0,0.0,0.021,0.0,0.0,47.58,0.387,0.27,2.7
8078,4.0,77.34,10.0,0.278,0.049,38.0,1.0,20.96,0.455,0.167,0.46
8079,11.0,315.55,37.0,0.114,0.058,8.0,1.0,28.03,0.307,0.408,1.9
8080,2.0,104.25,2.0,0.169,0.005,83.0,0.0,63.37,0.497,0.0,2.37
8081,8.0,332.44,40.0,0.165,0.062,19.0,1.0,42.86,0.306,0.304,1.59
8082,0.0,137.98,6.0,0.364,0.102,40.0,1.0,137.98,0.472,0.188,1.42
8083,6.0,38.42,4.0,0.197,0.082,33.0,0.0,6.48,0.702,0.248,1.79
8084,4.0,114.1,3.0,0.243,0.032,14.0,1.0,29.87,0.162,0.141,0.15
8085,3.0,120.32,3.0,0.174,0.05,28.0,0.0,44.84,0.431,0.062,0.79
8086,1.0,148.27,0.0,0.202,0.102,47.0,0.0,148.27,0.211,0.111,0.92
8087,8.0,602.18,31.0,0.207,0.043,15.0,1.0,75.45,0.315,0.149,3.33
8088,25.0,1784.0,58.0,0.044,0.054,0.0,2.0,71.95,0.355,0.236,1.61
8089,7.0,385.12,21.0,0.112,0.082,11.0,0.0,54.03,0.436,0.123,1.76
8090,46.0,2033.42,49.0,0.045,0.05,9.0,1.0,44.23,0.279,0.18,1.13
8091,14.0,481.02,45.0,0.321,0.083,0.0,0.0,35.5,0.883,0.172,2.39
8092,2.0,146.52,9.0,0.098,0.016,23.0,0.0,91.21,0.352,0.223,0.66
8093,14.0,2890.68,38.0,0.024,0.036,10.0,2.0,212.23,0.066,0.281,3.04
8094,3.0,201.24,13.0,0.093,0.029,46.0,0.0,65.23,0.3,0.228,0.0
8095,5.0,653.35,31.0,0.121,0.061,15.0,0.0,123.53,0.654,0.26,2.57
8096,21.0,317.74,56.0,0.293,0.051,4.0,2.0,15.41,0.552,0.214,1.07
8097,13.0,671.54,22.0,0.129,0.02,19.0,2.0,53.37,0.396,0.23,2.39
8098,7.0,536.28,31.0,0.092,0.096,2.0,0.0,74.12,0.387,0.194,3.39
8099,8.0,617.63,33.0,0.061,,16.0,0.0,80.62,0.456,0.23,1.41
8100,1.0,50.81,3.0,0.285,0.031,70.0,1.0,48.35,0.33,0.211,0.79
8101,13.0,1806.36,71.0,0.05,0.043,6.0,3.0,135.37,0.409,0.063,2.24
8102,35.0,706.13,72.0,0.029,0.005,12.0,1.0,20.01,0.614,0.324,2.56
8103,23.0,670.21,45.0,0.487,,18.0,2.0,28.54,0.764,0.196,1.97
8104,31.0,1681.99,49.0,0.072,0.031,13.0,0.0,53.93,0.582,0.579,1.41
8105,32.0,1527.01,29.0,0.146,0.021,5.0,0.0,47.06,0.601,0.239,2.42
8106,26.0,2550.37,49.0,0.042,0.051,6.0,0.0,97.92,0.486,0.399,1.39
8107,5.0,223.55,7.0,0.087,0.052,52.0,0.0,48.44,0.139,0.167,0.0
8108,13.0,612.17,47.0,0.392,0.128,8.0,1.0,48.4,0.396,0.25,0.37
8109,2.0,170.12,6.0,0.236,0.03,38.0,0.0,84.62,0.225,0.2,0.98
8110,11.0,704.2,29.0,0.459,0.102,22.0,1.0,65.67,0.576,0.0,0.67
8111,0.0,221.11,7.0,0.181,0.034,19.0,1.0,221.11,0.307,0.267,0.5
8112,17.0,497.6,37.0,0.126,0.035,10.0,1.0,29.41,0.637,0.106,1.6
8113,0.0,160.85,9.0,0.186,0.045,19.0,0.0,160.85,0.175,0.317,1.53
8114,20.0,467.09,38.0,0.56,0.137,6.0,1.0,23.92,0.667,0.081,0.34
8115,26.0,1667.44,76.0,0.036,0.075,10.0,0.0,64.14,0.158,0.293,2.11
8116,3.0,137.32,4.0,0.145,0.039,108.0,0.0,46.06,0.642,0.322,0.04
8117,11.0,435.15,29.0,0.084,0.072,17.0,1.0,39.11,0.281,0.399,1.15
8118,5.0,567.32,43.0,0.132,0.064,7.0,0.0,123.26,0.211,0.154,1.36
8119,2.0,196.38,11.0,,0.036,64.0,1.0,81.84,0.166,0.27,1.91
8120,12.0,462.18,31.0,0.052,0.058,5.0,2.0,38.6,0.523,0.385,1.66
8121,11.0,538.96,31.0,0.058,0.074,17.0,1.0,48.55,0.247,0.336,2.41
8122,2.0,83.79,5.0,0.208,0.013,144.0,1.0,37.08,0.49,0.0,0.12
8123,7.0,103.0,9.0,0.293,0.05,57.0,0.0,14.63,0.395,0.188,1.62
8124,7.0,358.34,32.0,0.175,0.056,10.0,2.0,52.39,0.478,0.166,1.01
8125,1.0,108.63,9.0,0.214,0.01,35.0,0.0,108.63,0.12,0.122,0.0
8126,11.0,388.75,26.0,0.128,0.021,4.0,0.0,34.87,0.27,0.161,2.67
8127,4.0,160.77,7.0,0.325,0.068,19.0,1.0,42.44,0.416,0.271,1.63
8128,4.0,85.68,14.0,0.139,0.0,12.0,1.0,23.2,0.149,0.374,0.0
8129,2.0,86.39,6.0,0.09,0.049,52.0,1.0,35.88,0.253,0.092,0.0
8130,1.0,49.35,5.0,0.47,0.036,15.0,1.0,48.97,0.789,0.106,0.59
8131,4.0,181.57,14.0,0.101,0.022,25.0,2.0,42.61,0.596,0.141,1.33
8132,6.0,390.63,27.0,0.09,0.011,14.0,1.0,60.42,0.416,0.203,1.37
8133,16.0,766.19,36.0,0.122,0.074,8.0,4.0,47.34,0.791,0.136,1.75
8134,13.0,528.27,30.0,0.052,0.095,5.0,0.0,40.15,0.387,0.231,0.15
8135,15.0,581.15,49.0,0.399,0.115,21.0,1.0,39.93,0.427,0.001,2.07
8136,10.0,684.43,22.0,0.068,0.032,17.0,1.0,71.02,0.283,0.407,0.59
8137,13.0,664.1,17.0,0.099,0.038,8.0,2.0,50.9,0.228,0.283,2.1
8138,12.0,418.52,29.0,0.46,0.129,13.0,2.0,34.85,0.338,0.357,1.64
8139,13.0,165.27,27.0,0.13,0.002,9.0,0.0,12.86,0.119,0.268,0.89
8140,3.0,114.87,7.0,0.127,0.079,40.0,2.0,40.1,0.428,0.332,1.67
8141,12.0,325.78,32.0,0.18,0.065,13.0,1.0,27.89,0.411,0.235,2.48
8142,2.0,158.47,9.0,0.335,0.028,27.0,1.0,69.0,0.155,0.187,0.2
8143,2.0,145.13,11.0,0.082,0.073,48.0,1.0,61.75,0.289,0.0,0.0
8144,3.0,130.08,4.0,0.11,0.067,44.0,0.0,46.9,0.748,0.127,0.0
8145,1.0,107.4,6.0,0.044,0.0,43.0,2.0,107.4,0.327,0.271,1.85
8146,1.0,136.26,14.0,0.175,0.026,28.0,0.0,95.37,0.496,0.291,0.8
8147,13.0,583.8,47.0,0.072,0.028,21.0,0.0,43.51,0.384,0.383,1.83
8148,16.0,2002.77,47.0,0.091,0.004,10.0,2.0,128.66,0.547,0.267,3.28
8149,0.0,43.03,2.0,0.059,0.03,115.0,1.0,43.03,0.365,0.0,1.5
8150,2.0,143.16,2.0,0.035,0.013,42.0,0.0,60.99,0.256,0.245,1.75
8151,2.0,0.0,19.0,0.041,0.0,39.0,0.0,0.0,0.325,0.335,0.46
8152,15.0,676.61,26.0,0.221,0.026,7.0,0.0,45.47,0.615,0.255,3.92
8153,0.0,104.48,2.0,0.167,0.063,124.0,1.0,104.48,0.444,,1.95
8154,5.0,80.23,16.0,0.284,0.068,52.0,1.0,16.15,0.192,0.227,0.0
8155,15.0,472.41,31.0,0.07,0.043,5.0,2.0,31.05,0.506,0.081,1.17
8156,2.0,192.31,15.0,0.309,0.027,72.0,1.0,82.71,0.257,0.394,0.0
8157,2.0,65.34,0.0,0.124,0.032,120.0,0.0,42.65,0.399,0.087,1.73
8158,29.0,1269.98,66.0,0.1,0.041,0.0,4.0,44.38,0.58,0.387,1.47
8159,17.0,403.73,31.0,0.11,0.055,20.0,1.0,23.71,0.301,0.45,3.18
8160,12.0,290.41,28.0,0.117,0.039,10.0,0.0,24.02,0.084,0.253,2.4
8161,16.0,796.9,37.0,0.288,0.112,4.0,3.0,50.24,0.374,0.092,0.42
8162,0.0,61.41,7.0,0.103,0.002,110.0,0.0,61.41,0.335,0.026,1.48
8163,23.0,1937.63,48.0,0.071,0.071,9.0,0.0,86.05,0.27,0.264,1.72
8164,10.0,534.88,40.0,0.062,0.0,8.0,2.0,53.86,0.695,0.337,4.15
8165,1.0,143.12,1.0,0.105,0.013,154.0,2.0,101.04,0.394,0.0,0.59
8166,2.0,0.0,3.0,0.169,0.0,105.0,1.0,0.0,0.385,0.0,0.06
8167,0.0,123.97,12.0,0.311,0.037,0.0,1.0,123.97,0.698,0.26,1.46
8168,19.0,547.89,48.0,0.457,0.166,10.0,1.0,29.09,0.941,0.371,0.95
8169,37.0,2092.48,41.0,0.05,0.0,3.0,1.0,55.85,0.524,0.132,1.68
8170,0.0,511.53,41.0,0.308,0.107,3.0,1.0,511.53,0.486,0.257,0.0
8171,16.0,319.52,19.0,0.122,0.012,10.0,1.0,19.41,0.47,0.107,2.21
8172,2.0,79.1,5.0,0.0,0.037,65.0,0.0,42.43,0.116,0.015,0.06
8173,36.0,2240.91,38.0,0.063,0.024,2.0,0.0,61.82,0.168,0.479,2.78
8174,14.0,635.56,22.0,0.113,0.004,25.0,0.0,44.72,0.846,0.366,0.95
8175,19.0,588.97,24.0,0.358,0.047,12.0,0.0,30.49,0.247,0.342,1.07
8176,3.0,78.25,12.0,0.092,0.0,51.0,0.0,28.53,0.326,0.137,2.2
8177,11.0,584.32,31.0,0.122,,7.0,2.0,55.31,0.149,0.198,2.18
8178,28.0,2806.13,48.0,0.021,0.047,5.0,3.0,99.95,0.346,0.136,1.03
8179,2.0,69.11,8.0,0.145,0.031,34.0,0.0,40.77,0.251,0.085,1.76
8180,5.0,233.73,5.0,0.182,0.063,27.0,0.0,51.12,0.501,0.198,0.08
8181,9.0,364.54,24.0,0.117,0.079,5.0,0.0,39.83,0.41,0.074,2.21
8182,20.0,781.28,48.0,0.319,0.109,7.0,0.0,38.64,0.511,0.232,1.61
8183,24.0,2251.97,69.0,0.071,0.038,4.0,3.0,93.87,0.564,0.364,1.68
8184,0.0,696.08,49.0,0.405,0.078,8.0,1.0,696.08,0.837,0.256,0.59
8185,2.0,147.18,5.0,0.251,0.0,126.0,0.0,73.93,0.489,0.0,1.93
8186,31.0,1835.57,30.0,0.008,0.042,7.0,1.0,59.33,0.305,0.481,1.88
8187,36.0,1465.64,45.0,0.024,0.047,7.0,1.0,41.1,0.328,0.253,4.0
8188,2.0,87.56,6.0,0.172,0.023,6.0,0.0,37.05,0.314,0.013,0.53
8189,6.0,824.81,48.0,0.562,0.11,20.0,2.0,129.29,0.909,0.182,0.79
8190,3.0,107.82,12.0,0.301,0.057,30.0,2.0,39.52,0.705,0.387,1.54
8191,33.0,1924.47,52.0,0.128,0.023,17.0,3.0,58.63,0.918,0.176,3.27
8192,1.0,114.69,7.0,0.251,0.026,39.0,1.0,114.69,0.387,0.197,0.84
8193,14.0,647.85,33.0,0.059,0.037,8.0,0.0,47.17,0.138,0.176,2.89
8194,22.0,561.45,65.0,0.54,0.144,18.0,0.0,25.95,0.644,0.408,1.03
8195,2.0,131.98,2.0,0.151,0.009,90.0,0.0,61.44,0.537,0.0,0.7
8196,18.0,254.91,24.0,0.175,0.028,8.0,1.0,14.07,0.248,0.321,2.45
8197,33.0,1804.05,37.0,0.064,0.051,5.0,0.0,54.34,0.13,0.212,1.98
8198,4.0,39.65,15.0,0.369,0.061,59.0,1.0,9.99,0.256,0.177,2.17
8199,22.0,641.72,37.0,0.311,0.085,0.0,1.0,28.65,0.287,0.289,1.67
8200,2.0,130.11,2.0,0.105,0.084,93.0,1.0,59.01,0.632,0.0,2.38
8201,17.0,607.63,28.0,0.432,0.042,1.0,2.0,35.94,0.481,0.277,1.16
8202,40.0,2902.97,81.0,0.092,0.037,3.0,1.0,72.14,0.639,0.247,2.64
8203,10.0,632.7,21.0,0.04,0.001,15.0,2.0,62.1,0.551,0.08,2.25
8204,20.03169639919517,1198.1548676259163,22.0,0.099,0.038,17.0,2.0,43.04,0.298,0.192,2.0
8205,1.0,53.88,3.0,0.317,0.051,43.0,0.0,53.88,0.29,0.253,1.3
8206,2.0,176.35,12.0,0.218,0.024,14.0,2.0,97.21,0.382,0.128,0.46
8207,12.0,662.05,28.0,0.064,0.032,16.0,2.0,53.84,0.248,0.151,2.49
8208,13.0,317.55,16.0,0.149,0.031,4.0,3.0,24.36,0.278,0.299,2.47
8209,39.0,1990.99,68.0,0.042,0.046,5.0,0.0,51.19,0.162,0.316,1.5
8210,12.0,1474.94,50.0,0.071,0.046,3.0,1.0,120.83,0.206,0.237,1.25
8211,13.0,708.61,36.0,0.219,0.043,0.0,0.0,54.65,0.613,0.044,0.74
8212,30.0,1496.59,57.0,0.031,0.016,9.0,3.0,49.38,0.565,0.315,1.45
8213,31.0,1257.65,49.0,0.029,0.04,5.0,3.0,40.68,0.469,0.068,0.95
8214,12.0,499.09,27.0,0.086,0.032,11.0,1.0,40.83,0.226,0.216,2.39
8215,19.0,294.1,25.0,0.056,0.053,15.0,2.0,15.84,0.541,0.069,1.2
8216,20.0,1585.56,58.0,0.067,0.026,6.0,2.0,80.06,0.49,0.312,2.33
8217,1.0,178.96,1.0,0.093,0.0,77.0,0.0,134.21,0.525,0.0,0.04
8218,14.0,372.43,35.0,0.304,0.12,16.0,1.0,26.67,0.328,0.143,1.63
8219,15.0,511.77,35.0,0.06,0.105,13.0,1.0,33.07,0.217,0.281,0.89
8220,38.0,2198.39,45.0,0.073,,9.0,1.0,58.41,0.315,0.188,2.79
8221,5.0,170.68,6.0,0.126,0.043,8.0,0.0,36.86,0.704,0.253,2.0
8222,14.0,502.91,34.0,0.153,0.056,13.0,2.0,36.1,0.279,0.0,1.35
8223,10.0,502.0,34.0,0.151,0.045,8.0,1.0,51.66,0.774,0.132,1.85
8224,0.0,92.2,4.0,0.009,0.05,68.0,0.0,92.2,0.269,0.104,1.43
8225,2.0,48.55,4.0,0.026,0.039,104.0,0.0,27.26,0.43,0.0,0.93
8226,7.0,195.74,9.0,0.076,0.009,5.0,0.0,29.79,0.77,0.28,1.69
8227,12.0,818.99,38.0,0.417,0.09,0.0,0.0,66.36,0.676,0.154,0.49
8228,1.0,0.0,2.0,0.148,0.007,124.0,0.0,0.0,0.266,0.197,0.69
8229,27.0,622.96,53.0,0.303,0.096,1.0,3.0,23.14,0.372,0.319,2.32
8230,3.0,154.8,9.0,0.121,0.065,55.0,1.0,48.14,0.08,0.16,0.71
8231,31.0,1849.44,57.0,,0.014,10.0,3.0,59.03,0.356,0.33,1.98
8232,38.0,1350.2,40.0,0.054,0.036,6.0,3.0,35.46,0.138,0.275,3.02
8233,12.0,811.74,36.0,0.1,0.03,13.0,2.0,65.08,0.386,0.215,2.23
8234,3.0,223.67,9.0,0.149,0.042,63.0,0.0,80.63,0.624,0.249,1.9
8235,12.0,605.75,26.0,0.104,0.117,7.0,1.0,51.47,0.182,0.227,1.42
8236,17.0,363.1,56.0,0.341,0.134,9.0,2.0,20.93,0.581,0.286,0.0
8237,9.0,400.07,30.0,0.108,0.039,19.0,1.0,45.4,0.594,0.286,2.43
8238,2.0,119.8,14.0,0.028,0.078,36.0,0.0,49.8,0.549,0.185,0.6
8239,3.0,100.98,9.0,0.193,0.066,24.0,0.0,32.99,0.14,0.267,0.93
8240,29.0,1924.0,66.0,0.042,0.035,3.0,2.0,65.24,0.244,0.277,2.99
8241,1.0,52.85,4.0,0.06,0.031,110.0,0.0,44.99,0.226,0.0,1.69
8242,4.0,104.52,8.0,0.122,0.035,24.0,1.0,28.85,0.445,0.152,0.71
8243,11.0,556.26,21.0,0.155,0.0,16.0,1.0,50.48,0.225,0.289,1.07
8244,11.0,394.69,26.0,0.093,0.006,13.0,1.0,37.32,0.854,0.262,1.99
8245,6.0,192.82,9.0,0.269,0.084,55.0,1.0,34.1,0.311,0.22,0.84
8246,4.0,46.38,14.0,0.24,0.0,31.0,0.0,11.31,0.746,0.233,1.39
8247,19.0,505.0,57.0,0.454,0.0,13.0,2.0,26.6,0.433,0.066,1.28
8248,10.0,545.89,28.0,0.109,0.008,6.0,2.0,56.58,0.364,0.158,2.45
8249,21.0,1579.24,50.0,0.073,0.042,2.0,0.0,74.72,0.449,0.094,2.25
8250,0.0,69.09,4.0,0.074,0.045,93.0,1.0,69.09,0.641,0.11,1.68
8251,10.0,289.71,19.0,0.055,0.036,12.0,2.0,29.85,0.578,0.145,2.06
8252,4.0,35.07,9.0,0.054,0.064,38.0,2.0,8.87,0.185,0.209,2.6
8253,1.0,70.12,5.0,0.239,0.037,130.0,0.0,70.12,0.416,0.245,1.51
8254,3.0,91.38,1.0,0.075,0.0,93.0,1.0,33.97,0.501,0.157,1.0
8255,5.0,165.23,15.0,0.23,0.094,49.0,1.0,32.33,0.226,0.057,1.03
8256,9.0,548.67,32.0,0.194,0.027,10.0,0.0,59.05,0.416,0.075,3.43
8257,25.0,560.21,72.0,0.596,0.051,0.0,1.0,22.0,0.52,0.137,1.4
8258,3.0,83.44,6.0,0.18,0.041,34.0,0.0,32.04,0.143,0.064,0.65
8259,11.0,696.19,30.0,0.0,0.071,11.0,1.0,61.73,0.18,0.152,2.16
8260,16.0,742.83,36.0,0.048,0.049,12.0,1.0,47.07,0.233,0.332,2.33
8261,9.0,568.56,32.0,0.098,0.016,18.0,2.0,65.85,0.251,0.203,2.81
8262,17.0,385.77,42.0,0.267,0.166,14.0,3.0,23.07,0.376,0.092,0.77
8263,13.0,465.46,21.0,0.052,0.066,18.0,1.0,35.98,0.419,0.385,1.51
8264,18.0,637.99,48.0,0.483,0.086,11.0,0.0,36.08,0.983,0.09,0.14
8265,19.0,1966.32,38.0,0.074,0.068,11.0,2.0,105.49,0.255,0.369,3.72
8266,2.0,374.67,25.0,0.12,0.045,19.0,1.0,156.45,0.34,0.173,2.36
8267,0.0,82.48,4.0,0.17,0.013,39.0,0.0,82.48,0.713,0.345,1.34
8268,29.0,2169.82,42.0,0.034,0.0,8.0,0.0,76.05,0.297,0.0,2.68
8269,11.0,410.25,34.0,0.104,0.0,9.0,2.0,36.85,0.562,0.0,2.76
8270,8.0,532.03,24.0,0.173,0.093,4.0,2.0,65.28,0.416,0.182,2.28
8271,0.0,190.91,13.0,0.269,0.024,63.0,2.0,190.91,0.045,0.388,1.56
8272,16.0,554.99,54.0,0.476,0.158,1.0,1.0,34.72,0.343,,0.37
8273,15.0,463.29,41.0,0.459,0.19,27.0,2.0,30.92,0.391,0.12,2.03
8274,2.0,61.15,0.0,0.179,0.001,71.0,0.0,26.41,0.728,0.027,0.88
8275,24.0,2161.5,32.0,0.125,0.027,3.0,2.0,90.18,0.203,,1.15
8276,2.0,171.12,3.0,0.112,0.0,38.0,0.0,72.93,0.29,0.063,0.53
8277,2.0,104.91,3.0,0.164,0.034,38.0,0.0,47.99,0.409,0.223,0.87
8278,1.0,140.54,14.0,0.131,0.07,36.0,1.0,125.8,0.214,0.175,2.63
8279,12.0,491.03,12.0,0.08,0.06,10.0,2.0,42.55,0.377,0.207,2.81
8280,16.0,529.3,29.0,0.041,0.115,7.0,1.0,32.25,0.108,0.229,1.61
8281,7.0,340.94,13.0,0.043,0.068,18.0,0.0,47.13,0.028,0.198,2.27
8282,8.0,414.35,33.0,0.118,0.051,5.0,1.0,54.26,0.384,0.178,2.47
8283,14.0,322.84,19.0,0.137,0.117,17.0,1.0,23.38,0.265,0.209,3.09
8284,25.0,1664.17,55.0,0.015,0.011,8.0,0.0,65.59,0.328,0.316,0.0
8285,9.0,438.41,21.0,0.159,0.071,4.0,2.0,47.3,0.326,0.324,2.01
8286,6.0,91.93,11.0,0.27,0.021,37.0,0.0,15.9,0.364,0.173,1.31
8287,6.0,85.86,14.0,0.296,0.044,40.0,0.0,13.5,0.354,0.215,0.83
8288,3.0,116.22,12.0,0.298,0.0,16.0,2.0,40.55,0.52,0.467,1.18
8289,0.0,102.98,1.0,0.058,0.079,54.0,1.0,102.98,0.448,0.064,0.0
8290,10.0,695.63,31.0,0.068,0.035,20.0,2.0,70.82,0.65,0.434,1.43
8291,23.0,222.53,50.0,0.673,0.128,14.0,1.0,9.79,0.197,,1.68
8292,16.0,481.1,27.0,0.019,0.029,14.0,2.0,30.37,0.266,0.19,2.71
8293,9.0,545.15,34.0,0.114,0.037,0.0,1.0,58.52,0.07,0.367,1.93
8294,2.0,125.23,10.0,0.139,0.106,24.0,1.0,73.64,0.339,0.297,0.0
8295,4.0,187.98,6.0,0.176,0.059,43.0,1.0,49.75,0.135,0.332,0.0
8296,7.0,382.25,25.0,0.133,0.0,26.0,0.0,54.68,0.276,0.208,1.63
8297,0.0,40.23,10.0,0.22,0.05,53.0,1.0,40.23,0.535,0.342,0.86
8298,0.0,81.58,4.0,0.004,0.022,119.0,0.0,81.58,0.379,0.196,1.48
8299,26.0,1543.2,62.0,0.04,0.028,6.0,1.0,59.45,0.61,0.236,2.11
8300,4.0,147.91,12.0,0.23,0.033,25.0,1.0,38.38,0.274,0.168,0.51
8301,12.0,606.94,21.0,0.19,0.113,14.0,2.0,51.07,0.794,0.284,2.73
8302,27.0,1703.25,41.0,0.135,0.051,3.0,1.0,63.45,0.397,0.23,2.25
8303,40.0,1419.5,34.0,0.057,0.088,2.0,2.0,35.4,0.644,0.208,1.2
8304,23.0,1513.84,19.0,0.022,0.028,6.0,0.0,66.29,0.755,0.16,1.82
8305,2.0,92.19,2.0,0.19,0.057,171.0,0.0,49.86,0.389,0.035,1.11
8306,7.0,36.62,11.0,0.188,0.091,39.0,0.0,5.59,0.155,0.293,1.14
8307,15.0,475.54,33.0,0.419,0.106,0.0,2.0,32.27,0.524,0.276,0.11
8308,10.0,472.33,41.0,0.126,0.071,20.0,2.0,46.06,0.291,0.224,3.73
8309,26.0,714.73,44.0,0.357,0.072,17.0,4.0,27.76,0.307,0.058,0.0
8310,5.0,58.32,0.0,0.258,0.0,13.0,1.0,11.49,0.421,0.107,1.15
8311,2.0,229.75,16.0,0.138,0.073,25.0,1.0,96.46,0.386,0.0,0.21
8312,16.0,608.26,46.0,0.312,0.065,13.0,2.0,37.56,0.524,0.286,2.29
8313,22.0,2130.06,60.0,0.048,0.039,9.0,2.0,98.37,0.306,0.32,2.63
8314,6.0,924.83,30.0,0.113,0.128,10.0,2.0,154.4,0.652,0.168,0.58
8315,12.0,397.11,33.0,0.126,0.084,11.0,3.0,33.89,0.565,0.163,1.99
8316,21.0,546.27,40.0,0.401,0.133,7.0,3.0,25.58,0.598,0.241,2.33
8317,33.0,1887.48,43.0,0.091,0.042,10.0,1.0,56.55,0.069,0.191,3.87
8318,27.0,2581.2,58.0,0.106,0.024,4.0,4.0,94.51,0.287,0.173,1.76
8319,0.0,29.32,5.0,0.15,0.04,139.0,0.0,29.32,0.228,0.129,0.0
8320,14.0,780.16,30.0,0.369,0.083,18.0,0.0,54.55,0.473,0.432,1.06
8321,5.0,598.71,30.0,0.083,0.064,19.0,1.0,124.11,0.155,0.254,0.86
8322,19.0,350.77,49.0,0.195,0.124,1.0,0.0,18.48,0.486,0.194,2.3
8323,28.0,1946.83,65.0,0.05,0.04,6.0,2.0,69.12,0.496,0.215,1.56
8324,13.0,571.61,30.0,0.021,0.048,9.0,0.0,45.32,0.316,0.135,1.25
8325,3.0,162.7,10.0,0.245,0.048,1.0,1.0,55.72,0.655,0.197,0.0
8326,27.0,2177.29,48.0,0.11,0.027,3.0,1.0,79.79,0.239,0.261,1.34
8327,25.0,1368.85,54.0,0.134,0.046,2.0,1.0,54.46,0.663,0.211,1.84
8328,6.0,88.76,5.0,0.076,0.077,0.0,2.0,15.79,0.404,0.264,0.2
8329,18.0,691.3,66.0,0.306,0.097,2.0,0.0,37.8,0.374,0.292,1.54
8330,20.0,667.0,61.0,0.393,0.061,9.0,1.0,33.52,0.238,0.109,1.28
8331,18.0,738.46,50.0,0.345,0.106,15.0,0.0,41.45,0.263,0.158,0.4
8332,7.0,565.15,23.0,0.175,0.04,17.0,0.0,83.54,0.606,0.257,2.22
8333,1.0,131.74,1.0,0.0,,55.0,1.0,131.74,0.396,0.0,0.7
8334,0.0,46.09,7.0,0.162,0.021,6.0,1.0,46.09,0.224,0.158,1.47
8335,1.0,105.95,8.0,0.25,0.027,82.0,0.0,105.95,0.092,0.19,1.59
8336,5.0,178.96,11.0,0.334,0.023,54.0,0.0,33.77,0.496,0.349,0.16
8337,9.0,422.83,32.0,0.076,0.098,9.0,3.0,48.05,0.434,0.312,2.86
8338,6.0,100.51,10.0,0.234,0.0,49.0,0.0,16.27,0.454,0.176,0.77
8339,9.0,630.93,20.0,0.202,0.039,22.0,1.0,74.13,0.725,0.267,1.11
8340,0.0,162.81,6.0,0.277,0.029,18.0,1.0,162.81,0.199,0.236,2.79
8341,12.0,313.22,30.0,0.094,0.047,6.0,0.0,26.01,0.22,0.144,0.82
8342,10.0,399.7,12.0,0.083,0.089,4.0,2.0,41.11,0.257,0.214,2.96
8343,14.0,543.82,30.0,0.052,0.057,10.0,2.0,38.37,0.407,0.097,3.57
8344,27.0,439.19,64.0,0.391,0.087,10.0,0.0,16.08,0.653,0.234,1.85
8345,0.0,157.98,0.0,0.227,0.04,11.0,0.0,157.98,0.634,0.101,1.97
8346,2.0,152.52,0.0,0.0,0.034,139.0,1.0,82.04,0.801,0.0,0.84
8347,8.0,157.84,9.0,0.292,0.053,51.0,0.0,20.48,0.459,0.21,1.16
8348,11.0,638.59,29.0,0.148,0.02,16.0,2.0,58.88,0.49,0.203,2.0
8349,3.0,172.05,3.0,0.105,,70.0,1.0,49.21,0.459,0.298,1.36
8350,5.0,65.34,7.0,0.174,0.022,59.0,0.0,12.89,0.056,0.199,0.21
8351,21.0,658.64,45.0,0.531,0.073,4.0,2.0,31.14,0.468,0.382,1.55
8352,0.0,104.27,6.0,0.086,0.041,141.0,0.0,104.27,0.3,0.0,1.51
8353,14.0,605.67,58.0,0.239,0.074,6.0,1.0,41.86,0.507,0.223,1.0
8354,1.0,39.46,4.0,0.251,0.007,141.0,0.0,39.46,0.047,0.0,1.0
8355,0.0,0.0,0.0,0.081,0.046,134.0,0.0,0.0,0.011,0.0,1.02
8356,3.0,260.99,1.0,0.032,0.053,11.0,0.0,77.02,0.268,0.264,0.28
8357,17.0,612.75,44.0,0.429,0.042,13.0,1.0,35.12,0.914,0.368,0.87
8358,3.0,56.44,9.0,0.17,0.047,65.0,1.0,16.95,0.381,0.436,1.81
8359,6.0,211.44,3.0,0.139,0.033,73.0,1.0,35.23,0.198,0.186,0.0
8360,1.0,93.9,10.0,0.0,0.075,61.0,0.0,93.9,0.266,0.154,0.94
8361,16.0,680.42,60.0,0.393,0.079,2.0,1.0,42.68,0.509,0.209,0.6
8362,1.0,55.25,10.0,0.286,0.006,15.0,1.0,55.25,0.418,0.0,0.0
8363,7.0,910.38,44.0,0.093,0.062,17.0,1.0,131.57,0.428,0.142,1.86
8364,4.0,162.7,14.0,0.281,0.08,33.0,0.0,40.97,0.233,0.255,0.62
8365,30.0,1608.8,57.0,0.065,0.046,8.0,1.0,52.89,0.056,0.026,2.19
8366,14.0,506.71,31.0,0.095,0.094,10.0,1.0,36.52,0.066,0.312,2.49
8367,21.0,1839.3,33.0,0.038,0.071,8.0,1.0,88.04,0.604,0.381,2.54
8368,26.0,931.93,38.0,0.078,0.05,4.0,1.0,36.23,0.583,0.1,1.57
8369,2.0,105.64,6.0,0.074,0.036,56.0,0.0,56.33,0.269,0.385,3.33
8370,14.0,550.64,25.0,,0.0,12.0,1.0,40.66,0.301,0.366,1.78
8371,23.0,684.91,35.0,0.537,0.099,0.0,1.0,30.26,0.829,0.0,0.42
8372,19.0,767.15,35.0,0.319,0.1,19.0,2.0,40.83,0.641,0.191,0.0
8373,33.0,2685.75,42.0,0.005,0.043,7.0,1.0,81.39,0.304,0.225,1.59
8374,2.0,85.45,1.0,0.157,0.05,68.0,0.0,36.03,0.372,0.0,1.74
8375,40.0,2282.23,60.0,0.082,0.047,6.0,2.0,57.12,0.399,0.117,1.98
8376,26.0,671.01,47.0,0.369,0.126,6.0,0.0,25.83,0.515,0.292,1.19
8377,16.0,688.36,43.0,0.198,0.021,24.0,2.0,42.44,0.069,,2.17
8378,16.0,425.41,37.0,0.045,0.032,11.0,1.0,27.23,0.216,0.209,1.68
8379,3.0,16.21,8.0,0.15,0.003,55.0,2.0,5.94,0.104,0.0,1.41
8380,10.0,570.47,29.0,0.176,0.0,12.0,1.0,58.94,0.777,,0.46
8381,4.0,115.98,16.0,0.183,0.051,29.0,0.0,27.64,0.227,0.433,0.27
8382,13.0,452.19,34.0,0.1,0.068,7.0,2.0,34.17,0.489,0.149,3.24
8383,5.0,0.0,7.0,0.128,0.001,56.0,1.0,0.0,0.296,0.359,1.31
8384,6.0,148.82,11.0,0.223,0.043,37.0,1.0,23.8,0.489,0.143,0.46
8385,11.0,390.89,22.0,0.088,0.0,13.0,3.0,35.25,0.406,0.342,4.68
8386,13.0,529.98,21.0,0.165,0.032,18.0,2.0,40.79,0.159,0.156,2.33
8387,1.0,117.96,8.0,0.226,0.074,120.0,1.0,117.96,0.592,0.027,0.0
8388,3.0,72.02,2.0,0.131,0.0,49.0,1.0,24.05,0.369,0.163,0.37
8389,11.0,738.74,31.0,0.061,0.04,13.0,1.0,65.29,0.322,0.337,1.81
8390,35.0,1602.51,64.0,0.074,0.024,9.0,0.0,46.33,0.251,0.019,2.52
8391,30.0,1146.33,43.0,0.277,0.151,10.0,2.0,37.72,0.472,0.153,0.73
8392,26.0,1259.13,46.0,0.0,0.021,9.0,1.0,48.08,0.516,0.446,2.04
8393,0.0,88.55,11.0,0.24,0.021,13.0,0.0,88.55,0.403,0.253,
8394,19.0,664.01,30.0,0.151,0.074,0.0,1.0,34.95,0.801,0.297,1.92
8395,33.0,1394.67,55.0,0.018,0.026,5.0,0.0,42.81,0.661,0.172,2.92
8396,16.0,529.97,28.0,0.13,0.07,3.0,3.0,33.23,0.273,0.366,1.48
8397,18.0,421.79,26.0,0.089,0.144,15.0,1.0,23.25,0.66,0.0,0.51
8398,2.0,97.32,3.0,0.154,0.043,130.0,0.0,63.93,0.551,0.105,2.03
8399,16.0,627.36,26.0,0.058,0.033,16.0,0.0,38.6,0.744,0.632,2.44
8400,1.0,9.22,10.0,0.158,0.141,20.0,0.0,6.4,0.831,0.341,2.17
8401,11.0,356.12,32.0,0.061,0.037,11.0,2.0,33.2,0.054,0.332,2.86
8402,0.0,42.17,12.0,0.188,0.0,8.0,1.0,42.17,0.352,0.226,0.0
8403,4.0,108.68,14.0,0.279,0.045,47.0,1.0,25.37,0.554,0.267,0.82
8404,16.0,309.56,52.0,0.3,0.073,3.0,0.0,19.49,0.493,0.223,1.48
8405,22.0,1131.7,25.0,0.02,0.024,4.0,1.0,51.12,0.067,0.156,2.59
8406,7.0,569.0,23.0,0.0,0.064,25.0,2.0,85.73,0.212,0.088,1.02
8407,16.0,1985.97,57.0,0.074,0.0,6.0,0.0,122.14,0.565,0.302,3.7
8408,0.0,21.23,1.0,0.002,0.035,90.0,1.0,21.23,0.046,0.0,1.48
8409,1.0,62.99,2.0,0.165,0.034,138.0,1.0,51.51,0.264,0.137,0.68
8410,10.0,425.64,31.0,0.179,0.066,12.0,1.0,42.12,0.656,0.14,2.04
8411,9.0,829.43,26.0,0.102,0.014,18.0,1.0,95.86,0.431,0.385,2.02
8412,6.0,511.23,21.0,0.16,0.092,14.0,2.0,87.89,0.457,,1.0
8413,12.0,459.59,32.0,0.036,0.087,8.0,1.0,38.94,0.521,0.107,2.13
8414,5.0,119.44,9.0,0.276,0.031,34.0,1.0,25.51,0.479,0.159,0.82
8415,15.0,161.24,42.0,0.489,0.106,4.0,0.0,10.92,0.272,0.141,0.75
8416,20.0,835.72,31.0,0.368,0.081,7.0,3.0,41.49,0.951,0.154,1.65
8417,13.0,546.41,18.0,0.159,0.036,16.0,1.0,42.2,0.087,0.228,3.15
8418,7.0,408.17,42.0,0.142,0.032,13.0,1.0,62.46,0.438,0.306,2.27
8419,24.0,953.41,31.0,0.528,0.148,3.0,1.0,39.68,0.305,0.191,0.12
8420,4.0,149.89,6.0,0.211,0.048,20.0,1.0,36.35,0.197,0.163,1.44
8421,2.0,121.54,12.0,0.224,0.049,36.0,0.0,63.74,0.606,0.167,0.0
8422,18.0,620.0,18.0,0.068,0.05,20.0,0.0,34.85,0.617,0.099,2.5
8423,18.0,1373.93,55.0,0.092,0.06,6.0,2.0,77.21,0.282,0.137,2.37
8424,0.0,57.58,1.0,0.111,0.015,68.0,1.0,57.58,0.385,0.0,2.18
8425,28.0,2419.98,59.0,0.035,0.038,2.0,1.0,87.64,0.038,0.271,2.48
8426,16.0,640.95,28.0,0.151,0.097,0.0,0.0,41.26,0.215,0.282,1.65
8427,4.0,62.35,7.0,0.083,0.042,34.0,0.0,16.46,0.431,0.092,0.97
8428,3.0,198.16,9.0,0.16,0.076,5.0,0.0,66.79,0.462,0.252,0.0
8429,7.0,651.18,29.0,0.022,0.058,19.0,2.0,94.34,0.272,0.354,3.02
8430,1.0,58.78,2.0,0.055,0.063,155.0,0.0,43.67,0.149,0.08,1.07
8431,1.0,56.23,3.0,0.088,0.01,42.0,1.0,45.36,0.419,0.028,0.96
8432,39.0,1794.35,48.0,0.033,0.025,6.0,1.0,46.24,0.485,0.266,1.41
8433,18.0,619.68,55.0,0.414,0.044,12.0,1.0,33.62,0.311,0.368,0.59
8434,2.0,0.0,6.0,0.011,0.0,117.0,0.0,0.0,0.315,0.136,0.91
8435,10.0,648.95,52.0,0.517,0.132,12.0,2.0,66.56,0.481,0.055,0.28
8436,0.0,774.29,24.0,0.161,0.028,0.0,2.0,774.29,0.512,0.368,1.17
8437,16.0,635.62,40.0,0.393,0.057,32.0,1.0,38.96,0.301,0.154,0.67
8438,8.0,330.01,22.0,0.135,0.085,13.0,0.0,40.41,0.481,0.169,2.25
8439,4.0,71.44,15.0,0.267,0.071,0.0,0.0,18.97,0.487,0.377,0.0
8440,5.0,680.9,36.0,0.093,0.049,3.0,1.0,134.56,0.262,0.15,2.24
8441,24.0,1033.7,77.0,0.4,0.117,3.0,1.0,42.9,0.551,0.152,0.0
8442,4.0,663.21,27.0,0.125,0.005,3.0,1.0,155.3,0.342,,1.9
8443,44.0,2526.66,25.0,0.03,0.041,9.0,1.0,56.87,0.304,0.372,2.59
8444,20.0,771.76,39.0,0.41,0.074,15.0,0.0,38.84,0.435,0.111,1.09
8445,0.0,118.44,9.0,0.231,0.036,3.0,0.0,118.44,0.251,0.061,1.47
8446,3.0,46.82,6.0,0.32,0.006,41.0,0.0,18.56,0.072,0.368,0.27
8447,3.0,532.88,33.0,0.092,0.024,6.0,1.0,154.23,0.374,0.424,1.08
8448,12.0,460.15,33.0,0.102,0.083,8.0,2.0,37.12,0.182,0.247,2.13
8449,8.0,241.25,34.0,0.066,0.029,13.0,2.0,29.62,0.203,0.19,3.42
8450,4.0,91.37,3.0,0.191,0.059,50.0,0.0,24.14,0.641,,0.36
8451,18.0,636.39,48.0,0.495,0.123,9.0,1.0,35.49,0.432,0.246,0.74
8452,1.0,76.85,1.0,0.268,0.037,98.0,1.0,54.96,0.757,0.0,0.0
8453,16.0,553.04,36.0,0.06,0.099,1.0,1.0,34.34,0.197,0.103,2.54
8454,10.0,309.77,40.0,0.062,0.051,15.0,2.0,30.86,0.651,0.165,2.88
8455,19.0,515.21,28.0,0.184,0.041,15.0,2.0,27.08,0.127,0.08,1.7
8456,1.0,160.87,15.0,0.162,,63.0,0.0,160.87,0.468,0.061,0.47
8457,12.0,422.04,37.0,0.079,0.075,21.0,1.0,35.45,0.19,0.438,1.61
8458,9.0,388.11,33.0,0.124,0.031,18.0,2.0,44.88,0.224,0.196,1.65
8459,24.0,590.55,50.0,0.218,0.146,6.0,0.0,24.78,0.397,0.151,1.13
8460,5.0,66.71,2.0,0.032,0.084,2.0,0.0,14.51,0.222,0.252,0.61
8461,16.0,2083.71,72.0,0.074,0.031,4.0,3.0,130.19,0.261,0.087,2.4
8462,4.0,9.51,9.0,0.219,0.0,60.0,0.0,2.12,0.569,0.138,0.16
8463,25.0,774.81,56.0,0.005,0.046,12.0,3.0,30.6,0.815,0.315,2.05
8464,41.0,1147.7,33.0,0.08,0.02,5.0,0.0,27.75,0.249,0.171,2.13
8465,5.0,137.44,8.0,0.056,0.075,29.0,0.0,28.0,0.614,0.394,0.12
8466,2.0,129.86,0.0,0.237,0.0,24.0,1.0,72.3,0.072,0.122,1.63
8467,21.0,431.69,23.0,0.064,0.08,17.0,0.0,20.36,0.17,0.402,1.15
8468,3.0,573.91,25.0,0.083,0.049,13.0,1.0,193.79,0.419,0.487,1.51
8469,23.0,746.77,50.0,0.301,0.066,10.0,1.0,32.24,0.552,0.214,0.79
8470,2.0,66.9,13.0,0.23,0.047,42.0,0.0,37.44,0.331,0.172,0.0
8471,8.0,637.31,36.0,0.0,0.069,13.0,0.0,77.3,0.447,0.384,2.96
8472,2.0,133.96,4.0,0.083,0.047,113.0,1.0,74.05,0.361,0.008,2.38
8473,32.0,1316.25,60.0,0.042,0.031,3.0,2.0,40.78,0.714,0.065,2.86
8474,21.0,534.72,34.0,0.388,,5.0,2.0,25.2,0.555,0.0,
8475,2.0,211.16,16.0,0.14,0.006,12.0,2.0,97.74,0.264,0.197,1.02
8476,14.0,439.71,19.0,0.078,0.0,13.0,3.0,30.36,0.211,0.12,2.28
8477,1.0,140.08,5.0,0.188,0.054,43.0,0.0,140.08,0.539,0.241,1.01
8478,25.0,1730.32,42.0,0.108,0.073,5.0,4.0,69.26,0.427,0.247,2.89
8479,2.0,65.22,1.0,0.053,0.009,139.0,1.0,30.9,0.261,0.116,1.0
8480,3.0,49.08,16.0,,0.056,35.0,0.0,15.22,0.477,,1.76
8481,19.0,955.31,55.0,0.033,0.029,11.0,2.0,49.4,0.333,0.144,1.83
8482,26.0,1616.63,51.0,0.044,0.026,10.0,1.0,62.22,0.744,0.454,1.39
8483,5.0,153.85,10.0,0.109,0.038,42.0,1.0,29.63,0.548,0.266,1.2
8484,2.0,22.79,1.0,0.185,,138.0,0.0,11.54,0.325,0.0,0.25
8485,2.0,89.87,4.0,0.129,0.0,114.0,0.0,47.06,0.288,0.013,0.59
8486,0.0,178.11,7.0,0.298,0.061,8.0,1.0,178.11,0.274,0.224,2.75
8487,19.0,280.11,38.0,0.088,0.07,8.0,2.0,14.63,0.361,0.412,2.76
8488,10.0,800.64,19.0,0.084,0.084,1.0,2.0,81.22,0.446,0.143,2.64
8489,20.0,694.01,41.0,0.338,0.07,20.0,1.0,34.61,0.47,0.247,2.59
8490,19.0,1294.8,80.0,0.084,0.05,8.0,1.0,69.06,0.222,0.377,2.33
8491,3.0,66.32,13.0,0.287,0.023,48.0,1.0,25.82,0.403,0.154,0.0
8492,2.0,176.13,9.0,0.161,0.033,53.0,0.0,73.47,0.297,0.263,1.0
8493,2.0,74.32,2.0,0.135,0.052,172.0,0.0,44.95,0.772,0.0,1.15
8494,1.0,50.29,2.0,0.121,0.083,77.0,0.0,50.29,0.57,0.0,1.09
8495,14.0,937.92,54.0,0.432,0.051,7.0,0.0,66.35,0.933,0.146,0.85
8496,15.0,515.72,28.0,0.099,0.028,18.0,1.0,34.71,0.503,0.0,2.69
8497,13.0,586.33,32.0,0.131,0.029,9.0,1.0,45.89,0.036,0.189,1.72
8498,6.0,90.21,14.0,0.123,0.051,50.0,1.0,14.94,0.785,0.199,0.0
8499,14.0,165.43,33.0,0.03,0.034,13.0,1.0,12.13,0.125,0.162,1.92
8500,56.0,1986.96,25.0,0.047,0.027,9.0,1.0,35.23,0.074,0.198,1.41
8501,11.0,619.32,33.0,0.034,0.085,15.0,0.0,54.93,0.534,0.126,2.15
8502,3.0,458.6,21.0,0.162,0.071,11.0,0.0,154.04,0.132,0.19,1.85
8503,5.0,207.78,11.0,0.143,0.026,29.0,1.0,40.29,0.296,0.24,0.0
8504,3.0,19.84,7.0,,0.0,61.0,1.0,5.99,0.625,0.249,0.72
8505,5.0,74.38,12.0,0.28,0.141,8.0,0.0,14.82,0.751,0.075,1.21
8506,23.0,2662.25,53.0,0.002,0.041,3.0,0.0,114.51,0.64,0.354,1.67
8507,9.0,532.28,20.0,0.116,0.029,8.0,2.0,61.39,0.18,0.288,2.88
8508,2.0,25.73,7.0,0.152,0.027,45.0,1.0,11.57,0.457,0.354,0.0
8509,14.0,828.87,48.0,0.334,0.068,12.0,3.0,57.71,0.294,0.0,0.71
8510,42.0,2182.64,59.0,0.038,0.05,3.0,1.0,51.66,0.51,0.176,2.97
8511,2.0,19.09,15.0,0.218,0.011,57.0,1.0,11.08,0.274,0.108,0.35
8512,3.0,56.06,7.0,0.239,0.05,14.0,0.0,16.82,0.315,0.265,0.07
8513,12.0,571.83,22.0,0.446,0.108,0.0,0.0,47.89,0.367,0.205,0.61
8514,5.0,182.62,4.0,0.256,0.044,64.0,1.0,33.65,0.094,0.417,0.22
8515,4.0,62.83,7.0,0.261,0.076,30.0,1.0,15.69,0.289,0.179,0.92
8516,10.0,527.97,25.0,0.029,0.036,13.0,0.0,52.14,0.275,0.045,2.47
8517,4.0,245.73,5.0,0.154,0.047,60.0,0.0,56.38,0.453,0.301,1.27
8518,27.0,1976.63,85.0,0.064,0.069,11.0,0.0,73.79,0.731,0.132,1.39
8519,17.0,630.26,41.0,0.112,0.092,7.0,0.0,36.91,0.495,0.233,1.74
8520,15.0,588.61,17.0,0.099,0.046,7.0,1.0,38.58,0.097,0.293,3.29
8521,23.0,862.1,52.0,0.485,0.11,16.0,2.0,36.76,0.693,0.194,1.61
8522,12.0,323.26,36.0,0.131,0.105,10.0,2.0,27.15,0.516,0.234,1.49
8523,2.0,63.08,3.0,0.095,0.06,145.0,0.0,37.5,0.527,0.0,1.06
8524,2.0,25.76,5.0,0.151,0.066,103.0,0.0,15.57,0.131,0.145,0.0
8525,14.0,327.52,31.0,0.125,0.125,4.0,1.0,23.67,0.62,0.259,2.13
8526,16.0,782.31,45.0,0.115,0.064,18.0,2.0,49.76,0.63,0.0,1.8
8527,2.0,144.49,10.0,0.271,0.015,25.0,0.0,68.54,0.428,0.25,1.42
8528,34.0,1773.95,68.0,0.036,0.056,9.0,1.0,52.2,0.123,0.199,1.48
8529,2.0,66.74,5.0,0.204,0.046,46.0,0.0,33.53,0.597,0.05,1.25
8530,13.0,478.53,30.0,0.147,0.028,10.0,0.0,37.35,0.401,0.123,2.56
8531,3.0,110.48,0.0,0.226,0.0,34.0,0.0,42.31,0.053,0.057,0.65
8532,6.0,134.44,9.0,0.239,0.073,58.0,2.0,23.85,0.711,0.211,0.59
8533,5.0,550.02,30.0,0.176,0.102,11.0,0.0,119.86,0.184,0.099,1.37
8534,2.0,111.97,11.0,0.098,0.017,40.0,0.0,65.65,0.374,0.287,1.41
8535,5.0,140.28,7.0,0.25,0.062,48.0,3.0,28.41,0.768,0.322,1.02
8536,5.0,94.14,11.0,0.326,0.08,38.0,1.0,19.98,0.641,0.082,0.0
8537,1.0,138.41,4.0,0.242,0.053,127.0,0.0,102.61,0.396,0.251,1.69
8538,26.0,1605.64,42.0,0.059,0.032,8.0,2.0,61.62,0.336,0.321,3.33
8539,16.0,685.81,30.0,0.293,0.082,7.0,3.0,42.0,0.847,0.232,0.0
8540,15.0,474.84,23.0,0.07,0.063,13.0,3.0,31.96,0.279,0.299,1.85
8541,24.0,2267.79,60.0,0.094,0.002,4.0,1.0,93.33,0.428,0.212,1.09
8542,10.0,616.91,36.0,0.0,0.05,15.0,1.0,64.09,0.351,0.386,1.19
8543,14.0,118.37,40.0,0.064,0.0,18.0,3.0,8.66,0.092,0.162,3.19
8544,4.0,186.51,7.0,0.216,0.106,31.0,1.0,51.7,0.56,0.167,0.96
8545,28.0,1507.19,51.0,0.075,0.038,10.0,2.0,54.68,0.525,0.117,2.31
8546,13.0,530.59,28.0,0.149,0.062,15.0,1.0,39.68,0.146,0.38,1.12
8547,13.0,695.14,11.0,0.097,0.11,10.0,1.0,54.66,0.576,0.01,1.56
8548,0.0,25.76,4.0,0.132,0.076,60.0,0.0,25.76,0.284,0.079,2.02
8549,1.0,133.13,4.0,0.137,0.078,134.0,0.0,133.13,0.478,0.0,1.04
8550,5.0,330.46,22.0,0.119,0.119,5.0,1.0,72.64,0.466,0.136,3.1
8551,15.0,649.5,23.0,0.081,0.009,10.0,0.0,42.2,0.408,0.496,2.21
8552,11.0,409.35,33.0,0.088,0.087,8.0,0.0,36.93,0.691,0.24,0.91
8553,7.0,685.3,25.0,0.114,0.045,16.0,1.0,96.97,0.273,0.141,2.65
8554,13.0,536.14,36.0,0.127,0.022,16.0,0.0,42.05,0.197,0.322,1.74
8555,3.0,151.97,4.0,0.141,0.0,47.0,0.0,59.04,0.181,0.141,2.58
8556,5.0,217.94,14.0,0.099,0.045,25.0,1.0,46.98,0.446,0.302,0.0
8557,34.0,1327.15,48.0,0.0,0.022,9.0,1.0,39.38,0.501,0.174,1.5
8558,10.0,436.73,31.0,0.135,0.063,20.0,1.0,43.35,0.667,0.492,2.15
8559,17.0,391.83,36.0,0.027,0.055,20.0,0.0,23.54,0.175,0.107,1.85
8560,14.0,2054.22,35.0,0.034,0.042,5.0,1.0,147.86,0.145,0.249,1.18
8561,4.0,72.52,3.0,0.199,0.05,52.0,1.0,19.49,0.315,,1.24
8562,15.0,513.54,56.0,0.164,0.043,2.0,0.0,35.11,0.775,0.429,1.52
8563,5.0,14.94,4.0,0.249,0.0,18.0,1.0,3.01,0.315,0.258,1.69
8564,33.0,1380.18,83.0,0.091,0.029,4.0,2.0,41.28,0.007,0.236,3.09
8565,7.0,179.34,8.0,0.237,0.003,12.0,1.0,25.32,0.522,0.289,1.54
8566,18.0,367.67,32.0,0.293,0.143,12.0,1.0,20.14,0.328,0.501,0.96
8567,2.0,122.67,2.0,0.134,0.006,0.0,1.0,80.25,0.687,0.193,0.56
8568,12.0,765.08,31.0,0.069,0.036,13.0,1.0,63.16,0.591,0.269,1.7
8569,3.0,33.94,2.0,0.284,0.014,56.0,0.0,13.47,0.625,0.11,1.5
8570,1.0,8.38,0.0,0.116,0.078,67.0,0.0,7.0,0.722,0.0,0.25
8571,2.0,60.35,6.0,0.155,0.0,97.0,1.0,38.56,0.297,0.0,1.62
8572,20.0,895.02,32.0,0.345,0.045,17.0,1.0,45.43,0.481,0.331,0.75
8573,20.0,644.86,15.0,0.145,0.064,8.0,1.0,32.44,0.449,0.151,1.63
8574,6.0,149.03,2.0,0.138,0.045,19.0,1.0,24.29,0.789,,1.47
8575,41.0,1802.79,53.0,0.036,0.054,0.0,1.0,43.8,0.434,0.33,2.33
8576,29.0,1224.21,53.0,0.056,0.038,12.0,1.0,42.49,0.527,0.424,1.55
8577,3.0,183.1,12.0,0.166,0.0,12.0,1.0,66.64,0.503,0.269,1.6
8578,16.0,733.72,34.0,0.07,0.001,0.0,0.0,47.29,0.574,0.206,1.78
8579,17.0,619.58,26.0,0.085,0.09,6.0,1.0,36.12,0.235,0.071,2.88
8580,9.0,388.47,18.0,0.07,0.032,9.0,0.0,44.28,0.48,0.18,3.41
8581,16.0,517.38,33.0,0.098,0.008,11.0,1.0,31.89,0.325,0.246,1.96
8582,21.0,653.3,37.0,0.02,0.066,2.0,0.0,30.96,0.516,0.324,2.16
8583,16.0,408.89,31.0,0.175,0.043,10.0,2.0,26.36,0.474,0.472,1.42
8584,13.0,378.54,23.0,0.055,0.027,18.0,2.0,28.11,0.15,0.303,2.83
8585,1.0,86.73,5.0,0.202,0.012,44.0,0.0,58.91,0.583,0.149,0.09
8586,15.0,491.38,50.0,0.156,0.0,13.0,0.0,32.75,0.222,0.247,2.05
8587,23.0,2173.99,33.0,0.081,0.014,3.0,3.0,95.79,0.225,0.2,0.73
8588,26.0,850.31,57.0,0.092,0.044,5.0,4.0,32.12,0.197,0.233,1.36
8589,16.0,601.77,36.0,0.321,0.057,6.0,2.0,37.13,0.481,0.156,0.37
8590,17.0,661.78,21.0,0.124,0.092,6.0,1.0,38.0,0.145,0.378,1.92
8591,13.0,407.57,29.0,0.112,0.114,4.0,0.0,31.79,0.675,0.151,1.71
8592,0.0,129.55,8.0,0.232,0.007,48.0,2.0,129.55,0.335,,1.5
8593,8.0,246.11,31.0,0.071,0.052,14.0,0.0,32.63,0.63,0.194,2.33
8594,31.0,1819.12,60.0,0.005,0.022,8.0,4.0,58.57,0.374,0.256,1.88
8595,14.0,729.65,53.0,0.403,0.174,5.0,4.0,50.4,1.0,0.389,0.86
8596,6.0,694.39,27.0,0.124,0.071,12.0,1.0,117.1,0.538,0.234,2.32
8597,9.0,472.27,27.0,0.057,0.027,16.0,1.0,50.96,0.44,0.203,1.31
8598,3.0,66.95,8.0,0.341,0.08,33.0,0.0,25.37,0.418,0.345,0.36
8599,2.0,238.6,14.0,0.186,0.017,31.0,0.0,134.89,0.186,0.366,1.41
8600,2.0,153.47,4.0,0.188,0.073,9.0,1.0,95.0,0.222,0.284,0.13
8601,6.0,143.52,7.0,0.105,0.097,30.0,1.0,25.32,0.157,0.365,0.64
8602,4.0,143.74,14.0,0.048,0.061,0.0,1.0,40.29,0.694,,1.77
8603,15.0,576.11,33.0,0.083,0.074,20.0,2.0,39.33,0.353,0.414,0.9
8604,1.0,153.63,10.0,0.04,0.007,56.0,1.0,146.8,0.156,0.0,0.35
8605,5.0,108.86,12.0,0.171,0.04,58.0,0.0,22.65,0.265,0.266,1.4
8606,15.0,593.15,34.0,0.118,0.0,16.0,1.0,39.65,0.056,0.34,1.95
8607,9.0,591.31,28.0,0.084,0.073,6.0,0.0,65.41,0.469,0.147,0.17
8608,16.0,408.47,27.0,0.107,0.094,9.0,2.0,25.51,0.535,0.287,1.55
8609,20.0,940.28,57.0,0.327,0.125,15.0,2.0,47.53,0.346,,1.15
8610,2.0,85.32,4.0,0.201,0.005,65.0,2.0,42.46,0.286,0.085,1.94
8611,5.0,152.06,4.0,0.069,0.051,60.0,1.0,32.8,0.354,0.212,0.25
8612,21.0,1352.18,80.0,0.0,0.014,6.0,0.0,63.83,0.443,0.242,2.16
8613,24.0,518.53,48.0,0.346,0.094,4.0,2.0,21.36,0.656,0.22,1.04
8614,12.0,458.25,30.0,0.161,0.046,11.0,0.0,39.39,0.345,0.22,1.39
8615,18.0,176.26,32.0,0.131,0.056,13.0,0.0,9.63,0.459,0.299,1.35
8616,17.0,520.5,21.0,0.072,0.028,11.0,0.0,30.64,0.429,0.179,3.27
8617,0.0,98.37,2.0,0.134,0.0,36.0,0.0,98.37,0.298,0.302,2.02
8618,11.0,464.64,28.0,0.08,0.075,29.0,1.0,43.76,0.669,0.204,1.62
8619,1.0,83.77,3.0,0.105,0.0,76.0,0.0,68.64,0.312,0.0,0.34
8620,43.0,1996.43,53.0,0.063,0.021,5.0,1.0,46.55,0.275,0.346,1.53
8621,11.0,159.21,20.0,0.065,0.056,7.0,2.0,14.58,0.259,0.112,2.0
8622,0.0,22.53,9.0,0.0,0.061,40.0,1.0,22.53,0.3,0.217,0.0
8623,9.0,266.12,39.0,0.109,0.062,1.0,1.0,28.98,0.192,0.174,1.33
8624,39.0,1773.86,72.0,0.065,0.036,3.0,3.0,45.95,0.158,0.133,2.19
8625,2.0,156.1,5.0,0.317,0.014,17.0,0.0,73.11,0.58,0.101,1.06
8626,39.0,2140.49,60.0,0.064,0.026,0.0,2.0,55.55,0.468,0.207,1.79
8627,16.0,341.31,35.0,0.072,0.072,7.0,0.0,20.75,0.123,0.234,
8628,0.0,105.46,8.0,0.131,0.048,62.0,2.0,105.46,0.55,0.386,1.72
8629,24.0,602.67,58.0,0.301,0.001,21.0,1.0,25.12,0.961,0.257,0.71
8630,12.0,501.23,27.0,0.119,0.07,8.0,1.0,43.07,0.157,0.394,2.78
8631,5.0,672.02,39.0,0.09,0.047,3.0,1.0,138.31,0.563,0.124,1.89
8632,13.0,815.29,24.0,0.038,0.038,12.0,2.0,62.66,0.53,0.224,3.28
8633,4.0,0.0,2.0,0.054,0.049,97.0,1.0,0.0,0.571,0.11,1.42
8634,27.0,2381.2,65.0,0.04,0.046,2.0,0.0,87.3,0.497,0.215,1.44
8635,0.0,115.24,2.0,0.332,0.044,40.0,1.0,115.24,0.426,0.136,1.9
8636,1.0,179.36,2.0,0.266,0.077,46.0,1.0,179.36,0.716,0.234,1.31
8637,17.0,708.99,12.0,0.11,0.082,14.0,2.0,41.47,0.558,0.229,3.07
8638,14.0,2061.73,51.0,0.067,0.034,0.0,0.0,143.63,0.906,0.224,1.09
8639,34.0,1017.21,68.0,0.048,0.041,8.0,2.0,29.88,0.171,0.27,
8640,13.0,503.21,26.0,0.161,0.049,15.0,2.0,37.41,0.694,0.144,2.05
8641,24.0,1476.37,72.0,0.054,0.005,11.0,0.0,60.58,0.334,0.128,1.54
8642,22.0,516.48,57.0,0.493,0.07,16.0,1.0,23.4,0.721,0.249,0.97
8643,4.0,94.55,15.0,0.262,0.079,44.0,1.0,26.3,0.423,0.298,2.72
8644,2.0,185.22,6.0,0.15,0.007,35.0,0.0,86.55,0.539,0.137,0.73
8645,2.0,173.2,6.0,0.093,0.027,73.0,1.0,74.09,0.501,0.208,1.23
8646,15.0,1425.48,73.0,0.059,0.045,4.0,0.0,97.52,0.773,0.287,1.37
8647,0.0,94.72,9.0,0.269,0.037,27.0,1.0,94.72,0.277,0.087,0.53
8648,23.0,1433.13,75.0,0.037,0.065,10.0,2.0,62.75,0.754,0.164,1.33
8649,5.0,194.25,6.0,0.122,0.012,5.0,1.0,42.3,0.682,0.417,1.85
8650,6.0,5.37,7.0,0.183,0.076,45.0,2.0,0.84,0.302,0.206,0.82
8651,12.0,665.64,28.0,0.141,0.035,13.0,2.0,54.0,0.259,0.219,
8652,12.0,776.46,23.0,0.166,0.0,7.0,0.0,65.09,0.662,0.27,2.0
8653,2.0,62.01,1.0,,0.039,124.0,1.0,30.73,0.292,0.194,0.0
8654,2.0,140.69,3.0,0.181,0.013,37.0,0.0,60.78,0.403,0.31,1.33
8655,10.0,359.31,15.0,0.117,0.058,10.0,1.0,35.81,0.598,0.344,2.06
8656,5.0,71.75,6.0,0.051,0.073,45.0,1.0,13.66,0.248,0.219,0.72
8657,4.0,223.98,5.0,0.159,0.0,54.0,0.0,61.65,0.218,0.393,0.73
8658,5.0,49.39,4.0,0.144,0.055,55.0,0.0,9.49,0.232,0.177,2.67
8659,1.0,58.83,4.0,0.141,0.063,50.0,0.0,58.83,0.344,0.173,0.18
8660,1.0,120.23,2.0,0.196,0.002,106.0,0.0,120.23,0.521,0.196,0.0
8661,11.0,640.43,16.0,0.045,0.0,4.0,2.0,57.4,0.351,0.297,1.63
8662,2.0,32.52,3.0,0.132,0.046,40.0,0.0,19.2,0.13,0.0,1.13
8663,12.0,416.78,26.0,0.116,0.091,2.0,1.0,34.4,0.467,0.386,2.58
8664,19.0,709.07,34.0,0.196,0.089,23.0,1.0,37.38,0.64,0.153,1.6
8665,11.0,683.73,34.0,0.058,0.113,19.0,2.0,61.51,0.46,0.312,1.69
8666,2.0,86.3,1.0,0.05,0.018,82.0,0.0,46.11,0.421,0.132,1.11
8667,3.0,72.24,4.0,0.095,0.06,46.0,1.0,27.64,0.096,0.0,0.15
8668,5.0,166.25,14.0,0.243,0.01,14.0,0.0,31.62,0.58,0.138,1.17
8669,28.0,994.7,42.0,0.367,0.172,9.0,0.0,35.85,0.347,0.192,0.5
8670,15.0,671.44,21.0,0.129,0.034,17.0,1.0,45.72,0.492,0.163,2.15
8671,5.0,181.57,10.0,0.148,0.048,39.0,0.0,39.77,0.709,0.2,0.8
8672,14.0,510.99,35.0,0.093,0.068,11.0,0.0,36.89,0.22,0.048,1.6
8673,4.0,171.02,8.0,0.166,0.097,35.0,0.0,47.31,0.514,0.241,2.03
8674,8.913707708415362,584.0465954389002,3.0,0.23,0.066,16.0,0.0,38.21,0.491,0.306,0.0
8675,3.0,229.82,9.0,0.111,0.037,26.0,1.0,67.71,0.364,0.258,0.88
8676,3.0,38.38,8.0,0.041,0.024,41.0,1.0,12.38,0.81,0.002,0.0
8677,3.0,137.78,9.0,0.212,0.056,4.0,1.0,44.8,0.437,0.34,0.0
8678,49.0,2282.07,53.0,0.061,0.054,6.0,0.0,46.38,0.16,0.406,1.06
8679,4.0,56.33,12.0,0.098,0.06,4.0,0.0,13.48,0.604,0.084,0.01
8680,17.0,1915.69,69.0,0.022,0.058,11.0,1.0,116.04,0.259,0.236,1.14
8681,2.0,30.34,9.0,0.117,0.066,23.0,0.0,19.51,0.292,0.152,1.66
8682,14.0,1006.79,23.0,0.09,0.057,8.0,2.0,70.88,0.697,0.311,2.39
8683,8.0,694.33,17.0,0.054,0.0,10.0,0.0,85.21,0.584,0.436,2.2
8684,1.0,97.77,2.0,0.082,0.079,110.0,1.0,97.77,0.43,0.0,0.79
8685,2.0,73.3,6.0,0.347,0.099,43.0,0.0,34.86,0.297,0.08,0.81
8686,1.0,139.88,2.0,0.0,0.078,143.0,1.0,117.71,0.521,0.0,0.96
8687,18.0,735.1,33.0,0.413,0.143,2.0,2.0,40.28,0.474,0.124,0.56
8688,19.0,622.91,30.0,0.151,0.083,20.0,0.0,32.48,0.129,0.171,1.24
8689,11.0,285.06,25.0,0.117,0.041,7.0,3.0,25.78,0.31,0.257,1.49
8690,9.0,375.72,33.0,0.075,0.071,13.0,3.0,41.2,0.269,0.14,2.13
8691,5.0,190.63,14.0,0.125,,32.0,1.0,36.68,0.087,0.187,1.45
8692,4.0,200.59,7.0,0.137,0.063,42.0,2.0,52.77,0.384,0.206,0.0
8693,3.0,216.37,8.0,0.065,0.05,31.0,0.0,77.47,0.247,0.285,0.38
8694,13.0,457.07,22.0,,0.054,18.0,1.0,36.06,0.367,0.221,1.71
8695,25.0,631.12,53.0,0.343,0.082,0.0,1.0,25.04,0.9,0.248,1.33
8696,0.0,111.69,8.0,0.141,0.034,27.0,2.0,111.69,0.575,0.25,0.0
8697,21.0,1394.7,43.0,0.059,0.054,6.0,2.0,66.64,0.451,0.053,2.33
8698,4.0,98.7,6.0,0.132,0.039,24.0,2.0,22.99,0.841,0.332,1.75
8699,18.0,509.63,28.0,0.126,0.038,12.0,1.0,28.12,0.408,0.262,1.53
8700,32.0,2092.51,79.0,0.041,0.034,11.0,2.0,64.48,0.551,0.274,
8701,30.0,1358.03,86.0,0.018,0.054,5.0,2.0,45.92,0.682,0.097,3.19
8702,13.0,396.87,48.0,0.037,0.048,10.0,2.0,31.62,0.356,0.144,2.71
8703,28.0,1505.44,67.0,0.068,0.048,11.0,2.0,54.3,0.396,0.212,0.54
8704,4.0,0.87,7.0,0.187,0.027,0.0,0.0,0.2,0.543,0.22,0.74
8705,20.0,1413.04,59.0,0.061,0.052,0.0,4.0,69.86,0.084,0.292,2.37
8706,11.0,338.59,30.0,0.169,0.034,10.0,1.0,32.2,0.442,0.216,0.45
8707,7.0,522.6,26.0,0.109,0.067,7.0,0.0,70.61,0.869,0.535,2.54
8708,11.0,299.86,32.0,0.008,0.0,14.0,2.0,27.1,0.752,0.212,3.72
8709,2.0,123.83,2.0,0.0,0.035,90.0,0.0,50.02,0.484,0.0,0.09
8710,14.0,450.16,16.0,0.079,0.039,5.0,1.0,33.16,0.744,0.231,2.02
8711,11.0,325.47,26.0,0.169,0.004,8.0,0.0,30.46,0.771,0.381,1.37
8712,15.0,538.84,31.0,0.123,0.027,0.0,2.0,36.29,0.288,0.3,
8713,1.0,156.61,4.0,0.043,0.043,30.0,0.0,156.61,0.138,0.473,1.61
8714,3.0,36.7,10.0,0.223,0.116,28.0,0.0,14.52,0.609,0.344,0.98
8715,0.0,51.27,5.0,0.155,0.04,24.0,0.0,51.27,0.211,0.108,1.72
8716,31.0,2093.3,54.0,0.009,0.028,7.0,0.0,67.22,0.585,0.237,1.81
8717,20.0,475.51,29.0,0.124,0.019,19.0,2.0,23.64,0.165,0.082,1.42
8718,6.0,784.41,35.0,0.079,0.059,12.0,2.0,140.55,0.405,0.369,0.0
8719,22.0,824.17,54.0,0.519,0.179,14.0,2.0,36.82,0.494,0.054,0.28
8720,20.0,469.51,17.0,0.1,0.016,6.0,0.0,24.03,0.35,0.45,1.06
8721,11.0,545.9,69.0,0.353,0.107,22.0,2.0,50.64,0.586,0.417,1.89
8722,6.0,585.54,20.0,0.113,0.04,12.0,0.0,92.85,0.049,0.054,2.56
8723,11.0,534.04,20.0,0.14,0.022,14.0,0.0,48.25,0.595,0.477,2.01
8724,16.0,734.4,31.0,0.052,0.011,15.0,0.0,45.5,0.207,0.205,2.16
8725,14.0,476.14,44.0,0.462,0.103,2.0,0.0,33.88,0.481,0.16,0.85
8726,9.0,639.09,28.0,0.092,0.076,12.0,2.0,67.46,0.414,0.0,2.46
8727,36.0,1758.17,57.0,0.015,0.037,5.0,0.0,49.18,0.341,0.152,0.73
8728,2.0,64.74,7.0,0.3,0.043,59.0,0.0,30.18,0.301,0.303,0.66
8729,2.0,171.47,15.0,0.268,0.062,9.0,1.0,75.84,0.207,0.159,1.41
8730,3.0,106.97,6.0,0.227,0.0,98.0,0.0,40.43,0.589,0.137,2.11
8731,0.0,42.41,5.0,0.064,0.039,99.0,0.0,42.41,0.133,0.212,0.0
8732,11.0,547.78,30.0,0.061,0.047,1.0,1.0,49.19,0.794,0.522,2.82
8733,2.0,0.0,4.0,0.174,0.009,160.0,0.0,0.0,0.617,0.131,1.05
8734,4.0,443.06,38.0,0.168,0.098,16.0,1.0,119.69,0.285,0.333,2.54
8735,1.0,67.75,5.0,0.147,0.044,98.0,0.0,58.83,0.255,0.197,1.58
8736,22.0,663.57,47.0,0.282,0.094,17.0,1.0,30.11,0.916,0.091,1.53
8737,2.0,51.48,3.0,0.124,0.08,132.0,1.0,22.02,0.588,0.114,1.5
8738,15.0,619.86,48.0,0.192,0.114,21.0,0.0,41.88,0.447,,1.0
8739,3.0,79.25,5.0,0.019,0.044,67.0,0.0,28.58,0.297,0.0,0.41
8740,14.0,735.75,32.0,0.088,0.04,8.0,1.0,53.59,0.317,0.313,3.19
8741,21.0,512.51,49.0,0.277,0.081,10.0,1.0,24.29,0.717,0.24,0.0
8742,12.0,473.98,17.0,0.118,0.032,17.0,1.0,37.95,0.513,0.217,1.68
8743,14.0,917.45,45.0,0.286,0.124,14.0,3.0,66.06,0.414,0.0,0.0
8744,26.0,1983.84,71.0,0.036,0.07,8.0,3.0,75.01,0.33,0.367,2.89
8745,6.0,607.79,30.0,0.179,0.039,13.0,1.0,95.59,0.357,0.134,1.31
8746,32.0,2393.7,59.0,0.029,0.033,11.0,2.0,73.9,0.259,0.187,2.53
8747,18.0,333.5,26.0,0.163,0.004,13.0,2.0,18.65,0.107,0.407,2.63
8748,4.0,16.79,11.0,0.218,0.031,47.0,1.0,4.44,0.748,0.238,0.81
8749,1.0,76.79,0.0,0.175,0.058,193.0,0.0,75.68,0.399,0.185,0.0
8750,0.0,22.77,1.0,0.15,0.048,61.0,1.0,22.77,0.49,0.0,1.85
8751,5.0,57.81,7.0,0.084,0.019,14.0,1.0,11.58,0.372,0.288,0.25
8752,4.0,109.87,10.0,0.282,0.02,34.0,1.0,27.67,0.537,0.135,0.0
8753,2.0,73.2,10.0,0.262,0.031,13.0,1.0,31.6,0.296,0.183,1.18
8754,17.0,2253.66,39.0,0.05,0.044,6.0,0.0,133.08,0.189,0.323,3.46
8755,14.0,509.74,38.0,0.114,0.033,13.0,1.0,35.96,0.464,0.417,1.44
8756,11.0,445.63,28.0,0.038,0.063,24.0,1.0,41.11,0.318,0.383,1.94
8757,2.0,141.45,8.0,0.084,0.066,15.0,2.0,60.06,0.307,0.135,0.74
8758,12.0,545.37,22.0,0.134,0.038,1.0,0.0,43.66,0.289,0.42,1.8
8759,1.0,60.6,5.0,0.042,0.024,116.0,0.0,59.3,0.287,0.075,0.02
8760,15.0,535.22,18.0,0.126,0.081,13.0,2.0,34.86,0.144,0.159,1.62
8761,42.0,1240.24,60.0,0.059,0.071,5.0,4.0,29.7,0.467,0.348,1.77
8762,29.0,1946.8,40.0,0.047,0.05,10.0,1.0,67.29,0.496,0.116,2.19
8763,0.0,35.74,0.0,0.193,0.105,170.0,0.0,35.74,0.331,0.0,1.76
8764,2.0,81.62,12.0,0.124,0.025,20.0,1.0,37.54,0.199,0.022,2.0
8765,4.0,99.4,8.0,0.226,0.072,49.0,0.0,27.07,0.12,0.234,1.4
8766,30.0,771.69,44.0,0.428,0.136,18.0,1.0,25.95,0.574,0.067,1.14
8767,0.0,21.37,12.0,0.195,0.0,47.0,1.0,21.37,0.509,0.1,0.74
8768,6.0,46.18,6.0,0.148,0.098,17.0,1.0,7.28,0.287,0.451,1.39
8769,10.0,591.89,29.0,0.022,0.038,6.0,1.0,58.87,0.357,0.136,2.46
8770,9.0,611.61,21.0,0.1,0.091,2.0,2.0,67.25,0.552,0.111,2.22
8771,10.0,679.33,40.0,0.164,0.0,11.0,1.0,67.6,0.524,0.088,0.65
8772,31.0,1935.16,55.0,0.067,0.03,8.0,1.0,62.08,0.475,0.446,3.89
8773,18.0,863.32,37.0,0.444,0.098,2.0,1.0,48.03,0.291,0.451,0.66
8774,4.0,78.08,9.0,0.0,0.0,12.0,0.0,19.93,0.436,0.285,2.41
8775,11.0,405.66,51.0,0.247,0.073,14.0,2.0,37.8,0.9,0.177,0.39
8776,19.0,1010.94,51.0,0.343,0.1,5.0,1.0,52.07,0.939,0.545,0.73
8777,44.0,2030.19,57.0,0.038,0.046,2.0,2.0,45.98,0.692,0.253,1.97
8778,48.0,2256.81,50.0,0.03,0.017,8.0,1.0,47.11,0.317,0.0,1.13
8779,2.0,156.27,5.0,0.199,0.0,49.0,0.0,74.55,0.066,0.089,0.56
8780,2.0,67.15,2.0,0.147,0.0,89.0,0.0,40.84,0.407,0.069,0.0
8781,1.0,108.24,2.0,0.054,0.019,93.0,1.0,108.24,0.251,0.319,0.83
8782,12.0,743.94,28.0,0.081,0.042,14.0,2.0,61.24,0.467,0.183,1.89
8783,15.0,454.01,14.0,0.099,0.059,15.0,0.0,30.0,0.684,0.138,1.53
8784,12.0,738.68,27.0,0.309,0.136,6.0,0.0,63.59,0.303,0.235,0.0
8785,16.0,302.69,32.0,0.349,0.158,26.0,3.0,18.52,0.306,0.08,1.7
8786,24.0,2287.7,64.0,0.073,0.01,4.0,1.0,97.0,0.099,0.138,2.7
8787,3.0,129.54,8.0,0.056,0.019,27.0,1.0,47.86,0.746,0.242,0.0
8788,4.0,83.25,15.0,0.027,0.039,29.0,0.0,22.02,0.373,0.05,1.37
8789,20.0,625.1,34.0,0.32,0.03,0.0,1.0,30.84,0.736,0.111,1.78
8790,0.0,185.22,4.0,0.182,0.012,32.0,0.0,185.22,0.505,0.317,0.29
8791,2.0,124.27,11.0,0.006,0.05,20.0,1.0,56.59,0.259,0.141,0.68
8792,6.0,830.36,32.0,0.03,0.044,10.0,2.0,131.53,0.378,0.271,1.65
8793,15.0,771.31,31.0,0.137,0.065,16.0,2.0,50.96,0.58,0.238,1.08
8794,11.0,438.82,33.0,0.441,0.089,10.0,1.0,38.67,0.405,0.026,0.61
8795,1.0,108.47,5.0,0.109,0.053,74.0,1.0,80.93,0.089,0.093,0.5
8796,25.0,859.52,49.0,0.38,0.193,12.0,1.0,34.31,0.738,0.163,1.28
8797,16.0,592.43,39.0,0.369,0.061,8.0,3.0,36.9,0.327,0.048,0.0
8798,3.0,97.75,10.0,0.113,0.07,82.0,0.0,28.87,0.247,0.326,0.75
8799,18.0,400.83,6.0,0.104,0.0,10.0,2.0,22.71,0.341,0.331,2.25
8800,19.0,575.5,32.0,0.545,0.099,13.0,2.0,30.24,0.319,0.382,1.16
8801,10.0,487.48,33.0,0.0,0.052,4.0,0.0,47.01,0.188,0.387,0.57
8802,11.0,446.79,33.0,0.064,0.051,11.0,2.0,40.82,0.331,0.382,2.23
8803,12.0,764.72,31.0,0.126,0.043,7.0,0.0,62.18,0.701,0.181,1.57
8804,15.0,642.15,42.0,0.439,0.088,7.0,2.0,42.73,0.197,0.222,1.17
8805,2.0,28.51,6.0,0.14,0.0,25.0,0.0,18.41,0.504,0.218,0.67
8806,11.0,306.6,25.0,0.15,0.068,17.0,1.0,27.88,0.917,0.141,3.17
8807,20.0,730.19,42.0,0.377,0.093,6.0,2.0,36.97,0.545,0.125,1.42
8808,32.0,2474.55,58.0,0.053,0.014,9.0,0.0,76.31,0.192,0.278,1.39
8809,4.0,84.6,13.0,0.176,0.025,33.0,0.0,22.01,0.125,0.273,1.32
8810,2.0,103.73,10.0,0.128,0.0,61.0,1.0,57.21,0.418,0.162,0.2
8811,5.0,538.67,33.0,0.069,0.046,8.0,0.0,109.39,0.345,0.472,2.9
8812,10.0,402.16,27.0,0.243,0.09,13.0,1.0,39.79,0.211,0.235,1.48
8813,2.0,157.03,10.0,0.251,0.0,68.0,1.0,63.37,0.597,0.168,1.15
8814,14.0,628.53,53.0,0.1,0.0,8.0,1.0,44.13,0.272,0.205,0.61
8815,9.0,640.85,22.0,0.0,0.049,9.0,3.0,74.95,0.472,0.131,1.37
8816,4.0,136.71,8.0,0.107,0.036,53.0,0.0,34.87,0.678,0.189,1.21
8817,3.0,206.01,8.0,0.033,0.05,54.0,0.0,71.31,0.23,0.365,1.72
8818,26.0,1469.08,71.0,0.05,0.017,9.0,1.0,57.11,0.468,0.27,2.35
8819,4.0,223.26,7.0,0.162,0.064,28.0,1.0,57.25,0.703,0.237,1.66
8820,19.0,1489.95,57.0,0.074,0.027,8.0,1.0,79.18,0.222,0.109,2.17
8821,3.0,251.93,7.0,0.213,0.095,49.0,1.0,81.59,0.453,0.383,0.0
8822,0.0,112.83,11.0,0.12,0.044,29.0,0.0,112.83,0.586,0.354,0.0
8823,1.0,39.51,0.0,0.114,0.03,70.0,0.0,33.77,0.628,0.018,0.47
8824,18.0,2081.6,62.0,0.088,0.028,9.0,1.0,118.85,0.295,0.155,2.38
8825,9.0,756.38,38.0,0.161,0.069,18.0,3.0,86.44,0.24,0.0,2.66
8826,22.0,582.74,20.0,0.0,0.082,15.0,4.0,26.2,0.291,0.203,1.67
8827,11.0,319.58,15.0,0.166,0.057,5.0,2.0,29.75,0.374,0.178,0.84
8828,13.0,599.76,29.0,0.113,0.063,2.0,3.0,45.84,0.245,0.368,2.15
8829,19.0,2339.4,45.0,0.063,0.054,2.0,2.0,123.53,0.046,0.413,1.91
8830,10.0,578.61,28.0,0.116,0.042,16.0,2.0,57.54,0.22,0.163,2.85
8831,22.0,678.98,25.0,0.14,0.0,20.0,0.0,31.1,0.512,0.0,2.34
8832,32.0,1295.84,55.0,0.086,,11.0,2.0,40.75,0.317,0.123,2.57
8833,18.0,414.75,35.0,0.114,0.037,2.0,1.0,22.89,0.149,0.35,2.66
8834,15.0,1682.67,62.0,0.0,0.048,10.0,2.0,112.08,0.416,0.288,1.73
8835,6.0,796.65,16.0,0.077,0.059,16.0,0.0,128.13,0.222,0.301,1.8
8836,3.0,188.5,8.0,0.141,0.017,31.0,2.0,68.15,0.516,0.36,1.13
8837,5.0,122.44,9.0,0.335,0.071,34.0,0.0,24.19,0.546,0.411,0.89
8838,1.0,36.91,2.0,0.152,0.018,3.0,0.0,27.69,0.78,0.31,1.5
8839,11.0,623.39,24.0,0.045,0.087,7.0,2.0,57.03,0.201,0.347,3.42
8840,20.0,479.76,35.0,0.046,0.099,13.0,1.0,23.55,0.276,0.216,2.38
8841,20.0,747.35,31.0,0.381,0.101,11.0,0.0,37.7,0.679,0.059,1.13
8842,13.0,475.44,26.0,0.477,0.069,10.0,0.0,36.2,0.87,0.0,0.34
8843,19.0,900.59,42.0,0.455,0.107,16.0,1.0,46.9,0.824,0.339,0.62
8844,13.0,623.84,40.0,0.053,0.037,18.0,1.0,48.88,0.579,0.198,3.09
8845,47.0,1630.78,41.0,0.072,0.057,4.0,3.0,35.02,0.163,0.045,2.09
8846,35.0,1586.04,44.0,0.025,0.023,3.0,1.0,45.75,0.287,0.251,1.8
8847,33.0,1213.51,61.0,0.038,0.046,5.0,3.0,36.45,0.503,0.241,1.05
8848,15.0,464.07,26.0,0.15,0.095,21.0,0.0,31.65,0.067,0.016,2.3
8849,18.0,1912.57,56.0,0.036,0.054,12.0,1.0,107.57,0.452,0.083,0.87
8850,13.0,258.41,18.0,0.162,0.089,19.0,1.0,19.19,0.356,0.039,0.81
8851,12.0,449.28,14.0,0.15,0.006,9.0,1.0,36.36,0.432,0.294,0.71
8852,9.0,1761.11,49.0,0.089,0.041,7.0,0.0,194.13,0.249,0.328,2.63
8853,10.0,358.27,29.0,0.05,0.043,12.0,0.0,35.64,0.512,0.215,2.24
8854,17.0,1048.36,41.0,0.228,0.077,0.0,2.0,60.86,0.533,0.255,0.0
8855,14.0,243.63,24.0,0.158,0.017,15.0,2.0,17.79,0.124,0.09,1.22
8856,12.0,370.01,18.0,0.078,0.027,11.0,0.0,30.47,0.266,0.28,1.28
8857,15.0,784.05,33.0,0.112,0.118,13.0,2.0,53.97,0.214,0.234,1.31
8858,1.0,0.0,2.0,0.111,0.078,91.0,0.0,0.0,0.394,0.0,1.06
8859,0.0,74.32,11.0,0.012,0.086,25.0,0.0,74.32,0.346,0.254,0.35
8860,15.0,474.31,30.0,0.183,0.079,12.0,1.0,30.72,0.667,0.268,1.98
8861,30.0,2705.18,32.0,0.041,0.075,1.0,0.0,89.59,0.334,0.161,
8862,19.0,902.34,55.0,0.474,0.143,10.0,1.0,47.8,0.581,0.208,1.0
8863,14.0,369.23,52.0,0.432,0.089,16.0,0.0,26.28,0.294,0.288,1.04
8864,4.0,82.87,6.0,0.157,0.053,30.0,0.0,20.97,0.726,0.339,1.3
8865,41.0,2230.3,39.0,0.03,0.028,2.0,2.0,53.89,0.175,0.039,2.6
8866,1.0,134.07,9.0,0.153,0.023,24.0,1.0,103.65,0.189,0.182,0.08
8867,29.0,1899.55,63.0,0.079,0.056,8.0,1.0,64.85,0.478,0.382,2.57
8868,16.0,329.24,36.0,0.083,0.032,6.0,1.0,20.72,0.636,0.254,2.62
8869,19.0,470.64,47.0,0.372,0.106,8.0,2.0,24.61,0.882,0.198,0.23
8870,0.0,210.0,10.0,0.123,0.025,41.0,2.0,210.0,0.909,0.0,0.09
8871,10.0,430.87,25.0,0.075,0.053,25.0,1.0,45.01,0.49,0.064,2.43
8872,18.0,519.6,30.0,0.411,0.107,11.0,1.0,28.92,0.345,0.216,1.77
8873,4.0,275.63,13.0,0.382,0.013,55.0,0.0,73.48,0.278,0.263,0.92
8874,22.0,654.37,45.0,0.411,0.137,8.0,1.0,29.83,0.815,0.155,0.8
8875,0.0,105.37,6.0,0.108,0.051,4.0,0.0,105.37,0.165,0.049,0.16
8876,1.0,55.1,3.0,0.132,0.0,92.0,0.0,48.58,0.095,0.0,0.36
8877,22.0,491.37,31.0,0.492,0.051,12.0,1.0,22.63,0.239,0.179,2.52
8878,25.0,610.19,47.0,0.407,0.143,0.0,0.0,24.37,0.427,0.151,0.0
8879,6.0,138.96,2.0,0.139,0.0,58.0,1.0,23.01,0.663,0.267,0.62
8880,13.0,462.36,28.0,0.084,0.065,18.0,1.0,35.2,0.347,0.34,1.28
8881,24.0,1996.28,52.0,0.05,0.041,11.0,1.0,83.33,0.438,,2.08
8882,4.0,151.6,3.0,0.134,0.024,52.0,1.0,38.84,0.504,0.325,1.01
8883,15.0,680.59,29.0,0.405,0.045,13.0,0.0,46.92,0.569,0.394,0.43
8884,2.0,80.77,5.0,0.172,0.055,76.0,0.0,47.08,0.472,0.199,
8885,0.0,114.13,11.0,0.176,0.0,25.0,1.0,114.13,0.754,0.244,0.85
8886,19.0,1610.25,65.0,0.104,0.055,9.0,1.0,82.74,0.725,0.067,1.9
8887,2.0,123.92,2.0,0.144,0.03,117.0,1.0,80.35,0.563,0.106,0.0
8888,3.0,216.58,1.0,0.269,0.041,4.0,1.0,64.59,0.441,0.386,0.57
8889,14.0,857.8,15.0,0.163,0.098,16.0,0.0,62.19,0.273,0.286,2.08
8890,27.0,1052.55,52.0,0.03,0.063,9.0,1.0,39.08,0.273,0.389,2.32
8891,28.0,1886.25,44.0,0.059,0.021,4.0,3.0,66.23,0.208,0.097,0.78
8892,30.0,1492.59,54.0,0.0,0.032,7.0,2.0,49.52,0.235,0.167,1.84
8893,8.0,390.05,23.0,0.127,0.017,17.0,3.0,50.26,0.293,0.209,2.31
8894,6.0,825.21,24.0,0.125,0.1,8.0,2.0,129.92,0.13,,0.99
8895,2.0,96.73,4.0,0.066,0.023,118.0,0.0,38.94,0.243,0.0,0.95
8896,1.0,105.85,6.0,0.241,0.063,11.0,0.0,86.69,0.876,0.216,1.74
8897,21.0,582.91,24.0,0.134,0.07,12.0,2.0,27.15,0.178,0.304,2.31
8898,11.0,479.08,40.0,0.081,0.002,9.0,2.0,45.25,0.712,0.152,2.92
8899,15.0,2223.01,58.0,0.021,0.0,9.0,1.0,149.64,0.328,0.278,1.95
8900,2.0,85.61,3.0,0.028,0.043,152.0,0.0,45.45,0.211,0.239,0.0
8901,29.0,1408.02,42.0,0.111,0.027,14.0,1.0,47.86,0.636,0.341,3.36
8902,17.0,873.31,49.0,0.409,0.041,10.0,1.0,50.72,0.357,0.323,2.13
8903,23.0,1494.49,79.0,0.026,0.044,7.0,2.0,66.27,0.148,0.395,2.45
8904,7.0,67.14,8.0,0.256,0.038,34.0,1.0,9.97,0.061,0.081,0.0
8905,2.0,212.51,5.0,0.046,0.055,51.0,2.0,92.37,0.341,0.339,1.33
8906,1.0,100.12,3.0,0.087,0.0,50.0,0.0,80.99,0.716,0.02,1.21
8907,25.0,1868.17,84.0,0.007,0.043,8.0,1.0,75.86,0.078,0.298,1.38
8908,6.0,129.39,10.0,0.231,0.091,28.0,0.0,22.67,0.788,0.09,0.59
8909,12.0,655.34,36.0,0.209,0.07,20.0,1.0,56.26,0.344,0.145,3.32
8910,15.0,217.01,44.0,0.309,0.021,19.0,1.0,14.17,0.698,0.237,0.1
8911,16.0,870.96,24.0,0.052,0.003,20.0,1.0,53.17,0.355,0.224,2.11
8912,2.0,113.96,9.0,0.246,0.0,34.0,0.0,55.41,0.518,0.092,0.46
8913,13.0,295.12,40.0,0.536,0.089,7.0,1.0,22.78,0.685,0.034,1.75
8914,0.0,124.91,0.0,0.167,0.014,8.0,0.0,124.91,0.373,0.273,0.48
8915,8.0,406.22,38.0,0.07,0.066,20.0,1.0,48.07,0.375,0.022,2.4
8916,3.0,96.71,11.0,0.142,0.0,26.0,1.0,30.86,0.471,0.316,0.98
8917,6.0,355.72,20.0,0.146,0.071,0.0,1.0,57.3,0.629,0.016,1.39
8918,18.0,590.84,38.0,0.566,0.115,10.0,2.0,33.49,0.68,0.299,2.26
8919,25.0,2253.53,66.0,0.003,0.048,7.0,1.0,90.05,0.475,0.547,1.26
8920,16.0,454.71,36.0,0.245,0.072,4.0,0.0,28.5,0.234,,1.4
8921,5.0,130.96,14.0,,0.003,27.0,0.0,26.24,0.569,0.315,0.51
8922,15.0,735.87,35.0,0.054,0.077,5.0,0.0,50.73,0.459,0.235,1.82
8923,1.0,213.76,8.0,0.333,0.082,11.0,0.0,213.76,0.342,0.156,0.0
8924,3.0,182.19,9.0,0.194,0.049,0.0,0.0,55.66,0.624,0.302,0.0
8925,11.0,706.85,30.0,0.094,0.053,8.0,0.0,62.76,0.56,0.204,2.15
8926,4.0,253.48,7.0,0.061,0.0,0.0,2.0,62.71,0.366,0.117,0.0
8927,5.0,91.13,3.0,0.217,0.012,21.0,1.0,16.66,0.488,0.048,1.19
8928,9.0,522.27,53.0,0.067,0.066,3.0,4.0,61.35,0.542,0.357,3.2
8929,11.0,391.06,30.0,0.088,0.046,8.0,1.0,34.01,0.178,0.121,2.69
8930,31.0,1309.69,43.0,0.045,0.001,0.0,2.0,42.1,0.315,0.237,2.44
8931,12.0,143.52,23.0,0.037,0.008,0.0,2.0,12.32,0.196,0.457,1.19
8932,10.0,541.16,40.0,0.087,0.035,2.0,0.0,54.06,0.133,0.336,1.53
8933,24.0,2026.57,38.0,0.04,0.015,11.0,3.0,84.99,0.301,0.269,1.15
8934,19.0,615.02,61.0,0.348,0.104,13.0,2.0,32.8,0.327,0.04,1.63
8935,36.0,1582.45,47.0,0.093,0.059,6.0,0.0,43.86,0.505,0.105,1.45
8936,2.0,44.77,3.0,0.072,0.0,144.0,0.0,25.58,0.281,0.0,0.39
8937,26.0,852.3,50.0,0.312,0.072,19.0,2.0,33.39,0.494,0.288,1.2
8938,9.0,638.32,18.0,0.188,0.014,18.0,1.0,67.84,0.285,0.261,1.77
8939,18.0,448.62,39.0,0.075,0.071,6.0,0.0,25.2,0.27,0.142,2.47
8940,6.0,252.94,32.0,0.088,0.042,10.0,0.0,41.02,0.411,0.28,2.47
8941,14.0,514.61,24.0,0.126,0.014,14.0,2.0,36.23,0.261,0.192,2.06
8942,2.0,2.31,8.0,0.211,0.027,37.0,1.0,1.38,0.671,0.342,0.75
8943,15.0,641.91,23.0,0.034,0.051,5.0,0.0,42.81,0.688,0.131,2.53
8944,4.0,32.06,14.0,0.067,0.02,41.0,1.0,8.09,0.531,0.174,0.0
8945,11.0,535.99,28.0,0.092,0.06,9.0,0.0,48.06,0.676,0.188,1.9
8946,5.0,11.65,3.0,0.212,0.035,17.0,2.0,2.17,0.296,0.18,0.0
8947,6.0,61.2,0.0,0.179,0.04,42.0,1.0,10.56,0.19,0.241,0.93
8948,0.0,45.39,10.0,0.041,0.027,60.0,0.0,45.39,0.309,0.178,1.73
8949,15.0,661.33,61.0,0.193,0.125,1.0,2.0,45.07,0.356,0.039,0.77
8950,6.0,108.03,5.0,0.259,0.009,26.0,1.0,19.2,0.083,0.124,0.0
8951,7.0,716.16,29.0,0.339,0.029,7.0,0.0,98.7,0.343,0.183,2.06
8952,15.0,446.64,44.0,0.485,0.127,14.0,2.0,30.12,0.743,0.201,1.14
8953,4.0,455.71,20.0,0.057,0.034,6.0,3.0,107.65,0.252,0.328,2.87
8954,15.0,348.82,35.0,0.136,0.006,12.0,3.0,23.39,0.095,0.145,2.07
8955,8.0,588.68,34.0,0.09,0.094,7.0,2.0,75.26,0.509,0.394,1.15
8956,4.0,169.08,8.0,0.245,0.055,37.0,2.0,48.05,0.357,0.171,0.58
8957,13.0,445.28,33.0,0.163,0.024,15.0,2.0,34.57,0.397,0.283,2.86
8958,23.0,362.57,35.0,0.283,0.059,0.0,0.0,15.54,0.758,0.109,2.19
8959,9.0,491.96,26.0,0.0,0.061,24.0,1.0,56.68,0.624,0.297,2.44
8960,3.0,37.35,5.0,0.007,0.0,74.0,1.0,10.77,0.539,0.021,0.37
8961,3.0,328.03,31.0,0.149,0.04,20.0,2.0,98.82,0.133,0.467,3.32
8962,2.0,24.84,5.0,0.088,0.019,83.0,1.0,10.5,0.617,0.156,1.61
8963,37.0,1688.09,21.0,0.09,0.021,8.0,3.0,45.08,0.756,0.303,3.18
8964,2.0,142.52,2.0,0.165,0.028,134.0,0.0,82.28,0.3,0.0,0.25
8965,2.0,56.13,6.0,0.184,0.056,42.0,0.0,32.08,0.563,0.224,1.3
8966,13.0,374.8,37.0,0.0,0.045,9.0,1.0,28.34,0.255,0.22,0.53
8967,13.0,664.96,24.0,0.088,0.06,5.0,2.0,49.9,0.318,0.099,2.33
8968,20.0,755.82,47.0,0.514,0.1,12.0,0.0,38.76,0.485,0.247,1.41
8969,19.0,504.46,56.0,0.437,0.065,0.0,1.0,26.16,0.621,0.091,3.0
8970,17.0,2544.03,35.0,0.073,0.019,11.0,1.0,152.32,0.653,0.09,2.57
8971,13.0,700.74,64.0,0.382,0.088,2.0,2.0,55.18,0.586,0.202,1.58
8972,12.0,664.18,39.0,0.521,0.116,10.0,2.0,53.67,0.543,0.27,1.05
8973,0.0,92.9,7.0,0.248,0.052,45.0,1.0,92.9,0.259,0.195,1.26
8974,20.0,299.9,46.0,0.464,0.18,7.0,2.0,14.97,0.743,0.064,0.03
8975,6.0,140.72,3.0,0.164,0.094,47.0,0.0,24.33,0.057,0.383,0.0
8976,18.0,319.37,29.0,0.106,0.071,7.0,2.0,17.29,0.756,0.042,0.29
8977,30.0,1653.26,38.0,0.038,0.053,5.0,1.0,55.32,0.807,0.133,2.62
8978,31.0,2604.64,37.0,0.008,0.073,4.0,0.0,85.18,0.236,0.332,2.13
8979,15.0,557.65,34.0,0.335,0.074,10.0,0.0,37.36,0.287,0.266,1.91
8980,18.0,1060.15,57.0,0.393,0.112,8.0,1.0,60.09,0.452,0.251,0.63
8981,2.0,93.2,4.0,0.171,0.058,75.0,1.0,39.55,0.082,0.026,1.85
8982,8.0,408.13,24.0,0.092,0.057,14.0,0.0,49.91,0.532,0.101,3.93
8983,33.0,1829.59,54.0,0.036,0.053,7.0,1.0,55.88,0.385,0.096,2.6
8984,1.0,104.37,0.0,0.291,0.045,84.0,0.0,72.29,0.683,0.156,1.43
8985,11.0,389.59,39.0,0.084,0.023,8.0,0.0,34.05,0.256,0.148,1.98
8986,0.0,166.31,8.0,0.193,0.11,35.0,0.0,166.31,0.389,0.134,0.07
8987,2.0,127.28,7.0,0.169,0.026,44.0,0.0,58.69,0.56,0.107,1.21
8988,30.0,2366.39,46.0,0.049,0.038,13.0,2.0,78.8,0.432,0.222,2.46
8989,2.0,85.63,10.0,0.176,0.0,38.0,0.0,53.97,0.774,0.251,1.97
8990,16.0,1410.69,78.0,0.091,0.071,3.0,1.0,87.21,0.508,0.0,2.28
8991,13.0,584.26,41.0,0.0,0.031,9.0,0.0,46.44,0.396,0.136,1.13
8992,2.0,73.29,2.0,0.121,0.043,132.0,0.0,31.88,0.844,0.035,0.94
8993,9.0,271.39,30.0,0.001,0.062,0.0,1.0,28.65,0.57,0.294,2.64
8994,2.0,138.82,3.0,,0.066,32.0,1.0,88.13,0.032,0.326,0.0
8995,4.0,149.31,11.0,0.136,0.049,66.0,0.0,39.95,0.511,0.418,1.22
8996,33.0,1173.55,85.0,0.046,0.045,4.0,1.0,35.03,0.288,0.264,2.04
8997,3.0,78.85,6.0,0.163,0.073,2.0,0.0,28.58,0.248,0.158,0.59
8998,8.0,350.94,27.0,0.025,0.05,0.0,2.0,45.61,0.469,0.23,2.19
8999,7.0,103.94,8.0,0.215,0.062,15.0,1.0,15.68,0.601,0.347,0.79
9000,24.0,422.76,39.0,0.343,0.055,9.0,1.0,17.65,0.773,0.294,1.67
9001,8.0,476.83,40.0,0.109,0.088,0.0,1.0,62.32,0.189,0.141,2.45
9002,38.0,1904.81,50.0,0.087,0.059,6.0,0.0,50.27,0.32,0.35,1.73
9003,0.0,80.19,4.0,0.052,0.016,77.0,1.0,80.19,0.372,0.227,0.97
9004,34.0,2357.18,40.0,0.018,0.067,9.0,0.0,70.15,0.244,0.155,0.75
9005,22.0,614.55,56.0,0.347,0.147,11.0,2.0,27.42,0.367,0.041,1.22
9006,6.0,127.74,8.0,0.212,0.059,39.0,0.0,21.54,0.264,0.335,0.81
9007,10.0,454.55,42.0,0.069,0.088,19.0,1.0,44.99,0.094,0.389,2.43
9008,1.0,132.19,3.0,0.176,0.073,168.0,0.0,119.52,0.445,0.262,0.41
9009,8.0,511.71,32.0,0.122,0.077,11.0,0.0,63.47,0.7,0.155,1.32
9010,5.0,183.76,12.0,0.101,0.057,17.0,1.0,34.91,0.153,0.454,0.0
9011,15.0,848.1,36.0,0.151,0.123,13.0,1.0,57.94,0.308,0.258,2.48
9012,2.0,27.65,3.0,0.011,0.081,70.0,1.0,13.55,0.168,0.0,0.22
9013,5.0,106.18,3.0,0.304,0.074,63.0,1.0,21.56,0.321,0.441,0.0
9014,26.0,1733.14,46.0,0.074,0.036,9.0,2.0,67.92,0.451,0.183,2.02
9015,18.0,552.08,35.0,0.337,0.053,8.0,1.0,31.11,0.474,0.243,2.23
9016,19.0,684.7,51.0,0.381,0.051,20.0,1.0,35.51,0.568,0.078,0.79
9017,9.0,319.29,24.0,0.08,0.073,15.0,3.0,36.84,0.491,0.22,2.44
9018,1.0,137.35,4.0,0.029,0.038,113.0,0.0,117.28,0.191,0.027,1.04
9019,2.0,68.59,0.0,0.081,0.0,104.0,1.0,36.72,0.135,0.103,1.13
9020,6.0,80.74,7.0,0.183,0.027,42.0,1.0,14.61,0.142,0.05,1.89
9021,33.0,2024.9,44.0,0.05,0.065,6.0,2.0,60.48,0.514,0.552,3.3
9022,15.0,743.87,23.0,0.182,0.061,2.0,1.0,51.03,0.616,0.273,2.43
9023,6.0,556.37,19.0,0.028,0.062,9.0,1.0,93.17,0.283,0.378,2.46
9024,18.0,432.15,29.0,0.101,0.0,7.0,1.0,24.65,0.115,0.097,1.01
9025,6.0,146.69,7.0,0.094,0.033,3.0,0.0,25.03,0.191,0.083,0.92
9026,20.0,1937.13,58.0,0.051,0.037,8.0,2.0,94.56,0.858,0.193,2.01
9027,12.0,450.39,19.0,0.093,0.047,15.0,1.0,36.42,0.275,0.116,1.02
9028,11.0,426.6,31.0,0.088,0.071,16.0,1.0,40.49,0.326,0.413,2.55
9029,41.0,1652.02,57.0,0.093,0.049,3.0,1.0,40.44,0.724,0.402,0.8
9030,1.0,160.24,3.0,0.135,0.095,25.0,0.0,154.53,0.627,0.063,0.0
9031,3.0,139.78,7.0,0.171,0.053,32.0,1.0,48.05,0.193,0.216,1.23
9032,34.0,1557.72,52.0,0.022,0.028,1.0,2.0,46.33,0.656,0.153,0.87
9033,7.0,739.86,29.0,0.027,0.001,1.0,1.0,102.86,0.603,0.334,1.19
9034,4.0,61.89,11.0,0.163,0.062,45.0,0.0,14.34,0.485,0.312,1.0
9035,7.0,169.64,9.0,0.197,0.017,37.0,1.0,25.63,0.614,0.303,1.39
9036,2.0,177.17,7.0,0.161,0.096,30.0,2.0,78.44,0.392,0.241,0.0
9037,19.0,387.28,45.0,0.37,0.143,7.0,2.0,20.13,0.801,0.171,0.0
9038,4.0,172.21,16.0,0.044,0.079,22.0,1.0,41.63,0.291,0.126,2.07
9039,12.0,487.62,36.0,0.078,0.062,6.0,0.0,42.05,0.245,0.279,2.29
9040,19.0,876.87,48.0,0.403,0.108,26.0,1.0,46.52,0.383,0.149,0.17
9041,15.0,688.92,21.0,0.378,0.122,13.0,2.0,46.47,0.344,0.374,1.28
9042,14.0,380.26,33.0,0.138,0.033,2.0,0.0,27.68,0.174,0.034,2.05
9043,1.0,118.6,2.0,0.169,0.008,79.0,0.0,116.27,0.567,0.042,2.31
9044,16.0,945.19,39.0,0.496,0.078,7.0,1.0,59.73,0.536,0.116,0.12
9045,4.0,181.89,9.0,0.13,0.0,66.0,1.0,44.17,0.428,0.019,0.0
9046,2.0,0.0,2.0,0.151,0.057,131.0,1.0,0.0,0.719,0.107,0.5
9047,1.0,52.72,4.0,0.116,0.018,144.0,0.0,52.72,0.274,0.0,2.34
9048,32.0,801.86,43.0,0.368,0.14,6.0,2.0,24.87,0.27,0.168,0.27
9049,23.0,2508.95,73.0,0.054,0.038,8.0,2.0,107.83,0.595,,2.2
9050,5.0,203.99,6.0,0.061,0.082,0.0,0.0,43.48,0.42,0.26,1.46
9051,13.0,486.55,32.0,0.049,0.055,5.0,1.0,37.95,0.265,0.115,2.3
9052,5.0,56.11,13.0,0.121,0.066,20.0,1.0,12.14,0.58,0.451,1.51
9053,6.0,0.0,1.0,0.22,0.035,44.0,1.0,0.0,0.251,0.09,1.33
9054,26.0,2460.06,77.0,0.085,0.015,1.0,4.0,95.36,0.351,0.486,2.68
9055,23.0,742.46,45.0,0.437,0.046,8.0,3.0,32.17,0.233,0.158,0.34
9056,7.0,600.53,30.0,0.029,0.047,12.0,1.0,81.11,0.364,0.192,2.13
9057,3.0,127.47,12.0,0.137,0.059,40.0,0.0,40.4,0.255,0.033,0.24
9058,2.0,168.01,6.0,0.046,0.062,121.0,0.0,101.22,0.322,0.0,1.86
9059,3.0,101.42,0.0,0.239,0.011,30.0,0.0,32.72,0.356,0.44,1.77
9060,4.0,35.84,5.0,0.431,0.054,38.0,1.0,8.2,0.289,0.258,1.65
9061,6.0,161.65,4.0,0.097,0.102,13.0,1.0,25.96,0.363,0.15,1.96
9062,6.0,164.84,10.0,0.04,0.056,73.0,0.0,26.74,0.306,0.365,0.71
9063,12.0,1964.33,62.0,0.051,,3.0,4.0,161.36,0.289,0.171,1.42
9064,22.0,645.52,31.0,0.375,0.013,20.0,0.0,29.39,0.264,0.034,0.72
9065,11.0,493.68,34.0,0.082,0.05,3.0,0.0,45.63,0.36,0.309,4.37
9066,16.0,488.38,41.0,0.348,0.097,7.0,2.0,31.28,0.536,0.085,0.51
9067,18.0,1601.97,62.0,0.055,0.016,2.0,0.0,87.24,0.231,0.264,1.7
9068,3.0,119.18,2.0,0.163,0.045,43.0,0.0,46.61,0.126,0.053,0.86
9069,16.0,371.19,19.0,0.112,0.012,17.0,0.0,22.56,0.091,0.238,2.37
9070,4.0,64.17,2.0,0.115,0.053,44.0,0.0,16.61,0.217,0.083,1.62
9071,12.0,487.03,29.0,0.17,0.078,14.0,1.0,40.44,0.34,0.178,1.38
9072,2.0,136.69,11.0,0.141,0.062,56.0,1.0,67.07,0.297,0.326,2.03
9073,2.0,28.72,13.0,0.078,0.042,8.0,1.0,11.94,0.264,0.273,1.34
9074,37.0,1777.52,37.0,0.043,0.033,1.0,2.0,47.65,0.201,0.309,1.46
9075,16.0,407.65,64.0,0.388,0.048,10.0,3.0,25.62,0.724,0.146,2.15
9076,26.0,1902.73,59.0,0.018,0.031,11.0,2.0,74.39,0.342,0.127,1.67
9077,3.0,91.93,2.0,0.11,0.028,105.0,0.0,34.08,0.453,0.0,1.18
9078,14.0,569.41,30.0,0.099,0.082,9.0,1.0,39.45,0.578,0.379,3.35
9079,3.0,63.39,5.0,0.02,0.007,24.0,2.0,18.56,0.469,0.247,0.41
9080,11.0,533.45,28.0,0.112,0.085,10.0,1.0,47.89,0.167,0.277,2.38
9081,9.0,570.18,19.0,0.125,0.046,15.0,1.0,66.51,0.826,0.276,2.21
9082,11.0,359.84,31.0,0.073,0.001,13.0,2.0,32.69,0.426,0.316,2.82
9083,1.0,62.51,3.0,0.064,0.045,71.0,0.0,62.51,0.594,0.0,1.44
9084,9.0,467.72,17.0,0.005,0.034,14.0,1.0,50.74,0.757,0.24,1.88
9085,1.0,30.28,14.0,0.211,,86.0,0.0,21.1,0.159,0.437,0.29
9086,1.0,145.34,1.0,0.046,0.024,41.0,1.0,103.78,0.369,0.026,2.29
9087,16.0,233.08,26.0,0.512,0.105,6.0,3.0,14.47,0.399,0.23,2.25
9088,12.0,402.96,27.0,0.069,0.048,15.0,1.0,32.31,0.151,0.066,2.4
9089,12.0,217.62,29.0,0.102,0.07,9.0,1.0,18.36,0.321,0.248,1.47
9090,11.0,439.17,46.0,0.128,0.028,19.0,0.0,41.18,0.185,0.288,1.03
9091,13.0,600.81,25.0,0.129,0.066,8.0,1.0,46.95,0.462,0.0,2.84
9092,11.0,379.87,41.0,0.114,0.033,15.0,2.0,35.45,0.292,0.0,1.06
9093,7.0,114.05,13.0,0.115,0.028,32.0,0.0,16.0,0.384,0.385,0.83
9094,16.0,667.21,26.0,0.33,0.06,7.0,2.0,42.15,0.551,0.203,1.14
9095,29.0,2036.49,62.0,0.085,0.004,13.0,0.0,71.04,0.545,0.363,1.07
9096,15.0,628.12,33.0,0.079,0.052,11.0,1.0,42.01,0.355,0.2,1.33
9097,12.0,385.37,22.0,0.101,0.049,11.0,1.0,32.2,0.229,0.17,3.24
9098,11.0,98.06,32.0,0.13,0.045,7.0,1.0,9.01,0.783,0.043,2.32
9099,2.0,106.81,6.0,0.188,0.048,25.0,1.0,63.23,0.339,0.0,1.74
9100,4.0,175.38,13.0,0.14,,54.0,0.0,39.18,0.416,0.126,0.0
9101,30.0,1879.18,69.0,0.034,0.032,4.0,0.0,62.3,0.273,0.205,1.4
9102,24.0,1693.9,68.0,0.041,0.028,8.0,2.0,70.63,0.177,0.113,2.78
9103,18.0,1612.16,81.0,0.032,0.024,3.0,0.0,90.52,0.547,0.164,2.05
9104,5.0,448.94,29.0,0.013,0.092,4.0,0.0,87.07,0.798,0.185,0.88
9105,0.0,88.69,9.0,0.327,0.0,27.0,0.0,88.69,0.065,0.221,1.0
9106,52.0,1411.87,63.0,0.052,0.0,0.0,0.0,27.02,0.468,0.242,2.1
9107,37.0,1597.78,42.0,0.034,0.028,3.0,1.0,43.17,0.28,0.044,2.16
9108,0.0,43.25,1.0,0.241,0.03,84.0,0.0,43.25,0.24,0.035,0.0
9109,13.0,856.26,51.0,0.275,0.109,3.0,0.0,63.51,0.754,0.238,0.0
9110,17.0,1705.46,64.0,0.035,0.023,0.0,0.0,98.83,0.161,0.281,2.81
9111,12.0,288.61,19.0,0.101,0.041,18.0,0.0,24.78,0.574,0.156,1.45
9112,36.0,2190.74,68.0,0.104,0.022,8.0,2.0,60.24,0.526,0.244,1.29
9113,14.0,613.68,32.0,0.135,0.085,14.0,1.0,43.91,0.072,0.239,0.45
9114,12.0,714.1,28.0,0.134,0.011,11.0,1.0,60.28,0.413,0.443,0.97
9115,12.0,464.64,42.0,0.202,0.064,12.0,0.0,37.98,0.699,0.162,2.28
9116,24.0,1856.87,35.0,0.05,0.028,9.0,2.0,77.03,0.233,0.133,1.77
9117,13.0,475.34,24.0,0.04,0.06,15.0,3.0,36.57,0.576,0.373,1.98
9118,2.0,71.71,4.0,0.185,0.042,15.0,1.0,32.81,0.126,0.287,1.74
9119,10.0,384.82,22.0,0.078,0.062,15.0,2.0,36.87,0.346,0.085,3.23
9120,4.0,181.45,9.0,0.0,0.058,34.0,2.0,43.37,0.554,0.144,1.77
9121,12.0,381.65,20.0,0.026,0.082,10.0,1.0,30.71,0.232,0.356,2.26
9122,12.0,594.76,29.0,0.12,0.007,4.0,0.0,50.46,0.717,0.183,3.49
9123,21.0,627.34,46.0,0.386,0.126,10.0,2.0,29.8,0.539,0.058,2.01
9124,3.0,4.29,2.0,0.168,0.021,81.0,1.0,1.46,0.207,0.084,1.66
9125,3.0,87.02,13.0,0.157,0.018,36.0,0.0,25.74,0.077,0.325,0.03
9126,6.0,84.82,8.0,0.243,0.079,49.0,1.0,14.13,0.707,0.21,0.78
9127,3.0,176.59,8.0,0.166,0.037,32.0,0.0,62.37,0.436,0.305,1.12
9128,19.0,543.4,46.0,0.362,0.085,26.0,0.0,28.63,0.523,0.243,1.12
9129,21.0,420.76,13.0,0.0,0.087,8.0,1.0,20.24,0.592,0.056,3.22
9130,1.0,147.12,4.0,0.089,0.033,8.0,0.0,147.12,0.653,0.249,1.24
9131,10.0,424.65,43.0,0.424,0.116,17.0,3.0,41.42,0.833,0.143,0.79
9132,15.0,408.87,16.0,0.133,0.046,19.0,1.0,26.77,0.602,0.136,1.2
9133,2.0,58.07,4.0,0.153,0.0,113.0,0.0,32.06,0.341,0.053,0.43
9134,3.0,94.22,7.0,0.232,0.045,67.0,1.0,28.0,0.447,0.022,1.6
9135,9.0,417.43,9.0,0.04,0.0,0.0,1.0,47.45,0.485,0.0,1.96
9136,5.0,114.9,7.0,0.227,0.013,34.0,1.0,21.37,0.338,0.118,0.53
9137,13.0,642.51,30.0,0.09,,13.0,0.0,50.12,0.28,0.148,3.15
9138,2.0,69.85,3.0,0.037,0.056,134.0,0.0,30.09,0.087,0.146,1.95
9139,33.0,2069.25,65.0,0.042,0.012,10.0,3.0,61.96,0.16,0.123,1.94
9140,13.0,664.42,25.0,0.032,0.055,11.0,1.0,49.28,0.538,0.0,1.71
9141,3.0,470.75,28.0,0.15,0.075,24.0,2.0,179.75,0.376,0.298,0.87
9142,4.0,71.61,9.0,0.198,0.072,27.0,0.0,19.8,0.557,0.332,0.25
9143,15.0,486.75,28.0,0.09,0.084,17.0,3.0,33.46,0.124,0.202,1.32
9144,10.0,895.13,39.0,0.0,0.045,31.0,0.0,90.39,0.581,0.141,2.14
9145,2.0,61.49,4.0,0.103,0.0,157.0,0.0,28.8,0.426,0.0,0.0
9146,15.0,542.73,38.0,0.286,0.101,9.0,1.0,35.48,0.805,0.179,0.12
9147,21.0,490.24,55.0,0.269,0.116,5.0,0.0,23.51,0.577,0.315,
9148,13.0,478.72,24.0,0.019,0.065,21.0,2.0,38.13,0.46,0.172,2.45
9149,9.0,577.59,33.0,0.161,0.046,5.0,0.0,63.18,0.325,0.353,3.08
9150,17.0,282.71,19.0,0.137,0.03,0.0,2.0,16.25,0.349,0.055,2.58
9151,4.0,3.03,9.0,0.259,,38.0,1.0,0.87,0.099,0.225,2.16
9152,4.0,417.33,31.0,0.093,0.065,12.0,0.0,94.34,0.474,0.267,1.37
9153,6.0,181.61,6.0,0.103,0.034,0.0,1.0,29.13,0.408,0.406,1.17
9154,14.0,147.66,38.0,0.0,0.102,6.0,1.0,10.56,0.857,0.154,3.19
9155,34.0,684.69,45.0,0.044,0.047,1.0,2.0,20.32,0.415,0.245,0.95
9156,21.0,566.22,35.0,0.466,0.095,20.0,0.0,27.39,0.684,0.269,0.0
9157,8.0,426.5,45.0,0.087,0.066,13.0,2.0,51.0,0.339,0.318,1.49
9158,0.0,76.72,2.0,0.11,0.0,68.0,1.0,76.72,0.483,0.0,1.68
9159,16.0,700.17,19.0,0.09,0.026,15.0,2.0,44.76,0.458,0.14,2.17
9160,14.0,1629.79,64.0,0.067,0.028,7.0,2.0,113.67,0.319,0.333,2.78
9161,2.0,173.38,15.0,0.179,0.08,41.0,2.0,77.61,0.088,0.211,1.39
9162,2.0,167.96,6.0,0.204,0.056,36.0,0.0,67.6,0.325,0.287,0.96
9163,8.0,587.73,28.0,0.107,0.054,24.0,1.0,70.29,0.493,0.241,3.78
9164,1.0,153.7,4.0,0.145,0.027,20.0,0.0,132.28,0.036,0.162,0.0
9165,23.0,646.21,50.0,0.408,0.082,10.0,2.0,28.36,0.909,0.302,0.0
9166,11.0,769.01,43.0,0.156,0.071,13.0,1.0,67.49,0.215,0.23,2.59
9167,5.0,99.63,6.0,0.223,0.064,29.0,0.0,20.54,0.195,0.348,0.7
9168,24.0,843.95,62.0,0.413,0.102,13.0,2.0,34.74,0.782,0.091,0.44
9169,23.0,540.36,47.0,0.169,0.063,16.0,2.0,23.73,0.602,0.137,0.75
9170,4.0,126.22,13.0,0.218,0.064,16.0,1.0,32.82,0.566,0.319,1.41
9171,7.0,178.23,8.0,0.112,0.066,31.0,0.0,27.01,0.804,0.225,1.19
9172,29.0,1857.61,77.0,0.114,0.02,8.0,1.0,64.54,0.427,0.122,1.75
9173,27.0,670.81,50.0,0.29,0.118,0.0,2.0,24.94,0.371,0.191,0.13
9174,4.0,106.13,10.0,0.214,0.028,16.0,1.0,25.96,0.357,0.16,0.59
9175,2.0,64.38,4.0,0.102,0.074,118.0,0.0,41.32,0.44,0.102,1.8
9176,1.0,142.59,3.0,0.052,0.057,93.0,1.0,131.05,0.416,0.1,0.04
9177,3.0,113.39,11.0,0.176,0.008,24.0,1.0,38.66,0.301,0.285,0.78
9178,40.0,1549.47,26.0,0.109,0.023,1.0,3.0,38.89,0.355,0.191,0.0
9179,16.0,402.05,51.0,0.485,0.086,0.0,1.0,24.64,0.949,0.412,2.82
9180,1.0,88.81,7.0,0.088,0.026,11.0,0.0,66.0,0.727,0.185,0.17
9181,11.0,1877.46,50.0,0.077,0.031,0.0,3.0,167.15,0.064,0.168,2.19
9182,2.0,135.52,0.0,0.114,0.024,133.0,1.0,54.69,0.489,0.161,0.16
9183,14.0,647.8,17.0,0.11,0.022,12.0,2.0,47.53,0.418,0.218,2.68
9184,29.0,1749.78,45.0,0.007,0.048,4.0,2.0,59.55,0.6,0.283,1.83
9185,17.0,533.25,34.0,0.05,0.067,4.0,1.0,30.95,0.557,0.327,2.9
9186,21.0,2038.24,54.0,0.066,0.056,7.0,2.0,96.29,0.345,0.03,1.47
9187,0.0,78.32,1.0,0.247,0.036,43.0,1.0,78.32,0.459,0.356,2.42
9188,3.0,149.23,3.0,0.33,0.017,20.0,1.0,58.91,0.268,0.21,1.37
9189,0.0,148.01,14.0,0.253,0.029,75.0,0.0,148.01,0.032,0.142,1.52
9190,8.0,495.8,18.0,0.107,0.076,16.0,2.0,61.38,0.181,0.077,1.6
9191,37.0,1929.15,32.0,0.082,0.012,7.0,1.0,52.57,0.384,0.311,2.3
9192,3.0,164.07,10.0,0.151,0.034,31.0,0.0,50.95,0.389,0.19,1.37
9193,12.0,445.37,23.0,0.086,0.053,14.0,3.0,38.09,0.189,0.179,1.81
9194,43.0,1987.8,45.0,0.077,0.0,0.0,4.0,46.61,0.125,0.418,2.56
9195,9.0,1034.04,24.0,0.089,0.059,19.0,2.0,114.68,0.415,0.491,2.01
9196,24.0,1800.24,55.0,0.013,0.045,6.0,1.0,73.52,0.321,0.249,3.58
9197,19.0,775.59,30.0,0.454,0.127,17.0,1.0,40.35,0.589,0.267,2.35
9198,7.0,129.41,4.0,0.178,0.044,36.0,0.0,18.59,0.822,0.0,0.64
9199,21.0,665.82,42.0,0.326,0.123,5.0,1.0,32.04,0.357,0.361,0.44
9200,27.0,526.5,41.0,0.353,0.107,15.0,2.0,19.39,0.611,0.285,1.19
9201,3.0,245.68,7.0,0.122,0.105,39.0,0.0,78.75,0.491,0.199,0.62
9202,8.0,520.64,29.0,0.092,0.065,7.0,2.0,65.6,0.369,0.374,2.73
9203,11.0,448.03,35.0,0.065,0.031,20.0,0.0,41.84,0.506,0.189,2.91
9204,35.0,1804.35,59.0,0.06,0.043,3.0,1.0,51.04,0.723,0.171,1.96
9205,7.0,716.99,21.0,0.139,0.049,14.0,2.0,104.32,0.471,0.055,2.61
9206,6.0,262.9,6.0,0.119,0.054,0.0,0.0,44.97,0.3,0.338,0.93
9207,1.0,0.0,6.0,0.202,0.042,51.0,1.0,0.0,0.59,0.179,0.28
9208,12.0,606.97,25.0,0.087,0.073,10.0,1.0,50.52,0.656,,1.16
9209,5.0,35.76,11.0,0.191,0.028,19.0,1.0,6.92,0.457,0.285,1.0
9210,17.0,560.11,28.0,0.22,0.068,10.0,1.0,33.85,0.596,0.104,
9211,18.0,2538.03,51.0,0.049,0.05,9.0,2.0,142.55,0.734,0.168,2.43
9212,18.0,342.72,35.0,0.321,0.053,13.0,1.0,19.26,0.724,0.088,2.2
9213,24.0,1892.83,60.0,0.056,0.058,7.0,0.0,77.26,0.587,0.215,1.8
9214,5.0,605.4,20.0,0.064,0.021,13.0,1.0,114.05,0.315,0.211,1.57
9215,1.0,106.42,7.0,0.254,0.032,36.0,1.0,75.71,0.314,0.392,1.88
9216,4.0,318.96,11.0,0.179,0.029,16.0,1.0,87.21,0.59,0.406,1.32
9217,7.0,757.65,37.0,0.128,0.095,19.0,1.0,107.91,0.159,0.0,2.23
9218,5.0,194.35,5.0,0.074,0.034,24.0,1.0,40.4,0.292,0.176,2.34
9219,21.0,592.24,42.0,0.192,0.128,23.0,0.0,28.65,0.601,0.117,0.47
9220,15.0,632.82,50.0,0.282,0.115,16.0,0.0,42.51,0.796,0.256,0.0
9221,2.0,96.99,1.0,0.138,0.079,99.0,0.0,60.58,0.214,0.0,2.64
9222,29.0,2720.01,53.0,0.0,0.015,1.0,3.0,92.74,0.248,0.281,1.37
9223,10.0,683.14,32.0,0.067,0.0,24.0,0.0,66.41,0.513,0.19,2.68
9224,7.0,461.07,33.0,0.094,0.056,21.0,0.0,63.84,0.374,0.103,2.32
9225,3.0,0.0,8.0,0.323,0.034,37.0,0.0,0.0,0.221,0.316,1.69
9226,11.0,202.02,28.0,0.036,0.031,14.0,1.0,18.85,0.105,0.0,1.19
9227,6.0,608.73,32.0,0.167,0.033,11.0,0.0,100.46,0.229,0.076,3.17
9228,13.0,192.98,33.0,0.159,0.002,14.0,0.0,15.24,0.859,0.332,3.7
9229,10.0,478.82,49.0,0.266,0.105,23.0,1.0,46.08,0.441,0.315,0.87
9230,2.0,44.79,2.0,0.171,0.0,68.0,1.0,23.37,0.573,0.0,2.0
9231,23.0,649.85,32.0,0.57,0.062,9.0,4.0,27.83,0.248,0.028,0.92
9232,15.0,737.45,50.0,0.424,0.122,4.0,1.0,49.1,0.492,0.366,1.6
9233,3.0,130.08,2.0,0.066,0.03,111.0,0.0,46.09,0.608,0.0,2.86
9234,11.0,522.27,21.0,0.05,0.049,7.0,1.0,48.99,0.459,0.077,3.54
9235,14.0,279.18,24.0,0.106,0.056,18.0,0.0,20.09,0.153,0.278,1.94
9236,0.0,55.09,3.0,0.07,0.0,148.0,0.0,55.09,0.638,0.225,2.12
9237,15.0,570.49,51.0,0.488,0.107,12.0,1.0,38.13,0.806,0.264,2.2
9238,12.0,490.17,34.0,0.099,0.0,12.0,0.0,40.38,0.51,0.13,1.68
9239,22.0,928.3,37.0,0.378,0.085,4.0,3.0,42.63,0.404,0.298,0.19
9240,12.0,493.65,28.0,0.0,0.05,21.0,0.0,41.85,0.094,0.125,2.14
9241,15.0,340.61,20.0,0.078,0.091,13.0,1.0,22.32,0.543,0.041,2.42
9242,1.0,86.9,10.0,0.155,0.0,79.0,0.0,86.9,0.069,0.016,1.65
9243,2.0,158.91,4.0,0.114,0.015,132.0,0.0,82.66,0.206,0.196,1.29
9244,0.0,149.42,2.0,0.14,0.043,51.0,1.0,149.42,0.147,0.0,1.08
9245,44.0,1367.69,62.0,0.067,0.027,6.0,0.0,30.92,0.295,0.207,0.28
9246,5.0,70.87,9.0,,0.017,85.0,0.0,13.45,0.709,0.397,0.0
9247,16.0,484.89,26.0,0.05,0.041,16.0,0.0,30.3,0.575,0.19,3.1
9248,23.0,429.09,56.0,0.413,0.065,7.0,2.0,18.77,0.62,0.318,0.44
9249,2.0,140.52,8.0,0.054,0.059,8.0,0.0,65.85,0.644,0.013,0.07
9250,3.0,189.83,15.0,0.113,0.0,63.0,1.0,58.63,0.181,0.384,0.16
9251,28.0,1504.66,73.0,0.043,0.046,4.0,2.0,53.48,0.405,0.405,1.46
9252,3.0,127.12,9.0,0.24,0.025,15.0,0.0,40.88,0.789,0.319,0.68
9253,5.0,70.82,14.0,0.168,0.039,25.0,2.0,15.06,0.204,0.087,0.0
9254,0.0,74.47,11.0,0.324,0.0,62.0,1.0,74.47,0.562,0.17,2.18
9255,1.0,58.27,5.0,0.0,0.0,121.0,0.0,49.65,0.627,0.295,0.28
9256,11.0,501.0,20.0,0.201,0.069,15.0,0.0,46.66,0.16,0.368,3.37
9257,11.0,610.41,36.0,0.065,0.054,3.0,2.0,56.72,0.521,0.239,1.02
9258,9.0,415.5,47.0,0.093,0.011,12.0,2.0,47.15,0.713,0.277,2.03
9259,8.0,2079.4,32.0,0.0,0.04,11.0,1.0,269.56,0.632,0.318,1.06
9260,2.0,34.81,1.0,0.08,0.016,108.0,0.0,20.72,0.393,0.018,1.54
9261,11.0,665.9,22.0,0.12,0.05,12.0,0.0,58.67,0.374,0.0,1.44
9262,32.0,2237.36,49.0,0.078,0.055,6.0,0.0,69.54,0.396,0.033,2.14
9263,12.0,524.05,32.0,0.066,0.048,6.0,2.0,44.27,0.614,0.264,2.08
9264,2.0,85.18,5.0,0.121,0.001,121.0,0.0,41.85,0.465,0.017,0.4
9265,15.0,526.43,17.0,0.181,0.073,6.0,2.0,35.53,0.609,0.14,1.47
9266,13.0,577.29,27.0,0.083,0.057,8.0,1.0,43.64,0.142,0.138,1.28
9267,1.0,184.21,3.0,0.083,0.0,54.0,0.0,184.21,0.113,0.0,0.52
9268,29.0,1800.96,72.0,0.031,0.031,7.0,2.0,63.14,0.133,0.197,3.1
9269,24.0,1587.79,7.0,0.077,0.029,6.0,0.0,67.35,0.009,0.257,0.84
9270,16.0,297.22,30.0,0.047,,7.0,2.0,19.16,0.635,0.194,1.17
9271,17.0,744.41,45.0,0.373,0.112,9.0,0.0,44.55,0.331,0.121,0.41
9272,0.0,102.67,5.0,0.116,0.0,143.0,0.0,102.67,0.388,0.225,0.5
9273,17.0,1528.34,48.0,0.134,0.077,6.0,3.0,90.82,0.395,0.111,1.92
9274,3.0,37.89,3.0,0.143,0.035,110.0,0.0,12.0,0.763,0.0,1.85
9275,1.0,48.93,1.0,0.0,0.024,131.0,0.0,43.7,0.486,0.0,1.63
9276,3.0,100.25,19.0,0.286,0.053,93.0,0.0,29.08,0.559,0.255,1.11
9277,16.0,601.41,30.0,0.364,0.087,0.0,0.0,37.62,0.775,0.393,0.83
9278,3.0,74.1,2.0,0.128,0.036,47.0,0.0,27.75,0.046,0.0,0.63
9279,2.0,51.29,1.0,0.202,0.049,48.0,2.0,27.42,0.534,0.12,0.0
9280,0.0,75.68,11.0,0.183,0.057,67.0,0.0,75.68,0.408,0.376,0.0
9281,0.0,123.34,10.0,0.19,0.115,58.0,0.0,123.34,0.561,0.261,2.08
9282,13.0,337.69,28.0,0.092,0.061,23.0,3.0,25.1,0.054,0.129,3.07
9283,4.0,199.91,9.0,0.101,0.077,58.0,1.0,52.89,0.343,0.272,0.82
9284,5.0,141.78,6.0,0.249,0.047,33.0,1.0,28.47,0.198,0.374,0.5
9285,4.0,175.86,10.0,0.202,0.025,21.0,0.0,49.15,0.47,0.251,0.61
9286,29.0,2635.03,70.0,0.054,0.026,10.0,1.0,90.03,0.39,0.247,1.91
9287,2.0,131.71,7.0,0.23,0.05,10.0,2.0,76.0,0.296,0.45,0.0
9288,1.0,87.37,1.0,0.219,0.023,92.0,1.0,62.13,0.544,0.037,1.64
9289,3.0,111.28,11.0,0.21,0.018,35.0,1.0,42.25,0.499,0.216,0.65
9290,19.0,2139.83,61.0,0.02,0.067,0.0,3.0,112.71,0.355,0.282,2.15
9291,10.0,450.46,44.0,0.094,0.016,8.0,0.0,45.29,0.283,0.206,2.66
9292,5.0,148.53,11.0,0.326,0.079,27.0,0.0,29.86,0.225,,0.32
9293,10.0,467.28,38.0,0.205,0.054,14.0,0.0,48.22,0.606,0.155,1.39
9294,26.0,2401.35,78.0,0.057,0.053,8.0,1.0,91.81,0.386,0.203,2.18
9295,11.0,548.6,5.0,0.05,0.015,14.0,0.0,47.76,0.57,0.168,2.29
9296,1.0,188.43,11.0,0.252,0.029,8.0,1.0,171.35,0.219,0.091,1.15
9297,18.0,594.79,30.0,0.072,0.038,1.0,1.0,33.25,0.452,0.199,1.56
9298,4.0,15.87,10.0,0.227,0.051,50.0,1.0,3.73,0.404,0.211,0.81
9299,1.0,162.61,8.0,0.238,0.044,70.0,1.0,130.56,0.455,0.155,1.74
9300,10.0,511.56,34.0,0.164,0.046,8.0,0.0,51.36,0.345,0.297,
9301,2.0,119.65,6.0,0.166,0.067,58.0,1.0,48.8,0.717,0.286,0.04
9302,18.0,848.43,28.0,0.15,0.0,4.0,1.0,46.86,0.426,0.196,2.01
9303,37.0,2498.57,53.0,0.096,0.045,4.0,1.0,68.07,0.341,0.289,1.41
9304,3.0,181.02,13.0,0.256,0.014,28.0,0.0,60.64,0.482,0.119,0.11
9305,24.0,2103.88,30.0,0.032,0.037,3.0,1.0,85.99,0.346,0.371,1.51
9306,4.0,128.04,8.0,0.339,0.066,25.0,0.0,34.16,0.77,0.231,2.39
9307,4.0,35.98,5.0,0.063,0.057,90.0,0.0,10.1,0.849,0.102,1.6
9308,1.0,160.16,9.0,0.27,0.065,6.0,0.0,126.0,0.132,0.273,0.89
9309,8.0,717.52,22.0,0.165,0.085,11.0,2.0,85.74,0.307,0.213,1.72
9310,20.0,527.51,35.0,0.429,0.078,11.0,1.0,26.6,0.808,0.227,1.29
9311,2.0,100.45,7.0,0.124,0.051,73.0,1.0,48.98,0.228,0.159,1.88
9312,9.0,367.7,18.0,0.145,0.067,17.0,0.0,39.68,0.133,0.391,0.79
9313,15.0,769.66,25.0,0.057,0.081,10.0,1.0,52.67,0.28,0.097,2.94
9314,12.0,682.62,50.0,0.368,0.055,7.0,4.0,57.85,0.829,0.265,0.17
9315,4.0,623.59,11.0,0.156,0.033,17.0,2.0,140.18,0.163,0.232,2.1
9316,4.0,66.72,8.0,0.116,0.028,38.0,1.0,18.23,0.603,0.244,1.31
9317,37.0,2003.91,42.0,0.0,0.017,12.0,1.0,54.57,0.502,0.253,2.71
9318,1.0,55.55,12.0,0.182,0.023,40.0,1.0,42.19,0.23,0.285,0.64
9319,25.0,2384.58,65.0,0.065,0.052,0.0,1.0,95.36,0.605,0.417,1.95
9320,3.0,131.3,7.0,0.275,0.054,68.0,0.0,44.11,0.461,0.229,0.37
9321,12.0,365.6,23.0,0.069,0.076,18.0,2.0,31.78,0.198,0.283,0.56
9322,9.0,690.07,32.0,0.13,0.02,14.0,1.0,76.07,0.114,0.0,2.04
9323,13.0,235.59,45.0,0.075,0.056,21.0,0.0,18.63,0.54,0.252,2.0
9324,11.0,530.4,27.0,0.14,0.057,15.0,2.0,50.02,0.276,0.105,2.3
9325,8.0,648.1,43.0,0.143,0.038,23.0,1.0,82.76,0.534,0.282,1.28
9326,10.0,236.88,66.0,0.278,0.154,6.0,0.0,24.71,0.432,0.196,1.61
9327,20.0,1788.2,83.0,0.0,0.02,8.0,2.0,88.91,0.382,0.468,1.5
9328,16.0,318.76,34.0,0.133,0.036,23.0,2.0,20.34,0.41,0.1,2.83
9329,5.0,110.87,9.0,0.156,0.055,31.0,0.0,23.73,0.141,0.205,1.12
9330,6.0,14.58,5.0,0.198,0.046,42.0,2.0,2.53,0.19,0.149,0.0
9331,3.0,189.34,7.0,0.025,0.096,35.0,1.0,70.52,0.798,0.142,0.0
9332,29.0,585.66,26.0,0.433,0.116,0.0,3.0,20.19,0.595,0.164,0.78
9333,0.0,106.05,9.0,0.108,0.038,50.0,1.0,106.05,0.799,0.267,1.26
9334,10.0,457.5,33.0,0.132,0.041,9.0,0.0,45.36,0.328,0.267,3.4
9335,19.0,509.26,40.0,0.067,0.017,16.0,0.0,27.05,0.433,0.449,3.08
9336,9.0,572.59,41.0,0.027,0.0,10.0,0.0,64.38,0.142,0.129,2.91
9337,17.0,368.71,23.0,0.093,0.015,17.0,3.0,22.02,0.397,0.336,2.46
9338,13.0,760.79,39.0,0.242,0.0,8.0,3.0,58.53,0.277,0.193,1.64
9339,35.0,1235.66,42.0,0.036,0.041,11.0,1.0,35.39,0.416,0.355,0.59
9340,12.0,1844.4,58.0,0.059,0.019,7.0,1.0,154.7,0.325,0.232,2.27
9341,1.0,25.22,2.0,0.01,0.0,95.0,0.0,25.22,0.404,0.066,0.62
9342,21.0,679.68,23.0,0.084,0.075,19.0,0.0,32.71,0.522,0.211,1.87
9343,8.0,308.22,18.0,0.079,0.089,8.0,0.0,37.69,0.525,0.362,2.85
9344,4.0,191.86,4.0,0.165,0.086,24.0,1.0,49.81,0.066,0.365,0.21
9345,5.0,91.73,9.0,0.242,0.039,34.0,1.0,19.32,0.614,0.434,0.0
9346,11.0,1017.6,22.0,0.16,0.082,0.0,0.0,94.55,0.342,0.113,3.52
9347,19.0,316.46,43.0,0.332,0.107,8.0,1.0,16.32,0.616,0.017,2.02
9348,3.0,169.72,0.0,0.293,0.024,41.0,0.0,51.53,0.352,0.202,0.86
9349,2.0,163.36,9.0,0.272,0.038,25.0,0.0,73.52,0.231,0.435,1.28
9350,10.0,454.19,30.0,,,9.0,0.0,45.38,0.682,0.063,0.0
9351,9.0,493.51,44.0,0.102,0.0,22.0,0.0,52.25,0.487,0.199,3.01
9352,11.0,539.94,10.0,0.082,0.09,16.0,2.0,49.65,0.634,0.0,1.79
9353,10.0,706.57,35.0,0.121,0.064,14.0,1.0,70.69,0.523,0.093,1.35
9354,29.0,1606.76,54.0,0.071,0.017,4.0,1.0,55.64,0.303,0.206,1.11
9355,4.0,145.34,0.0,0.248,0.013,31.0,0.0,33.88,0.369,0.541,1.09
9356,22.0,1586.74,52.0,0.044,0.031,3.0,2.0,72.43,0.608,0.174,2.43
9357,17.0,567.39,24.0,0.102,0.039,14.0,0.0,33.66,0.543,0.226,1.56
9358,2.0,147.57,8.0,0.147,0.036,42.0,1.0,95.66,0.515,0.583,0.66
9359,26.0,539.44,32.0,0.312,0.124,0.0,3.0,20.42,0.739,0.163,1.51
9360,11.0,456.85,32.0,0.091,0.045,17.0,2.0,40.4,0.29,0.362,1.77
9361,30.0,1947.53,55.0,0.132,0.01,9.0,2.0,64.95,0.375,0.236,2.19
9362,29.0,748.46,54.0,0.043,0.053,7.0,0.0,25.91,0.936,0.345,2.77
9363,2.0,150.07,16.0,0.096,0.015,56.0,1.0,76.37,0.123,0.272,0.17
9364,42.0,2326.41,36.0,0.072,0.044,12.0,0.0,55.44,0.217,0.216,2.31
9365,3.0,130.2,12.0,0.202,0.055,20.0,0.0,44.77,0.391,0.309,0.44
9366,1.0,44.34,8.0,0.158,0.061,52.0,2.0,41.37,0.453,0.261,1.63
9367,1.0,80.07,0.0,0.063,,112.0,0.0,80.07,0.25,0.127,2.09
9368,5.0,231.0,10.0,0.314,0.081,45.0,0.0,42.65,0.498,0.525,0.72
9369,28.0,1871.02,80.0,0.068,0.03,6.0,0.0,67.6,0.733,0.555,2.5
9370,17.0,839.03,24.0,0.444,0.057,12.0,2.0,48.9,0.686,0.274,0.0
9371,20.0,309.76,24.0,0.131,0.025,9.0,1.0,15.67,0.62,0.213,2.7
9372,4.0,63.64,16.0,0.164,0.018,49.0,0.0,15.6,0.392,0.277,1.29
9373,13.0,700.74,36.0,0.314,0.091,11.0,3.0,52.69,0.45,0.083,0.91
9374,30.0,1826.04,86.0,0.017,0.024,6.0,2.0,60.71,0.562,0.441,3.2
9375,4.0,412.7,28.0,0.152,0.05,13.0,1.0,101.14,0.185,0.311,1.7
9376,9.0,151.3,6.0,0.291,0.077,35.0,0.0,16.95,0.24,0.343,1.86
9377,26.0,1805.86,73.0,0.04,0.035,8.0,1.0,68.58,0.719,0.308,2.45
9378,12.0,719.91,48.0,0.4,0.085,13.0,0.0,58.59,0.282,0.154,2.08
9379,7.0,155.65,14.0,0.104,0.033,15.0,0.0,21.14,0.362,0.268,0.02
9380,1.0,188.14,9.0,0.029,0.064,0.0,0.0,144.09,0.269,0.287,0.74
9381,12.0,677.63,12.0,0.404,0.116,16.0,2.0,54.88,0.58,0.14,0.0
9382,1.0,14.49,4.0,0.118,0.011,115.0,1.0,14.49,0.383,0.0,1.93
9383,12.0,449.3,29.0,0.128,0.109,15.0,2.0,37.88,0.074,0.3,2.52
9384,4.0,202.89,11.0,0.311,0.0,26.0,1.0,55.07,0.454,0.015,2.17
9385,23.0,1735.67,72.0,0.031,0.029,3.0,0.0,75.18,0.231,0.297,1.19
9386,13.0,260.16,38.0,0.213,0.032,2.0,1.0,19.44,0.297,0.182,2.18
9387,9.0,846.39,31.0,0.14,0.026,20.0,0.0,91.2,0.565,0.106,3.73
9388,10.0,599.96,43.0,0.058,0.013,16.0,1.0,60.42,0.493,0.0,2.27
9389,3.0,121.64,16.0,0.13,0.055,44.0,0.0,39.11,0.315,0.242,1.28
9390,8.0,327.99,24.0,0.1,0.0,12.0,0.0,40.57,0.445,0.138,1.76
9391,15.0,481.35,21.0,0.07,0.042,5.0,0.0,32.62,0.279,0.0,2.15
9392,13.0,398.71,48.0,0.563,0.088,0.0,2.0,30.08,0.627,0.198,2.01
9393,1.0,156.88,3.0,0.115,0.016,103.0,1.0,156.88,0.46,0.117,2.38
9394,5.0,579.79,26.0,0.14,0.046,22.0,0.0,110.35,0.017,0.122,2.06
9395,27.0,1826.1,67.0,0.046,0.011,4.0,3.0,66.8,0.392,0.228,1.03
9396,1.0,122.05,3.0,0.276,0.061,15.0,1.0,95.68,0.489,0.232,1.27
9397,0.0,190.3,0.0,0.316,0.028,0.0,0.0,190.3,0.582,0.169,0.06
9398,1.0,146.28,1.0,0.27,0.007,0.0,0.0,146.28,0.528,0.109,0.44
9399,14.0,506.31,34.0,0.13,0.018,7.0,0.0,36.07,0.126,0.216,2.17
9400,23.0,843.54,38.0,0.498,0.099,14.0,0.0,37.46,0.784,0.238,0.13
9401,17.0,478.27,26.0,0.071,0.063,15.0,0.0,28.92,0.11,0.265,1.86
9402,18.0,408.68,62.0,0.293,0.038,16.0,2.0,22.37,0.844,0.088,0.53
9403,27.0,2317.31,36.0,0.068,,8.0,0.0,84.82,0.553,0.112,2.09
9404,32.0,1263.56,80.0,0.009,0.033,5.0,3.0,40.05,0.579,0.088,1.51
9405,28.0,1473.19,55.0,0.064,0.041,9.0,2.0,52.03,0.291,0.097,2.93
9406,0.0,119.63,5.0,0.155,0.05,44.0,2.0,119.63,0.077,0.0,0.41
9407,12.0,980.44,41.0,0.28,0.071,23.0,1.0,80.0,0.861,0.123,0.58
9408,22.0,2451.43,55.0,0.054,0.024,7.0,2.0,110.33,0.554,0.199,2.55
9409,2.0,36.19,3.0,0.148,0.022,122.0,0.0,18.54,0.327,0.0,2.56
9410,28.0,1864.72,57.0,0.036,0.068,1.0,0.0,66.54,0.274,0.224,2.2
9411,0.0,56.56,9.0,0.135,0.065,50.0,1.0,56.56,0.451,0.238,0.19
9412,23.0,2421.99,62.0,0.033,0.038,5.0,2.0,107.52,0.745,0.297,2.14
9413,4.0,122.86,6.0,0.184,0.027,24.0,0.0,27.53,0.251,0.0,0.0
9414,16.0,460.09,15.0,0.093,0.001,16.0,2.0,28.36,0.547,0.241,3.63
9415,6.0,829.13,31.0,0.041,0.052,1.0,1.0,145.0,0.234,0.169,1.81
9416,3.0,98.12,8.0,0.302,0.039,39.0,0.0,35.87,0.325,0.292,0.59
9417,17.0,754.57,29.0,0.291,0.074,14.0,1.0,43.56,0.478,0.263,0.66
9418,0.0,31.32,15.0,0.209,0.062,44.0,0.0,31.32,0.546,0.34,0.55
9419,34.0,2255.76,67.0,0.061,0.01,9.0,1.0,66.42,0.492,0.24,3.04
9420,11.0,430.94,29.0,0.183,0.086,15.0,2.0,37.67,0.644,0.264,1.55
9421,27.0,1818.5,35.0,0.08,0.041,4.0,1.0,66.61,0.069,0.288,2.86
9422,9.0,755.79,39.0,0.067,0.035,19.0,2.0,80.98,0.291,0.252,0.09
9423,4.0,165.87,10.0,0.045,0.0,45.0,2.0,41.92,0.025,0.277,0.0
9424,34.0,1872.45,71.0,0.099,0.038,12.0,1.0,54.75,0.732,0.172,2.92
9425,10.0,658.55,34.0,0.114,0.081,20.0,1.0,64.68,0.346,0.042,0.9
9426,16.0,720.08,30.0,0.102,0.067,14.0,0.0,45.49,0.252,0.236,3.65
9427,2.0,71.9,10.0,0.299,0.036,40.0,0.0,37.82,0.254,0.274,0.83
9428,0.0,230.74,4.0,0.213,0.022,53.0,1.0,230.74,0.283,0.029,0.96
9429,5.0,16.13,8.0,0.358,0.052,33.0,0.0,3.2,0.095,0.161,0.05
9430,6.0,352.88,33.0,0.175,0.108,12.0,1.0,56.1,0.19,0.284,2.28
9431,15.0,442.83,30.0,0.338,0.104,7.0,2.0,30.54,0.353,0.251,0.8
9432,34.0,1934.84,38.0,0.059,0.048,6.0,3.0,56.57,0.502,0.122,2.73
9433,1.0,112.49,6.0,0.187,0.011,54.0,0.0,112.49,0.384,0.132,1.49
9434,14.0,459.12,28.0,0.076,0.109,11.0,0.0,33.63,0.658,,1.78
9435,1.0,118.87,5.0,0.23,0.038,99.0,0.0,93.47,0.4,0.0,1.17
9436,26.0,1323.56,22.0,0.077,0.0,2.0,1.0,51.44,0.401,0.061,1.72
9437,15.0,442.69,35.0,0.078,0.1,20.0,0.0,28.58,0.049,0.149,1.71
9438,5.0,168.83,12.0,0.058,0.032,30.0,1.0,31.83,0.534,0.177,1.12
9439,21.0,1391.86,32.0,0.098,0.042,2.0,2.0,65.64,0.233,0.394,2.73
9440,4.0,159.88,7.0,0.267,0.052,35.0,1.0,37.69,0.318,0.231,0.11
9441,1.0,121.71,8.0,0.066,0.036,26.0,1.0,81.35,0.708,0.074,0.58
9442,8.0,849.62,36.0,0.123,0.052,20.0,1.0,102.43,0.153,0.138,1.35
9443,14.0,993.16,46.0,0.141,0.072,21.0,0.0,72.77,0.139,0.203,
9444,1.0,127.27,4.0,0.232,0.088,110.0,0.0,95.16,0.012,0.115,0.11
9445,13.0,2147.38,66.0,0.078,0.014,11.0,0.0,160.5,0.286,0.11,1.31
9446,14.0,734.68,26.0,0.166,0.08,16.0,0.0,52.53,0.218,0.063,3.45
9447,2.0,26.78,2.0,0.108,0.0,84.0,0.0,15.86,0.121,0.079,0.0
9448,15.0,493.22,35.0,0.358,0.091,19.0,0.0,32.75,0.672,0.523,1.58
9449,3.0,67.3,3.0,0.0,0.086,71.0,1.0,26.71,0.3,0.401,0.75
9450,28.0,2093.42,65.0,0.076,0.06,7.0,2.0,75.58,0.183,0.298,2.25
9451,4.0,150.31,10.0,0.119,0.074,38.0,1.0,34.28,0.236,0.319,0.0
9452,17.0,389.18,23.0,0.082,0.059,14.0,3.0,22.28,0.402,0.31,3.06
9453,13.0,624.03,22.0,0.186,0.077,10.0,0.0,46.46,0.336,0.305,1.34
9454,27.0,2050.36,68.0,0.102,0.046,6.0,0.0,74.69,0.389,0.36,1.51
9455,1.0,191.51,7.0,0.222,0.054,18.0,0.0,128.65,0.261,0.339,0.0
9456,28.0,1705.0,86.0,0.024,0.025,2.0,1.0,60.29,0.732,0.245,2.0
9457,22.0,386.32,47.0,0.255,0.067,22.0,2.0,17.53,0.745,0.258,1.73
9458,2.0,20.98,5.0,0.142,0.018,63.0,1.0,9.49,0.19,0.022,0.0
9459,13.0,516.87,32.0,0.079,0.027,18.0,1.0,38.8,0.316,0.37,2.26
9460,1.0,27.31,7.0,0.197,0.04,41.0,0.0,27.31,0.248,0.304,0.79
9461,14.0,877.55,41.0,0.469,0.05,14.0,1.0,63.09,0.786,0.101,1.14
9462,8.0,663.96,52.0,0.303,0.154,11.0,1.0,82.38,0.639,0.26,0.0
9463,17.0,699.01,23.0,0.072,0.049,2.0,1.0,41.3,0.222,0.394,1.71
9464,41.0,2045.31,64.0,0.071,0.033,5.0,2.0,49.87,0.285,0.041,0.38
9465,39.0,1782.41,72.0,0.0,0.033,7.0,3.0,45.28,0.414,0.229,2.54
9466,5.0,189.72,13.0,0.207,0.024,18.0,0.0,37.92,0.294,0.417,0.82
9467,27.0,566.37,53.0,0.302,0.0,7.0,0.0,20.75,0.872,0.189,1.71
9468,14.0,451.89,28.0,0.08,0.0,2.0,0.0,32.21,0.207,0.397,1.28
9469,5.0,156.6,10.0,0.086,0.015,58.0,1.0,34.34,0.439,0.298,0.0
9470,29.0,1690.63,38.0,0.0,0.036,7.0,2.0,58.48,0.636,0.32,1.84
9471,15.0,875.92,40.0,0.285,0.079,6.0,3.0,58.49,0.188,0.19,0.3
9472,35.0,1410.41,50.0,0.029,0.048,3.0,0.0,40.16,0.642,0.104,1.75
9473,1.0,29.34,2.0,0.044,0.0,59.0,1.0,19.7,0.125,0.051,1.6
9474,28.0,1138.68,62.0,0.019,0.02,7.0,1.0,40.05,0.636,0.252,1.98
9475,12.0,822.55,21.0,0.135,0.115,13.0,2.0,69.86,0.331,0.177,1.47
9476,10.0,318.74,34.0,0.041,0.064,8.0,1.0,31.84,0.216,0.038,0.3
9477,0.0,187.31,12.0,0.336,0.057,50.0,1.0,187.31,0.415,0.251,1.11
9478,17.0,580.31,33.0,0.45,0.126,20.0,1.0,34.01,0.62,0.18,1.4
9479,5.0,580.48,11.0,0.127,0.082,7.0,0.0,112.68,0.305,0.325,0.89
9480,11.0,953.34,36.0,0.063,0.035,12.0,3.0,87.38,0.253,0.137,2.15
9481,27.0,1540.43,72.0,0.035,0.043,5.0,0.0,57.51,0.666,0.231,1.59
9482,17.0,333.31,15.0,0.045,0.088,27.0,3.0,20.07,0.171,0.086,2.38
9483,11.0,462.9,31.0,0.131,0.054,8.0,3.0,43.72,0.493,0.342,0.99
9484,13.0,614.85,39.0,0.323,0.083,20.0,1.0,47.32,0.572,0.126,0.37
9485,9.0,711.88,14.0,0.129,0.038,12.0,1.0,79.5,0.153,0.255,1.88
9486,31.0,1721.59,41.0,0.093,0.009,8.0,2.0,56.05,0.61,0.135,2.28
9487,2.0,108.08,15.0,0.207,0.044,25.0,2.0,56.96,0.255,0.107,1.79
9488,26.0,2473.86,62.0,0.031,0.059,0.0,2.0,96.49,0.257,0.425,2.26
9489,1.0,86.71,7.0,0.15,0.018,80.0,0.0,67.39,0.435,0.229,0.41
9490,11.0,581.46,30.0,0.128,0.106,11.0,2.0,52.06,0.109,0.138,1.4
9491,3.0,10.2,6.0,0.357,0.093,25.0,0.0,3.11,0.284,0.034,0.05
9492,3.0,47.84,5.0,0.172,0.011,27.0,1.0,13.8,0.391,0.146,0.0
9493,7.0,123.96,29.0,0.075,0.046,11.0,2.0,16.7,0.657,0.347,1.56
9494,6.0,707.46,31.0,0.13,0.073,8.0,1.0,122.36,0.325,0.377,1.64
9495,10.0,431.76,17.0,0.079,0.007,4.0,3.0,42.89,0.542,0.172,0.88
9496,32.0,2047.21,27.0,0.015,0.03,8.0,0.0,64.21,0.22,0.27,3.81
9497,1.0,53.38,1.0,0.329,0.05,14.0,0.0,43.07,0.301,0.175,1.57
9498,7.0,201.82,3.0,0.27,0.014,44.0,0.0,30.64,0.405,0.38,1.27
9499,28.987525124109684,1583.7576590824453,25.0,0.133,0.016,12.0,0.0,25.94,0.159,0.182,1.39
9500,3.0,88.78,11.0,0.197,0.021,52.0,0.0,29.26,0.754,0.29,1.47
9501,47.0,1303.0,60.0,0.041,0.016,12.0,2.0,27.92,0.232,0.038,2.1
9502,6.0,439.15,27.0,0.205,0.058,17.0,1.0,74.61,0.363,0.207,1.79
9503,27.0,1978.26,75.0,0.053,0.053,0.0,2.0,73.07,0.284,0.323,0.21
9504,0.0,189.09,12.0,0.0,0.0,47.0,1.0,189.09,0.706,0.362,1.85
9505,2.0,56.28,2.0,0.262,0.056,58.0,0.0,23.67,0.242,0.016,0.66
9506,0.0,73.01,0.0,0.14,0.039,102.0,0.0,73.01,0.87,0.0,0.92
9507,17.0,2636.16,39.0,0.052,0.044,4.0,3.0,156.27,0.135,0.173,2.27
9508,21.0,542.71,35.0,0.097,0.054,16.0,2.0,25.87,0.118,0.196,3.03
9509,42.0,1456.27,37.0,0.022,0.028,8.0,0.0,34.77,0.632,0.061,1.38
9510,14.0,676.45,37.0,0.025,0.0,2.0,2.0,47.98,0.332,0.178,0.88
9511,36.0,1826.15,56.0,0.024,0.06,5.0,1.0,50.72,0.529,0.221,1.68
9512,12.0,582.81,24.0,0.123,0.074,10.0,0.0,49.21,0.654,0.246,0.84
9513,22.0,2292.21,65.0,0.01,0.046,9.0,2.0,105.68,0.143,0.302,3.58
9514,1.0,11.46,4.0,0.173,0.07,79.0,1.0,11.46,0.455,0.0,0.57
9515,5.0,170.8,6.0,0.21,0.058,17.0,0.0,34.75,0.61,0.343,0.84
9516,14.0,287.68,23.0,0.13,0.048,8.0,2.0,20.22,0.222,,2.77
9517,13.0,737.84,26.0,0.061,0.06,12.0,1.0,56.25,0.55,0.0,1.49
9518,1.0,59.51,2.0,0.091,0.044,111.0,0.0,59.51,0.761,0.0,0.8
9519,2.0,68.75,0.0,0.186,0.022,50.0,0.0,32.16,0.153,0.0,0.4
9520,13.0,444.2,27.0,0.037,0.05,16.0,1.0,33.3,0.35,0.043,2.09
9521,23.0,1440.92,58.0,0.04,0.018,8.0,3.0,62.99,0.285,0.074,0.59
9522,3.0,141.31,7.0,0.166,0.046,32.0,0.0,43.12,0.712,0.179,1.17
9523,17.0,495.16,30.0,0.111,0.075,7.0,0.0,28.95,0.321,0.205,0.93
9524,34.0,1993.5,12.0,0.025,0.045,10.0,2.0,58.81,0.495,0.092,3.39
9525,34.0,2405.7,61.0,0.063,0.0,4.0,3.0,70.37,0.204,0.001,4.05
9526,0.0,109.82,1.0,0.157,0.004,76.0,0.0,109.82,0.378,0.225,0.94
9527,11.0,594.02,33.0,0.116,0.044,21.0,0.0,55.53,0.337,0.0,2.08
9528,5.0,506.5,51.0,0.057,0.032,11.0,1.0,107.88,0.25,0.357,2.04
9529,25.0,1708.72,26.0,0.04,0.025,5.0,1.0,69.22,0.084,0.416,0.41
9530,25.0,228.12,42.0,0.17,0.078,13.0,0.0,9.08,0.495,0.38,2.42
9531,1.0,6.59,4.0,0.113,0.035,88.0,0.0,6.42,0.05,0.0,0.85
9532,16.0,749.48,33.0,0.317,0.004,4.0,2.0,48.3,0.367,0.089,0.19
9533,7.0,527.79,38.0,0.054,0.077,2.0,0.0,74.62,0.06,0.332,3.03
9534,8.0,458.32,32.0,0.152,0.018,14.0,3.0,57.75,0.414,0.128,3.04
9535,7.0,212.71,3.0,0.152,0.06,70.0,0.0,30.44,0.098,0.099,0.69
9536,42.0,1357.36,68.0,0.023,0.051,9.0,3.0,32.31,0.134,0.304,1.29
9537,1.0,15.31,4.0,0.178,0.009,54.0,1.0,13.94,0.352,0.013,1.64
9538,20.0,619.38,46.0,0.383,0.104,15.0,1.0,31.67,0.355,0.113,1.75
9539,9.0,471.52,27.0,0.038,0.022,13.0,0.0,50.74,0.771,0.124,1.05
9540,2.0,107.08,6.0,0.124,0.041,98.0,1.0,63.65,0.522,0.0,0.0
9541,30.0,1700.34,50.0,0.04,0.054,6.0,0.0,55.77,0.892,0.321,3.21
9542,12.0,797.22,49.0,0.172,0.104,14.0,3.0,68.3,0.501,0.198,0.43
9543,3.0,49.3,4.0,0.106,0.054,102.0,0.0,15.87,0.607,0.113,0.0
9544,5.0,300.4,11.0,0.182,,20.0,1.0,57.28,0.589,0.182,1.73
9545,41.0,1630.56,35.0,0.043,0.025,5.0,0.0,40.16,0.343,0.04,2.18
9546,23.0,1126.21,46.0,0.047,0.021,11.0,2.0,48.08,0.114,0.509,2.16
9547,18.0,652.14,63.0,0.323,0.073,0.0,2.0,36.57,0.778,0.324,0.8
9548,14.0,496.5,66.0,0.499,0.069,13.0,0.0,35.58,0.666,0.238,1.08
9549,13.0,281.96,27.0,0.296,0.134,6.0,3.0,21.9,0.388,0.12,2.02
9550,4.0,158.22,13.0,0.019,0.043,38.0,1.0,43.7,0.369,0.274,1.58
9551,9.0,173.61,11.0,0.331,0.008,28.0,0.0,19.73,0.2,0.267,0.02
9552,40.0,1701.05,60.0,0.0,0.021,3.0,2.0,42.21,0.578,0.402,2.65
9553,5.0,69.12,0.0,0.299,0.03,43.0,0.0,14.2,0.568,0.0,0.8
9554,20.0,761.13,39.0,0.401,0.209,9.0,2.0,38.33,0.416,0.401,1.65
9555,5.0,202.16,9.0,0.188,0.024,45.0,1.0,42.35,0.467,0.25,1.38
9556,13.0,293.3,25.0,0.121,0.033,17.0,2.0,23.34,0.466,0.116,2.08
9557,19.0,331.57,49.0,0.475,0.065,0.0,1.0,17.62,1.0,0.033,0.55
9558,29.0,668.53,43.0,0.333,0.088,8.0,1.0,22.86,0.541,0.392,1.63
9559,12.0,338.23,38.0,0.105,0.035,18.0,3.0,29.3,0.455,0.335,2.16
9560,1.0,135.58,4.0,0.117,0.009,51.0,1.0,135.58,0.242,0.0,1.85
9561,13.0,598.81,26.0,0.125,0.067,13.0,0.0,46.49,0.348,0.0,0.61
9562,0.0,104.49,3.0,0.097,0.024,126.0,1.0,104.49,0.732,0.09,1.65
9563,16.0,690.86,39.0,0.162,0.051,16.0,1.0,44.25,0.387,0.137,2.58
9564,16.0,910.4,30.0,0.08,0.037,11.0,0.0,57.14,0.688,0.221,2.51
9565,16.0,322.05,42.0,0.292,0.081,7.0,1.0,20.09,0.564,0.323,2.58
9566,34.0,1947.68,52.0,0.067,0.041,4.0,0.0,57.22,0.117,0.174,1.94
9567,4.0,138.94,8.0,0.092,0.066,0.0,1.0,33.02,0.319,0.21,0.47
9568,4.0,566.47,12.0,0.07,0.012,20.0,1.0,146.71,0.069,0.376,1.27
9569,23.0,855.68,39.0,0.308,0.148,15.0,0.0,37.46,0.566,0.252,1.55
9570,11.0,577.42,31.0,0.158,0.076,9.0,0.0,50.81,0.157,0.157,1.61
9571,11.0,976.04,14.0,0.074,0.0,13.0,1.0,85.82,0.462,0.422,1.3
9572,11.0,558.84,15.0,0.0,0.047,10.0,2.0,51.17,0.584,0.307,0.62
9573,6.0,69.49,4.0,0.273,0.018,29.0,0.0,12.0,0.295,0.381,2.78
9574,1.0,29.94,1.0,0.187,0.0,51.0,0.0,21.11,0.159,0.301,0.99
9575,0.0,52.2,1.0,0.097,0.045,97.0,0.0,52.2,0.248,0.037,1.69
9576,18.0,451.43,26.0,0.005,0.0,7.0,1.0,24.66,0.373,0.382,3.05
9577,2.0,161.03,7.0,0.253,0.015,22.0,0.0,104.39,0.561,0.148,1.0
9578,3.0,139.37,5.0,0.302,0.05,26.0,2.0,51.89,0.251,0.254,0.04
9579,27.0,1790.17,77.0,0.067,0.024,8.0,2.0,66.36,0.812,0.333,3.27
9580,1.0,636.33,21.0,0.098,0.063,12.0,1.0,636.33,0.328,0.205,2.48
9581,5.0,205.4,8.0,0.132,0.026,22.0,0.0,37.94,0.361,0.141,0.29
9582,24.0,2188.31,58.0,0.066,0.012,11.0,1.0,91.29,0.652,0.45,1.36
9583,23.0,1619.95,51.0,0.054,0.036,5.0,3.0,71.04,0.512,0.004,3.5
9584,1.0,76.37,2.0,0.133,0.054,50.0,0.0,60.29,0.176,0.169,1.04
9585,10.0,586.55,28.0,0.119,0.115,12.0,1.0,60.21,0.389,0.295,1.53
9586,40.0,2270.85,77.0,0.077,0.041,8.0,3.0,56.92,0.099,0.229,1.96
9587,2.0,97.19,7.0,0.186,0.072,11.0,1.0,40.02,0.554,0.25,1.45
9588,13.0,527.81,28.0,0.145,0.041,22.0,3.0,41.88,0.247,0.168,2.42
9589,23.0,702.11,69.0,0.309,0.142,9.0,0.0,30.5,0.342,0.311,0.38
9590,4.0,188.08,4.0,0.076,0.019,23.0,0.0,44.18,0.462,0.351,1.18
9591,2.0,88.57,0.0,0.223,0.073,70.0,0.0,41.85,0.277,0.021,1.2
9592,14.0,232.96,40.0,,0.053,21.0,1.0,16.31,0.687,0.127,1.3
9593,5.0,51.8,10.0,0.304,0.0,30.0,0.0,10.39,0.716,0.339,0.96
9594,18.0,338.63,33.0,0.124,0.051,9.0,1.0,18.51,0.532,0.235,1.71
9595,2.0,178.68,0.0,0.216,0.051,12.0,2.0,91.2,0.4,0.0,0.99
9596,15.0,1629.98,78.0,0.071,0.052,5.0,2.0,108.2,0.422,0.081,1.77
9597,5.0,113.18,7.0,0.006,0.004,52.0,0.0,23.41,0.309,0.524,1.85
9598,2.0,63.53,3.0,0.173,0.039,76.0,0.0,35.55,0.436,0.221,2.0
9599,25.0,533.11,36.0,0.398,0.126,5.0,2.0,21.06,0.295,0.148,2.56
9600,22.0,583.08,30.0,0.313,0.154,1.0,2.0,26.4,0.382,0.347,0.5
9601,19.0,408.65,29.0,0.03,0.04,15.0,4.0,21.11,0.501,0.21,2.86
9602,1.0,0.0,3.0,0.036,0.024,141.0,1.0,0.0,0.379,0.0,1.14
9603,4.0,196.58,8.0,0.15,0.079,57.0,1.0,49.4,0.459,0.247,2.12
9604,4.0,156.88,6.0,0.238,0.072,53.0,0.0,35.93,0.235,0.268,2.01
9605,1.0,148.06,9.0,0.1,0.018,44.0,2.0,148.06,0.287,0.054,0.82
9606,30.0,1569.32,33.0,0.06,0.035,3.0,1.0,51.48,0.226,0.161,2.98
9607,6.0,68.12,6.0,0.077,0.01,42.0,0.0,12.26,0.617,0.138,1.5
9608,15.0,411.78,32.0,0.004,0.037,0.0,3.0,28.13,0.266,0.23,2.72
9609,27.0,1940.24,51.0,0.068,0.068,13.0,2.0,72.08,0.447,0.198,3.03
9610,3.0,143.54,8.0,0.0,0.036,62.0,0.0,56.39,0.346,0.151,0.46
9611,7.0,288.58,35.0,0.148,0.027,13.0,2.0,38.63,0.16,0.233,2.43
9612,13.0,560.66,34.0,0.018,0.04,8.0,1.0,42.73,0.551,0.375,2.83
9613,26.0,1830.85,54.0,0.014,0.071,8.0,0.0,70.17,0.631,0.131,2.1
9614,1.0,217.07,2.0,0.07,0.074,52.0,1.0,171.1,0.545,0.009,0.18
9615,13.0,1812.36,41.0,0.066,0.022,7.0,3.0,135.93,0.138,0.282,2.04
9616,9.0,467.27,44.0,0.137,0.062,11.0,1.0,53.36,0.591,0.402,2.07
9617,20.0,551.89,60.0,0.347,0.09,16.0,1.0,27.75,0.477,0.099,0.4
9618,29.0,1462.96,47.0,0.021,0.042,0.0,1.0,51.31,0.687,0.28,0.7
9619,45.0,896.06,47.0,0.073,0.053,7.0,2.0,19.87,0.105,0.21,1.58
9620,4.0,0.0,1.0,0.255,0.049,37.0,1.0,0.0,0.529,0.252,0.86
9621,50.0,532.65,50.0,0.019,0.0,7.0,2.0,10.74,0.172,0.161,3.07
9622,0.0,77.03,2.0,0.258,0.033,55.0,0.0,77.03,0.365,0.146,0.74
9623,22.0,545.35,14.0,0.468,0.037,0.0,2.0,24.48,0.316,0.381,0.0
9624,3.0,33.73,5.0,0.151,0.041,30.0,1.0,12.01,0.333,0.303,1.88
9625,40.0,1372.05,39.0,0.097,0.048,3.0,1.0,34.34,0.68,0.19,1.07
9626,0.0,72.47,4.0,0.224,0.008,137.0,0.0,72.47,0.395,0.0,1.45
9627,2.0,199.56,3.0,0.298,0.009,27.0,1.0,101.04,0.419,0.213,1.24
9628,4.0,103.19,5.0,0.084,0.023,68.0,0.0,27.28,0.234,0.024,1.78
9629,31.0,2344.34,42.0,0.021,0.03,13.0,2.0,75.34,0.203,0.192,2.21
9630,6.0,107.42,13.0,0.083,0.034,22.0,1.0,18.37,0.59,0.122,2.06
9631,12.0,474.62,31.0,0.059,0.046,1.0,2.0,40.31,0.497,0.308,1.04
9632,13.0,608.27,26.0,0.032,0.027,16.0,2.0,46.43,0.266,0.328,2.65
9633,1.0,182.9,0.0,0.315,0.072,32.0,2.0,157.63,0.192,0.155,0.26
9634,20.0,579.69,23.0,0.298,0.132,9.0,0.0,29.08,0.578,0.234,2.02
9635,2.0,792.33,66.0,0.39,0.114,6.0,2.0,510.72,0.928,0.399,0.4
9636,40.0,1724.12,70.0,0.076,0.047,4.0,0.0,43.21,0.315,0.33,0.65
9637,4.0,143.9,8.0,0.166,0.035,39.0,0.0,32.34,0.102,,0.97
9638,18.0,551.81,39.0,0.424,0.104,11.0,3.0,30.63,0.701,0.081,1.75
9639,17.0,401.17,30.0,0.1,0.024,15.0,0.0,24.01,0.377,0.269,2.53
9640,9.0,434.04,20.0,0.062,0.106,17.0,3.0,49.34,0.083,0.381,2.65
9641,18.0,588.43,40.0,0.577,0.1,4.0,3.0,33.3,0.593,0.186,0.0
9642,14.0,191.86,24.0,0.094,0.053,9.0,2.0,14.06,0.354,0.193,2.97
9643,14.0,312.6,37.0,0.177,0.04,8.0,1.0,22.3,0.198,,1.74
9644,1.0,175.43,6.0,0.206,0.0,41.0,1.0,175.43,0.396,0.14,1.26
9645,0.0,71.6,16.0,0.403,0.082,64.0,0.0,71.6,0.602,0.336,0.09
9646,0.0,198.43,9.0,0.145,0.021,22.0,1.0,198.43,0.529,0.224,0.5
9647,20.0,641.02,24.0,0.569,0.129,8.0,2.0,32.85,0.495,0.189,0.77
9648,6.0,97.54,10.0,0.163,0.029,82.0,1.0,15.48,0.451,0.152,1.29
9649,2.0,156.0,6.0,0.119,0.07,64.0,1.0,63.4,0.223,0.392,1.63
9650,10.0,457.21,26.0,0.069,0.054,20.0,2.0,44.97,0.516,0.357,2.02
9651,4.0,128.07,9.0,0.12,0.018,0.0,1.0,35.98,0.485,0.125,0.51
9652,10.0,380.14,34.0,0.046,0.076,24.0,2.0,36.63,0.253,0.291,2.64
9653,19.0,685.74,44.0,0.283,0.034,17.0,0.0,35.93,0.603,0.378,0.85
9654,1.0,93.69,8.0,0.126,0.038,52.0,0.0,69.01,0.69,0.291,0.0
9655,15.0,722.83,20.0,0.172,0.074,18.0,1.0,47.52,0.072,0.316,1.68
9656,2.0,0.0,3.0,0.023,0.063,95.0,0.0,0.0,0.715,0.0,0.78
9657,3.0,186.38,2.0,0.1,0.047,142.0,1.0,65.92,0.071,0.17,0.1
9658,4.0,125.82,4.0,0.142,0.068,31.0,0.0,29.09,0.531,0.206,0.56
9659,32.0,1827.32,78.0,0.078,0.03,1.0,1.0,57.5,0.614,0.254,3.35
9660,19.0,741.64,23.0,0.346,0.15,8.0,0.0,39.38,0.37,0.419,0.0
9661,21.0,2139.5,18.0,0.052,0.03,3.0,0.0,102.77,0.501,0.126,1.92
9662,2.0,19.68,0.0,0.073,0.027,120.0,0.0,11.65,0.803,0.099,2.16
9663,1.0,35.25,5.0,0.223,0.049,85.0,1.0,30.51,0.568,0.0,0.9
9664,23.0,669.49,51.0,0.309,0.164,4.0,1.0,29.23,0.844,0.222,0.9
9665,3.0,120.28,4.0,0.199,0.006,122.0,0.0,37.77,0.463,0.0,1.76
9666,18.0,1569.01,55.0,0.009,0.03,1.0,1.0,85.8,0.258,0.31,3.06
9667,9.0,235.9,25.0,0.079,0.0,4.0,0.0,25.67,0.748,0.0,1.67
9668,2.0,121.7,10.0,0.278,0.078,49.0,0.0,56.99,0.311,,0.21
9669,11.0,542.68,27.0,0.048,0.045,13.0,2.0,49.11,0.319,0.167,1.8
9670,11.0,299.52,36.0,0.121,0.036,0.0,3.0,26.39,0.839,0.148,2.39
9671,6.0,149.49,11.0,0.252,0.08,30.0,1.0,26.34,0.805,0.214,1.45
9672,31.0,1124.32,55.0,0.15,0.031,11.0,2.0,36.26,0.287,0.054,2.9
9673,0.0,38.28,2.0,0.13,0.007,121.0,0.0,38.28,0.039,0.071,2.2
9674,13.0,823.72,24.0,0.215,0.078,14.0,1.0,65.72,0.567,0.028,2.56
9675,28.0,854.25,38.0,0.26,0.147,2.0,1.0,31.05,0.545,0.179,1.24
9676,31.0,995.36,49.0,0.043,0.025,3.0,1.0,31.99,0.829,0.056,1.64
9677,2.0,52.53,0.0,0.084,0.02,149.0,1.0,24.1,0.29,0.0,1.95
9678,38.0,2172.02,65.0,0.069,0.025,8.0,1.0,57.75,0.242,0.348,1.7
9679,20.0,570.02,33.0,0.291,0.07,10.0,0.0,28.31,0.73,0.328,1.1
9680,10.0,510.21,34.0,0.127,0.046,16.0,2.0,50.35,0.574,0.378,2.59
9681,4.0,77.65,11.0,,0.055,24.0,0.0,21.24,0.451,0.067,0.62
9682,17.0,241.62,34.0,0.012,0.059,11.0,2.0,14.36,0.466,0.236,2.08
9683,31.0,1389.1,55.0,0.019,0.066,7.0,0.0,44.81,0.306,0.203,1.91
9684,15.0,545.28,12.0,0.139,0.02,17.0,0.0,35.39,0.46,0.145,2.47
9685,36.0,1937.54,64.0,0.069,0.052,9.0,0.0,54.15,0.682,0.314,1.42
9686,9.0,214.4,42.0,0.143,0.054,16.0,1.0,23.07,0.299,0.222,0.98
9687,0.0,57.19,5.0,0.218,0.068,101.0,1.0,57.19,0.459,0.0,0.88
9688,4.0,88.64,6.0,0.257,0.055,0.0,1.0,24.33,0.468,0.28,0.0
9689,1.0,174.12,6.0,0.166,0.09,14.0,1.0,130.27,0.134,0.282,1.19
9690,4.0,103.72,5.0,0.147,0.01,21.0,1.0,26.23,0.347,0.354,2.95
9691,16.0,527.66,13.0,0.135,0.068,19.0,2.0,33.02,0.656,0.22,2.12
9692,24.0,2109.49,53.0,0.028,0.048,4.0,1.0,88.78,0.021,0.089,3.13
9693,25.0,324.36,49.0,0.435,0.123,8.0,0.0,12.77,0.822,0.335,0.0
9694,16.0,626.57,34.0,0.088,0.013,7.0,1.0,38.06,0.32,0.424,2.19
9695,1.0,140.38,2.0,0.211,0.038,23.0,1.0,140.38,0.637,0.302,0.0
9696,3.0,102.54,10.0,0.19,0.005,0.0,1.0,29.46,0.433,0.149,1.71
9697,12.0,277.28,33.0,0.071,0.021,26.0,2.0,22.58,0.507,0.252,2.05
9698,17.0,367.93,30.0,0.11,0.026,11.0,0.0,21.38,0.649,0.44,1.79
9699,4.0,217.77,9.0,0.259,0.084,8.0,1.0,55.63,0.43,0.348,0.53
9700,14.0,568.08,29.0,0.091,0.041,20.0,2.0,40.37,0.143,0.219,3.02
9701,10.0,512.74,26.0,0.1,0.062,10.0,2.0,52.91,0.442,,1.9
9702,24.0,1479.21,71.0,0.056,0.0,3.0,2.0,62.91,0.391,0.365,2.87
9703,31.0,1348.85,56.0,0.021,0.007,5.0,1.0,43.5,0.113,0.149,3.0
9704,9.0,547.52,44.0,0.098,0.096,19.0,0.0,60.5,0.427,0.489,0.4
9705,13.0,246.3,41.0,0.121,0.044,16.0,1.0,19.13,0.301,0.137,2.65
9706,9.0,229.72,31.0,0.13,0.008,10.0,3.0,26.82,0.48,0.005,2.63
9707,12.0,506.99,15.0,0.178,0.033,13.0,1.0,42.36,0.568,0.269,1.26
9708,15.0,274.8,28.0,0.123,0.079,12.0,0.0,17.81,0.154,0.19,1.43
9709,35.0,1740.09,66.0,0.045,0.012,13.0,1.0,49.48,0.768,0.166,2.11
9710,15.0,427.77,35.0,0.071,0.128,3.0,1.0,28.6,0.429,0.21,2.89
9711,5.0,172.17,8.0,,0.066,49.0,1.0,34.49,0.066,0.098,0.0
9712,31.0,2020.4,73.0,0.052,0.063,9.0,1.0,65.7,0.415,0.186,1.69
9713,10.0,366.83,25.0,0.168,0.0,13.0,2.0,35.0,0.356,0.018,0.32
9714,0.0,49.06,3.0,0.152,0.04,98.0,0.0,49.06,0.39,0.0,0.81
9715,1.0,172.8,0.0,0.152,0.059,50.0,1.0,172.8,0.207,0.173,0.82
9716,3.0,46.66,2.0,0.062,0.056,36.0,0.0,13.38,0.413,0.0,1.21
9717,9.0,409.34,30.0,0.122,0.052,17.0,2.0,45.27,0.63,0.485,1.34
9718,14.0,460.28,17.0,0.094,0.04,5.0,2.0,32.24,0.346,0.308,0.0
9719,14.0,0.0,33.0,0.088,0.046,7.0,1.0,0.0,0.531,0.02,1.62
9720,6.0,320.49,26.0,0.121,0.019,28.0,2.0,51.86,0.211,0.097,1.44
9721,2.0,0.0,11.0,0.034,0.078,67.0,0.0,0.0,0.414,0.188,2.4
9722,18.0,467.6,22.0,0.1,0.053,7.0,1.0,25.4,0.473,0.198,0.68
9723,16.0,340.42,13.0,0.04,0.108,10.0,3.0,21.37,0.181,0.133,2.17
9724,27.0,2018.6,34.0,0.043,0.023,6.0,1.0,74.59,0.534,0.385,1.12
9725,0.0,111.98,1.0,0.136,0.033,57.0,0.0,111.98,0.311,0.038,0.64
9726,5.0,181.64,10.0,0.087,0.0,38.0,1.0,36.92,0.665,0.006,1.74
9727,11.0,611.96,22.0,0.137,0.049,14.0,2.0,56.96,0.083,0.156,1.45
9728,0.0,79.22,10.0,0.127,0.077,2.0,2.0,79.22,0.298,0.162,1.24
9729,15.0,308.9,3.0,0.093,0.0,11.0,1.0,19.96,0.579,0.419,1.74
9730,1.0,132.77,2.0,0.132,0.077,19.0,0.0,124.49,0.59,0.0,0.26
9731,2.0,168.31,10.0,0.141,0.034,77.0,2.0,69.01,0.174,0.073,0.0
9732,13.0,746.89,61.0,0.346,0.086,13.0,2.0,59.49,0.529,0.502,0.47
9733,12.0,353.79,24.0,0.185,0.028,14.0,1.0,30.59,0.367,0.037,2.48
9734,2.0,302.24,9.0,0.122,0.032,36.0,2.0,155.7,0.207,0.166,0.63
9735,9.0,111.29,23.0,0.105,0.082,13.0,2.0,12.85,0.277,0.06,1.82
9736,1.0,147.26,6.0,0.142,0.0,30.0,1.0,147.26,0.222,0.258,0.25
9737,12.0,607.15,31.0,0.118,0.092,8.0,0.0,51.15,0.623,0.195,0.63
9738,12.0,250.48,32.0,0.137,0.056,15.0,2.0,20.77,0.444,0.085,2.48
9739,17.0,570.64,27.0,0.471,0.092,18.0,3.0,34.25,0.7,0.156,1.68
9740,11.0,462.7,28.0,0.08,0.0,15.0,0.0,40.94,0.209,0.39,1.16
9741,13.0,558.71,30.0,0.079,0.072,9.0,0.0,43.79,0.145,0.173,2.42
9742,1.0,123.28,12.0,0.282,0.055,40.0,2.0,123.28,0.2,0.265,0.95
9743,1.0,42.44,5.0,0.205,0.076,34.0,0.0,42.44,0.391,0.174,1.19
9744,10.0,437.18,32.0,0.142,0.065,5.0,2.0,45.28,0.072,0.254,2.44
9745,11.0,540.72,27.0,0.019,0.077,24.0,2.0,50.11,0.443,0.121,1.75
9746,23.0,840.77,49.0,0.359,0.09,10.0,2.0,36.86,0.411,0.164,0.94
9747,17.0,608.4,50.0,0.285,0.076,9.0,2.0,35.97,0.943,0.205,1.52
9748,1.0,42.54,7.0,0.184,0.096,21.0,0.0,42.54,0.393,0.113,1.37
9749,14.0,685.07,45.0,0.48,0.143,21.0,0.0,48.63,0.506,0.235,0.74
9750,6.0,214.89,11.0,0.198,0.035,27.0,0.0,34.65,0.823,0.122,0.66
9751,6.0,107.9,6.0,0.2,0.0,31.0,1.0,16.74,0.406,0.273,1.44
9752,6.0,524.32,24.0,0.047,0.055,13.0,0.0,89.3,0.666,0.258,1.77
9753,3.0,145.75,6.0,0.28,0.074,28.0,0.0,49.4,0.57,0.165,0.14
9754,8.0,2017.19,43.0,0.028,0.002,3.0,1.0,237.5,0.166,0.261,1.56
9755,17.0,790.94,26.0,0.339,0.119,18.0,2.0,45.72,0.681,0.327,0.32
9756,0.0,4.29,0.0,0.029,0.026,111.0,0.0,4.29,0.575,0.101,1.07
9757,34.0,1489.76,63.0,0.085,0.0,3.0,0.0,43.53,0.349,0.286,2.44
9758,4.0,169.65,9.0,0.19,0.051,42.0,2.0,41.13,0.102,0.097,1.79
9759,3.0,140.36,1.0,0.12,0.035,106.0,1.0,51.54,0.269,0.021,0.0
9760,35.0,2048.57,57.0,0.076,0.027,1.0,0.0,58.44,0.596,0.392,1.18
9761,20.0,1400.65,66.0,0.0,0.046,8.0,0.0,69.76,0.217,0.236,2.44
9762,12.0,603.22,17.0,0.203,0.083,24.0,1.0,51.4,0.271,0.168,0.71
9763,6.0,217.74,17.0,0.002,0.062,17.0,3.0,38.57,0.426,0.408,1.94
9764,20.0,585.36,23.0,0.085,0.046,12.0,2.0,28.92,0.547,0.035,1.56
9765,20.0,413.76,51.0,0.392,0.134,12.0,0.0,20.74,0.577,0.124,1.67
9766,10.0,553.82,41.0,0.046,0.018,22.0,1.0,57.23,0.672,0.0,2.42
9767,0.0,106.23,7.0,0.0,0.018,39.0,1.0,106.23,0.213,0.342,0.88
9768,14.0,391.97,33.0,0.079,0.042,25.0,0.0,27.98,0.477,0.262,2.78
9769,3.0,107.45,11.0,0.15,0.043,46.0,1.0,33.03,0.75,0.0,1.23
9770,17.0,531.35,44.0,0.198,0.024,22.0,0.0,31.13,0.337,0.37,1.34
9771,2.0,29.56,0.0,0.236,0.0,118.0,0.0,17.74,0.191,0.067,0.04
9772,18.0,570.71,44.0,0.24,0.049,14.0,0.0,32.52,0.748,0.329,0.9
9773,20.0,552.26,18.0,0.088,0.038,4.0,0.0,27.28,0.312,0.168,1.68
9774,0.0,43.47,8.0,0.12,0.016,43.0,1.0,43.47,0.485,0.257,1.31
9775,15.0,729.62,15.0,0.071,0.077,6.0,2.0,48.54,0.151,0.171,1.84
9776,9.0,388.75,31.0,0.162,0.05,2.0,0.0,45.54,0.233,0.053,1.29
9777,2.0,37.16,5.0,0.128,0.074,33.0,2.0,15.88,0.516,0.11,1.15
9778,2.0,44.29,2.0,0.038,0.028,118.0,1.0,25.0,0.528,0.0,0.8
9779,3.0,32.62,9.0,0.324,0.038,32.0,0.0,11.83,0.788,0.305,1.28
9780,15.0,412.87,15.0,0.045,0.069,8.0,0.0,27.37,0.644,0.147,1.25
9781,6.0,142.16,4.0,0.233,0.034,19.0,1.0,25.04,0.462,0.064,0.0
9782,2.0,142.85,10.0,0.174,0.015,39.0,1.0,77.34,0.348,0.16,0.86
9783,9.0,544.48,36.0,0.15,0.006,19.0,2.0,57.9,0.314,0.274,1.34
9784,2.0,108.48,11.0,0.125,0.0,34.0,0.0,55.11,0.273,0.322,0.77
9785,3.0,104.77,7.0,0.065,0.067,182.0,1.0,29.97,0.506,0.043,0.66
9786,29.0,1588.43,55.0,0.036,0.033,9.0,2.0,55.71,0.269,0.299,3.3
9787,1.0,119.13,2.0,0.075,0.011,28.0,2.0,119.13,0.15,0.032,1.04
9788,22.0,593.21,46.0,0.306,0.082,6.0,1.0,26.44,0.533,0.018,1.05
9789,28.0,623.22,54.0,0.296,0.062,15.0,0.0,22.13,0.76,0.271,0.29
9790,2.0,175.78,9.0,0.19,0.081,22.0,0.0,87.71,0.693,0.205,1.58
9791,32.0,1675.54,55.0,0.055,0.042,0.0,1.0,51.88,0.548,0.329,1.5
9792,9.0,546.9,27.0,0.103,0.064,9.0,0.0,64.11,0.553,0.354,0.21
9793,27.0,2553.76,60.0,0.05,0.051,3.0,4.0,95.87,0.347,0.436,1.87
9794,15.0,472.78,21.0,0.112,0.051,5.0,3.0,30.84,0.538,0.166,1.75
9795,18.0,1165.92,71.0,0.054,0.009,3.0,3.0,64.85,0.666,0.171,1.11
9796,8.0,326.66,31.0,0.186,0.01,8.0,1.0,38.88,0.809,0.273,1.79
9797,28.0,2163.91,74.0,0.02,0.037,8.0,2.0,76.84,0.764,0.18,1.72
9798,33.0,1737.82,60.0,0.041,0.047,6.0,1.0,52.79,0.493,0.0,1.63
9799,14.0,692.06,33.0,0.12,0.071,23.0,1.0,49.66,0.367,0.299,2.93
9800,11.0,363.56,51.0,0.095,0.0,20.0,1.0,34.23,0.566,0.022,1.61
9801,7.0,454.27,21.0,0.132,0.095,22.0,1.0,68.07,0.622,0.157,2.84
9802,0.0,160.63,5.0,0.102,0.042,67.0,0.0,160.63,0.315,0.172,1.46
9803,3.0,77.61,7.0,0.273,0.067,51.0,2.0,23.09,0.231,0.111,1.4
9804,8.0,537.16,32.0,0.155,0.064,12.0,2.0,64.42,0.827,0.175,1.9
9805,5.0,210.96,3.0,0.152,0.0,22.0,1.0,45.22,0.683,0.031,0.34
9806,9.0,525.59,32.0,0.057,0.0,3.0,0.0,58.98,0.58,0.129,2.65
9807,2.0,125.21,6.0,0.163,0.025,5.0,1.0,70.41,0.421,0.188,1.39
9808,2.0,34.04,14.0,0.295,0.03,19.0,2.0,17.36,0.693,0.308,2.64
9809,1.0,130.0,2.0,0.152,0.027,154.0,1.0,106.92,0.483,0.08,1.64
9810,2.0,114.39,11.0,0.081,0.026,6.0,0.0,55.22,0.053,0.281,0.69
9811,29.0,1841.08,70.0,0.052,0.059,11.0,1.0,63.31,0.206,0.366,2.55
9812,2.0,593.24,39.0,0.039,0.031,16.0,0.0,297.47,0.595,0.471,1.9
9813,3.0,111.61,2.0,0.1,,124.0,1.0,35.11,0.233,0.0,1.15
9814,19.0,416.6,44.0,0.472,0.131,10.0,0.0,22.38,0.421,0.242,0.29
9815,1.0,96.49,0.0,0.118,0.065,25.0,0.0,65.12,0.446,0.0,1.0
9816,1.0,10.96,0.0,0.127,0.008,123.0,0.0,8.8,0.125,0.001,0.0
9817,10.0,602.32,16.0,0.13,0.084,10.0,1.0,63.29,0.452,0.416,1.33
9818,1.0,186.21,13.0,0.151,0.102,38.0,2.0,155.17,0.304,0.021,1.14
9819,28.0,1822.79,65.0,0.049,0.041,8.0,2.0,65.63,0.469,0.281,2.73
9820,16.0,517.87,64.0,0.364,0.115,13.0,1.0,32.74,0.761,0.152,0.24
9821,2.0,61.19,2.0,0.052,0.051,48.0,0.0,32.15,0.273,0.092,0.0
9822,4.0,125.78,7.0,0.123,0.019,27.0,0.0,35.29,0.359,0.228,0.0
9823,2.0,37.81,5.0,0.117,0.004,94.0,1.0,16.53,0.187,0.129,1.23
9824,3.0,147.74,6.0,0.143,0.025,22.0,1.0,47.71,0.499,0.156,1.49
9825,17.0,591.02,36.0,0.351,0.146,15.0,1.0,35.77,0.316,0.122,1.33
9826,38.0,2033.18,50.0,0.058,0.028,7.0,1.0,53.33,0.639,0.0,2.56
9827,11.0,719.34,24.0,0.113,0.02,12.0,2.0,63.3,0.208,0.017,1.52
9828,1.0,143.12,7.0,0.175,0.052,60.0,1.0,122.97,0.081,0.111,0.0
9829,8.0,558.43,21.0,0.095,0.051,3.0,2.0,73.51,0.462,0.222,0.88
9830,4.0,149.51,11.0,0.296,0.085,37.0,0.0,41.43,0.598,0.296,0.48
9831,2.0,4.02,1.0,0.095,0.064,153.0,0.0,1.88,0.133,0.037,0.75
9832,7.0,130.31,5.0,0.156,0.087,26.0,0.0,17.39,0.461,0.224,0.42
9833,10.0,480.66,21.0,0.115,0.056,13.0,0.0,46.36,0.302,0.214,2.29
9834,3.0,82.2,8.0,0.231,0.046,37.0,1.0,26.34,0.281,0.198,1.89
9835,12.0,699.97,33.0,0.108,0.093,14.0,0.0,56.26,0.21,0.278,2.12
9836,8.0,641.5,47.0,0.329,0.064,17.0,2.0,81.03,0.57,0.225,1.61
9837,20.0,1738.43,47.0,0.082,0.019,0.0,0.0,87.91,0.11,0.168,3.33
9838,1.0,62.79,11.0,0.214,0.0,17.0,2.0,62.79,0.435,0.225,0.43
9839,4.0,154.1,0.0,0.117,0.079,28.0,0.0,36.04,0.435,0.069,2.58
9840,17.0,629.66,59.0,0.382,0.075,3.0,2.0,37.64,0.721,0.425,
9841,15.0,676.89,41.0,0.258,0.084,12.0,1.0,43.83,0.424,0.205,1.81
9842,15.0,611.91,22.0,0.067,0.101,7.0,3.0,39.87,0.736,0.154,2.14
9843,1.0,31.52,10.0,0.001,0.013,24.0,0.0,29.31,0.183,0.031,1.79
9844,22.0,1611.07,38.0,0.0,0.057,7.0,1.0,74.65,0.757,0.173,2.87
9845,4.0,60.6,0.0,0.14,0.067,54.0,1.0,13.52,0.096,0.152,1.07
9846,2.0,243.44,5.0,0.187,0.0,16.0,0.0,120.34,0.337,0.433,2.18
9847,24.0,1855.29,63.0,,0.053,1.0,2.0,78.68,0.323,0.168,1.67
9848,20.0,528.83,30.0,0.095,0.046,7.0,3.0,26.13,0.519,0.344,2.88
9849,5.0,140.13,11.0,0.215,0.062,0.0,0.0,26.65,0.431,0.397,0.84
9850,10.0,474.53,19.0,0.113,0.066,11.0,0.0,49.72,0.306,,1.53
9851,40.0,2518.92,61.0,0.064,0.048,6.0,2.0,63.45,0.194,0.072,1.68
9852,13.0,900.57,34.0,0.525,0.076,9.0,2.0,70.87,0.623,0.209,0.78
9853,18.0,894.79,22.0,0.178,0.073,2.0,2.0,49.59,0.637,0.078,0.82
9854,15.0,629.8,29.0,0.119,0.061,12.0,1.0,41.93,0.399,0.325,1.65
9855,14.0,591.65,45.0,0.084,0.036,0.0,0.0,42.77,0.641,,2.2
9856,1.0,67.38,0.0,0.146,0.007,111.0,1.0,62.09,0.12,0.118,1.85
9857,1.0,130.81,2.0,0.173,0.052,118.0,0.0,130.81,0.345,0.12,0.56
9858,36.0,790.71,84.0,0.079,0.053,3.0,3.0,21.77,0.427,0.301,1.49
9859,19.0,940.02,42.0,0.509,0.125,0.0,1.0,48.36,0.861,0.251,0.41
9860,11.0,548.4,34.0,0.03,0.019,6.0,2.0,50.28,0.098,0.182,
9861,13.0,692.46,10.0,0.073,0.056,12.0,0.0,53.83,0.237,0.474,2.14
9862,19.0,719.69,46.0,0.542,0.056,9.0,2.0,37.05,0.774,0.261,0.51
9863,2.0,166.15,10.0,0.258,0.052,41.0,1.0,71.82,0.295,0.443,0.0
9864,10.0,540.79,36.0,0.134,0.075,3.0,1.0,54.79,0.093,0.18,1.58
9865,9.0,520.79,26.0,0.111,0.026,13.0,0.0,57.6,0.766,0.142,1.81
9866,7.0,264.77,29.0,0.092,0.096,17.0,1.0,35.81,0.206,0.386,1.79
9867,1.0,69.31,4.0,0.076,0.0,35.0,0.0,69.31,0.644,0.101,0.37
9868,3.0,143.96,2.0,0.087,0.014,98.0,0.0,46.04,0.66,0.0,1.5
9869,26.0,1592.12,69.0,0.045,0.027,10.0,4.0,60.96,0.297,0.355,2.34
9870,0.0,22.47,4.0,0.101,0.045,123.0,1.0,22.47,0.624,0.132,2.53
9871,18.0,368.41,14.0,0.154,0.11,16.0,1.0,20.6,0.571,0.136,2.13
9872,26.0,1454.47,86.0,0.061,0.012,13.0,1.0,55.77,0.325,0.063,1.96
9873,18.0,865.46,41.0,0.509,0.017,18.0,1.0,48.24,0.892,0.0,0.85
9874,1.0,67.48,3.0,0.165,0.006,82.0,0.0,67.48,0.23,0.161,1.33
9875,7.0,546.98,35.0,0.399,0.088,17.0,2.0,73.48,0.433,0.246,0.0
9876,11.0,2085.58,78.0,0.083,0.043,0.0,3.0,196.73,0.248,0.157,2.65
9877,1.0,20.0,1.0,0.115,0.029,69.0,0.0,15.73,0.09,0.0,0.31
9878,0.0,38.14,4.0,0.008,0.0,215.0,1.0,38.14,0.529,,0.0
9879,21.0,476.47,27.0,0.058,0.057,9.0,1.0,22.97,0.384,0.2,3.0
9880,3.0,203.19,35.0,0.103,0.067,10.0,0.0,73.77,0.752,0.4,1.98
9881,18.0,2362.95,69.0,0.0,0.017,5.0,2.0,134.32,0.167,0.05,2.28
9882,17.0,608.05,16.0,0.135,0.085,13.0,1.0,35.1,0.397,0.239,2.43
9883,5.0,106.9,9.0,0.216,0.0,18.0,0.0,22.7,0.067,0.409,0.0
9884,10.0,2489.59,44.0,0.101,0.019,0.0,0.0,252.72,0.25,0.192,2.15
9885,10.0,376.61,34.0,0.166,0.059,11.0,1.0,36.81,0.316,0.031,3.44
9886,2.0,69.0,1.0,0.108,0.047,110.0,0.0,29.39,0.565,0.0,2.84
9887,2.0,100.63,2.0,0.063,0.088,88.0,0.0,58.81,0.513,0.063,1.26
9888,3.0,236.27,14.0,0.218,0.013,54.0,1.0,89.15,0.625,0.0,1.9
9889,13.0,411.57,28.0,0.081,0.031,14.0,2.0,32.07,0.427,0.456,2.13
9890,15.0,540.57,22.0,0.059,0.033,19.0,0.0,37.18,0.577,0.181,2.62
9891,9.0,376.17,17.0,0.138,0.051,0.0,1.0,41.38,0.421,0.327,1.44
9892,16.0,492.3,20.0,0.081,0.04,21.0,3.0,30.06,0.227,0.338,1.59
9893,3.0,90.4,2.0,0.157,0.024,90.0,0.0,32.44,0.576,0.103,0.89
9894,8.0,823.65,22.0,0.044,0.066,9.0,3.0,98.85,0.261,0.046,2.09
9895,6.0,158.94,7.0,0.0,0.01,51.0,1.0,25.76,0.613,0.231,0.0
9896,0.0,172.97,14.0,0.077,0.072,57.0,0.0,172.97,0.227,0.29,1.3
9897,40.0,2499.92,57.0,0.0,0.013,3.0,3.0,62.79,0.491,0.214,1.71
9898,4.0,112.96,1.0,0.055,0.047,38.0,1.0,26.49,0.55,0.173,2.3
9899,11.0,521.51,51.0,0.269,0.074,13.0,0.0,46.54,0.402,0.42,0.73
9900,34.0,1856.21,53.0,0.097,0.049,3.0,1.0,54.08,0.563,0.28,2.28
9901,4.0,161.47,12.0,0.125,0.0,42.0,1.0,40.96,0.012,0.055,0.65
9902,14.0,603.16,31.0,0.03,0.03,26.0,3.0,42.32,0.621,0.129,1.22
9903,4.0,200.92,9.0,0.183,0.037,40.0,1.0,45.0,0.226,0.0,0.0
9904,19.0,757.34,53.0,0.489,0.1,0.0,1.0,40.16,0.35,0.23,1.54
9905,13.0,570.55,25.0,0.092,0.065,12.0,3.0,44.3,0.45,0.057,0.34
9906,1.0,117.77,1.0,0.161,0.0,101.0,0.0,117.77,0.177,0.004,0.08
9907,26.0,2355.51,34.0,0.058,0.06,2.0,3.0,90.39,0.208,0.189,3.21
9908,4.0,117.6,8.0,0.108,0.04,29.0,0.0,27.67,0.764,0.187,0.79
9909,3.0,157.21,5.0,0.214,0.069,57.0,1.0,62.49,0.805,0.094,1.89
9910,8.0,419.15,36.0,0.083,0.093,24.0,1.0,53.23,0.31,0.402,2.95
9911,11.0,504.85,40.0,0.092,0.036,21.0,1.0,45.08,0.572,0.208,1.7
9912,0.0,107.16,3.0,0.12,0.0,115.0,0.0,107.16,0.513,0.0,1.4
9913,22.0,1773.61,43.0,0.047,0.04,5.0,1.0,81.19,0.169,0.262,0.32
9914,1.0,135.51,3.0,0.101,0.021,49.0,0.0,127.52,0.888,0.202,1.61
9915,0.0,227.39,5.0,0.082,0.024,65.0,2.0,227.39,0.181,0.073,0.18
9916,16.0,380.68,31.0,0.019,0.121,17.0,3.0,23.81,0.179,0.109,1.8
9917,23.0,1994.43,71.0,0.049,0.035,4.0,1.0,85.77,0.729,0.172,1.27
9918,7.0,127.8,5.0,0.216,0.088,0.0,1.0,17.68,0.203,0.098,1.27
9919,44.0,1034.44,65.0,0.011,0.025,9.0,2.0,23.43,0.615,0.267,2.48
9920,17.0,584.32,41.0,0.32,0.102,11.0,2.0,34.58,0.24,0.4,0.0
9921,19.0,560.77,44.0,0.413,0.09,10.0,2.0,30.26,0.683,0.279,0.2
9922,29.0,2283.51,70.0,0.088,0.058,5.0,1.0,79.7,0.213,0.31,1.54
9923,14.0,2416.77,22.0,0.108,0.004,9.0,4.0,166.99,0.857,0.271,2.29
9924,10.0,527.59,30.0,0.0,0.045,7.0,0.0,50.8,0.17,0.213,3.8
9925,2.0,157.45,7.0,0.086,0.06,40.0,0.0,82.26,0.873,0.154,0.25
9926,15.0,784.98,51.0,0.422,0.082,9.0,3.0,51.49,0.353,0.095,1.04
9927,9.0,427.81,30.0,0.116,0.052,8.0,0.0,47.5,0.513,0.218,1.85
9928,9.0,480.84,26.0,0.091,0.002,17.0,2.0,51.72,0.616,0.153,0.53
9929,10.0,454.75,18.0,0.1,0.06,14.0,2.0,46.22,0.214,0.114,1.17
9930,16.0,809.19,46.0,0.165,0.056,20.0,2.0,51.19,0.572,0.158,1.3
9931,22.0,1669.78,55.0,0.03,0.042,16.0,2.0,76.02,0.435,0.134,1.87
9932,15.0,518.64,25.0,0.101,0.039,15.0,1.0,35.53,0.648,0.437,1.78
9933,12.0,519.08,24.0,0.118,0.047,18.0,2.0,45.04,0.559,0.206,1.87
9934,13.0,396.08,39.0,0.037,0.04,8.0,2.0,29.51,0.947,0.351,1.56
9935,11.0,259.99,36.0,0.14,0.056,19.0,2.0,23.51,0.246,0.373,2.58
9936,17.0,764.29,59.0,0.475,0.1,7.0,1.0,44.02,0.777,0.24,1.26
9937,10.0,653.44,38.0,0.516,0.048,11.0,2.0,65.79,0.548,0.351,0.84
9938,5.0,153.6,15.0,0.148,0.006,56.0,0.0,30.46,0.491,0.284,1.13
9939,24.0,2162.48,59.0,0.077,0.049,8.0,2.0,90.35,0.801,0.27,1.26
9940,3.0,150.19,0.0,0.101,0.046,36.0,1.0,52.32,0.664,0.17,0.68
9941,3.0,134.71,5.0,0.221,0.053,5.0,1.0,48.86,0.502,0.302,0.48
9942,12.0,391.82,31.0,0.113,0.061,11.0,0.0,32.27,0.274,0.217,2.35
9943,10.0,494.99,41.0,0.134,0.051,13.0,2.0,50.07,0.457,0.086,2.0
9944,1.0,178.74,9.0,0.053,0.068,33.0,0.0,152.5,0.707,0.236,0.91
9945,3.0,180.04,7.0,0.28,0.007,22.0,1.0,67.94,0.217,0.203,1.34
9946,4.0,176.72,8.0,0.221,0.049,35.0,1.0,42.78,0.665,0.362,0.14
9947,5.0,214.57,0.0,0.225,0.031,30.0,1.0,46.34,0.641,0.294,1.21
9948,6.0,676.62,22.0,0.0,0.043,10.0,1.0,106.36,0.38,0.389,2.44
9949,21.0,869.36,17.0,0.055,0.05,4.0,1.0,41.49,0.229,0.388,1.06
9950,18.0,831.11,56.0,0.345,0.123,18.0,0.0,45.93,0.387,0.224,1.45
9951,15.0,448.41,37.0,0.441,0.127,10.0,1.0,30.11,0.36,0.139,0.75
9952,2.0,144.74,9.0,0.235,0.021,162.0,0.0,65.52,0.357,0.068,0.34
9953,17.0,600.23,52.0,0.363,0.092,2.0,2.0,36.37,0.531,0.39,0.29
9954,3.0,226.48,7.0,0.243,0.027,14.0,1.0,72.76,0.541,0.2,0.73
9955,4.0,90.75,2.0,0.146,0.021,82.0,1.0,24.15,0.191,0.0,0.16
9956,16.0,61.01,27.0,0.142,0.04,10.0,0.0,3.76,0.538,0.187,2.15
9957,13.0,501.39,41.0,0.417,0.057,18.0,1.0,39.65,0.735,0.222,1.5
9958,15.0,895.06,62.0,0.367,0.129,7.0,1.0,61.38,0.758,0.074,0.32
9959,7.0,97.73,21.0,0.222,0.015,40.0,1.0,13.46,0.462,0.366,1.15
9960,17.0,410.95,26.0,0.128,0.075,14.0,1.0,23.61,0.357,0.189,1.3
9961,21.0,797.15,58.0,0.443,0.173,1.0,2.0,37.15,0.477,0.154,0.34
9962,21.0,2354.7,58.0,0.032,0.028,1.0,2.0,114.21,0.639,0.183,1.91
9963,8.0,373.3,30.0,0.129,0.125,12.0,1.0,46.47,0.143,0.27,4.62
9964,4.0,123.65,4.0,0.084,0.053,32.0,0.0,30.41,0.711,0.0,1.82
9965,22.0,2557.44,43.0,0.036,0.009,17.0,1.0,117.72,0.495,0.166,2.04
9966,7.84653751728937,476.22869520890566,10.0,0.2,0.065,36.0,0.0,27.0,0.794,0.37,1.39
9967,2.0,147.89,3.0,0.151,0.051,24.0,1.0,92.22,0.679,0.071,0.72
9968,17.0,601.06,24.0,0.177,0.066,11.0,1.0,34.54,0.132,0.263,1.47
9969,6.0,196.46,6.0,0.221,0.033,19.0,1.0,30.52,0.33,0.06,0.82
9970,2.0,51.0,2.0,0.116,0.079,110.0,0.0,20.61,0.436,0.0,1.16
9971,33.0,1609.31,68.0,0.058,0.054,6.0,2.0,48.56,0.039,0.131,1.35
9972,2.0,31.82,11.0,0.048,0.123,46.0,1.0,17.94,0.223,0.191,0.32
9973,18.0,550.5,18.0,0.078,0.069,7.0,3.0,30.3,0.488,0.432,2.63
9974,12.0,645.16,39.0,0.064,0.006,16.0,3.0,52.06,0.096,0.307,1.57
9975,1.0,123.79,8.0,0.207,0.027,46.0,1.0,123.79,0.116,0.325,0.0
9976,15.0,736.1,31.0,0.073,0.049,16.0,1.0,48.86,0.564,0.041,3.41
9977,1.0,219.54,12.0,0.019,0.086,0.0,0.0,147.79,0.079,0.237,0.83
9978,25.0,730.32,47.0,0.184,0.086,11.0,2.0,29.06,0.337,0.223,0.62
9979,0.0,173.58,6.0,0.111,0.042,27.0,1.0,173.58,0.477,0.299,2.35
9980,1.0,101.87,3.0,0.134,0.028,127.0,0.0,101.87,0.16,0.0,2.91
9981,8.0,476.74,25.0,0.029,0.0,15.0,0.0,56.91,0.242,0.136,2.5
9982,10.0,543.35,26.0,0.143,0.007,16.0,0.0,55.86,0.56,0.114,2.34
9983,2.0,84.47,3.0,0.15,0.089,47.0,1.0,43.48,0.229,0.216,1.43
9984,22.0,531.86,60.0,0.324,0.056,8.0,0.0,24.68,0.654,0.156,0.76
9985,12.0,318.09,34.0,0.117,0.044,11.0,0.0,27.17,0.352,0.315,2.27
9986,10.0,701.17,35.0,0.053,0.044,8.0,1.0,70.82,0.195,0.481,2.92
9987,2.0,76.87,3.0,0.077,0.028,124.0,0.0,31.32,0.619,0.0,1.17
9988,4.0,415.02,35.0,0.127,0.075,7.0,2.0,95.61,0.2,0.082,1.37
9989,16.0,2334.62,78.0,0.109,0.049,0.0,2.0,147.21,0.338,0.197,2.56
9990,1.0,199.85,11.0,0.146,0.056,14.0,2.0,141.39,0.316,0.208,1.68
9991,17.0,894.88,52.0,0.284,0.106,11.0,2.0,54.21,0.609,0.237,2.0
9992,16.0,363.74,18.0,0.089,0.102,7.0,0.0,22.64,0.656,0.293,1.53
9993,23.0,725.42,48.0,0.324,0.095,21.0,2.0,31.07,0.62,0.158,1.91
9994,4.0,92.44,4.0,0.196,0.076,35.0,0.0,22.71,0.807,0.503,0.5
9995,3.0,72.48,9.0,0.112,0.074,32.0,0.0,25.27,0.596,0.365,0.74
9996,5.0,230.5,13.0,0.18,0.007,0.0,0.0,43.95,0.277,0.221,1.36
9997,2.0,44.27,5.0,0.075,0.009,50.0,0.0,19.54,0.382,0.0,0.22
9998,17.0,1486.01,51.0,0.077,0.054,7.0,2.0,86.76,0.525,0.126,2.3
9999,5.0,445.09,27.0,0.059,0.081,17.0,2.0,91.33,0.145,0.011,1.6
10000,2.0,63.07,1.0,0.293,0.057,27.0,0.0,34.63,0.609,0.297,1.5
10001,3.0,50.81,4.0,0.026,0.051,62.0,0.0,17.18,0.628,0.155,0.79
10002,18.0,703.8,55.0,0.523,0.145,2.0,0.0,38.39,0.738,0.0,0.41
10003,16.0,351.22,29.0,0.075,0.009,10.0,1.0,21.68,0.148,0.196,2.68
10004,12.0,2020.51,63.0,0.025,0.0,6.0,2.0,166.82,0.311,0.269,2.61
10005,6.0,120.88,14.0,0.085,0.026,17.0,1.0,20.8,0.591,0.216,1.12
10006,19.0,853.88,44.0,0.226,0.124,14.0,1.0,45.42,0.268,0.199,0.88
10007,37.0,1971.28,49.0,0.01,0.067,5.0,1.0,52.64,0.432,0.135,3.19
10008,1.0,46.18,5.0,0.204,0.056,13.0,0.0,46.18,0.166,0.109,0.56
10009,9.0,521.38,36.0,0.065,0.061,14.0,0.0,56.96,0.555,0.131,1.23
10010,1.0,120.3,3.0,0.045,0.042,104.0,1.0,94.29,0.747,0.047,2.92
10011,10.0,418.47,24.0,0.128,0.016,10.0,3.0,40.72,0.571,0.16,2.7
10012,3.0,47.04,5.0,0.074,0.045,31.0,0.0,16.32,0.47,0.007,2.7
10013,7.0,1914.23,34.0,0.0,0.055,7.0,1.0,276.08,0.715,0.258,1.57
10014,13.0,531.69,46.0,0.328,0.093,3.0,0.0,41.9,0.865,0.322,0.36
10015,1.0,78.74,1.0,0.072,0.011,50.0,0.0,62.07,0.521,0.135,0.0
10016,23.0,642.71,43.0,0.285,0.036,12.0,1.0,27.51,0.366,0.202,0.0
10017,26.0,679.8,38.0,0.52,0.074,15.0,1.0,26.17,0.562,0.112,1.89
10018,26.0,1953.2,52.0,0.064,0.027,0.0,3.0,76.25,0.303,0.325,1.94
10019,13.0,564.0,46.0,0.301,0.077,7.0,0.0,44.48,0.305,0.12,0.07
10020,3.0,163.27,12.0,0.228,0.016,51.0,0.0,57.68,0.173,0.243,0.45
10021,15.0,594.78,37.0,0.103,0.091,10.0,0.0,40.55,0.569,0.056,1.64
10022,6.0,262.72,6.0,0.199,0.052,44.0,0.0,41.73,0.421,0.165,0.48
10023,27.0,304.44,57.0,0.494,0.117,20.0,1.0,11.24,0.395,0.202,0.0
10024,0.0,110.45,8.0,0.161,0.01,33.0,1.0,110.45,0.359,0.114,0.29
10025,1.0,60.09,5.0,0.198,0.071,121.0,0.0,60.09,0.436,0.0,0.57
10026,5.0,108.08,6.0,0.219,0.049,37.0,1.0,23.56,0.751,0.122,0.73
10027,8.0,360.71,30.0,0.216,0.102,13.0,1.0,45.22,0.564,0.146,1.23
10028,2.0,15.75,10.0,0.118,0.03,44.0,1.0,6.38,0.468,0.297,1.88
10029,3.0,169.48,6.0,0.208,,26.0,0.0,60.75,0.544,0.0,0.76
10030,4.0,17.87,11.0,0.319,0.0,43.0,1.0,4.35,0.3,0.383,1.17
10031,28.0,1311.77,61.0,0.053,0.044,5.0,1.0,46.15,0.678,0.0,1.86
10032,2.0,104.98,0.0,0.0,0.037,71.0,1.0,65.35,0.385,0.461,1.05
10033,7.0,623.14,24.0,0.218,0.096,9.0,2.0,88.02,0.51,0.282,2.82
10034,13.0,612.72,36.0,0.067,0.136,17.0,0.0,45.61,0.36,0.293,2.56
10035,16.0,314.25,32.0,0.028,0.027,11.0,1.0,19.81,0.659,0.153,2.55
10036,10.0,357.13,36.0,0.177,0.009,11.0,0.0,35.28,0.185,0.307,2.26
10037,1.0,99.68,14.0,0.202,0.0,28.0,0.0,99.68,0.469,0.127,1.44
10038,11.0,451.98,31.0,0.115,0.053,22.0,1.0,39.68,0.645,0.423,3.15
10039,1.0,109.74,4.0,0.066,0.075,93.0,1.0,109.74,0.521,0.187,0.0
10040,24.0,1227.35,48.0,0.03,0.05,0.0,0.0,52.21,0.232,0.136,
10041,9.0,809.32,31.0,0.04,0.056,9.0,0.0,94.2,0.587,0.374,1.38
10042,41.0,1802.67,59.0,0.04,0.04,3.0,0.0,44.16,0.543,0.262,3.41
10043,13.0,531.77,19.0,0.056,0.086,15.0,1.0,41.47,0.25,0.309,1.74
10044,4.0,108.79,7.0,0.167,0.045,21.0,1.0,25.68,0.284,0.115,1.49
10045,27.0,2401.07,63.0,0.044,0.033,8.0,0.0,90.07,0.402,0.153,2.0
10046,4.0,126.09,9.0,0.252,0.002,15.0,1.0,29.88,0.569,0.219,0.55
10047,16.0,893.5,60.0,0.387,0.06,4.0,3.0,56.49,0.312,,0.35
10048,5.0,1131.44,42.0,0.311,0.021,0.0,1.0,212.62,0.841,0.1,0.0
10049,4.0,29.48,6.0,0.125,0.058,69.0,0.0,8.42,0.552,0.071,2.82
10050,2.0,102.74,8.0,0.25,0.039,28.0,1.0,55.19,0.701,0.318,0.03
10051,19.0,509.18,45.0,0.262,0.074,19.0,0.0,27.2,0.437,0.112,2.08
10052,21.0,712.97,67.0,0.411,0.005,8.0,2.0,34.36,0.581,0.274,0.02
10053,3.0,144.72,4.0,0.166,0.033,135.0,0.0,50.16,0.626,0.296,0.39
10054,19.0,1677.08,35.0,0.013,0.032,4.0,1.0,89.46,0.182,0.205,2.14
10055,9.0,517.6,30.0,0.091,0.065,11.0,0.0,58.95,0.521,0.0,2.24
10056,10.0,311.12,27.0,0.104,0.071,18.0,2.0,31.8,0.782,0.105,2.89
10057,3.0,222.62,11.0,0.045,0.083,38.0,2.0,72.85,0.512,0.357,0.2
10058,2.0,207.35,18.0,0.162,0.098,41.0,0.0,125.5,0.089,0.281,1.64
10059,16.0,944.49,38.0,0.398,0.109,8.0,3.0,58.48,0.635,0.249,0.2
10060,2.0,92.27,2.0,0.113,0.025,121.0,0.0,52.26,0.488,0.0,1.05
10061,16.0,730.32,26.0,0.101,0.04,15.0,2.0,45.42,0.454,0.193,2.38
10062,15.0,499.65,32.0,0.039,0.084,16.0,2.0,32.53,0.596,0.178,1.86
10063,4.0,161.59,1.0,0.267,0.062,61.0,2.0,40.74,0.398,0.109,1.41
10064,22.0,763.5,56.0,0.396,0.139,10.0,2.0,35.39,0.445,0.23,0.05
10065,7.0,118.26,15.0,0.109,0.037,7.0,1.0,16.03,0.519,0.37,1.53
10066,7.0,428.17,31.0,0.091,0.03,11.0,2.0,57.65,0.241,0.082,2.74
10067,3.0,96.38,7.0,0.11,0.06,12.0,1.0,30.48,0.369,0.327,1.24
10068,14.0,655.09,25.0,0.037,0.088,20.0,1.0,47.55,0.473,0.291,2.1
10069,0.0,154.99,6.0,0.198,0.026,38.0,0.0,154.99,0.467,0.135,1.68
10070,5.0,118.08,5.0,0.041,0.06,39.0,0.0,24.38,0.446,0.402,0.3
10071,1.0,85.53,4.0,0.189,0.037,136.0,1.0,82.02,0.164,0.141,1.14
10072,15.0,311.21,12.0,0.388,0.125,19.0,0.0,20.34,0.823,0.577,0.0
10073,1.0,94.22,7.0,0.174,0.024,57.0,2.0,94.22,0.623,0.198,2.39
10074,27.0,451.26,38.0,0.224,0.126,11.0,1.0,16.73,0.377,0.245,1.19
10075,5.0,178.69,10.0,0.315,0.059,3.0,1.0,37.02,0.489,0.172,2.61
10076,1.0,60.87,4.0,0.234,0.0,144.0,0.0,41.57,0.399,0.0,2.25
10077,27.0,2065.63,44.0,0.0,0.039,3.0,1.0,75.47,0.334,0.313,3.69
10078,7.0,553.45,21.0,0.163,0.01,15.0,1.0,82.06,0.452,0.354,2.46
10079,1.0,163.11,6.0,0.185,0.018,42.0,0.0,162.84,0.565,0.313,0.0
10080,9.0,457.97,32.0,0.058,0.043,11.0,2.0,48.84,0.169,0.002,1.72
10081,8.0,360.0,56.0,0.097,0.022,7.0,1.0,45.0,0.52,0.186,0.64
10082,0.0,54.12,3.0,0.11,0.076,144.0,0.0,54.12,0.232,0.017,1.17
10083,12.0,279.82,31.0,0.024,0.061,23.0,0.0,24.17,0.585,0.288,1.43
10084,13.0,505.98,23.0,0.103,0.051,8.0,2.0,39.61,0.855,0.495,1.52
10085,34.0,2167.46,83.0,0.081,0.022,1.0,1.0,64.26,0.324,0.269,2.76
10086,7.0,238.66,23.0,0.122,0.022,8.0,0.0,32.98,0.13,0.227,1.61
10087,15.0,716.87,28.0,0.146,0.088,6.0,0.0,47.18,0.227,0.165,1.87
10088,45.0,1282.08,70.0,0.068,0.065,2.0,1.0,28.41,0.053,0.224,2.62
10089,20.0,547.36,33.0,0.13,0.08,17.0,1.0,27.71,0.447,0.172,1.59
10090,10.0,493.62,30.0,0.068,0.109,13.0,2.0,49.12,0.381,0.377,2.13
10091,39.0,2666.8,65.0,0.119,0.026,5.0,1.0,68.48,0.597,0.024,0.92
10092,13.0,599.29,15.0,0.093,0.082,21.0,1.0,45.06,0.578,0.061,1.36
10093,18.0,500.77,23.0,0.145,0.03,13.0,1.0,27.61,0.702,0.192,2.65
10094,19.0,359.78,38.0,0.502,0.126,12.0,3.0,18.93,0.57,0.191,0.55
10095,6.0,110.92,7.0,0.266,0.09,52.0,0.0,19.03,0.784,0.184,0.67
10096,4.0,102.5,17.0,0.194,0.071,33.0,1.0,23.73,0.311,0.1,1.15
10097,12.0,550.58,33.0,0.145,0.01,0.0,1.0,44.74,0.289,0.305,1.81
10098,34.0,1494.27,60.0,0.058,0.062,5.0,1.0,43.56,0.496,0.248,1.65
10099,3.0,8.15,6.0,0.181,0.069,23.0,0.0,2.58,0.532,0.196,0.79
10100,3.0,0.0,6.0,0.183,,55.0,1.0,0.0,0.703,0.271,1.88
10101,13.0,580.93,33.0,0.175,0.024,8.0,1.0,44.37,0.302,0.21,0.57
10102,4.0,0.0,7.0,0.172,0.023,34.0,1.0,0.0,0.502,0.294,0.0
10103,6.0,2457.39,72.0,0.055,0.09,5.0,3.0,387.58,0.258,0.244,1.1
10104,10.0,439.63,34.0,0.089,0.042,13.0,0.0,42.35,0.158,0.048,1.41
10105,15.0,1298.28,41.0,0.057,0.048,6.0,1.0,85.01,0.45,0.055,1.28
10106,17.0,519.55,51.0,0.42,0.031,17.0,1.0,30.82,0.456,0.415,0.0
10107,19.0,721.07,41.0,0.429,0.14,2.0,1.0,38.46,0.889,0.249,1.71
10108,35.0,1555.29,36.0,0.075,0.042,9.0,1.0,44.26,0.546,0.21,1.53
10109,7.0,554.8,25.0,0.106,0.048,11.0,0.0,76.74,0.427,0.299,2.15
10110,12.0,415.77,39.0,0.083,0.101,9.0,0.0,34.18,0.233,0.176,2.03
10111,3.0,55.66,4.0,0.037,0.0,67.0,0.0,21.12,0.49,0.0,0.37
10112,14.0,612.98,34.0,0.045,0.068,15.0,1.0,45.37,0.03,0.072,0.99
10113,12.0,744.98,60.0,0.299,0.145,7.0,1.0,64.61,0.483,0.296,1.81
10114,10.0,749.82,26.0,0.07,0.058,14.0,2.0,73.39,0.08,0.321,2.64
10115,28.0,1541.86,63.0,0.027,0.02,6.0,2.0,55.67,0.057,0.1,2.64
10116,24.0,1596.63,63.0,0.054,0.0,0.0,3.0,67.48,0.221,0.433,1.07
10117,14.0,420.42,30.0,0.118,0.043,11.0,0.0,30.18,0.159,0.269,
10118,16.0,436.84,4.0,0.052,0.075,1.0,2.0,28.0,0.081,0.368,0.97
10119,20.0,1935.54,75.0,0.075,0.051,10.0,0.0,94.61,0.506,0.211,2.82
10120,5.0,193.39,11.0,0.257,0.086,32.0,0.0,41.87,0.164,0.324,2.07
10121,18.0,580.87,51.0,0.403,0.1,11.0,1.0,31.46,0.47,0.028,0.9
10122,5.0,242.83,4.0,0.202,0.092,59.0,0.0,52.76,0.737,0.032,1.24
10123,12.0,536.58,29.0,0.183,0.089,17.0,0.0,43.49,0.677,0.19,1.67
10124,32.0,2066.45,56.0,0.055,0.055,3.0,3.0,65.16,0.239,0.297,1.03
10125,3.0,205.65,2.0,0.204,0.041,3.0,0.0,60.26,0.302,0.301,0.38
10126,10.0,687.63,31.0,0.082,0.032,9.0,2.0,72.36,0.424,0.321,2.59
10127,12.0,762.88,15.0,0.068,0.034,17.0,2.0,63.64,0.541,0.022,2.01
10128,13.0,478.49,22.0,0.024,0.017,7.0,2.0,37.34,0.271,0.093,2.13
10129,2.0,804.97,23.0,0.041,0.036,0.0,3.0,358.5,0.806,0.051,2.1
10130,1.0,91.25,4.0,0.058,0.009,44.0,1.0,61.18,0.045,0.221,0.37
10131,0.0,79.7,3.0,0.179,0.059,95.0,2.0,79.7,0.37,0.41,0.06
10132,9.0,287.16,21.0,0.065,0.039,15.0,0.0,31.48,0.194,0.14,0.07
10133,1.0,108.03,5.0,0.157,0.077,116.0,0.0,79.27,0.487,0.032,1.01
10134,6.0,654.33,33.0,0.056,0.071,15.0,2.0,102.57,0.303,0.066,2.01
10135,1.0,93.61,7.0,0.191,0.049,45.0,0.0,83.12,0.839,0.319,0.05
10136,3.0,70.08,8.0,0.279,0.007,22.0,0.0,20.32,0.447,0.325,2.63
10137,2.0,186.75,7.0,0.321,0.037,54.0,0.0,86.63,0.191,0.291,0.13
10138,0.0,31.51,3.0,0.236,0.012,131.0,1.0,31.51,0.141,0.172,1.22
10139,23.0,338.56,40.0,0.296,0.104,0.0,0.0,14.63,0.258,0.117,0.0
10140,11.0,673.54,25.0,0.08,0.043,24.0,2.0,59.84,0.054,0.109,2.19
10141,0.0,155.28,6.0,0.078,0.0,56.0,0.0,155.28,0.773,0.238,1.24
10142,2.0,142.74,12.0,0.222,0.023,47.0,1.0,68.38,0.446,0.182,0.79
10143,5.0,133.96,10.0,0.173,0.01,11.0,2.0,25.79,0.223,0.159,1.66
10144,2.0,0.0,3.0,0.075,0.087,142.0,1.0,0.0,0.27,0.087,1.7
10145,4.0,88.93,2.0,0.336,0.045,46.0,2.0,21.48,0.317,0.269,1.71
10146,14.0,376.59,31.0,0.109,0.06,7.0,1.0,27.55,0.194,0.315,2.45
10147,4.0,104.73,6.0,0.193,0.052,12.0,1.0,26.28,0.111,0.148,0.92
10148,2.0,154.99,28.0,0.107,0.047,21.0,1.0,68.59,0.338,0.198,3.17
10149,12.0,839.87,44.0,0.259,0.163,20.0,0.0,71.55,0.901,0.134,1.16
10150,17.0,550.1,31.0,0.085,0.006,15.0,1.0,32.43,0.181,0.311,1.21
10151,3.0,79.97,18.0,0.147,0.019,55.0,0.0,28.36,0.278,0.329,1.98
10152,5.0,450.76,16.0,0.098,0.037,14.0,1.0,82.59,0.324,0.144,2.46
10153,31.0,1827.73,69.0,0.031,0.0,5.0,2.0,58.9,0.535,0.22,1.86
10154,4.0,167.64,9.0,0.269,0.018,73.0,0.0,47.42,0.103,0.085,1.85
10155,2.0,60.6,2.0,0.099,0.045,36.0,1.0,32.33,0.189,0.246,1.0
10156,13.0,543.84,19.0,0.126,0.041,14.0,0.0,43.18,0.266,0.365,1.9
10157,20.0,2005.57,41.0,0.04,0.027,3.0,2.0,99.34,0.44,0.264,1.76
10158,5.0,102.25,2.0,0.286,0.01,51.0,0.0,19.45,0.703,0.19,1.82
10159,23.0,952.33,64.0,0.065,0.064,0.0,1.0,40.53,0.457,0.176,3.99
10160,5.0,162.66,9.0,0.181,0.051,43.0,0.0,31.9,0.302,0.0,2.35
10161,1.0,121.99,6.0,0.124,0.046,28.0,1.0,106.91,0.353,0.169,0.68
10162,11.0,1904.23,25.0,0.049,0.032,1.0,1.0,166.46,0.125,0.285,2.9
10163,17.0,1782.2,82.0,,0.044,13.0,2.0,102.34,0.331,0.252,2.59
10164,6.0,451.1,40.0,0.103,0.051,7.0,2.0,75.85,0.101,0.16,1.97
10165,5.0,119.4,8.0,0.061,0.067,48.0,1.0,24.89,0.651,0.111,1.18
10166,15.0,350.78,33.0,0.146,0.132,7.0,1.0,23.05,0.645,0.067,0.85
10167,18.0,1533.8,45.0,0.051,0.07,11.0,3.0,87.51,0.342,0.13,3.26
10168,1.0,98.56,11.0,0.184,0.081,32.0,0.0,73.84,0.581,0.0,0.92
10169,4.0,27.7,3.0,0.0,0.0,1.0,0.0,7.61,0.47,0.255,1.06
10170,11.0,615.81,24.0,0.214,0.008,9.0,1.0,56.49,0.721,0.277,2.44
10171,21.0,1483.88,48.0,0.071,0.044,8.0,2.0,69.4,0.491,0.393,2.62
10172,4.0,121.95,8.0,0.192,0.025,35.0,2.0,32.2,0.417,0.141,1.24
10173,11.0,529.85,30.0,0.116,0.02,13.0,1.0,47.87,0.231,0.369,1.66
10174,0.0,90.64,4.0,0.12,0.073,20.0,2.0,90.64,0.263,0.278,1.31
10175,7.0,427.44,26.0,0.11,0.034,16.0,1.0,57.28,0.245,0.113,1.98
10176,3.0,51.11,2.0,0.137,0.033,93.0,0.0,18.49,0.531,0.0,1.06
10177,3.0,147.4,2.0,0.149,0.022,59.0,0.0,46.33,0.259,0.346,0.0
10178,7.0,192.09,13.0,0.223,0.043,19.0,0.0,28.55,0.205,0.255,1.81
10179,0.0,140.36,3.0,0.258,0.062,50.0,1.0,140.36,0.301,0.151,0.98
10180,40.0,1601.17,67.0,0.044,0.012,4.0,0.0,39.88,0.676,0.356,2.2
10181,3.0,111.5,0.0,0.17,0.0,45.0,1.0,43.88,0.102,0.13,0.63
10182,5.0,204.89,5.0,0.285,0.045,42.0,0.0,42.77,0.471,0.357,0.0
10183,2.0,0.0,3.0,0.264,0.06,41.0,1.0,0.0,0.089,0.076,0.67
10184,16.0,606.97,22.0,0.067,0.041,7.0,0.0,38.89,0.167,0.0,2.52
10185,14.0,852.4,28.0,0.093,0.023,13.0,0.0,59.06,0.578,0.367,
10186,3.0,135.72,13.0,0.258,0.059,34.0,1.0,46.8,0.315,0.33,0.0
10187,12.0,728.39,26.0,0.165,0.077,17.0,0.0,61.11,0.624,0.19,2.39
10188,28.0,567.67,26.0,0.272,0.105,12.0,1.0,20.39,0.349,0.12,1.01
10189,25.0,872.96,57.0,0.289,0.127,11.0,1.0,34.37,0.169,0.385,0.23
10190,35.0,1833.97,53.0,0.01,0.026,3.0,1.0,51.87,0.693,0.298,2.19
10191,7.0,420.15,13.0,0.078,0.045,11.0,0.0,56.26,0.246,0.22,2.2
10192,19.0,147.26,29.0,0.467,0.108,5.0,1.0,7.72,0.541,0.121,0.59
10193,35.0,1845.74,60.0,0.076,0.022,12.0,1.0,52.09,0.518,0.311,2.51
10194,3.0,29.14,8.0,0.27,0.0,21.0,0.0,10.37,0.188,0.0,1.27
10195,13.0,829.95,32.0,0.399,0.067,20.0,3.0,66.11,0.782,0.285,1.66
10196,15.0,902.91,34.0,0.135,0.019,13.0,2.0,59.04,0.136,0.201,2.27
10197,21.0,541.24,26.0,0.147,0.029,11.0,2.0,25.61,0.547,0.196,2.3
10198,2.0,12.7,4.0,0.101,0.047,32.0,1.0,8.05,0.252,,1.17
10199,2.0,169.91,6.0,0.05,0.025,26.0,1.0,88.16,0.418,0.319,0.0
10200,15.0,1119.65,36.0,0.448,0.111,2.0,1.0,76.06,0.747,0.157,2.01
10201,10.0,882.82,30.0,0.014,0.066,13.0,1.0,86.39,0.542,0.163,2.44
10202,0.0,185.06,11.0,0.165,0.016,38.0,1.0,185.06,0.459,0.593,1.04
10203,12.0,595.98,23.0,0.122,0.043,16.0,1.0,47.84,0.255,0.24,2.41
10204,33.0,1933.32,86.0,0.038,0.011,5.0,2.0,57.96,0.616,0.17,2.25
10205,3.0,33.09,12.0,0.177,0.085,22.0,0.0,10.63,0.458,0.276,2.17
10206,2.0,240.42,4.0,0.234,0.09,62.0,1.0,101.23,0.456,0.143,1.5
10207,17.0,724.86,61.0,0.382,0.115,16.0,0.0,42.22,0.784,0.131,1.36
10208,16.0,449.39,24.0,0.163,,22.0,0.0,28.85,0.446,0.325,2.82
10209,12.0,494.38,24.0,0.172,0.095,13.0,0.0,42.81,0.728,0.174,0.98
10210,18.0,15.52,34.0,0.056,0.061,0.0,1.0,0.87,0.366,0.214,0.67
10211,29.0,1668.64,41.0,0.016,0.045,8.0,2.0,57.27,0.393,0.026,3.15
10212,3.0,167.98,9.0,0.203,0.036,21.0,1.0,64.65,0.141,0.276,0.22
10213,10.0,423.44,3.0,0.154,0.0,6.0,1.0,42.61,0.352,0.305,2.83
10214,2.0,31.41,12.0,0.446,0.051,53.0,0.0,18.51,0.511,0.311,0.0
10215,10.0,618.5,33.0,0.143,0.071,12.0,2.0,62.42,0.321,0.371,2.18
10216,12.0,499.55,35.0,0.116,0.042,9.0,0.0,42.29,0.27,0.03,1.7
10217,1.0,91.58,6.0,0.088,0.053,38.0,1.0,91.58,0.694,0.24,2.17
10218,23.0,1503.62,22.0,0.0,0.033,3.0,2.0,64.17,0.678,0.319,1.99
10219,3.0,98.23,13.0,0.167,0.086,23.0,0.0,34.27,0.506,0.25,1.14
10220,4.0,79.29,14.0,0.168,0.043,71.0,2.0,22.16,0.33,0.484,0.57
10221,1.0,102.78,15.0,0.146,0.045,9.0,1.0,83.74,0.629,0.31,3.08
10222,39.0,1220.56,28.0,0.056,0.063,7.0,1.0,31.61,0.522,0.341,1.79
10223,3.0,12.29,13.0,0.336,0.037,53.0,1.0,4.9,0.664,0.131,0.62
10224,16.0,348.45,58.0,0.326,0.041,0.0,0.0,22.09,0.79,0.137,0.78
10225,16.0,467.83,40.0,,0.0,20.0,0.0,28.47,0.177,0.24,2.15
10226,10.0,302.29,25.0,0.156,0.063,15.0,1.0,31.56,0.086,0.327,2.45
10227,15.0,833.26,28.0,0.055,0.048,8.0,0.0,56.95,0.161,0.187,3.14
10228,15.0,331.68,21.0,0.113,0.045,11.0,0.0,21.72,0.428,0.238,1.27
10229,38.0,1969.84,78.0,0.026,0.021,8.0,1.0,52.52,0.22,0.052,1.46
10230,8.0,353.22,39.0,0.078,0.033,16.0,0.0,46.15,0.591,0.424,2.76
10231,23.0,1466.98,51.0,0.039,0.067,9.0,0.0,63.96,0.347,0.185,1.92
10232,7.0,694.26,18.0,0.003,0.073,16.0,1.0,105.3,0.264,0.296,1.99
10233,8.0,411.74,25.0,0.047,0.062,12.0,0.0,48.88,0.154,0.312,1.95
10234,2.0,120.08,3.0,0.162,0.02,170.0,1.0,49.47,0.059,0.172,0.0
10235,17.0,888.69,51.0,0.578,0.031,5.0,1.0,51.56,0.792,0.339,1.36
10236,2.0,50.8,4.0,0.168,0.0,162.0,0.0,33.35,0.231,0.182,0.0
10237,22.0,384.11,27.0,0.146,0.063,9.0,0.0,17.33,0.212,0.185,1.44
10238,32.0,1207.28,62.0,0.063,0.051,10.0,1.0,38.32,0.403,0.393,2.51
10239,11.0,330.76,30.0,0.081,0.034,7.0,1.0,29.44,0.143,0.262,2.19
10240,2.0,12.97,5.0,0.122,0.076,44.0,2.0,6.2,0.752,0.004,0.6
10241,4.0,228.42,1.0,0.186,0.053,0.0,2.0,51.86,0.011,0.386,0.0
10242,13.0,366.32,24.0,0.081,0.006,7.0,2.0,28.65,0.478,0.271,2.2
10243,2.0,154.23,0.0,0.146,0.0,51.0,2.0,78.49,0.447,0.088,0.0
10244,2.0,108.19,11.0,0.177,0.019,69.0,1.0,49.97,0.434,0.383,1.03
10245,5.0,157.59,5.0,0.236,0.0,46.0,0.0,30.89,0.611,0.278,0.11
10246,2.0,50.43,11.0,0.186,0.07,12.0,1.0,32.89,0.273,0.204,0.76
10247,25.0,626.27,43.0,0.458,0.081,19.0,2.0,25.39,0.519,0.321,0.0
10248,14.0,2041.25,47.0,0.075,0.013,5.0,0.0,141.12,0.275,0.349,2.17
10249,10.0,500.77,32.0,0.137,0.026,7.0,1.0,52.24,0.268,0.134,2.43
10250,3.0,154.96,12.0,0.1,,43.0,0.0,53.93,0.274,0.045,1.45
10251,3.0,36.48,5.0,0.108,0.0,65.0,1.0,12.12,0.04,0.0,0.56
10252,3.0,123.0,4.0,0.245,0.054,46.0,0.0,36.38,0.671,0.308,1.27
10253,2.0,108.55,7.0,0.221,0.048,99.0,1.0,49.23,0.485,0.072,2.19
10254,9.0,463.46,25.0,0.085,0.057,10.0,0.0,52.2,0.158,0.109,3.28
10255,13.0,491.63,20.0,0.068,0.093,12.0,1.0,38.65,0.305,0.036,1.84
10256,15.0,243.6,10.0,0.096,0.057,8.0,0.0,15.89,0.332,0.238,2.03
10257,6.0,551.44,36.0,0.123,0.01,17.0,1.0,100.15,0.861,0.163,2.32
10258,18.0,413.95,38.0,0.091,0.046,4.0,1.0,22.99,0.554,0.296,0.94
10259,2.0,104.67,1.0,0.197,0.046,115.0,0.0,65.95,0.499,0.113,1.11
10260,13.0,469.28,28.0,0.146,0.059,14.0,2.0,37.17,0.54,0.216,2.07
10261,4.0,549.56,28.0,0.137,0.073,17.0,1.0,126.35,0.288,0.171,2.14
10262,15.0,534.57,31.0,0.095,0.068,21.0,3.0,35.02,0.317,0.341,1.83
10263,3.0,130.92,7.0,0.112,0.0,47.0,1.0,38.64,0.595,0.106,1.32
10264,0.0,147.15,5.0,0.27,0.0,25.0,1.0,147.15,0.547,0.272,2.21
10265,16.0,379.58,30.0,0.073,0.078,20.0,1.0,24.28,0.266,0.353,3.01
10266,22.0,1014.37,47.0,0.078,0.056,21.0,4.0,46.95,0.497,0.11,0.49
10267,5.0,181.71,6.0,0.242,0.013,10.0,1.0,38.12,0.617,0.262,1.3
10268,12.0,699.64,52.0,0.329,0.099,4.0,1.0,60.64,0.455,0.189,0.0
10269,2.0,134.62,6.0,0.104,0.028,0.0,0.0,73.51,0.15,0.341,0.0
10270,1.0,176.29,2.0,0.129,0.014,34.0,0.0,176.29,0.554,0.131,1.77
10271,13.0,643.8,37.0,0.055,0.079,4.0,0.0,50.17,0.383,0.139,3.1
10272,21.0,2175.92,48.0,0.035,0.054,9.0,2.0,101.39,0.536,0.05,2.33
10273,18.0,623.76,45.0,0.459,0.092,6.0,1.0,35.01,0.222,0.044,0.32
10274,34.0,775.08,52.0,0.062,0.022,5.0,0.0,23.11,0.352,0.349,2.06
10275,20.0,486.03,39.0,0.281,0.133,8.0,2.0,24.54,0.611,0.119,1.21
10276,31.0,2275.47,80.0,0.02,0.021,15.0,2.0,73.69,0.578,0.279,0.31
10277,1.0,24.29,1.0,0.0,0.032,170.0,0.0,22.73,0.428,0.017,0.29
10278,1.0,88.28,5.0,0.075,0.087,92.0,0.0,81.71,0.506,0.0,0.79
10279,1.0,97.86,4.0,0.049,0.064,108.0,1.0,79.82,0.478,0.083,1.7
10280,13.0,390.11,24.0,0.124,0.002,7.0,0.0,30.36,0.614,0.038,1.56
10281,0.0,62.56,7.0,0.119,0.028,28.0,0.0,62.56,0.487,0.387,0.0
10282,13.0,174.51,30.0,0.167,0.031,12.0,1.0,13.86,0.414,0.35,2.37
10283,2.0,100.47,1.0,0.207,0.0,103.0,0.0,49.37,0.433,0.009,0.63
10284,2.0,81.8,10.0,0.168,0.0,10.0,1.0,32.84,0.708,0.257,1.67
10285,15.0,1675.97,46.0,0.002,0.068,10.0,3.0,110.7,0.38,0.127,3.25
10286,15.0,552.6,13.0,0.068,0.058,10.0,2.0,37.57,0.717,0.123,0.67
10287,3.0,99.85,2.0,0.319,0.028,26.0,2.0,28.55,0.36,0.252,0.0
10288,1.0,275.72,14.0,,0.053,20.0,0.0,186.79,0.433,0.358,1.88
10289,16.0,981.95,48.0,0.498,0.12,16.0,1.0,61.31,0.391,0.29,0.88
10290,24.0,2709.47,46.0,0.051,,7.0,2.0,112.77,0.151,0.274,1.14
10291,8.0,396.14,35.0,0.0,0.075,14.0,1.0,52.48,0.469,0.162,2.88
10292,31.0,1299.21,46.0,0.067,0.001,1.0,1.0,42.06,0.584,0.104,2.52
10293,23.0,749.2,52.0,0.396,0.083,3.0,0.0,32.17,0.486,0.0,1.51
10294,6.0,126.15,6.0,0.228,0.066,65.0,0.0,22.49,0.285,0.055,0.11
10295,28.0,2176.69,66.0,0.058,0.052,12.0,1.0,77.53,0.126,0.202,0.0
10296,19.0,417.02,23.0,0.348,0.111,0.0,0.0,22.2,0.652,0.442,1.48
10297,12.0,387.93,14.0,0.096,0.068,7.0,1.0,31.55,0.592,0.104,0.86
10298,0.0,123.36,2.0,0.238,0.049,27.0,1.0,123.36,0.654,0.206,0.46
10299,16.0,505.56,41.0,0.021,0.059,6.0,1.0,31.21,0.042,0.294,1.77
10300,11.0,639.26,23.0,0.135,0.106,23.0,0.0,59.15,0.158,0.083,1.01
10301,1.0,11.44,4.0,0.088,0.0,177.0,0.0,7.88,0.393,0.274,2.3
10302,3.0,97.02,11.0,0.212,0.039,57.0,0.0,29.75,0.168,0.128,1.67
10303,2.0,191.51,13.0,0.186,0.035,46.0,1.0,86.03,0.181,0.298,1.9
10304,6.0,146.65,14.0,0.085,0.081,42.0,0.0,26.64,0.457,0.199,2.65
10305,0.0,86.34,1.0,0.261,0.095,1.0,0.0,86.34,0.422,0.075,1.3
10306,1.0,56.76,3.0,0.172,0.011,93.0,0.0,49.39,0.422,0.034,1.27
10307,49.0,2261.98,57.0,0.035,0.046,0.0,3.0,45.82,0.619,0.212,2.93
10308,8.0,1245.81,58.0,0.013,0.02,15.0,2.0,148.15,0.21,0.21,2.14
10309,8.0,289.47,31.0,0.098,0.077,12.0,2.0,37.51,0.264,0.322,3.75
10310,15.0,637.62,53.0,0.357,0.069,13.0,0.0,41.71,0.656,0.279,0.98
10311,13.0,685.5,18.0,0.065,0.066,8.0,1.0,52.15,0.231,0.174,2.46
10312,12.0,579.35,18.0,0.128,0.06,12.0,1.0,48.38,0.425,0.357,2.35
10313,3.0,55.4,2.0,0.053,0.05,103.0,1.0,21.25,0.053,0.063,0.9
10314,3.0,93.8,2.0,0.173,0.079,56.0,1.0,32.06,0.866,0.108,1.12
10315,19.0,802.0,32.0,0.392,0.014,9.0,1.0,42.54,0.484,0.237,0.9
10316,10.0,480.9,33.0,0.09,0.041,6.0,1.0,49.67,0.425,0.126,2.28
10317,6.0,81.7,13.0,0.157,0.003,42.0,0.0,14.82,0.499,0.104,0.41
10318,5.0,21.47,5.0,0.22,0.036,52.0,1.0,4.62,0.522,0.175,
10319,0.0,1.3,14.0,0.15,0.022,44.0,0.0,1.3,0.14,0.136,1.01
10320,19.0,149.97,18.0,0.214,0.056,19.0,2.0,7.7,0.44,0.255,2.44
10321,24.0,722.06,43.0,0.061,0.039,0.0,1.0,30.32,0.485,0.178,2.81
10322,5.0,119.3,15.0,0.316,0.07,27.0,1.0,23.08,0.415,0.102,1.36
10323,16.0,477.99,10.0,0.142,0.056,0.0,1.0,30.61,0.384,0.183,1.39
10324,15.0,430.68,23.0,0.048,0.048,15.0,0.0,28.53,0.379,0.157,2.38
10325,24.0,522.8,33.0,0.534,0.118,10.0,2.0,21.35,0.4,0.234,1.37
10326,9.0,653.59,30.0,0.03,0.04,10.0,2.0,70.7,0.567,0.423,1.96
10327,12.0,483.89,21.0,0.162,0.016,22.0,0.0,41.53,0.499,0.199,1.78
10328,28.0,1722.44,39.0,0.041,0.038,8.0,1.0,61.19,0.585,0.431,2.34
10329,14.0,748.22,22.0,0.123,0.042,13.0,2.0,52.92,0.731,0.292,2.18
10330,21.0,626.4,30.0,0.328,0.013,17.0,1.0,29.74,0.22,0.122,1.84
10331,18.0,532.18,38.0,0.318,0.092,12.0,0.0,29.86,0.493,0.298,0.81
10332,27.0,727.4,54.0,0.378,0.046,18.0,1.0,26.98,0.697,0.231,0.66
10333,20.0,527.91,26.0,0.09,0.047,17.0,0.0,26.81,0.502,0.16,1.06
10334,20.0,739.72,36.0,0.437,0.051,9.0,2.0,37.65,0.431,0.195,1.33
10335,13.0,689.03,23.0,0.096,0.07,7.0,2.0,53.05,0.071,0.022,1.72
10336,1.0,93.46,4.0,0.063,0.037,85.0,1.0,64.14,0.453,0.044,0.25
10337,15.0,553.87,48.0,0.363,0.108,0.0,0.0,37.08,0.275,0.393,1.75
10338,13.0,749.9,51.0,0.175,0.084,24.0,2.0,59.79,0.705,0.318,2.42
10339,25.0,1599.55,40.0,0.037,0.025,1.0,3.0,65.25,0.239,0.343,2.33
10340,3.0,12.26,3.0,0.289,0.023,27.0,2.0,4.59,0.469,0.065,0.16
10341,1.0,166.36,11.0,0.206,0.061,9.0,1.0,166.36,0.654,0.312,0.57
10342,3.0,96.24,3.0,0.091,0.05,65.0,0.0,34.8,0.293,0.02,0.24
10343,13.0,538.6,43.0,0.283,0.069,10.0,3.0,40.76,0.737,0.361,1.38
10344,8.0,147.48,8.0,0.195,0.074,34.0,1.0,18.38,0.227,0.398,0.0
10345,33.0,1504.93,69.0,0.054,0.033,2.0,1.0,45.46,0.177,0.401,1.7
10346,19.0,2310.51,91.0,0.053,0.031,3.0,1.0,118.74,0.135,0.388,0.99
10347,18.0,505.7,29.0,0.0,0.007,0.0,0.0,28.33,0.476,0.087,2.87
10348,2.0,238.16,11.0,0.226,0.041,33.0,0.0,133.11,0.127,0.271,2.84
10349,2.0,94.43,8.0,0.104,0.009,9.0,0.0,44.71,0.525,0.0,0.97
10350,3.0,20.59,0.0,0.137,0.017,114.0,0.0,6.09,0.291,0.0,1.23
10351,15.0,501.95,66.0,0.503,0.116,11.0,0.0,33.27,0.668,0.08,0.54
10352,1.0,163.38,5.0,0.203,0.078,0.0,2.0,163.38,0.058,0.102,0.92
10353,3.0,727.86,17.0,0.13,,8.0,0.0,211.96,0.596,0.293,0.0
10354,9.0,604.7,20.0,0.131,0.044,15.0,2.0,66.36,0.551,0.31,0.55
10355,23.0,1562.0,49.0,0.034,0.038,0.0,1.0,68.68,0.639,0.325,3.24
10356,5.0,225.77,33.0,0.138,0.096,10.0,1.0,41.45,0.659,0.023,0.73
10357,19.0,1003.89,49.0,0.394,0.056,16.0,2.0,53.77,0.943,0.146,1.24
10358,21.0,193.5,39.0,0.365,0.137,3.0,1.0,9.35,0.684,0.19,2.28
10359,0.0,101.44,3.0,0.0,0.033,40.0,0.0,101.44,0.23,0.0,0.92
10360,0.0,121.05,7.0,0.041,0.0,34.0,1.0,121.05,0.504,0.115,2.64
10361,2.0,100.09,5.0,0.121,0.0,59.0,0.0,47.95,0.784,0.0,0.0
10362,0.0,81.15,5.0,0.078,0.033,142.0,2.0,81.15,0.32,0.228,1.7
10363,11.0,275.45,35.0,0.097,0.015,8.0,1.0,26.17,0.35,0.046,1.02
10364,12.0,308.03,13.0,0.131,0.062,6.0,1.0,26.17,0.408,0.322,0.69
10365,14.0,434.2,21.0,0.121,0.02,17.0,1.0,30.01,0.447,0.106,1.33
10366,13.0,377.69,37.0,0.003,0.046,18.0,1.0,30.2,0.424,0.136,4.31
10367,15.0,508.91,23.0,0.137,0.014,19.0,2.0,33.6,0.517,0.055,1.57
10368,26.0,1779.37,45.0,0.087,0.05,8.0,0.0,68.14,0.063,0.059,2.37
10369,0.0,47.71,6.0,0.234,0.055,62.0,1.0,47.71,0.305,0.221,2.24
10370,9.0,397.06,23.0,0.06,0.05,9.0,2.0,43.43,0.259,0.299,1.7
10371,12.0,302.65,31.0,0.108,0.097,19.0,2.0,25.29,0.387,0.241,1.38
10372,9.0,323.74,17.0,0.115,0.085,3.0,1.0,34.16,0.515,0.14,1.21
10373,7.0,211.54,4.0,0.086,,16.0,1.0,28.74,0.701,0.14,0.41
10374,20.0,988.47,89.0,0.37,0.097,7.0,2.0,48.38,0.833,0.203,0.86
10375,2.0,106.32,12.0,0.026,0.02,53.0,0.0,62.63,0.338,0.05,0.0
10376,24.0,568.26,51.0,0.468,0.008,7.0,2.0,23.48,0.697,0.187,0.29
10377,3.0,29.15,5.0,0.199,0.101,39.0,3.0,8.4,0.139,0.276,0.69
10378,2.0,0.0,4.0,0.241,0.033,80.0,1.0,0.0,0.519,0.117,1.36
10379,3.0,96.31,5.0,0.073,0.0,158.0,0.0,32.38,0.339,0.0,1.18
10380,9.0,720.01,29.0,0.121,0.028,12.0,0.0,84.33,0.355,0.126,1.76
10381,2.0,98.27,8.0,0.062,0.028,88.0,0.0,52.15,0.324,0.022,1.35
10382,0.0,0.0,1.0,0.226,0.06,13.0,1.0,0.0,0.341,0.199,0.0
10383,27.0,709.97,50.0,0.404,0.157,13.0,2.0,26.16,0.672,0.388,0.1
10384,13.0,870.39,24.0,0.131,0.05,11.0,1.0,67.03,0.453,0.357,0.56
10385,19.0,280.0,20.0,0.133,0.043,14.0,2.0,15.07,0.264,0.282,2.47
10386,12.0,452.22,31.0,0.125,0.072,4.0,1.0,37.63,0.628,0.264,0.8
10387,6.0,103.82,3.0,0.23,0.048,24.0,0.0,17.81,0.721,0.238,2.11
10388,49.0,1590.17,70.0,0.08,0.033,8.0,4.0,32.32,0.277,,2.62
10389,24.0,2121.6,51.0,0.053,0.047,8.0,0.0,90.09,0.484,0.0,3.02
10390,2.0,147.1,9.0,0.151,0.105,38.0,0.0,80.05,0.114,0.043,0.16
10391,21.0,1878.52,51.0,0.072,0.003,6.0,3.0,91.26,0.164,0.147,3.13
10392,11.0,731.06,59.0,0.303,0.167,8.0,3.0,69.42,0.428,0.051,2.15
10393,18.0,1429.73,79.0,0.099,0.004,8.0,1.0,79.52,0.205,0.085,0.77
10394,0.0,119.16,7.0,0.143,0.019,17.0,3.0,119.16,0.25,0.288,0.0
10395,18.0,482.16,26.0,0.06,0.041,16.0,2.0,27.54,0.261,0.133,0.87
10396,43.0,1623.03,35.0,0.049,0.035,6.0,1.0,38.02,0.855,0.114,3.58
10397,3.0,148.88,14.0,0.0,0.002,51.0,1.0,50.37,0.193,0.333,0.24
10398,8.0,416.77,20.0,0.178,0.078,13.0,0.0,51.98,0.735,0.261,0.85
10399,2.0,102.55,2.0,0.213,0.025,39.0,0.0,55.99,0.328,0.145,1.16
10400,12.0,534.64,13.0,0.074,0.011,7.0,1.0,46.21,0.156,0.251,1.81
10401,16.0,503.27,55.0,0.441,0.057,14.0,2.0,31.04,0.214,0.258,2.58
10402,25.0,850.36,15.0,0.414,0.142,19.0,0.0,33.35,0.806,0.287,1.18
10403,13.0,563.85,16.0,0.072,0.057,12.0,1.0,42.0,0.328,0.021,1.45
10404,18.0,1921.51,39.0,0.125,0.023,8.0,3.0,104.96,0.506,0.128,0.0
10405,4.0,131.86,8.0,0.2,0.07,9.0,1.0,29.35,0.253,0.314,0.05
10406,2.0,124.16,17.0,0.152,0.012,35.0,1.0,49.71,0.243,0.109,0.76
10407,36.0,2163.04,86.0,0.055,0.025,5.0,0.0,60.29,0.425,0.0,1.72
10408,1.0,194.05,9.0,0.109,0.0,35.0,0.0,171.1,0.619,0.209,0.0
10409,1.0,69.07,4.0,0.018,,165.0,1.0,69.07,0.411,0.093,2.88
10410,1.0,126.29,2.0,0.0,0.044,148.0,1.0,126.29,0.547,0.244,0.0
10411,6.0,129.76,1.0,0.08,0.029,17.0,0.0,21.77,0.802,,1.68
10412,16.0,482.13,24.0,0.065,0.038,16.0,2.0,30.45,0.606,0.287,2.47
10413,14.0,360.72,37.0,0.054,0.06,13.0,2.0,26.5,0.542,0.242,2.36
10414,17.0,555.19,22.0,0.486,0.125,5.0,1.0,31.74,0.521,0.484,2.2
10415,4.0,112.75,14.0,0.217,0.022,49.0,1.0,30.64,0.532,0.278,1.88
10416,1.0,33.88,4.0,0.084,0.032,101.0,0.0,23.01,0.038,0.0,0.81
10417,1.0,203.71,14.0,0.12,0.055,22.0,1.0,203.71,0.144,0.139,0.15
10418,29.0,666.27,26.0,0.309,0.081,3.0,1.0,23.37,0.32,0.217,0.53
10419,1.0,25.81,18.0,0.274,0.029,27.0,0.0,17.28,0.159,0.247,0.9
10420,23.0,1182.91,47.0,0.473,0.016,11.0,0.0,50.68,0.634,0.129,1.06
10421,2.0,0.0,7.0,0.227,0.043,59.0,1.0,0.0,0.661,0.033,1.33
10422,17.0,462.42,30.0,0.159,0.043,19.0,1.0,27.28,0.809,0.405,3.59
10423,4.0,143.83,14.0,0.239,0.05,17.0,0.0,37.29,0.842,0.054,1.69
10424,29.0,973.17,24.0,0.0,0.035,15.0,2.0,34.01,0.864,0.318,1.68
10425,18.0,239.16,28.0,0.133,0.059,12.0,0.0,13.58,0.209,0.227,0.43
10426,11.0,862.79,46.0,0.438,0.0,21.0,2.0,79.86,0.266,0.204,1.35
10427,1.0,118.99,0.0,0.127,0.044,182.0,1.0,89.17,0.233,0.089,0.95
10428,24.0,655.58,43.0,0.419,0.093,0.0,1.0,27.26,0.623,0.112,1.02
10429,7.0,495.39,33.0,0.109,0.033,20.0,0.0,73.72,0.594,0.194,1.58
10430,23.0,790.25,68.0,0.359,0.14,0.0,2.0,34.13,0.486,0.244,0.49
10431,15.0,332.56,30.0,0.135,0.049,14.0,0.0,22.01,0.482,0.123,0.95
10432,17.0,512.1,25.0,0.087,0.046,10.0,1.0,31.0,0.643,0.332,2.69
10433,13.0,485.07,34.0,,0.082,18.0,1.0,38.12,0.257,0.156,2.22
10434,11.0,466.5,33.0,0.011,0.039,13.0,1.0,43.86,0.409,0.0,1.28
10435,4.0,133.89,13.0,0.26,0.043,64.0,0.0,31.08,0.077,0.247,0.35
10436,15.0,433.09,32.0,0.103,0.022,2.0,2.0,29.73,0.432,0.157,3.59
10437,12.0,557.15,66.0,0.308,0.047,8.0,2.0,48.35,0.338,0.224,
10438,3.0,49.23,6.0,0.206,0.01,39.0,1.0,18.57,0.572,0.42,0.98
10439,22.0,605.51,34.0,0.421,0.099,11.0,1.0,27.16,0.61,0.359,0.27
10440,17.0,899.29,49.0,0.447,0.095,9.0,0.0,52.97,0.324,0.181,1.66
10441,1.0,69.97,3.0,0.17,0.049,56.0,0.0,61.6,0.413,0.0,0.82
10442,0.0,148.92,10.0,0.216,0.0,56.0,1.0,148.92,0.509,0.345,1.08
10443,2.0,41.23,1.0,0.109,0.017,103.0,0.0,20.23,0.542,0.0,1.34
10444,14.0,473.35,17.0,0.053,0.055,4.0,0.0,33.62,0.414,0.226,1.8
10445,29.0,619.88,60.0,0.19,0.065,24.0,0.0,21.52,0.429,0.27,0.37
10446,22.0,1664.45,59.0,0.079,0.041,8.0,0.0,76.65,0.256,0.126,3.17
10447,5.0,81.18,2.0,0.127,0.076,54.0,0.0,14.79,0.104,0.269,1.54
10448,0.0,106.87,3.0,0.187,0.015,54.0,0.0,106.87,0.558,0.223,0.46
10449,9.0,708.53,26.0,0.009,0.067,0.0,2.0,81.57,0.33,0.205,2.75
10450,5.0,146.9,14.0,0.094,0.085,56.0,1.0,30.7,0.342,0.282,0.0
10451,17.0,595.35,51.0,0.361,0.039,7.0,1.0,35.39,0.351,0.307,0.29
10452,13.0,450.99,38.0,0.158,0.039,19.0,1.0,33.62,0.483,0.152,3.67
10453,15.0,971.07,39.0,0.425,,11.0,1.0,64.75,0.525,0.151,3.0
10454,11.0,596.54,49.0,0.158,0.127,7.0,1.0,51.94,0.678,0.0,0.01
10455,27.0,498.28,56.0,0.426,0.127,9.0,2.0,18.3,0.328,0.346,0.45
10456,19.0,2053.89,93.0,0.038,0.005,9.0,2.0,110.34,0.436,0.125,1.56
10457,21.0,695.22,41.0,0.145,0.029,16.0,4.0,33.12,0.906,0.123,0.24
10458,2.0,156.33,7.0,0.258,0.016,58.0,1.0,62.99,0.112,0.104,0.56
10459,11.0,529.09,20.0,0.122,0.054,16.0,1.0,48.09,0.465,0.0,1.6
10460,1.0,27.74,12.0,0.021,0.047,26.0,1.0,27.74,0.218,0.158,0.0
10461,6.752496170215213,198.0915326839972,6.0,0.251,0.02,52.0,1.0,15.89,0.23,0.14,0.0
10462,1.0,85.44,6.0,0.032,0.0,54.0,0.0,60.89,0.377,0.25,0.39
10463,17.0,325.0,23.0,0.181,0.044,18.0,1.0,18.79,0.539,0.229,0.9
10464,17.0,1302.63,79.0,0.024,0.061,3.0,0.0,74.91,0.415,0.174,2.26
10465,12.0,633.5,28.0,0.138,0.067,9.0,1.0,53.64,0.442,0.319,1.45
10466,13.0,560.6,37.0,0.0,0.109,9.0,1.0,44.34,0.385,0.199,2.49
10467,2.0,40.43,2.0,0.025,0.033,105.0,0.0,18.65,0.241,0.134,2.18
10468,24.0,938.09,57.0,0.017,0.049,1.0,2.0,39.14,0.269,0.208,1.52
10469,6.0,137.39,9.0,0.344,0.008,2.0,0.0,24.52,0.554,0.317,0.63
10470,15.0,300.27,26.0,0.127,0.022,11.0,1.0,19.39,0.165,0.276,1.59
10471,26.0,2094.32,72.0,0.019,0.037,2.0,0.0,79.99,0.252,0.312,1.31
10472,18.0,734.47,59.0,0.434,0.074,2.0,0.0,40.65,0.162,0.239,0.64
10473,6.0,474.92,34.0,0.116,0.052,12.0,1.0,73.11,0.305,0.164,2.25
10474,9.0,460.87,15.0,0.041,0.038,13.0,1.0,53.43,0.19,0.176,2.94
10475,8.0,311.13,34.0,0.059,0.057,12.0,1.0,38.01,0.524,0.244,1.94
10476,20.0,690.17,39.0,0.312,0.125,4.0,1.0,34.95,0.582,0.233,1.85
10477,3.0,176.04,10.0,0.156,0.025,28.0,1.0,52.58,0.444,0.072,0.53
10478,3.0,130.32,11.0,0.13,0.027,36.0,0.0,41.53,0.522,0.411,1.88
10479,4.0,129.87,12.0,0.134,0.016,21.0,1.0,31.16,0.329,0.131,0.81
10480,21.0,512.62,29.0,0.138,0.019,23.0,0.0,24.82,0.379,0.096,2.04
10481,3.0,28.15,0.0,0.158,0.016,21.0,0.0,9.26,0.546,0.461,0.41
10482,22.0,708.21,49.0,0.012,0.0,0.0,0.0,32.48,0.369,0.014,2.71
10483,3.0,55.39,0.0,0.112,0.027,69.0,0.0,15.93,0.624,0.213,1.16
10484,3.0,110.37,2.0,0.326,0.012,6.0,1.0,33.77,0.508,0.235,1.55
10485,2.0,25.11,1.0,0.204,0.045,57.0,1.0,13.47,0.536,0.048,0.58
10486,25.0,1536.25,61.0,0.074,0.043,6.0,1.0,61.77,0.723,0.325,2.26
10487,19.0,1470.5,54.0,0.061,0.03,1.0,3.0,78.01,0.496,0.135,2.53
10488,5.0,272.01,11.0,0.085,0.06,34.0,1.0,51.85,0.194,0.332,0.28
10489,26.0,517.38,55.0,0.456,0.116,14.0,0.0,19.89,0.6,0.054,1.96
10490,3.0,78.51,11.0,0.216,,28.0,1.0,26.77,0.542,0.4,0.0
10491,7.0,428.74,37.0,0.323,0.065,15.0,1.0,59.28,0.429,0.151,0.38
10492,15.0,735.61,43.0,0.42,0.107,8.0,1.0,48.68,0.906,0.047,1.41
10493,4.0,111.47,3.0,0.159,0.039,39.0,1.0,28.47,0.219,0.106,0.0
10494,19.0,880.04,73.0,0.422,0.101,3.0,3.0,45.67,0.751,0.137,0.0
10495,0.0,86.04,3.0,0.019,0.005,115.0,0.0,86.04,0.454,0.012,1.06
10496,29.0,2182.6,74.0,0.079,0.044,12.0,2.0,76.07,0.329,0.352,2.22
10497,4.0,191.01,7.0,0.191,0.028,47.0,2.0,49.74,0.11,0.434,1.31
10498,14.0,742.0,20.0,0.123,0.03,15.0,0.0,52.65,0.585,0.238,2.03
10499,2.0,22.78,2.0,0.239,0.009,99.0,1.0,11.14,0.354,0.0,0.23
10500,20.0,566.17,50.0,0.217,0.046,11.0,0.0,28.99,0.877,0.012,0.92
10501,14.0,456.79,43.0,0.359,0.15,12.0,1.0,33.02,0.701,0.243,0.64
10502,3.0,87.25,6.0,0.136,0.01,24.0,2.0,25.35,0.441,0.266,1.03
10503,12.0,680.03,33.0,0.134,0.07,8.0,0.0,56.84,0.5,0.251,1.94
10504,4.0,195.18,14.0,0.171,0.022,19.0,2.0,55.57,0.688,0.033,0.6
10505,14.0,339.89,35.0,0.185,0.136,14.0,0.0,24.42,0.432,0.311,1.47
10506,7.0,435.45,29.0,0.037,0.074,12.0,0.0,65.55,0.671,0.329,2.38
10507,21.0,526.62,46.0,0.177,0.125,4.0,1.0,25.14,0.421,0.237,2.52
10508,15.0,453.73,24.0,0.048,0.067,5.0,0.0,30.57,0.662,0.383,0.97
10509,3.0,88.13,4.0,0.103,,26.0,2.0,28.67,0.349,0.224,0.21
10510,13.0,383.67,45.0,0.327,0.087,18.0,0.0,28.84,0.621,0.242,0.0
10511,2.0,51.12,0.0,0.241,0.051,36.0,2.0,24.28,0.087,0.201,0.9
10512,14.0,460.2,22.0,0.221,0.055,19.0,0.0,33.92,0.567,0.026,2.61
10513,10.0,557.77,21.0,0.061,0.061,8.0,3.0,55.34,0.648,0.241,0.91
10514,7.0,149.13,8.0,0.226,0.011,16.0,1.0,22.56,0.551,0.293,0.0
10515,38.0,1301.37,48.0,0.064,0.081,8.0,1.0,33.88,0.869,0.34,1.57
10516,47.0,1480.1,60.0,0.071,0.038,1.0,2.0,31.82,0.534,0.431,1.88
10517,0.0,22.17,4.0,0.191,0.059,100.0,0.0,22.17,0.357,0.094,0.43
10518,4.0,0.0,10.0,0.135,0.042,40.0,1.0,0.0,0.277,0.269,1.22
10519,9.0,499.98,24.0,0.154,0.094,13.0,2.0,56.85,0.257,0.0,2.42
10520,16.0,952.81,29.0,0.588,0.0,17.0,1.0,58.77,0.428,0.167,1.69
10521,8.0,529.27,31.0,0.091,0.041,11.0,2.0,64.46,0.364,0.336,0.94
10522,5.0,529.64,50.0,0.062,0.062,22.0,0.0,103.72,0.496,0.244,2.71
10523,14.0,560.74,32.0,0.13,0.051,15.0,0.0,39.82,0.72,0.248,1.55
10524,13.0,665.36,27.0,0.1,0.055,2.0,1.0,51.54,0.139,0.505,2.03
10525,3.0,163.02,10.0,0.023,0.057,18.0,1.0,52.52,0.454,0.158,0.85
10526,6.0,773.31,47.0,0.381,0.112,16.0,3.0,133.28,0.535,0.006,0.12
10527,17.0,425.43,48.0,0.289,0.108,4.0,2.0,25.35,1.0,0.281,0.87
10528,17.0,608.17,26.0,0.213,0.05,8.0,0.0,35.39,0.54,0.237,0.6
10529,1.0,18.12,4.0,0.09,0.0,104.0,0.0,18.12,0.146,0.083,1.04
10530,2.0,89.81,8.0,0.149,0.099,25.0,1.0,48.53,0.333,0.318,1.41
10531,27.0,1726.77,31.0,0.016,0.049,5.0,2.0,65.01,0.319,0.327,2.19
10532,3.0,123.53,6.0,0.223,0.041,23.0,0.0,47.93,0.468,0.268,1.26
10533,17.0,433.68,39.0,0.202,0.053,20.0,1.0,25.11,0.765,0.339,1.76
10534,43.0,1998.39,59.0,0.069,0.037,9.0,3.0,46.55,0.721,0.346,1.93
10535,16.0,535.9,22.0,0.106,0.062,10.0,0.0,34.23,0.434,0.157,2.41
10536,9.0,462.37,36.0,0.193,0.003,5.0,0.0,52.81,0.48,0.291,2.35
10537,29.0,1278.09,33.0,0.039,0.03,3.0,1.0,44.69,0.5,0.006,1.74
10538,3.0,184.84,7.0,,0.041,35.0,2.0,59.43,0.431,0.264,1.61
10539,11.0,663.72,25.0,0.061,0.0,17.0,0.0,62.09,0.694,0.311,2.79
10540,7.0,501.03,38.0,0.082,0.053,22.0,2.0,69.14,0.088,0.093,1.5
10541,4.0,149.13,14.0,0.01,0.047,50.0,0.0,37.31,0.749,0.334,0.0
10542,11.0,290.37,33.0,0.073,0.055,9.0,1.0,26.74,0.574,0.195,2.94
10543,4.0,13.07,7.0,0.218,0.036,47.0,2.0,3.13,0.669,0.138,1.38
10544,2.6519235827204883,187.7460736864863,4.0,0.036,0.06,118.0,1.0,65.98,0.483,0.262,0.0
10545,16.0,463.9,31.0,0.068,,11.0,1.0,29.61,0.542,0.113,0.44
10546,18.0,408.44,26.0,0.055,0.121,15.0,0.0,23.07,0.415,0.218,1.79
10547,20.0,607.43,30.0,0.366,,20.0,1.0,30.72,0.687,0.403,0.69
10548,11.0,814.76,24.0,0.081,0.042,0.0,0.0,77.0,0.456,0.052,1.92
10549,5.0,120.27,5.0,0.139,0.02,58.0,2.0,24.4,0.239,0.231,1.31
10550,5.0,102.64,6.0,0.129,0.014,41.0,1.0,20.18,0.781,0.289,2.07
10551,26.0,763.5,74.0,0.014,0.031,8.0,2.0,29.28,0.182,0.225,3.62
10552,18.0,399.79,22.0,0.111,0.095,9.0,1.0,21.93,0.905,0.206,2.45
10553,24.0,758.05,63.0,0.204,0.05,19.0,1.0,31.26,0.584,0.253,0.0
10554,5.0,132.42,13.0,0.238,0.005,54.0,1.0,28.32,0.677,0.137,0.04
10555,4.0,121.26,5.0,0.165,0.083,39.0,0.0,30.24,0.699,0.143,0.0
10556,10.0,812.22,58.0,0.587,0.12,0.0,1.0,84.61,0.629,0.361,0.24
10557,26.0,995.74,41.0,0.0,0.073,11.0,0.0,38.39,0.402,0.182,1.76
10558,28.0,1512.11,53.0,0.057,0.041,4.0,1.0,54.62,0.589,0.142,2.99
10559,10.0,501.63,22.0,0.152,0.098,19.0,3.0,49.48,0.275,0.203,1.74
10560,1.0,223.04,7.0,0.244,0.047,43.0,1.0,149.84,0.181,0.137,0.97
10561,13.0,451.24,12.0,0.117,0.059,7.0,0.0,35.91,0.318,0.413,2.4
10562,4.0,87.28,7.0,0.108,0.031,33.0,2.0,20.27,0.345,0.064,0.18
10563,1.0,130.06,4.0,0.121,0.028,39.0,0.0,93.25,0.619,0.0,1.22
10564,2.0,157.63,6.0,0.126,0.066,29.0,1.0,95.52,0.904,0.206,1.35
10565,12.0,808.85,38.0,0.48,0.045,11.0,2.0,65.25,0.701,0.116,0.24
10566,1.0,222.86,6.0,0.237,0.026,24.0,2.0,219.5,0.556,0.336,1.27
10567,0.0,157.36,10.0,0.186,0.032,0.0,1.0,157.36,0.296,0.312,0.46
10568,14.0,577.52,18.0,,0.052,5.0,0.0,40.94,0.294,0.333,2.31
10569,10.0,425.27,23.0,0.055,0.026,5.0,0.0,44.14,0.132,0.225,2.81
10570,0.0,67.81,3.0,0.182,0.005,64.0,0.0,67.81,0.695,0.139,1.92
10571,8.0,239.75,19.0,0.068,0.062,4.0,1.0,30.54,0.282,0.185,2.23
10572,3.0,1.37,10.0,0.15,0.042,27.0,1.0,0.53,0.347,0.402,0.55
10573,1.0,40.41,0.0,0.167,0.068,98.0,0.0,31.46,0.755,0.103,1.92
10574,15.0,1570.21,56.0,0.075,0.014,4.0,1.0,105.79,0.557,0.15,0.84
10575,38.0,2285.06,59.0,0.033,0.036,11.0,1.0,60.5,0.775,0.38,3.87
10576,2.0,151.92,7.0,0.174,0.058,27.0,1.0,84.6,0.848,0.179,2.33
10577,2.0,123.77,16.0,0.098,0.103,14.0,0.0,62.98,0.114,0.172,1.14
10578,15.0,635.05,33.0,0.566,0.107,19.0,0.0,41.92,0.76,0.261,0.43
10579,3.0,148.52,8.0,0.22,0.0,49.0,0.0,51.77,0.414,0.229,1.09
10580,17.0,941.96,8.0,0.105,0.113,12.0,2.0,56.65,0.522,0.458,2.51
10581,10.0,298.43,20.0,0.106,0.013,8.0,2.0,30.93,0.52,0.282,0.69
10582,0.0,18.8,6.0,0.194,0.0,96.0,1.0,18.8,0.472,0.083,1.39
10583,4.0,214.83,8.0,0.159,0.055,31.0,1.0,47.98,0.337,0.126,0.57
10584,13.0,543.89,37.0,0.088,0.057,6.0,2.0,40.85,0.894,0.153,0.75
10585,24.0,2502.09,70.0,0.0,0.038,6.0,0.0,102.68,0.243,0.085,1.46
10586,1.0,156.08,15.0,0.187,0.093,43.0,2.0,156.08,0.511,0.091,0.0
10587,4.0,121.09,4.0,0.367,0.056,31.0,1.0,27.84,0.151,0.26,1.5
10588,0.0,12.13,5.0,0.168,0.045,128.0,0.0,12.13,0.099,0.0,0.92
10589,30.0,881.84,48.0,0.059,0.02,5.0,4.0,29.42,0.281,0.416,2.84
10590,4.0,160.3,14.0,0.185,0.034,24.0,2.0,44.31,0.494,0.444,0.48
10591,25.0,1996.96,61.0,0.043,0.05,3.0,3.0,80.46,0.45,0.23,1.85
10592,1.0,101.99,10.0,0.291,0.024,35.0,1.0,89.93,0.32,0.0,1.22
10593,4.0,166.0,8.0,0.049,0.082,22.0,1.0,40.26,0.31,0.079,1.45
10594,23.0,2066.45,49.0,0.076,0.032,6.0,0.0,89.73,0.317,0.224,1.64
10595,14.0,868.22,37.0,0.071,0.068,7.0,2.0,60.85,0.509,0.037,2.2
10596,0.0,66.16,3.0,0.214,0.002,115.0,1.0,66.16,0.202,0.0,
10597,29.0,1967.91,58.0,0.1,0.019,5.0,0.0,69.04,0.196,0.427,0.84
10598,3.0,200.26,10.0,0.063,0.044,45.0,0.0,77.12,0.361,0.344,0.26
10599,4.0,635.86,34.0,0.038,0.106,2.0,2.0,159.52,0.564,0.179,3.82
10600,39.0,1782.38,48.0,0.047,0.0,9.0,0.0,45.79,0.051,0.157,2.32
10601,16.0,577.35,20.0,0.097,0.026,1.0,1.0,36.08,0.85,0.332,1.76
10602,13.0,469.71,65.0,0.352,0.108,17.0,0.0,37.11,0.553,0.184,1.33
10603,13.0,971.94,39.0,0.548,0.127,6.0,0.0,73.98,0.352,0.047,1.04
10604,17.0,1626.68,61.0,0.054,0.056,4.0,2.0,97.45,0.358,0.104,3.55
10605,16.0,651.64,23.0,0.089,0.04,9.0,1.0,40.31,0.112,0.063,3.03
10606,16.0,581.82,25.0,0.074,0.032,19.0,3.0,36.04,0.575,0.336,1.7
10607,16.0,820.85,30.0,0.078,0.014,14.0,1.0,50.68,0.399,0.411,2.23
10608,2.0,64.69,3.0,0.115,0.007,120.0,0.0,36.34,0.126,0.068,0.46
10609,3.0,125.94,4.0,0.119,0.026,0.0,0.0,43.92,0.609,0.249,2.44
10610,11.0,724.49,19.0,0.199,0.111,21.0,1.0,64.17,0.478,0.27,0.91
10611,11.0,692.84,26.0,0.034,0.058,0.0,1.0,62.64,0.305,0.251,2.0
10612,38.0,2074.78,68.0,0.046,0.005,10.0,0.0,54.5,0.514,0.132,1.03
10613,0.0,64.66,8.0,0.104,0.058,35.0,1.0,64.66,0.183,0.145,0.22
10614,1.0,101.4,2.0,0.092,0.061,120.0,0.0,101.4,0.715,0.039,1.02
10615,1.0,91.3,2.0,0.168,0.016,125.0,1.0,91.3,0.259,0.0,1.96
10616,11.0,718.45,35.0,0.088,0.01,14.0,1.0,66.28,0.621,0.193,2.31
10617,0.0,38.04,8.0,0.111,0.066,32.0,0.0,38.04,0.41,0.197,0.41
10618,1.0,32.64,14.0,0.074,0.101,70.0,0.0,32.64,0.51,0.36,1.21
10619,16.0,520.15,42.0,0.32,0.095,8.0,1.0,32.64,0.314,0.058,0.48
10620,2.0,77.64,16.0,0.3,0.043,49.0,0.0,35.27,0.279,0.133,0.81
10621,11.0,779.12,40.0,0.139,0.049,12.0,0.0,73.96,0.824,0.164,2.64
10622,8.0,254.88,29.0,0.074,0.039,5.0,0.0,33.21,0.531,0.0,2.85
10623,16.0,484.68,68.0,0.425,0.061,1.0,1.0,31.19,0.307,0.145,1.01
10624,23.0,720.83,41.0,0.402,0.046,20.0,0.0,31.62,0.533,0.114,0.85
10625,32.0,1763.28,54.0,0.072,0.026,5.0,1.0,55.91,0.508,0.189,0.86
10626,31.0,2258.9,83.0,0.066,0.031,6.0,1.0,73.54,0.498,0.259,2.1
10627,14.0,532.97,35.0,0.056,0.02,0.0,0.0,36.98,0.299,0.202,0.83
10628,16.0,352.42,36.0,0.057,0.066,12.0,0.0,22.03,0.036,0.117,1.45
10629,35.0,1484.23,43.0,0.104,0.04,4.0,3.0,41.93,0.185,0.203,1.85
10630,3.0,149.81,2.0,0.355,0.0,38.0,1.0,45.97,0.232,0.103,1.15
10631,26.0,608.67,44.0,0.263,0.134,4.0,4.0,23.29,0.36,0.37,0.69
10632,37.0,1061.03,43.0,0.034,0.063,7.0,1.0,28.57,0.23,0.371,2.16
10633,0.0,53.69,11.0,0.289,,13.0,1.0,53.69,0.144,0.22,0.33
10634,17.0,284.41,36.0,0.471,0.039,10.0,2.0,16.64,0.87,0.245,0.0
10635,17.0,588.36,35.0,0.124,0.056,9.0,2.0,34.75,0.353,0.195,3.69
10636,15.0,434.23,30.0,0.103,0.079,13.0,1.0,28.9,0.346,0.288,4.2
10637,4.0,115.87,8.0,0.207,0.0,30.0,0.0,26.62,0.377,0.272,0.0
10638,17.0,317.05,25.0,0.099,0.028,23.0,1.0,18.46,0.907,0.132,2.91
10639,12.0,350.16,36.0,0.035,0.019,14.0,0.0,29.47,0.669,0.405,1.12
10640,2.0,172.76,4.0,0.236,0.0,55.0,0.0,91.21,0.711,0.279,0.0
10641,2.0,121.24,8.0,0.156,0.0,5.0,1.0,74.03,0.25,0.135,1.43
10642,3.0,75.65,3.0,0.061,0.012,89.0,1.0,28.53,0.459,0.0,0.48
10643,14.0,527.12,28.0,0.156,0.061,17.0,3.0,37.74,0.763,0.223,3.95
10644,7.0,219.06,14.0,0.085,0.031,10.0,0.0,30.7,0.143,0.266,1.98
10645,33.0,1139.89,56.0,0.028,0.027,3.0,1.0,34.19,0.515,0.14,2.73
10646,15.0,648.08,28.0,0.604,0.027,17.0,0.0,42.83,0.831,0.193,1.61
10647,13.0,808.1,15.0,0.176,0.066,11.0,2.0,63.44,0.14,0.259,1.29
10648,0.0,123.12,2.0,0.063,0.053,142.0,1.0,123.12,0.246,0.13,1.1
10649,5.0,275.72,10.0,0.195,0.023,15.0,1.0,53.92,0.611,0.167,2.38
10650,22.0,800.09,29.0,0.107,0.048,22.0,1.0,36.87,0.464,0.182,1.19
10651,14.0,514.84,42.0,0.454,0.079,13.0,3.0,36.59,0.289,0.235,0.68
10652,16.0,492.57,20.0,,0.018,7.0,1.0,31.26,0.393,0.228,3.3
10653,32.0,1440.41,43.0,0.092,0.019,2.0,1.0,44.36,0.539,0.134,2.82
10654,5.0,233.92,7.0,0.006,0.039,56.0,0.0,43.53,0.156,0.242,0.96
10655,2.0,113.33,0.0,0.2,0.017,127.0,0.0,49.54,0.252,0.106,0.73
10656,3.0,145.4,11.0,0.272,0.04,57.0,2.0,52.03,0.097,0.289,0.0
10657,25.0,815.66,55.0,0.419,0.104,22.0,0.0,32.47,0.301,0.141,0.0
10658,2.0,144.23,9.0,0.03,0.048,36.0,1.0,61.56,0.819,0.127,0.59
10659,6.0,766.09,39.0,0.098,0.0,17.0,0.0,119.75,0.784,0.279,2.18
10660,10.0,418.23,35.0,,0.006,12.0,0.0,43.42,0.407,0.346,2.47
10661,5.0,179.3,9.0,0.155,0.051,30.0,1.0,33.04,0.569,0.077,0.05
10662,24.0,767.44,37.0,0.48,0.113,12.0,1.0,32.58,0.555,0.297,0.88
10663,2.0,252.81,9.0,0.257,0.02,32.0,0.0,138.29,0.268,0.185,0.46
10664,11.0,445.67,39.0,0.071,0.059,12.0,0.0,40.57,0.137,0.279,1.13
10665,4.0,40.81,5.0,0.0,0.041,143.0,1.0,10.94,0.318,0.108,0.28
10666,14.0,700.3,31.0,0.014,0.023,8.0,0.0,51.76,0.576,0.195,1.22
10667,12.0,445.14,13.0,0.128,0.0,15.0,1.0,37.49,0.511,0.126,0.78
10668,10.0,495.33,17.0,0.065,0.054,12.0,1.0,47.27,0.413,0.071,2.52
10669,6.0,165.41,13.0,0.068,0.053,47.0,1.0,29.81,0.305,0.416,1.46
10670,12.0,580.88,26.0,0.098,0.026,12.0,2.0,49.47,0.95,0.416,2.95
10671,14.0,316.36,21.0,0.107,0.035,23.0,1.0,23.01,0.336,0.145,3.8
10672,8.0,175.2,16.0,0.174,0.026,23.0,2.0,22.2,0.409,0.427,1.02
10673,2.0,156.97,4.0,0.137,0.025,21.0,1.0,103.64,0.107,0.224,0.01
10674,11.0,554.66,17.0,0.107,0.044,15.0,1.0,52.72,0.303,0.288,2.52
10675,33.0,1797.25,76.0,0.073,0.027,7.0,2.0,54.86,0.234,0.316,2.19
10676,8.0,758.71,20.0,0.046,0.07,10.0,1.0,98.29,0.645,0.056,2.81
10677,14.0,451.27,23.0,0.045,0.074,18.0,1.0,32.1,0.442,0.337,1.91
10678,7.0,399.37,23.0,0.098,0.057,14.0,2.0,61.1,0.566,0.199,2.8
10679,22.0,1469.09,48.0,0.04,0.022,7.0,2.0,68.05,0.341,0.2,0.23
10680,3.0,102.34,10.0,0.181,0.018,28.0,1.0,38.26,0.497,,0.86
10681,0.0,53.64,2.0,0.141,0.049,79.0,1.0,53.64,0.262,0.0,2.02
10682,3.0,99.61,4.0,0.132,0.038,55.0,0.0,38.46,0.52,0.028,1.54
10683,19.0,2584.32,55.0,0.0,0.001,6.0,1.0,138.67,0.068,0.294,1.1
10684,17.0,993.5,51.0,0.263,0.117,20.0,2.0,57.9,0.499,0.018,0.44
10685,6.0,362.37,28.0,0.128,0.047,15.0,1.0,57.6,0.842,0.158,2.25
10686,1.0,0.0,8.0,0.239,0.039,131.0,1.0,0.0,0.295,0.148,0.51
10687,23.0,1513.68,28.0,0.068,0.032,5.0,2.0,65.99,0.479,0.242,1.84
10688,12.0,388.11,37.0,0.076,0.087,9.0,1.0,32.14,0.688,0.098,2.16
10689,6.0,136.17,16.0,0.217,0.027,54.0,1.0,21.93,0.227,0.221,2.16
10690,9.0,793.09,31.0,0.193,0.033,16.0,2.0,86.85,0.485,0.078,2.02
10691,8.0,87.48,9.0,0.093,0.071,30.0,0.0,11.62,0.574,0.087,1.15
10692,2.0,59.43,2.0,0.0,0.005,152.0,1.0,23.84,0.394,0.157,1.22
10693,23.0,700.92,39.0,0.391,0.133,19.0,1.0,30.8,0.257,0.302,0.0
10694,9.0,265.79,37.0,0.136,0.041,14.0,1.0,28.59,0.327,0.322,1.34
10695,13.0,647.94,37.0,0.108,0.101,5.0,0.0,48.77,0.53,0.125,2.38
10696,4.0,83.89,8.0,0.29,0.035,35.0,1.0,19.91,0.48,0.333,0.51
10697,5.0,323.7,33.0,0.145,0.0,16.0,1.0,68.36,0.368,0.322,2.1
10698,25.0,604.16,38.0,0.36,0.057,9.0,1.0,24.23,0.653,0.173,1.8
10699,6.0,805.35,38.0,0.51,0.056,17.0,1.0,138.45,0.788,0.366,1.22
10700,4.0,135.26,11.0,0.192,0.033,28.0,1.0,35.48,0.287,0.498,0.34
10701,4.0,0.0,4.0,0.054,0.057,42.0,0.0,0.0,0.608,0.153,1.14
10702,13.0,411.82,29.0,0.104,0.032,15.0,1.0,31.28,0.293,0.0,1.83
10703,12.0,689.26,31.0,0.149,0.0,15.0,0.0,58.91,0.287,0.045,1.73
10704,10.0,513.23,26.0,0.121,0.057,18.0,1.0,51.4,0.173,0.0,1.88
10705,17.0,444.14,36.0,0.066,0.084,8.0,2.0,25.45,0.668,0.095,1.87
10706,20.0,562.78,17.0,0.073,0.032,9.0,2.0,27.73,0.488,0.278,0.27
10707,18.0,790.26,42.0,0.533,0.079,5.0,2.0,44.94,0.851,0.51,2.84
10708,15.0,590.95,13.0,0.018,0.007,11.0,0.0,38.41,0.612,0.049,3.09
10709,1.0,92.84,0.0,0.0,0.009,55.0,0.0,85.29,0.453,0.051,0.0
10710,15.0,596.95,30.0,0.546,0.084,17.0,0.0,38.76,0.498,0.176,0.27
10711,16.0,573.94,37.0,0.258,0.119,17.0,0.0,36.05,0.651,0.279,0.42
10712,1.0,47.3,4.0,0.174,0.0,45.0,0.0,44.55,0.176,0.0,0.76
10713,5.0,119.45,16.0,0.138,0.071,40.0,2.0,23.34,0.363,0.338,0.0
10714,28.0,2022.48,72.0,0.08,0.018,3.0,2.0,72.47,0.318,0.084,2.38
10715,4.0,215.85,0.0,0.304,0.055,35.0,0.0,48.15,0.423,0.287,0.88
10716,1.0,0.0,3.0,0.063,0.044,23.0,0.0,0.0,0.521,0.0,0.41
10717,8.0,477.02,31.0,0.026,0.0,10.0,1.0,58.03,0.687,0.391,2.92
10718,2.0,141.22,2.0,0.163,0.0,101.0,1.0,62.21,0.633,0.0,1.4
10719,12.0,510.07,34.0,0.023,0.034,10.0,0.0,41.12,0.383,0.426,2.36
10720,16.0,755.05,22.0,0.086,0.092,7.0,0.0,47.59,0.444,0.315,1.84
10721,21.0,456.87,56.0,0.421,0.103,10.0,3.0,21.75,0.251,0.234,1.94
10722,4.0,166.04,7.0,0.088,0.055,46.0,0.0,37.41,0.441,0.151,0.51
10723,2.0,154.49,13.0,0.161,0.0,51.0,1.0,84.87,0.553,0.243,1.5
10724,29.0,2187.97,38.0,0.025,0.035,7.0,3.0,75.85,0.569,0.383,0.78
10725,9.0,731.8,25.0,0.047,0.045,20.0,0.0,78.0,0.593,0.206,2.67
10726,14.0,412.42,22.0,0.045,0.033,6.0,1.0,30.39,0.594,0.046,2.72
10727,3.0,129.32,13.0,0.19,0.069,48.0,1.0,38.14,0.324,0.16,1.7
10728,2.0,73.44,3.0,0.178,0.0,36.0,1.0,43.09,0.343,0.088,0.45
10729,12.0,535.56,29.0,0.165,0.045,10.0,0.0,44.54,0.387,0.196,2.79
10730,6.0,617.33,20.0,0.104,0.055,17.0,1.0,101.97,0.4,0.254,2.16
10731,12.0,548.87,38.0,0.456,0.175,0.0,1.0,47.66,0.84,0.094,1.75
10732,16.0,550.71,29.0,0.151,0.078,17.0,1.0,35.1,0.674,0.155,1.97
10733,6.0,459.28,6.0,0.105,0.084,18.0,0.0,72.8,0.344,0.197,1.51
10734,10.0,718.41,19.0,0.115,0.052,19.0,1.0,72.49,0.346,0.15,2.1
10735,3.0,247.17,7.0,0.167,0.053,55.0,0.0,82.97,0.797,0.032,1.03
10736,30.0,754.26,50.0,0.363,0.135,11.0,1.0,24.95,0.698,0.378,2.28
10737,11.0,473.5,21.0,0.127,0.066,22.0,0.0,41.43,0.354,0.132,1.68
10738,10.0,564.36,8.0,0.117,0.091,13.0,1.0,54.32,0.433,0.219,0.61
10739,1.0,87.9,1.0,0.194,0.011,51.0,0.0,87.9,0.473,0.003,0.68
10740,26.0,1659.36,36.0,0.04,0.033,5.0,0.0,63.64,0.184,0.0,1.5
10741,9.0,681.6,23.0,0.079,0.0,10.0,2.0,76.4,0.332,0.138,2.96
10742,4.0,145.68,16.0,0.223,0.0,43.0,1.0,32.63,0.654,0.114,0.58
10743,14.0,427.45,33.0,0.037,0.054,8.0,1.0,31.15,0.517,0.214,1.61
10744,2.0,39.87,4.0,0.081,0.019,141.0,0.0,20.03,0.237,,0.02
10745,10.0,741.64,35.0,0.04,0.063,4.0,1.0,74.11,0.557,0.271,2.31
10746,5.0,124.75,6.0,0.0,0.038,55.0,2.0,27.15,0.236,0.18,1.83
10747,4.0,96.59,10.0,0.037,0.057,25.0,1.0,23.14,0.286,0.157,0.0
10748,37.0,1346.63,49.0,0.095,0.075,16.0,0.0,35.99,0.58,0.025,0.95
10749,1.0,59.37,4.0,0.12,0.065,35.0,1.0,40.25,0.221,0.251,1.21
10750,0.0,151.52,0.0,0.183,0.067,79.0,1.0,151.52,0.216,0.045,0.62
10751,24.0,2433.73,27.0,0.08,0.048,9.0,2.0,102.43,0.516,0.157,0.79
10752,22.0,741.25,47.0,0.499,0.069,9.0,1.0,33.49,0.766,0.132,0.0
10753,16.0,805.21,40.0,0.471,0.136,20.0,2.0,51.87,0.666,0.464,0.65
10754,22.0,2025.94,29.0,0.023,0.053,1.0,3.0,92.52,0.199,0.375,2.1
10755,30.0,2557.04,50.0,0.075,0.06,7.0,0.0,86.64,0.554,0.231,1.83
10756,32.0,2107.71,69.0,0.038,0.071,5.0,1.0,66.88,0.411,0.109,0.35
10757,7.0,111.82,11.0,0.144,0.033,31.0,0.0,16.28,0.194,0.324,0.0
10758,1.0,102.18,4.0,0.134,0.053,33.0,0.0,102.18,0.329,0.078,0.99
10759,5.0,142.84,5.0,0.187,0.052,43.0,1.0,31.48,0.308,0.166,0.34
10760,42.0,1705.97,53.0,0.0,0.07,2.0,2.0,40.91,0.633,0.073,0.01
10761,0.0,38.93,10.0,0.398,0.0,16.0,0.0,38.93,0.536,0.347,2.33
10762,13.0,673.98,32.0,0.065,0.056,20.0,1.0,51.16,0.793,0.0,0.31
10763,4.0,154.7,14.0,0.078,0.025,51.0,2.0,34.5,0.674,0.107,0.0
10764,18.0,353.23,52.0,0.274,0.124,8.0,0.0,19.72,0.586,0.218,0.42
10765,16.0,500.84,27.0,0.09,0.045,5.0,0.0,31.69,0.462,0.203,2.54
10766,13.0,531.11,30.0,0.001,0.111,13.0,1.0,39.42,0.902,0.164,1.33
10767,14.0,672.52,29.0,0.078,0.045,8.0,1.0,49.32,0.775,0.172,2.18
10768,13.0,574.56,22.0,0.081,0.046,11.0,2.0,43.36,0.033,0.221,2.02
10769,10.0,803.08,27.0,0.075,0.033,18.0,0.0,80.55,0.142,0.186,2.49
10770,16.0,705.29,31.0,0.329,0.194,15.0,2.0,44.47,0.958,0.131,0.23
10771,3.0,93.88,2.0,0.162,0.032,70.0,0.0,28.85,0.33,0.095,1.47
10772,3.0,90.55,14.0,0.102,0.021,52.0,1.0,28.31,0.701,0.084,1.16
10773,41.0,1545.67,64.0,0.049,,6.0,3.0,38.04,0.52,0.183,2.69
10774,5.0,72.43,3.0,0.173,0.026,36.0,0.0,13.97,0.488,,0.19
10775,6.0,6.64,9.0,0.09,0.046,6.0,0.0,1.13,0.349,0.0,2.85
10776,0.0,576.35,15.0,0.112,0.052,15.0,1.0,576.35,0.65,0.107,1.77
10777,22.0,593.9,45.0,0.316,0.105,7.0,0.0,26.62,0.484,0.331,1.43
10778,15.0,654.14,66.0,0.31,0.127,17.0,1.0,43.05,0.249,0.096,1.03
10779,3.0,129.51,0.0,0.144,0.035,28.0,1.0,47.95,0.808,0.213,0.76
10780,1.0,102.75,10.0,0.131,0.028,43.0,1.0,76.67,0.627,0.272,0.18
10781,8.0,929.13,38.0,0.329,0.088,11.0,0.0,120.31,0.906,0.153,1.26
10782,11.0,365.46,17.0,0.13,0.0,12.0,0.0,31.95,0.573,0.088,1.41
10783,10.0,544.48,35.0,0.122,0.0,11.0,1.0,53.19,0.3,0.138,2.35
10784,6.0,170.28,11.0,0.238,0.0,25.0,0.0,30.43,0.417,0.137,0.46
10785,4.0,41.15,8.0,0.275,0.016,70.0,0.0,11.2,0.301,0.203,2.0
10786,5.0,378.56,18.0,0.046,0.025,14.0,1.0,77.91,0.461,0.169,2.12
10787,15.0,391.11,16.0,0.085,0.104,18.0,1.0,25.86,0.52,0.0,1.69
10788,36.0,1839.24,51.0,0.043,0.038,6.0,2.0,51.05,0.171,0.307,1.48
10789,17.0,512.85,30.0,0.091,0.021,20.0,3.0,29.78,0.257,0.321,2.76
10790,13.0,770.13,26.0,0.131,0.062,23.0,1.0,60.53,0.545,0.283,1.83
10791,15.0,281.86,11.0,0.165,0.058,4.0,0.0,19.06,0.037,0.258,1.24
10792,9.0,139.6,6.0,0.142,0.063,14.0,1.0,16.27,0.533,0.187,1.56
10793,1.0,109.72,8.0,0.19,0.028,62.0,1.0,109.72,0.404,0.254,0.0
10794,10.0,513.94,34.0,0.02,0.022,11.0,1.0,49.16,0.065,0.272,1.79
10795,5.0,113.03,8.0,0.124,0.076,28.0,2.0,24.55,0.405,0.159,2.51
10796,2.0,36.09,5.0,0.254,0.088,0.0,2.0,14.46,0.381,0.303,1.5
10797,25.0,1631.68,74.0,0.023,0.041,6.0,2.0,65.62,0.769,0.474,1.89
10798,2.0,165.06,3.0,0.238,0.078,65.0,1.0,87.77,0.318,0.206,1.06
10799,2.0,0.0,24.0,0.139,0.053,6.0,1.0,0.0,0.519,0.464,2.13
10800,35.0,2354.65,38.0,0.054,0.045,12.0,1.0,66.86,0.68,0.254,1.03
10801,32.0,2248.2,70.0,0.069,0.016,4.0,3.0,70.4,0.412,0.373,1.68
10802,24.0,1467.49,56.0,0.033,0.027,6.0,1.0,60.06,0.579,0.189,2.79
10803,3.0,25.25,6.0,0.386,0.031,104.0,0.0,9.11,0.276,0.134,1.75
10804,1.0,21.46,1.0,0.123,0.076,76.0,1.0,21.46,0.458,0.091,1.99
10805,5.0,134.01,10.0,0.108,0.022,46.0,0.0,28.94,0.481,0.158,0.0
10806,2.0,93.77,2.0,0.1,0.0,115.0,0.0,58.87,0.574,0.0,0.25
10807,40.0,1872.87,54.0,0.06,0.04,5.0,2.0,46.82,0.776,0.095,2.47
10808,38.14860448066001,1658.502302958001,13.0,0.195,0.052,9.0,0.0,36.91,0.272,0.243,1.22
10809,36.0,2518.62,26.0,0.082,0.041,3.0,4.0,69.16,0.527,0.222,1.91
10810,27.0,688.53,43.0,0.429,0.007,0.0,2.0,25.62,0.81,0.392,0.61
10811,12.0,446.66,25.0,0.02,0.073,22.0,0.0,37.71,0.234,0.003,1.37
10812,9.0,709.47,29.0,0.056,0.0,16.0,2.0,83.14,0.683,0.196,2.77
10813,2.0,92.44,5.0,0.12,0.056,98.0,1.0,53.58,0.622,0.0,0.83
10814,2.0,100.14,10.0,0.098,0.0,21.0,1.0,43.65,0.27,0.112,2.43
10815,12.0,553.54,28.0,0.109,,21.0,2.0,46.7,0.132,0.248,1.89
10816,13.0,749.46,8.0,0.061,0.002,1.0,1.0,57.21,0.131,0.0,1.7
10817,3.0,30.23,6.0,0.089,0.06,56.0,1.0,11.36,0.251,0.074,0.0
10818,2.0,115.01,12.0,0.185,0.01,29.0,1.0,63.17,0.481,0.262,0.17
10819,2.0,41.24,0.0,0.118,0.029,113.0,1.0,19.03,0.513,0.195,1.08
10820,11.0,505.42,24.0,0.1,0.061,9.0,3.0,46.12,0.23,0.244,2.07
10821,10.0,499.41,31.0,0.154,0.111,11.0,1.0,50.3,0.374,0.421,0.8
10822,0.0,57.08,1.0,0.274,0.05,34.0,1.0,57.08,0.4,0.0,1.95
10823,19.0,1394.09,61.0,0.022,0.048,11.0,4.0,73.87,0.211,0.158,0.42
10824,25.0,1677.63,38.0,0.063,0.013,6.0,0.0,67.41,0.053,0.275,1.23
10825,20.0,2686.98,49.0,0.064,0.014,4.0,3.0,131.07,0.366,0.184,2.35
10826,3.0,47.71,4.0,0.163,0.022,48.0,0.0,17.61,0.673,0.053,1.55
10827,13.0,365.2,38.0,0.179,0.046,5.0,3.0,29.2,0.48,0.362,1.27
10828,6.0,9.86,4.0,0.133,0.049,46.0,1.0,1.55,0.405,0.0,0.33
10829,1.0,79.36,5.0,0.067,0.045,77.0,0.0,66.42,0.172,0.155,0.58
10830,34.0,1935.3,61.0,0.061,0.018,9.0,0.0,56.87,0.203,0.462,3.83
10831,11.0,416.56,5.0,0.079,0.107,20.0,1.0,38.01,0.356,0.077,2.0
10832,3.0,33.96,12.0,0.169,0.038,47.0,2.0,11.19,0.541,0.339,0.42
10833,9.0,416.66,36.0,0.115,0.099,13.0,0.0,48.1,0.068,0.319,1.36
10834,5.0,145.79,11.0,0.139,0.031,36.0,0.0,31.48,0.344,0.248,1.96
10835,5.0,101.65,8.0,0.212,0.0,56.0,1.0,20.31,0.196,0.306,1.25
10836,3.0,212.89,10.0,0.312,0.015,72.0,0.0,71.22,0.337,0.045,0.25
10837,3.0,107.74,12.0,0.187,0.03,40.0,2.0,36.74,0.703,0.274,0.78
10838,3.0,96.9,11.0,0.238,0.0,39.0,0.0,28.84,0.619,0.537,2.81
10839,21.0,1895.36,31.0,0.044,0.039,2.0,3.0,92.14,0.289,0.324,2.25
10840,5.0,120.43,11.0,0.203,0.047,35.0,1.0,26.59,0.247,0.185,3.22
10841,9.0,551.26,23.0,0.087,0.05,8.0,1.0,58.34,0.35,0.251,2.11
10842,1.0,582.3,14.0,0.129,0.084,9.0,1.0,582.3,0.259,0.219,2.99
10843,38.0,1981.4,50.0,0.101,0.068,5.0,2.0,52.82,0.438,0.236,2.97
10844,7.0,761.6,22.0,0.171,0.046,18.0,0.0,108.9,0.677,0.204,0.87
10845,37.0,1890.37,57.0,0.027,0.0,10.0,0.0,51.19,0.686,0.207,2.51
10846,20.0,1012.18,57.0,0.107,0.162,7.0,0.0,50.88,0.238,0.207,1.49
10847,15.0,835.38,21.0,0.303,0.094,7.0,2.0,54.35,0.767,0.177,0.0
10848,17.0,1705.36,81.0,0.015,0.05,8.0,0.0,100.18,0.302,0.213,1.2
10849,7.0,606.6,24.0,0.092,0.092,13.0,2.0,87.77,0.364,0.335,2.77
10850,2.0,134.3,3.0,0.15,0.017,69.0,0.0,69.16,0.297,0.0,0.69
10851,7.0,0.0,15.0,0.263,0.091,39.0,1.0,0.0,0.769,0.18,0.0
10852,17.0,445.0,42.0,0.474,0.081,13.0,0.0,26.9,0.428,0.021,1.52
10853,3.0,51.19,0.0,0.14,0.022,136.0,1.0,18.46,0.68,0.0,1.26
10854,8.0,606.11,24.0,0.089,0.025,17.0,3.0,78.55,0.251,0.358,1.41
10855,9.0,677.03,27.0,0.135,0.122,9.0,1.0,78.89,0.241,0.265,2.2
10856,30.0,2882.14,41.0,0.066,0.066,7.0,0.0,95.02,0.537,0.354,2.23
10857,7.0,54.93,8.0,0.292,0.042,32.0,0.0,7.49,0.543,0.286,0.0
10858,19.0,745.01,32.0,0.361,0.082,23.0,1.0,38.96,0.193,0.229,1.87
10859,4.0,105.38,12.0,0.121,0.036,39.0,1.0,25.94,0.624,0.194,1.76
10860,1.0,80.54,13.0,0.291,0.022,50.0,1.0,80.54,0.487,0.31,1.63
10861,8.0,360.97,33.0,0.078,0.079,14.0,0.0,45.49,0.154,0.257,2.03
10862,9.0,548.53,38.0,0.315,0.093,12.0,0.0,61.43,0.959,0.151,1.28
10863,4.0,198.36,4.0,0.325,0.067,47.0,0.0,49.39,0.472,0.261,0.72
10864,0.0,29.44,3.0,0.167,0.05,123.0,0.0,29.44,0.407,0.173,0.63
10865,5.0,148.39,15.0,0.084,0.077,36.0,0.0,30.43,0.295,0.239,0.75
10866,2.0,111.75,6.0,0.177,0.045,69.0,1.0,52.19,0.147,0.0,0.76
10867,9.0,641.56,21.0,0.093,0.016,0.0,2.0,75.28,0.458,0.33,1.16
10868,19.0,671.68,23.0,0.198,0.042,4.0,2.0,34.66,0.473,0.025,2.19
10869,13.0,659.54,30.0,0.106,0.078,12.0,1.0,49.24,0.39,0.33,2.39
10870,9.0,696.85,41.0,0.151,0.057,0.0,0.0,76.17,0.354,0.438,1.85
10871,24.0,1602.2,39.0,0.093,0.033,0.0,0.0,66.53,0.602,0.254,0.7
10872,1.0,68.01,5.0,0.144,0.054,70.0,0.0,54.89,0.286,0.0,0.28
10873,22.0,364.92,48.0,0.378,0.104,11.0,3.0,16.47,0.343,0.337,2.12
10874,18.0,559.91,53.0,0.439,0.017,12.0,1.0,30.33,0.427,0.271,1.44
10875,5.0,161.93,11.0,0.103,0.035,20.0,0.0,30.62,0.059,0.238,2.16
10876,32.0,1903.39,64.0,0.052,0.0,7.0,4.0,59.29,0.733,0.534,0.71
10877,14.0,460.25,43.0,0.319,0.117,6.0,3.0,32.02,0.409,0.242,1.06
10878,29.0,2117.13,33.0,0.087,0.052,5.0,3.0,72.9,0.238,0.117,2.59
10879,39.0,3065.27,74.0,0.053,0.045,3.0,1.0,79.52,0.426,0.377,2.09
10880,17.0,598.22,26.0,0.07,0.069,20.0,1.0,34.53,0.121,0.182,2.3
10881,2.0,125.12,9.0,0.207,0.066,12.0,1.0,54.16,0.633,,0.0
10882,16.0,218.7,31.0,0.064,0.111,14.0,1.0,13.86,0.82,0.277,0.81
10883,11.0,522.0,36.0,0.0,0.06,15.0,1.0,49.08,0.418,0.157,2.9
10884,18.0,653.92,27.0,0.046,0.019,12.0,2.0,36.39,0.128,0.308,2.29
10885,0.0,99.75,2.0,0.051,0.0,48.0,0.0,99.75,0.416,0.0,0.16
10886,32.0,2852.5,79.0,0.04,0.071,9.0,2.0,87.99,0.612,0.432,1.99
10887,31.0,2037.72,54.0,0.001,0.006,3.0,1.0,64.72,0.043,,1.95
10888,23.0,596.48,29.0,0.392,0.06,10.0,3.0,25.45,0.688,0.271,0.48
10889,15.0,581.88,15.0,0.05,0.058,14.0,1.0,38.59,0.155,0.348,2.73
10890,11.0,629.86,33.0,0.011,0.03,9.0,0.0,57.6,0.344,0.178,3.57
10891,24.0,2501.0,53.0,0.036,0.02,8.0,1.0,105.97,0.816,0.054,1.28
10892,6.0,26.02,16.0,0.223,0.0,33.0,1.0,4.42,0.156,0.058,1.24
10893,23.0,366.6,31.0,0.122,0.091,20.0,2.0,16.27,0.497,0.29,2.92
10894,26.0,1811.57,77.0,0.033,0.054,11.0,1.0,69.48,0.303,0.0,0.71
10895,3.0,98.62,0.0,0.183,0.0,109.0,0.0,31.19,0.594,0.0,1.48
10896,0.0,359.61,30.0,0.107,0.038,17.0,0.0,359.61,0.175,0.182,2.08
10897,3.0,83.91,13.0,0.136,0.0,40.0,1.0,26.5,0.326,0.476,0.93
10898,14.0,512.25,31.0,0.03,0.036,5.0,1.0,37.67,0.536,0.316,1.76
10899,10.0,629.78,16.0,0.062,0.077,10.0,0.0,61.45,0.505,0.335,1.62
10900,30.0,1676.0,74.0,0.082,0.011,10.0,2.0,55.86,0.265,0.082,1.82
10901,5.0,143.57,6.0,0.054,0.051,39.0,1.0,31.72,0.602,0.179,0.62
10902,18.0,416.83,38.0,0.494,0.075,10.0,2.0,22.87,0.651,0.357,0.85
10903,5.0,140.59,10.0,0.149,0.076,11.0,1.0,27.78,0.49,0.181,0.74
10904,16.0,646.66,17.0,0.074,0.051,10.0,1.0,41.5,0.361,0.248,0.8
10905,25.0,1398.74,32.0,0.012,0.044,0.0,2.0,56.62,0.115,0.067,3.39
10906,3.0,178.33,4.0,0.0,0.059,34.0,0.0,60.84,0.108,,
10907,14.0,560.88,35.0,0.118,0.047,18.0,1.0,41.14,0.333,0.367,2.97
10908,13.0,510.55,29.0,0.018,0.075,14.0,2.0,38.16,0.197,0.217,2.52
10909,30.0,2131.68,71.0,0.051,0.051,0.0,2.0,72.12,0.945,0.203,1.74
10910,4.0,488.79,38.0,0.163,0.046,8.0,1.0,139.39,0.336,0.146,3.5
10911,7.0,557.36,32.0,0.178,0.035,4.0,0.0,82.79,0.527,0.268,2.4
10912,9.0,273.93,16.0,0.0,0.053,14.0,0.0,30.0,0.365,0.285,1.88
10913,11.0,471.63,28.0,0.071,0.098,14.0,2.0,44.81,0.272,0.256,0.36
10914,4.0,127.92,3.0,0.195,0.051,76.0,0.0,33.78,0.381,0.269,1.6
10915,2.0,64.88,3.0,0.12,0.014,82.0,0.0,28.22,0.477,0.0,0.35
10916,5.0,0.0,12.0,0.254,0.059,37.0,1.0,0.0,0.688,0.176,0.88
10917,2.0,110.47,14.0,0.225,0.039,56.0,1.0,49.83,0.171,0.24,0.44
10918,26.0,1235.05,52.0,0.049,0.056,7.0,1.0,46.71,0.189,0.136,1.86
10919,4.0,65.94,7.0,0.03,0.1,37.0,1.0,16.46,0.326,0.043,0.17
10920,10.0,397.95,24.0,0.072,0.07,10.0,3.0,38.88,0.534,0.116,2.24
10921,5.0,58.68,5.0,0.082,0.021,36.0,0.0,12.77,0.148,0.263,0.58
10922,4.0,108.49,15.0,0.122,0.04,29.0,1.0,30.78,0.547,0.328,1.34
10923,17.0,337.48,31.0,0.043,0.099,15.0,2.0,20.33,0.385,0.331,2.4
10924,13.0,554.24,34.0,0.066,0.047,16.0,2.0,41.77,0.339,0.26,1.95
10925,20.0,306.09,16.0,0.236,0.048,7.0,0.0,15.62,0.396,0.381,3.48
10926,1.0,83.13,2.0,0.081,0.061,142.0,0.0,83.13,0.643,0.115,0.88
10927,1.0,89.15,3.0,0.07,0.0,20.0,1.0,61.09,0.53,0.226,0.5
10928,13.0,805.81,44.0,0.081,0.029,17.0,1.0,61.78,0.388,0.2,0.58
10929,17.0,874.69,33.0,0.121,0.072,18.0,0.0,50.4,0.317,0.174,3.01
10930,15.0,496.69,8.0,0.04,0.051,6.0,0.0,33.21,0.196,0.202,0.3
10931,13.0,536.86,37.0,0.107,0.08,24.0,1.0,42.9,0.219,0.26,2.29
10932,0.0,73.24,7.0,0.154,0.06,36.0,1.0,73.24,0.678,0.181,0.47
10933,2.0,113.15,9.0,0.21,0.016,50.0,1.0,52.41,0.07,0.193,2.18
10934,11.0,268.18,40.0,0.098,0.031,18.0,1.0,23.97,0.755,0.342,2.4
10935,11.0,1232.32,49.0,0.022,0.014,6.0,0.0,116.34,0.711,0.199,0.89
10936,1.0,255.55,5.0,0.253,0.043,39.0,0.0,214.95,0.559,0.161,0.51
10937,1.0,245.44,10.0,0.115,0.035,51.0,1.0,245.44,0.612,0.0,0.0
10938,1.0,58.49,11.0,0.123,0.034,16.0,1.0,39.85,0.707,0.093,1.3
10939,3.0,101.0,6.0,0.17,0.071,15.0,2.0,30.7,0.496,0.243,2.14
10940,1.0,134.26,13.0,0.252,0.031,55.0,0.0,96.29,0.292,0.497,1.57
10941,6.0,321.64,32.0,0.1,,9.0,2.0,49.8,0.29,0.196,1.19
10942,17.0,782.99,67.0,0.26,0.181,19.0,1.0,47.25,0.444,0.134,0.64
10943,1.0,118.68,3.0,0.135,0.0,149.0,1.0,114.68,0.822,0.0,1.01
10944,2.0,101.93,16.0,0.238,0.045,10.0,1.0,46.53,0.598,0.059,0.0
10945,11.0,650.84,43.0,0.098,0.05,16.0,1.0,57.89,0.378,0.177,2.04
10946,5.0,573.62,27.0,0.066,0.018,19.0,1.0,121.38,0.305,0.078,2.79
10947,9.0,859.1,22.0,0.094,0.078,11.0,2.0,92.74,0.517,0.361,0.82
10948,0.0,115.12,2.0,0.097,0.045,104.0,1.0,115.12,0.2,0.092,0.26
10949,14.0,382.17,26.0,0.101,0.065,15.0,1.0,27.67,0.84,0.174,2.3
10950,17.0,1231.07,57.0,0.069,0.039,2.0,2.0,73.01,0.489,0.165,1.51
10951,16.0,513.94,32.0,0.104,0.095,10.0,0.0,33.13,0.425,0.055,2.79
10952,25.0,766.83,50.0,0.271,0.102,0.0,1.0,31.02,0.64,0.327,1.65
10953,4.0,502.58,24.0,0.071,0.063,9.0,1.0,120.32,0.438,0.282,1.06
10954,18.0,461.59,34.0,0.157,0.061,22.0,3.0,25.84,0.289,0.226,0.6
10955,4.0,129.79,10.0,0.172,0.074,33.0,1.0,33.83,0.298,0.313,1.56
10956,17.0,247.53,40.0,0.021,0.028,18.0,1.0,14.82,0.611,0.29,2.77
10957,22.0,622.53,32.0,0.102,0.042,23.0,0.0,28.61,0.332,0.235,3.17
10958,23.0,1434.22,46.0,0.011,0.076,6.0,2.0,63.71,0.465,0.291,2.15
10959,5.0,31.37,8.0,0.179,0.035,20.0,0.0,6.66,0.232,0.187,
10960,13.0,289.32,13.0,0.066,0.078,9.0,3.0,22.17,0.505,0.261,1.61
10961,0.0,140.56,7.0,0.216,0.077,54.0,0.0,140.56,0.318,0.021,1.42
10962,4.0,183.69,11.0,0.038,0.078,15.0,0.0,51.8,0.572,0.327,2.06
10963,7.0,163.3,1.0,0.193,0.062,65.0,2.0,24.56,0.263,0.627,0.17
10964,3.0,87.18,11.0,0.218,0.093,34.0,2.0,27.03,0.207,0.346,0.28
10965,18.0,459.08,28.0,0.104,0.115,12.0,1.0,25.01,0.323,0.191,
10966,8.0,488.98,35.0,0.09,0.047,6.0,3.0,64.74,0.85,0.325,3.11
10967,18.0,2054.43,39.0,0.104,0.029,11.0,4.0,116.77,0.235,0.346,1.94
10968,1.0,4.66,7.0,0.019,0.04,40.0,0.0,4.66,0.595,0.189,1.55
10969,26.0,2303.5,26.0,0.015,0.029,0.0,3.0,89.38,0.3,0.326,2.81
10970,1.0,104.37,16.0,0.204,0.067,26.0,0.0,104.37,0.58,0.485,
10971,3.0,74.87,6.0,0.106,0.0,19.0,0.0,24.47,0.381,0.265,0.95
10972,9.0,672.18,46.0,0.421,0.022,7.0,1.0,73.17,0.561,0.0,0.89
10973,17.0,644.64,62.0,0.065,0.025,0.0,1.0,38.21,0.469,0.264,1.25
10974,14.0,198.35,58.0,0.414,0.009,3.0,1.0,13.97,0.585,0.256,1.2
10975,10.0,809.28,26.0,0.097,0.114,5.0,1.0,83.37,0.436,0.31,1.1
10976,29.0,1795.18,45.0,0.092,0.013,2.0,2.0,61.94,0.529,0.262,3.98
10977,17.0,473.39,19.0,0.095,0.058,11.0,1.0,28.04,0.724,0.0,1.49
10978,13.0,764.38,29.0,0.128,0.03,5.0,3.0,57.96,0.521,0.042,1.68
10979,16.0,705.96,33.0,0.47,0.087,0.0,3.0,45.27,0.965,0.245,1.84
10980,37.0,1520.22,43.0,0.087,0.059,10.0,3.0,41.2,0.782,0.359,3.11
10981,23.0,633.64,50.0,0.473,0.103,12.0,1.0,27.45,0.296,0.392,1.37
10982,14.0,632.09,19.0,0.118,0.039,12.0,0.0,44.75,0.586,0.117,1.62
10983,14.0,552.9,45.0,0.378,0.082,6.0,3.0,40.9,0.824,0.34,0.88
10984,3.0,179.46,13.0,0.152,0.04,35.0,3.0,64.79,0.468,0.122,1.99
10985,25.0,1714.81,81.0,0.025,0.003,12.0,0.0,68.76,0.075,0.207,1.26
10986,0.0,44.29,7.0,0.317,0.07,35.0,0.0,44.29,0.498,0.01,0.75
10987,20.0,669.17,48.0,0.179,0.1,3.0,1.0,33.61,0.518,0.312,1.34
10988,18.0,2503.97,62.0,0.053,0.049,6.0,2.0,136.9,0.131,0.123,2.35
10989,3.0,144.73,11.0,0.188,0.05,14.0,0.0,43.23,0.656,0.4,0.0
10990,26.0,864.51,46.0,0.419,,21.0,2.0,33.78,0.272,0.155,1.85
10991,18.0,976.81,68.0,0.072,0.075,0.0,1.0,53.26,0.466,0.245,2.59
10992,0.0,119.57,5.0,0.284,0.029,46.0,0.0,119.57,0.323,0.296,0.93
10993,2.0,141.04,11.0,0.277,0.029,26.0,0.0,60.61,0.446,0.281,1.45
10994,11.0,820.14,29.0,0.077,0.068,8.0,4.0,75.0,0.309,0.024,0.73
10995,3.0,124.38,8.0,0.087,0.0,37.0,0.0,44.49,0.392,0.182,0.62
10996,16.0,411.42,25.0,0.093,0.055,15.0,0.0,25.74,0.325,0.07,1.62
10997,16.0,685.95,22.0,0.101,0.08,14.0,1.0,43.67,0.304,0.258,2.27
10998,30.0,1903.24,72.0,0.065,0.018,4.0,2.0,63.95,0.375,0.249,1.31
10999,18.0,933.23,49.0,0.348,0.087,11.0,1.0,53.19,0.808,0.535,1.87
11000,23.0,2177.63,69.0,0.096,0.0,6.0,2.0,94.44,0.453,0.496,1.02
11001,4.0,142.11,9.0,0.018,0.037,41.0,1.0,32.07,0.371,0.0,2.73
11002,15.0,671.64,47.0,0.172,0.032,5.0,1.0,44.69,0.254,0.0,0.43
11003,18.0,691.97,24.0,0.129,0.066,7.0,0.0,38.65,0.247,0.273,1.16
11004,35.0,2171.4,56.0,0.064,0.009,10.0,1.0,61.29,0.421,0.194,2.14
11005,6.0,144.34,10.0,0.178,0.0,30.0,0.0,25.49,0.359,0.527,1.69
11006,20.0,711.56,33.0,0.057,0.0,6.0,2.0,35.71,0.522,0.389,0.65
11007,20.0,340.95,24.0,0.221,0.033,10.0,2.0,17.37,0.713,0.137,1.71
11008,11.0,760.93,23.0,0.066,0.055,17.0,1.0,66.98,0.541,0.448,2.1
11009,11.0,360.91,30.0,0.079,0.076,12.0,0.0,31.71,0.324,0.341,1.82
11010,15.0,300.21,38.0,0.11,0.0,9.0,2.0,20.17,0.403,0.182,1.91
11011,4.0,139.47,7.0,0.203,0.003,63.0,1.0,36.65,0.63,0.083,0.52
11012,22.0,601.82,30.0,0.086,0.0,2.0,1.0,27.06,0.544,0.573,2.88
11013,35.0,2139.22,52.0,0.034,0.035,3.0,1.0,60.86,0.512,,2.78
11014,22.0,596.22,52.0,0.207,0.111,15.0,3.0,27.42,0.535,0.229,0.0
11015,0.0,163.81,17.0,0.155,0.05,21.0,0.0,163.81,0.621,0.381,0.85
11016,2.0,42.24,6.0,0.114,0.0,26.0,0.0,22.34,0.314,0.184,0.0
11017,4.0,179.41,0.0,0.256,0.06,25.0,1.0,44.91,0.565,0.218,0.1
11018,2.0,74.71,1.0,0.001,0.041,18.0,2.0,37.3,0.414,0.0,1.92
11019,5.0,124.22,10.0,0.08,0.021,30.0,0.0,24.96,0.464,0.05,0.0
11020,5.0,250.13,5.0,0.146,0.039,38.0,0.0,52.44,0.588,0.17,1.43
11021,8.0,430.83,28.0,0.178,0.078,15.0,0.0,56.31,0.01,0.465,1.77
11022,20.0,522.11,47.0,0.447,0.059,19.0,3.0,26.01,0.611,0.227,1.89
11023,9.0,728.57,41.0,0.144,0.04,19.0,1.0,81.24,0.238,0.268,1.66
11024,8.0,439.53,15.0,0.226,0.0,19.0,0.0,55.43,0.702,0.0,2.79
11025,15.0,306.37,27.0,0.143,0.042,16.0,1.0,20.09,0.274,0.408,1.67
11026,33.0,1827.81,60.0,0.036,0.03,1.0,1.0,56.17,0.452,0.312,1.26
11027,5.0,137.48,4.0,0.178,0.0,42.0,0.0,25.8,0.299,0.141,1.65
11028,32.0,939.17,71.0,0.0,0.021,6.0,0.0,29.34,0.156,0.16,2.31
11029,3.0,79.58,1.0,0.249,0.029,44.0,1.0,24.94,0.43,0.184,1.33
11030,2.0,164.82,3.0,0.216,0.043,174.0,0.0,106.55,0.312,0.454,0.59
11031,2.0,98.49,5.0,0.117,0.034,27.0,0.0,53.8,0.553,0.193,0.92
11032,9.0,693.6,48.0,0.098,0.1,21.0,0.0,78.76,0.025,0.29,1.87
11033,7.0,245.88,25.0,0.073,0.035,31.0,0.0,37.05,0.672,0.005,2.25
11034,38.0,1523.47,32.0,0.0,0.032,16.0,3.0,39.88,0.371,0.342,2.98
11035,0.0,163.83,6.0,0.13,0.065,28.0,1.0,163.83,0.376,0.191,1.22
11036,2.0,99.57,4.0,0.217,0.005,103.0,0.0,63.11,0.352,0.1,1.12
11037,4.0,91.05,2.0,0.238,0.046,29.0,1.0,23.12,0.828,0.207,3.76
11038,2.0,105.73,7.0,0.185,0.089,22.0,0.0,67.96,0.216,0.403,0.52
11039,14.0,532.52,25.0,0.072,0.041,5.0,0.0,38.84,0.661,0.085,0.96
11040,17.0,586.37,19.0,0.05,0.086,14.0,0.0,33.57,0.778,0.243,1.78
11041,4.0,131.68,5.0,0.203,0.031,6.0,2.0,35.41,0.398,0.24,1.47
11042,3.0,137.23,14.0,0.259,0.021,34.0,0.0,40.85,0.145,0.059,0.38
11043,37.0,2169.29,78.0,0.046,0.023,9.0,4.0,58.09,0.08,0.378,2.36
11044,10.0,700.67,15.0,0.09,0.09,10.0,0.0,68.35,0.735,0.249,2.15
11045,2.0,76.45,11.0,0.02,0.035,38.0,0.0,41.12,0.672,0.02,0.79
11046,17.0,643.05,20.0,0.14,0.068,12.0,3.0,38.66,0.027,0.361,1.21
11047,3.0,129.86,10.0,0.178,0.019,11.0,1.0,45.97,0.427,0.215,0.63
11048,10.0,545.93,29.0,0.084,0.025,8.0,0.0,52.85,0.508,0.212,2.96
11049,1.0,111.35,3.0,0.247,0.045,123.0,1.0,111.35,0.13,0.101,1.38
11050,16.0,347.1,20.0,0.085,0.04,8.0,2.0,21.48,0.452,0.231,1.0
11051,5.0,73.87,8.0,0.15,0.064,2.0,0.0,14.0,0.653,0.477,1.7
11052,7.0,130.59,6.0,0.179,0.084,34.0,0.0,20.05,0.411,0.146,0.0
11053,1.0,59.83,7.0,0.261,0.051,19.0,0.0,59.83,0.335,0.004,0.0
11054,35.0,1801.34,55.0,0.056,0.051,12.0,2.0,51.92,0.238,0.3,1.85
11055,13.0,406.0,24.0,0.122,0.086,24.0,2.0,32.24,0.407,0.256,2.37
11056,32.0,1633.23,51.0,0.061,0.039,0.0,3.0,51.24,0.702,0.39,1.88
11057,6.0,412.39,28.0,0.13,0.0,9.0,1.0,73.57,0.418,0.389,2.04
11058,2.0,121.13,5.0,0.108,0.017,32.0,1.0,60.28,0.381,0.377,1.34
11059,10.0,586.01,44.0,0.301,0.128,20.0,2.0,57.44,0.45,0.315,1.33
11060,14.0,287.78,27.0,0.103,0.019,10.0,1.0,19.95,0.3,0.1,1.1
11061,1.0,145.05,11.0,0.221,0.064,17.0,1.0,122.96,0.08,0.151,0.58
11062,0.0,59.91,11.0,0.038,0.032,37.0,1.0,59.91,0.391,0.241,1.26
11063,3.0,170.53,8.0,0.18,0.048,9.0,1.0,49.2,0.444,0.245,0.93
11064,10.0,690.39,14.0,0.081,0.066,10.0,0.0,67.3,0.327,0.133,2.01
11065,9.0,576.49,14.0,0.109,0.044,9.0,3.0,66.54,0.545,0.038,3.92
11066,37.0,1191.03,48.0,0.064,0.036,7.0,0.0,31.92,0.254,0.321,2.47
11067,2.0,125.3,4.0,0.096,0.036,142.0,1.0,68.76,0.64,0.0,0.83
11068,5.0,137.31,14.0,0.128,0.018,7.0,1.0,30.12,0.238,0.253,2.17
11069,19.0,855.36,25.0,0.372,0.07,5.0,0.0,43.92,0.494,0.091,0.94
11070,16.0,442.49,32.0,0.035,0.027,13.0,2.0,27.25,0.578,0.167,1.96
11071,27.0,1405.04,85.0,0.037,0.048,6.0,0.0,51.6,0.802,0.215,2.5
11072,12.0,320.16,29.0,,0.109,21.0,0.0,27.01,0.554,0.05,2.52
11073,12.0,576.4,25.0,0.046,0.031,11.0,1.0,47.45,0.187,0.142,1.22
11074,9.0,611.98,24.0,0.07,0.053,12.0,1.0,68.61,0.262,0.322,2.02
11075,9.0,634.26,13.0,0.008,0.065,12.0,1.0,71.92,0.709,0.151,2.72
11076,13.0,779.36,40.0,0.416,0.078,26.0,0.0,59.8,0.237,0.273,0.77
11077,15.0,719.76,17.0,0.094,0.057,24.0,0.0,47.85,0.368,0.267,1.13
11078,32.0,1623.56,56.0,0.036,0.025,0.0,0.0,50.52,0.663,0.301,1.63
11079,22.0,1729.5,55.0,0.027,0.035,0.0,1.0,78.5,0.2,0.439,3.91
11080,15.0,648.65,41.0,0.376,0.09,8.0,3.0,44.53,0.922,0.296,1.93
11081,30.0,1198.81,84.0,0.135,0.023,11.0,2.0,40.12,0.533,0.434,3.12
11082,41.0,1609.03,58.0,0.003,0.009,9.0,2.0,39.65,0.329,0.305,2.1
11083,0.0,160.31,8.0,0.201,0.041,37.0,1.0,160.31,0.162,0.301,0.91
11084,1.0,118.54,3.0,0.161,0.048,38.0,2.0,118.54,0.116,0.227,0.22
11085,15.0,551.08,27.0,0.084,0.071,14.0,1.0,36.9,0.243,0.406,1.84
11086,4.0,217.85,8.0,0.205,0.0,63.0,1.0,56.89,0.176,0.114,0.98
11087,14.0,847.4,45.0,0.453,0.076,7.0,1.0,58.68,0.54,0.0,0.31
11088,32.0,1824.23,64.0,0.013,0.01,9.0,0.0,56.27,0.134,0.152,3.39
11089,11.0,501.28,26.0,0.121,0.001,2.0,0.0,45.49,0.413,0.0,1.87
11090,2.0,164.75,10.0,0.132,0.0,15.0,0.0,93.32,0.521,0.018,0.02
11091,22.0,1133.46,60.0,0.025,0.02,6.0,1.0,52.16,0.117,0.329,1.32
11092,32.0,1991.2,99.0,0.058,0.036,6.0,1.0,62.36,0.259,0.35,2.74
11093,4.0,74.9,8.0,0.159,0.051,53.0,0.0,21.35,0.737,0.124,1.77
11094,3.0,92.21,10.0,0.13,0.076,43.0,0.0,26.49,0.283,0.177,2.73
11095,5.0,113.14,6.0,0.106,0.012,43.0,1.0,24.92,0.064,0.209,0.0
11096,7.0,552.23,23.0,0.145,0.057,14.0,0.0,84.73,0.283,0.25,2.27
11097,1.0,80.23,0.0,0.085,0.086,108.0,0.0,68.83,0.206,0.0,0.26
11098,16.0,655.09,55.0,0.304,0.053,3.0,0.0,41.16,0.375,0.273,2.13
11099,24.0,611.73,48.0,0.418,0.148,7.0,1.0,25.88,0.65,0.107,0.64
11100,9.0,643.36,24.0,0.15,0.019,22.0,0.0,74.66,0.622,0.352,1.82
11101,3.0,169.16,14.0,0.101,0.103,34.0,1.0,58.57,0.296,0.134,0.16
11102,12.0,400.11,25.0,0.047,0.083,20.0,0.0,34.25,0.308,0.222,3.57
11103,22.0,496.33,46.0,0.318,0.082,11.0,3.0,22.84,0.711,0.159,0.0
11104,11.0,208.85,32.0,0.081,0.081,9.0,2.0,19.75,0.381,0.212,1.75
11105,24.0,2018.28,49.0,0.024,0.04,5.0,2.0,83.96,0.087,0.178,3.5
11106,18.0,1709.01,35.0,0.068,0.061,0.0,0.0,94.56,0.352,0.372,1.62
11107,4.0,159.75,12.0,0.068,0.048,14.0,1.0,40.05,0.543,0.348,1.0
11108,4.0,141.57,6.0,0.176,0.086,37.0,0.0,37.35,0.648,0.085,0.76
11109,34.0,1793.93,81.0,0.069,0.029,4.0,2.0,52.26,0.466,0.176,3.6
11110,1.0,112.82,1.0,0.177,0.007,60.0,2.0,77.66,0.249,0.218,1.48
11111,8.0,311.18,24.0,0.081,0.104,12.0,1.0,37.91,0.373,0.432,3.02
11112,2.0,159.6,6.0,0.076,0.05,57.0,0.0,82.45,0.052,0.542,1.51
11113,42.0,1911.8,61.0,0.066,0.038,2.0,2.0,45.06,0.395,0.182,1.23
11114,6.0,0.0,10.0,0.163,0.067,17.0,1.0,0.0,0.3,0.139,0.53
11115,8.0,370.6,29.0,0.093,0.047,18.0,2.0,45.84,0.567,0.14,0.35
11116,38.0,1974.53,33.0,0.003,0.039,0.0,3.0,51.98,0.161,0.0,3.53
11117,0.0,42.94,3.0,0.123,0.0,170.0,0.0,42.94,0.155,0.086,0.91
11118,5.0,0.0,2.0,0.064,0.048,0.0,1.0,0.0,0.749,0.263,0.0
11119,10.0,763.8,18.0,0.157,0.035,18.0,1.0,76.22,0.287,0.222,1.96
11120,16.0,2062.86,83.0,0.052,0.075,3.0,3.0,130.12,0.205,0.232,3.68
11121,12.0,421.97,30.0,0.149,0.062,1.0,2.0,34.65,0.787,0.068,1.34
11122,4.0,46.3,5.0,0.218,0.059,30.0,1.0,11.39,0.561,0.235,1.59
11123,2.0,183.97,13.0,0.249,0.011,60.0,0.0,117.42,0.083,0.155,0.9
11124,15.0,316.19,46.0,0.036,0.053,10.0,3.0,21.56,0.707,0.315,3.17
11125,0.0,14.36,3.0,0.156,0.0,119.0,1.0,14.36,0.821,0.323,0.85
11126,0.0,69.01,3.0,0.117,0.039,29.0,1.0,69.01,0.448,0.149,0.53
11127,42.0,2015.05,75.0,0.061,0.041,6.0,1.0,48.4,0.25,0.13,1.99
11128,9.0,476.17,29.0,0.085,0.078,14.0,1.0,53.97,0.043,0.212,0.64
11129,22.0,866.49,33.0,0.501,0.088,6.0,3.0,39.95,0.435,0.04,0.0
11130,19.0,2176.64,46.0,0.11,0.037,6.0,2.0,112.71,0.413,0.084,2.31
11131,6.0,582.96,32.0,0.146,0.037,19.0,0.0,102.08,0.612,0.405,2.11
11132,16.0,730.48,17.0,0.132,0.026,14.0,1.0,46.13,0.471,0.28,2.54
11133,10.0,714.69,38.0,0.137,0.086,5.0,1.0,70.18,0.883,0.286,1.94
11134,10.0,759.23,24.0,0.091,0.05,4.0,0.0,75.68,0.481,0.124,0.57
11135,1.0,132.75,12.0,0.115,0.043,55.0,1.0,89.19,0.699,0.047,0.4
11136,1.0,119.48,6.0,0.055,0.1,39.0,1.0,119.48,0.446,0.231,1.21
11137,22.0,2137.13,67.0,0.067,0.055,7.0,2.0,95.38,0.705,0.367,1.55
11138,5.0,91.93,8.0,0.173,0.103,48.0,1.0,18.82,0.433,0.256,1.53
11139,31.0,1569.87,81.0,0.039,0.034,1.0,0.0,50.43,0.074,0.141,3.47
11140,11.0,521.11,20.0,0.074,0.065,12.0,1.0,45.33,0.489,0.079,0.14
11141,19.0,616.33,34.0,0.409,0.062,4.0,1.0,32.03,0.799,0.403,0.0
11142,17.0,605.45,44.0,0.524,0.126,2.0,2.0,35.67,0.54,0.034,1.37
11143,1.0,0.0,1.0,0.09,0.03,115.0,0.0,0.0,0.57,0.0,0.32
11144,9.0,483.96,36.0,0.016,0.007,13.0,0.0,55.95,0.261,0.083,3.13
11145,18.0,575.22,48.0,0.358,0.091,16.0,2.0,31.88,0.876,0.175,0.63
11146,1.0,25.43,4.0,0.173,0.0,121.0,1.0,25.43,0.321,0.0,1.53
11147,9.0,536.67,43.0,0.077,0.054,13.0,0.0,61.25,0.094,0.295,1.91
11148,3.0,76.06,8.0,0.191,0.042,35.0,0.0,28.82,0.495,0.422,1.49
11149,36.0,1301.26,61.0,0.061,0.019,4.0,2.0,36.47,0.441,0.415,1.36
11150,26.0,517.37,40.0,0.337,0.125,15.0,2.0,19.78,0.775,0.106,0.83
11151,8.0,640.78,42.0,0.0,0.0,10.0,2.0,79.66,0.238,0.323,1.04
11152,34.0,2946.93,51.0,0.07,,6.0,2.0,87.47,0.493,0.119,3.51
11153,14.0,552.41,17.0,0.169,0.075,5.0,0.0,39.7,0.579,0.126,3.11
11154,13.0,672.14,39.0,0.136,0.058,3.0,1.0,51.97,0.677,0.003,1.2
11155,2.0,82.02,0.0,0.075,0.014,65.0,0.0,50.69,0.15,0.0,1.25
11156,12.0,501.7,23.0,0.151,0.014,4.0,1.0,42.0,0.488,0.243,2.56
11157,6.0,164.14,8.0,0.176,0.121,6.0,0.0,25.48,0.567,0.304,1.66
11158,5.0,63.89,12.0,0.135,0.0,35.0,0.0,12.29,0.592,0.329,0.0
11159,12.8596637386963,2286.709377418668,17.0,0.102,0.123,3.0,2.0,63.3,0.093,0.273,1.47
11160,31.0,940.02,52.0,0.096,0.037,8.0,1.0,30.11,0.054,0.296,2.49
11161,13.0,429.81,34.0,0.14,0.037,12.0,2.0,32.69,0.274,0.178,1.84
11162,17.0,655.28,17.0,0.0,0.056,10.0,1.0,39.5,0.23,0.252,2.31
11163,12.0,485.6,47.0,0.456,0.046,10.0,0.0,38.96,0.813,0.419,1.41
11164,13.0,1530.57,56.0,0.008,0.025,7.0,1.0,114.48,0.572,0.262,2.12
11165,12.0,406.07,37.0,0.153,0.038,16.0,1.0,35.21,0.437,0.328,2.04
11166,3.0,163.67,8.0,0.2,0.036,26.0,1.0,61.75,0.234,0.402,1.78
11167,1.0,78.0,3.0,0.178,0.074,88.0,1.0,75.76,0.706,0.214,0.92
11168,0.0,110.61,9.0,0.211,0.016,24.0,0.0,110.61,0.415,0.326,0.27
11169,1.0,110.73,3.0,0.0,0.027,59.0,0.0,79.64,0.423,0.022,0.79
11170,19.0,522.17,47.0,0.267,0.088,1.0,0.0,27.82,0.475,0.198,1.52
11171,26.0,871.02,32.0,0.368,0.144,16.0,0.0,33.35,0.752,0.369,0.54
11172,8.0,492.32,28.0,0.145,0.008,11.0,4.0,65.45,0.253,,1.37
11173,2.0,148.07,3.0,0.009,0.012,66.0,1.0,71.71,0.388,0.249,0.32
11174,25.0,2238.4,60.0,0.083,0.077,12.0,0.0,88.32,0.55,0.153,2.25
11175,13.0,818.39,47.0,0.48,0.107,19.0,3.0,64.74,0.463,0.321,1.45
11176,36.0,1910.35,75.0,,0.029,9.0,1.0,52.41,0.519,0.356,2.33
11177,31.0,1592.27,40.0,0.069,0.037,2.0,2.0,50.56,0.116,0.1,1.52
11178,6.0,594.42,31.0,0.109,0.03,29.0,1.0,100.66,0.468,0.255,2.42
11179,1.0,33.76,3.0,0.201,0.0,93.0,0.0,26.86,0.501,0.189,0.06
11180,14.0,284.45,34.0,0.01,0.04,12.0,1.0,20.85,0.361,0.21,1.24
11181,13.0,536.86,22.0,0.125,0.077,17.0,2.0,40.47,0.194,0.184,3.04
11182,14.0,277.46,26.0,0.106,0.049,14.0,1.0,19.21,0.158,0.003,2.82
11183,1.0,176.02,0.0,0.171,0.092,35.0,1.0,150.51,0.277,0.184,1.09
11184,4.0,165.27,5.0,0.188,0.093,25.0,2.0,44.16,0.471,0.272,0.15
11185,5.0,124.27,7.0,0.098,0.004,13.0,1.0,22.86,0.433,0.193,1.02
11186,18.0,434.71,48.0,0.262,0.106,10.0,2.0,24.5,0.746,0.048,1.84
11187,32.0,2154.23,25.0,0.091,0.06,12.0,0.0,68.03,0.48,0.099,1.92
11188,20.0,496.57,40.0,0.01,0.052,12.0,0.0,25.13,0.237,0.063,2.21
11189,13.0,291.88,27.0,0.097,0.063,0.0,1.0,22.21,0.334,0.244,1.31
11190,15.0,689.52,20.0,0.145,0.074,14.0,1.0,47.55,0.149,0.228,1.49
11191,18.0,449.73,31.0,0.085,0.106,8.0,2.0,25.19,0.205,0.102,2.7
11192,1.0,253.65,10.0,0.066,0.082,34.0,1.0,253.65,0.414,0.164,1.2
11193,13.0,1582.97,63.0,0.087,0.062,6.0,0.0,123.24,0.156,0.149,2.7
11194,6.0,182.46,3.0,0.196,0.063,14.0,1.0,30.51,0.527,0.244,0.4
11195,8.0,550.38,31.0,0.114,0.068,9.0,2.0,69.82,0.26,0.1,0.41
11196,2.0,195.76,5.0,0.215,0.076,46.0,1.0,125.43,0.475,0.08,2.77
11197,18.0,575.47,35.0,0.052,0.025,17.0,2.0,31.93,0.384,0.314,3.88
11198,12.0,491.34,19.0,0.11,0.02,16.0,1.0,39.63,0.716,0.234,1.77
11199,18.0,1653.66,72.0,0.063,0.046,0.0,0.0,90.05,0.374,0.141,2.62
11200,1.0,82.21,7.0,0.247,0.0,21.0,1.0,65.42,0.336,0.105,0.79
11201,3.0,121.59,8.0,0.216,0.084,49.0,0.0,42.1,0.299,,0.0
11202,37.0,2325.7,67.0,0.047,0.039,9.0,3.0,63.43,0.687,0.296,3.76
11203,5.0,55.87,6.0,0.171,0.084,19.0,0.0,10.45,0.856,0.174,0.4
11204,44.0,1866.92,52.0,0.014,0.021,6.0,0.0,42.31,0.423,0.057,1.16
11205,41.0,1765.58,36.0,0.036,0.014,6.0,3.0,43.26,0.592,0.45,1.45
11206,1.0,72.2,10.0,0.202,0.013,54.0,1.0,58.78,0.243,0.109,1.37
11207,21.0,612.37,55.0,0.37,0.033,17.0,1.0,29.68,0.419,0.349,0.0
11208,2.0,38.18,2.0,0.098,0.0,111.0,1.0,23.1,0.292,0.02,0.0
11209,10.0,557.16,19.0,0.03,0.037,25.0,1.0,57.85,0.782,0.166,1.01
11210,17.0,727.49,58.0,0.461,0.097,21.0,3.0,42.07,0.887,0.054,0.33
11211,3.0,91.73,16.0,0.306,0.108,36.0,1.0,30.16,0.257,0.294,0.81
11212,18.0,146.76,29.0,0.052,0.05,7.0,1.0,8.01,0.526,0.011,1.65
11213,26.0,1941.98,39.0,0.066,0.067,14.0,2.0,74.72,0.358,0.234,3.27
11214,21.0,904.77,51.0,0.24,0.109,8.0,0.0,42.37,0.277,0.14,1.89
11215,16.0,518.1,22.0,0.0,0.025,28.0,1.0,31.7,0.584,0.128,0.81
11216,2.0,61.43,6.0,0.195,0.0,153.0,1.0,26.73,0.777,0.104,1.69
11217,17.0,785.8,70.0,0.048,0.048,3.0,3.0,45.1,0.308,0.573,0.0
11218,1.0,131.99,1.0,0.216,0.08,36.0,1.0,88.28,0.603,0.078,0.32
11219,2.0,0.0,2.0,0.227,0.08,71.0,0.0,0.0,0.641,0.029,0.02
11220,13.0,253.71,41.0,0.398,0.103,17.0,2.0,19.0,0.468,0.426,0.0
11221,9.0,394.63,17.0,0.177,0.075,14.0,2.0,44.28,0.439,0.215,3.04
11222,17.0,2420.5,65.0,0.034,0.025,7.0,3.0,146.57,0.146,0.26,0.82
11223,12.0,554.72,20.0,0.157,0.087,7.0,3.0,46.23,0.461,0.161,1.12
11224,2.0,104.96,7.0,0.264,0.064,32.0,0.0,59.95,0.217,0.198,0.58
11225,10.0,655.12,28.0,0.002,0.032,19.0,1.0,65.71,0.842,0.089,0.44
11226,4.0,120.17,9.0,0.256,0.0,45.0,2.0,32.26,0.761,0.292,0.02
11227,12.0,318.59,34.0,0.078,0.072,20.0,1.0,26.5,0.28,0.058,0.87
11228,3.0,0.0,11.0,0.184,0.018,20.0,1.0,0.0,0.591,0.127,0.0
11229,12.0,414.95,17.0,0.074,0.082,12.0,0.0,35.22,0.079,0.01,0.71
11230,5.0,57.96,8.0,0.099,0.08,36.0,0.0,10.87,0.061,0.254,0.0
11231,2.0,52.05,12.0,0.155,0.109,30.0,0.0,28.17,0.467,0.177,0.38
11232,0.0,31.3,12.0,0.298,0.072,56.0,0.0,31.3,0.42,0.044,0.77
11233,22.0,456.56,41.0,0.41,0.066,14.0,1.0,20.46,0.71,0.139,3.51
11234,8.0,710.31,35.0,0.102,0.119,10.0,1.0,85.69,0.482,0.159,1.86
11235,16.0,533.15,19.0,0.134,0.0,12.0,0.0,33.63,0.421,0.336,2.06
11236,3.0,88.13,13.0,0.199,0.052,52.0,0.0,30.93,0.297,0.375,1.56
11237,2.0,70.06,3.0,0.209,0.067,54.0,0.0,31.45,0.119,0.138,0.0
11238,23.0,887.82,50.0,0.283,0.099,13.0,2.0,39.44,0.304,0.085,0.57
11239,27.0,851.62,51.0,0.471,0.13,13.0,2.0,31.41,0.308,0.26,0.3
11240,6.0,58.76,0.0,0.195,0.014,39.0,0.0,9.7,0.556,0.33,0.89
11241,6.0,151.24,10.0,0.178,0.0,37.0,2.0,27.2,0.233,0.314,1.44
11242,22.0,454.52,32.0,0.436,0.114,0.0,1.0,20.35,0.367,0.234,1.1
11243,9.0,315.92,43.0,0.06,0.036,13.0,2.0,35.04,0.465,0.178,3.05
11244,3.0,73.65,5.0,0.205,0.082,70.0,0.0,26.88,0.168,0.139,1.13
11245,4.0,118.28,15.0,0.19,0.058,34.0,0.0,33.61,0.882,0.086,0.0
11246,1.0,119.11,2.0,0.098,0.021,97.0,0.0,111.51,0.113,0.196,1.28
11247,2.0,12.11,0.0,0.107,0.07,133.0,0.0,7.28,0.709,0.261,0.0
11248,4.0,0.0,3.0,0.096,0.0,12.0,1.0,0.0,0.246,,2.03
11249,4.0,684.7,30.0,0.038,0.04,11.0,1.0,177.11,0.146,0.136,2.14
11250,20.0,604.72,29.0,0.28,0.077,0.0,1.0,30.38,0.436,0.202,1.06
11251,1.0,80.03,11.0,0.177,0.024,47.0,0.0,66.9,0.137,0.281,2.33
11252,2.0,127.46,1.0,0.18,0.036,40.0,2.0,60.1,0.495,0.103,0.75
11253,17.0,738.21,34.0,,0.05,17.0,2.0,43.4,0.349,0.301,0.46
11254,7.0,185.77,7.0,0.205,0.094,57.0,0.0,26.3,0.239,0.215,0.0
11255,3.0,29.4,6.0,0.055,0.063,106.0,0.0,9.6,0.6,,0.27
11256,16.0,695.19,33.0,0.127,0.009,15.0,1.0,44.52,0.16,0.094,4.5
11257,4.0,72.21,10.0,0.165,0.093,0.0,1.0,17.07,0.655,0.213,1.0
11258,19.0,355.74,68.0,0.301,0.053,15.0,2.0,18.93,0.755,0.26,0.4
11259,1.0,73.28,3.0,0.049,0.021,77.0,1.0,73.28,0.457,0.099,1.07
11260,17.0,542.48,53.0,0.484,0.039,20.0,2.0,32.68,0.302,0.228,0.15
11261,11.0,536.13,41.0,0.102,0.086,0.0,2.0,50.67,0.288,,2.18
11262,29.0,1582.31,53.0,0.019,0.012,11.0,1.0,54.01,0.199,0.321,1.73
11263,11.0,413.22,39.0,0.069,0.044,10.0,0.0,37.82,0.153,0.281,1.03
11264,14.0,434.33,63.0,0.347,0.146,23.0,2.0,31.16,0.65,0.0,0.83
11265,9.0,423.1,31.0,0.065,0.027,0.0,0.0,47.02,0.581,0.358,1.68
11266,7.0,338.64,34.0,0.124,0.06,9.0,0.0,47.85,0.427,0.122,2.0
11267,5.0,179.32,7.0,0.29,0.074,36.0,1.0,33.96,0.187,0.18,1.22
11268,5.0,99.81,0.0,0.202,0.044,22.0,1.0,22.13,0.166,0.102,1.32
11269,7.0,329.41,42.0,0.081,0.049,9.0,0.0,45.1,0.329,,3.0
11270,6.0,105.69,12.0,0.144,0.065,51.0,0.0,17.46,0.391,0.19,0.2
11271,1.0,67.54,6.0,0.127,0.091,36.0,0.0,45.43,0.581,0.075,0.96
11272,51.0,1562.05,73.0,0.036,0.04,5.0,0.0,30.84,0.645,0.164,2.69
11273,1.0,121.8,11.0,0.091,0.034,39.0,0.0,86.18,0.324,0.177,2.25
11274,17.0,527.77,61.0,0.342,0.157,4.0,1.0,30.38,0.58,0.287,1.67
11275,18.0,435.84,20.0,0.45,0.015,2.0,3.0,24.17,0.767,0.343,0.0
11276,3.0,90.59,5.0,0.175,,38.0,0.0,32.08,0.195,0.221,0.0
11277,11.0,745.44,56.0,0.254,0.074,21.0,0.0,66.61,0.333,0.19,0.43
11278,3.0,53.6,1.0,0.256,0.042,15.0,2.0,16.31,0.092,0.244,0.0
11279,28.0,1127.69,24.0,0.449,0.085,20.0,1.0,40.98,0.555,0.279,0.58
11280,2.0,227.02,6.0,0.164,0.011,34.0,1.0,119.44,0.289,0.468,1.34
11281,4.0,110.98,9.0,0.258,0.063,41.0,2.0,28.24,0.19,0.154,0.69
11282,33.0,1903.11,58.0,0.088,0.021,6.0,0.0,57.63,0.619,0.452,2.0
11283,24.0,2273.6,69.0,0.063,0.046,9.0,1.0,96.09,0.503,0.178,2.91
11284,14.0,605.9,33.0,0.005,0.055,19.0,1.0,42.31,0.484,0.226,1.58
11285,3.0,22.75,4.0,0.109,0.066,16.0,1.0,7.95,0.159,0.166,0.67
11286,10.0,240.41,14.0,0.069,0.073,22.0,2.0,25.28,0.722,0.338,1.1
11287,1.0,171.67,4.0,0.167,0.025,116.0,1.0,116.11,0.308,0.238,0.41
11288,18.0,587.6,33.0,0.067,0.102,10.0,0.0,32.46,0.689,0.187,2.71
11289,16.0,434.31,40.0,0.351,0.194,7.0,2.0,27.34,0.813,0.126,1.63
11290,1.0,138.3,5.0,0.097,0.029,97.0,1.0,138.3,0.232,0.074,1.33
11291,12.0,434.87,29.0,0.067,0.072,20.0,0.0,35.98,0.394,0.185,2.33
11292,0.0,224.21,9.0,0.25,0.062,28.0,1.0,224.21,0.279,0.146,1.65
11293,10.0,676.47,16.0,0.161,0.022,11.0,1.0,68.05,0.344,0.283,2.07
11294,0.0,101.87,6.0,0.189,0.0,25.0,0.0,101.87,0.48,0.075,1.06
11295,29.0,2737.93,54.0,0.04,0.031,1.0,0.0,94.77,0.305,0.412,2.18
11296,13.0,107.96,29.0,0.123,0.104,12.0,0.0,8.0,0.179,0.286,2.77
11297,2.0,124.17,6.0,0.125,0.012,56.0,1.0,51.58,0.271,,1.29
11298,3.0,68.54,6.0,0.129,0.022,24.0,1.0,24.9,0.271,0.256,0.0
11299,1.0,99.06,5.0,0.169,0.049,90.0,1.0,84.98,0.296,0.084,1.49
11300,17.0,921.8,32.0,0.257,0.069,14.0,2.0,55.57,0.433,0.385,1.69
11301,2.0,118.87,7.0,0.123,0.057,44.0,0.0,55.35,0.548,0.065,1.08
11302,3.0,92.24,14.0,0.188,0.0,28.0,2.0,35.05,0.016,0.406,0.66
11303,4.0,140.75,8.0,0.251,0.015,45.0,2.0,34.48,0.577,0.147,1.75
11304,11.0,400.32,24.0,0.138,0.023,5.0,2.0,34.93,0.541,0.308,1.69
11305,1.0,53.18,3.0,0.03,0.031,112.0,0.0,45.11,0.339,0.0,2.26
11306,3.0,142.93,5.0,0.25,0.0,45.0,2.0,41.19,0.933,,1.78
11307,2.0,211.66,12.0,0.125,0.016,30.0,0.0,104.27,0.324,0.273,2.13
11308,4.0,9.19,7.0,0.259,0.06,40.0,0.0,2.04,0.119,0.073,1.03
11309,18.0,932.27,49.0,0.336,0.106,15.0,0.0,52.09,0.467,0.327,1.79
11310,27.0,1318.65,31.0,,0.04,7.0,2.0,48.81,0.498,0.015,0.78
11311,39.0,2184.43,41.0,0.053,0.052,6.0,2.0,56.1,0.633,0.254,2.19
11312,24.0,1508.22,66.0,0.08,0.062,2.0,1.0,62.35,0.363,0.277,1.86
11313,1.0,4.57,10.0,0.049,0.022,39.0,0.0,4.57,0.437,0.341,1.43
11314,27.0,1468.28,25.0,0.032,0.024,4.0,2.0,54.49,0.221,0.224,2.53
11315,3.0,66.96,3.0,0.014,0.096,43.0,0.0,23.91,0.586,0.222,0.99
11316,20.0,680.7,60.0,0.441,0.117,10.0,0.0,34.52,0.405,0.292,2.69
11317,9.0,109.71,17.0,0.048,0.067,17.0,1.0,12.52,0.513,0.239,2.18
11318,3.0,109.82,10.0,0.212,0.051,36.0,0.0,34.75,0.625,0.396,0.0
11319,18.0,603.78,41.0,0.142,0.115,6.0,3.0,33.86,0.519,0.121,2.87
11320,16.0,811.76,27.0,0.094,0.053,10.0,1.0,50.32,0.688,0.149,1.17
11321,16.0,179.05,23.0,0.028,0.058,16.0,2.0,11.16,0.233,0.12,2.5
11322,43.0,2342.7,41.0,0.098,0.021,7.0,1.0,54.7,0.145,0.183,2.49
11323,0.0,93.91,10.0,0.289,0.038,45.0,0.0,93.91,0.137,0.182,1.15
11324,8.0,546.36,19.0,0.5,0.123,16.0,0.0,68.54,0.713,0.385,1.04
11325,3.0,0.0,2.0,0.222,0.013,24.0,2.0,0.0,0.663,0.219,0.09
11326,32.0,1201.99,54.0,0.052,0.073,0.0,0.0,38.13,0.36,0.243,1.51
11327,9.0,594.99,28.0,0.109,0.076,3.0,1.0,63.02,0.343,0.115,2.54
11328,1.0,25.7,5.0,0.0,0.0,59.0,0.0,25.7,0.872,0.224,0.0
11329,19.0,366.01,58.0,0.574,0.127,24.0,1.0,19.45,0.306,0.042,0.0
11330,18.0,668.08,64.0,0.39,0.044,0.0,2.0,36.57,0.341,0.278,0.65
11331,15.0,377.85,35.0,0.076,0.051,11.0,2.0,25.11,0.266,0.184,1.81
11332,6.0,0.0,15.0,0.268,0.035,46.0,0.0,0.0,0.457,0.446,1.61
11333,0.0,66.31,4.0,0.15,0.018,115.0,0.0,66.31,0.325,0.087,0.91
11334,19.0,627.76,32.0,0.08,0.045,5.0,1.0,33.19,0.381,0.294,2.51
11335,18.0,566.56,53.0,0.423,0.06,12.0,0.0,30.72,0.686,0.402,0.0
11336,19.927772930891685,771.3160742350345,32.0,0.153,0.0,15.0,0.0,24.76,0.635,0.381,1.4
11337,28.0,1354.65,45.0,0.0,0.04,11.0,0.0,48.77,0.286,0.259,1.41
11338,32.0,1981.7,37.0,0.102,0.033,5.0,2.0,62.07,0.847,0.289,1.75
11339,15.0,622.09,36.0,0.138,0.046,18.0,0.0,42.36,0.588,0.031,
11340,2.0,31.89,3.0,0.243,0.03,101.0,0.0,16.11,0.16,0.064,0.29
11341,4.0,427.79,38.0,0.031,0.108,8.0,1.0,104.14,0.621,0.237,3.42
11342,15.0,586.84,24.0,0.0,0.049,14.0,1.0,39.34,0.028,0.365,0.53
11343,1.0,40.27,4.0,0.136,0.007,100.0,0.0,36.93,0.522,0.17,0.0
11344,24.0,765.48,63.0,0.359,0.069,12.0,1.0,31.65,0.301,0.151,1.01
11345,11.0,977.51,25.0,0.138,0.048,11.0,2.0,88.85,0.19,0.0,1.46
11346,14.0,750.34,23.0,0.094,0.072,14.0,4.0,53.13,0.135,0.19,1.31
11347,15.0,619.01,22.0,0.185,0.05,15.0,1.0,39.97,0.097,0.218,1.13
11348,6.0,69.32,11.0,0.161,0.06,38.0,1.0,11.31,0.536,0.272,0.73
11349,0.0,90.47,1.0,0.211,0.048,129.0,0.0,90.47,0.521,0.221,0.54
11350,2.0,62.04,4.0,0.16,0.0,134.0,0.0,25.96,0.574,0.203,1.78
11351,39.0,1906.75,35.0,0.077,0.037,14.0,3.0,49.44,0.146,0.222,2.06
11352,19.0,181.75,32.0,0.109,0.057,13.0,2.0,9.64,0.429,0.155,1.23
11353,17.0,938.26,52.0,0.4,0.028,9.0,2.0,53.73,0.207,0.133,0.96
11354,9.0,707.67,32.0,0.088,0.072,6.0,1.0,79.39,0.522,0.25,4.4
11355,20.0,877.07,49.0,0.332,0.148,10.0,0.0,44.59,0.442,0.172,0.49
11356,19.0,735.42,35.0,0.288,0.069,12.0,1.0,37.84,0.364,0.25,1.21
11357,5.0,94.9,2.0,0.103,0.004,7.0,1.0,20.15,0.542,0.272,0.32
11358,2.0,82.44,8.0,0.141,0.0,19.0,0.0,35.77,0.193,0.0,0.83
11359,12.0,693.26,31.0,0.249,0.025,6.0,1.0,56.3,0.374,0.263,0.59
11360,5.0,35.36,10.0,0.201,0.0,26.0,1.0,6.56,0.624,0.153,0.35
11361,2.0,95.0,8.0,0.213,0.045,63.0,1.0,62.14,0.768,0.109,0.0
11362,15.0,638.9,5.0,0.058,0.066,8.0,2.0,43.49,0.273,0.292,2.37
11363,7.0,642.45,31.0,0.088,0.051,14.0,1.0,91.88,0.36,0.313,2.83
11364,0.0,136.33,10.0,0.262,0.034,26.0,0.0,136.33,0.605,0.168,1.12
11365,25.0,1201.99,45.0,0.029,0.039,4.0,3.0,48.67,0.254,0.074,2.41
11366,0.0,189.19,7.0,,0.015,20.0,0.0,189.19,0.253,0.053,1.88
11367,8.0,812.65,15.0,0.003,0.065,21.0,1.0,105.88,0.279,0.167,2.84
11368,5.0,169.56,12.0,0.171,0.02,56.0,0.0,35.69,0.619,0.024,1.74
11369,30.0,1758.19,57.0,0.023,0.023,10.0,4.0,59.23,0.43,0.275,2.65
11370,8.0,488.06,28.0,0.213,0.02,21.0,3.0,62.41,0.564,0.235,3.88
11371,10.0,420.04,32.0,0.17,0.033,9.0,2.0,42.68,0.29,0.443,2.39
11372,5.0,53.52,1.0,0.24,0.073,187.0,1.0,11.3,0.466,0.228,2.06
11373,26.0,1748.22,48.0,0.064,0.03,0.0,1.0,67.45,0.494,0.194,1.25
11374,17.0,793.73,24.0,0.146,0.04,8.0,2.0,47.59,0.467,0.083,1.6
11375,11.0,318.74,28.0,0.047,0.037,14.0,1.0,28.91,0.294,0.168,2.58
11376,12.0,885.38,44.0,0.257,0.073,6.0,2.0,72.33,0.312,,0.0
11377,29.0,835.57,45.0,0.301,0.092,17.0,1.0,28.65,0.293,0.065,1.07
11378,19.0,684.97,33.0,0.102,0.077,9.0,1.0,35.55,0.252,0.176,1.66
11379,19.0,499.78,44.0,0.306,0.076,18.0,3.0,26.73,0.494,0.19,0.32
11380,17.0,523.62,20.0,0.096,0.066,20.0,2.0,30.24,0.502,0.411,2.93
11381,4.0,113.8,8.0,0.116,0.034,39.0,1.0,27.29,0.535,0.204,1.82
11382,11.0,359.08,37.0,0.014,0.033,21.0,1.0,32.6,0.096,0.15,1.52
11383,12.0,291.05,28.0,0.037,0.034,12.0,2.0,24.43,0.405,0.325,2.24
11384,20.0,621.06,31.0,0.374,0.142,0.0,1.0,30.91,0.595,0.389,1.85
11385,4.0,113.66,16.0,0.111,0.062,44.0,0.0,25.83,0.125,0.231,1.5
11386,2.0,142.02,5.0,0.198,0.014,117.0,0.0,61.9,0.576,0.0,2.17
11387,28.0,383.53,47.0,0.428,0.092,3.0,3.0,13.93,0.551,0.361,1.2
11388,11.0,804.57,36.0,0.029,0.026,13.0,1.0,71.02,0.412,0.0,1.24
11389,6.0,40.53,7.0,0.197,0.0,23.0,0.0,6.46,0.615,0.11,1.23
11390,3.0,0.0,13.0,0.233,0.013,30.0,0.0,0.0,0.378,0.0,0.0
11391,13.0,927.96,35.0,0.302,0.13,7.0,1.0,73.23,0.67,0.216,0.27
11392,15.0,713.36,21.0,0.209,0.035,4.0,0.0,48.87,0.225,0.146,2.27
11393,15.0,659.61,63.0,0.29,0.086,2.0,1.0,43.44,0.36,0.344,1.33
11394,18.0,820.47,21.0,0.097,0.076,0.0,1.0,44.38,0.25,0.372,2.33
11395,16.0,576.56,38.0,0.079,0.075,13.0,1.0,35.81,0.401,0.215,1.47
11396,13.0,635.06,32.0,0.092,0.038,9.0,1.0,49.82,0.734,0.272,2.68
11397,17.0,582.86,53.0,0.445,0.066,12.0,1.0,33.88,0.838,0.318,0.35
11398,22.0,1507.77,72.0,0.007,0.005,8.0,3.0,68.6,0.512,0.231,0.9
11399,33.0,1467.2,47.0,0.01,0.056,4.0,1.0,44.58,0.118,0.096,1.33
11400,0.0,34.86,6.0,0.033,0.079,4.0,1.0,34.86,0.326,0.141,1.66
11401,13.0,530.01,15.0,0.213,0.001,19.0,2.0,40.9,0.468,0.266,2.92
11402,3.0,90.03,9.0,,0.0,43.0,1.0,31.33,0.324,0.242,0.38
11403,2.0,105.04,4.0,0.145,0.053,68.0,1.0,55.11,0.167,0.023,0.0
11404,19.0,643.68,56.0,0.315,0.104,15.0,0.0,33.32,0.477,0.134,0.97
11405,26.0,2470.8,42.0,0.017,0.033,7.0,1.0,95.21,0.458,0.241,2.4
11406,9.0,518.14,24.0,0.068,0.078,13.0,1.0,56.55,0.449,0.294,0.93
11407,0.0,150.78,2.0,0.139,0.003,123.0,1.0,150.78,0.493,0.0,0.16
11408,4.0,25.39,7.0,0.155,0.06,25.0,1.0,6.46,0.41,0.427,0.55
11409,10.0,358.5,9.0,0.014,0.125,11.0,0.0,34.45,0.563,0.223,3.54
11410,0.0,113.04,2.0,0.151,0.04,42.0,0.0,113.04,0.818,0.0,1.44
11411,28.0,1155.44,49.0,0.015,0.049,1.0,0.0,40.57,0.506,0.158,1.95
11412,3.0,73.15,5.0,0.09,0.049,30.0,1.0,22.16,0.335,0.187,0.17
11413,12.0,701.85,35.0,0.091,0.015,7.0,0.0,61.03,0.442,0.224,2.31
11414,30.0,1684.81,80.0,0.083,0.045,2.0,1.0,56.89,0.542,0.085,2.48
11415,14.0,548.84,28.0,0.064,0.0,9.0,0.0,38.3,0.484,0.197,1.87
11416,0.0,48.22,4.0,0.119,0.046,127.0,1.0,48.22,0.72,0.188,0.48
11417,6.0,181.12,3.0,0.0,0.063,26.0,0.0,29.03,0.705,0.163,0.0
11418,2.0,112.81,8.0,0.143,0.061,64.0,0.0,48.7,0.641,0.099,0.88
11419,15.0,1000.49,67.0,0.469,0.127,1.0,2.0,66.6,0.643,0.318,0.4
11420,4.0,118.47,17.0,0.171,0.042,42.0,0.0,26.85,0.518,0.231,2.12
11421,12.0,556.2,21.0,0.094,0.064,9.0,1.0,46.26,0.229,0.226,0.96
11422,3.0,133.36,19.0,0.243,0.01,13.0,0.0,51.49,0.571,0.322,0.0
11423,16.0,752.22,53.0,0.457,0.126,9.0,1.0,46.14,0.671,0.245,1.32
11424,1.0,110.76,13.0,0.0,0.0,3.0,0.0,110.76,0.372,0.212,2.17
11425,4.0,484.54,26.0,0.12,0.003,16.0,2.0,115.29,0.41,0.46,2.01
11426,4.0,179.86,0.0,0.239,0.014,38.0,1.0,46.59,0.732,0.13,1.12
11427,10.0,569.79,28.0,0.119,0.077,1.0,2.0,58.36,0.318,0.245,0.86
11428,16.0,324.62,32.0,0.118,0.077,9.0,1.0,19.84,0.113,0.3,2.07
11429,3.0,57.91,16.0,0.242,0.065,10.0,0.0,17.19,0.535,0.071,0.0
11430,15.0,718.55,37.0,0.176,0.0,15.0,0.0,49.49,0.368,0.253,1.65
11431,7.0,23.28,6.0,0.128,0.0,47.0,1.0,3.17,0.407,0.247,0.79
11432,5.0,172.57,5.0,0.007,0.052,52.0,1.0,32.04,0.176,0.151,1.18
11433,0.0,112.62,5.0,0.116,0.0,92.0,1.0,112.62,0.285,0.248,0.12
11434,16.0,595.41,52.0,0.448,0.157,13.0,3.0,37.95,0.408,0.275,0.0
11435,36.0,1678.58,45.0,0.065,0.037,10.0,2.0,46.67,0.316,0.287,2.2
11436,8.0,661.0,26.0,0.054,0.06,0.0,2.0,80.36,0.243,0.378,2.66
11437,13.0,242.09,29.0,0.036,0.068,9.0,1.0,19.06,0.934,0.206,3.43
11438,19.0,442.32,23.0,0.101,0.048,20.0,2.0,22.7,0.082,0.202,2.29
11439,25.0,472.75,41.0,0.434,0.131,16.0,2.0,18.72,0.569,0.215,1.05
11440,7.0,707.27,41.0,0.074,0.0,3.0,3.0,100.46,0.409,0.06,1.26
11441,2.0,108.29,8.0,0.141,0.048,45.0,1.0,44.13,0.179,0.302,1.16
11442,2.0,212.36,0.0,0.153,0.048,38.0,0.0,105.67,0.287,0.071,0.27
11443,23.0,1634.2,76.0,0.03,0.037,12.0,2.0,72.05,0.24,0.136,1.83
11444,2.0,245.23,9.0,0.27,0.083,21.0,1.0,142.67,0.097,0.185,0.38
11445,9.0,647.56,22.0,0.071,0.029,9.0,0.0,74.2,0.207,0.279,3.06
11446,2.0,17.04,4.0,0.195,0.001,46.0,1.0,9.02,0.358,0.167,1.81
11447,26.0,2466.96,79.0,0.012,0.027,11.0,0.0,96.52,0.543,0.346,0.89
11448,9.0,440.24,33.0,0.059,0.074,10.0,2.0,46.72,0.114,0.089,3.22
11449,4.0,79.54,10.0,0.112,0.01,38.0,1.0,21.41,0.442,0.264,1.08
11450,19.0,862.95,31.0,0.211,0.067,12.0,1.0,45.91,0.863,0.54,1.19
11451,0.0,123.96,7.0,0.224,0.089,51.0,1.0,123.96,0.48,0.119,2.48
11452,17.0,433.12,22.0,0.096,0.08,2.0,0.0,25.77,0.267,0.157,2.57
11453,14.0,588.06,25.0,0.01,0.054,6.0,2.0,42.19,0.656,0.412,0.76
11454,28.0,1899.06,24.0,0.052,0.054,7.0,2.0,67.96,0.528,0.07,3.84
11455,2.0,238.89,8.0,0.121,0.033,40.0,1.0,126.34,0.522,0.213,0.73
11456,2.0,86.41,11.0,0.231,0.049,47.0,0.0,53.58,0.188,0.161,0.83
11457,22.0,495.29,31.0,0.376,0.034,5.0,0.0,22.77,0.357,0.029,0.15
11458,10.0,483.71,33.0,0.111,0.116,17.0,0.0,46.94,0.418,0.336,3.15
11459,35.0,2538.45,62.0,0.04,0.073,6.0,0.0,71.91,0.161,0.139,1.83
11460,16.0,462.98,21.0,0.04,0.08,13.0,2.0,29.86,0.266,0.29,2.59
11461,0.0,151.81,12.0,0.307,0.088,29.0,1.0,151.81,0.425,0.129,1.5
11462,4.0,128.66,6.0,0.244,0.045,34.0,0.0,36.16,0.385,0.0,0.39
11463,4.0,44.67,4.0,0.021,0.051,73.0,1.0,11.5,0.508,0.046,0.32
11464,1.0,205.59,1.0,0.184,0.018,18.0,1.0,198.89,0.052,0.308,0.26
11465,16.0,677.82,28.0,0.105,0.027,6.0,0.0,43.6,0.522,0.251,1.39
11466,17.0,435.04,26.0,0.065,0.069,4.0,0.0,25.31,0.52,0.219,1.48
11467,2.0,91.71,2.0,0.086,0.06,41.0,0.0,48.11,0.307,0.347,0.52
11468,2.0,42.7,3.0,0.119,0.041,50.0,1.0,26.73,0.696,0.034,0.37
11469,15.0,740.91,20.0,0.431,0.138,3.0,2.0,48.32,0.608,0.241,1.02
11470,26.0,2092.25,60.0,0.022,0.041,0.0,1.0,81.92,0.144,0.291,1.19
11471,2.0,149.56,4.0,0.274,0.033,49.0,1.0,92.27,0.192,0.182,0.75
11472,1.0,87.69,2.0,0.171,0.007,81.0,1.0,87.69,0.551,0.0,0.59
11473,33.0,1402.35,62.0,0.058,0.0,7.0,2.0,42.91,0.061,0.037,1.82
11474,11.0,771.69,28.0,0.151,0.063,9.0,2.0,72.02,0.492,0.366,3.93
11475,16.0,1172.47,40.0,0.437,0.114,11.0,0.0,72.06,0.385,0.324,0.35
11476,43.0,1447.95,60.0,0.0,0.022,5.0,1.0,33.29,0.427,0.215,2.48
11477,1.0,150.56,5.0,0.309,0.091,36.0,0.0,100.55,0.897,0.109,1.24
11478,17.0,1816.0,42.0,0.047,0.069,5.0,1.0,105.81,0.226,0.146,1.99
11479,10.0,569.05,15.0,0.08,0.073,14.0,1.0,58.84,0.158,0.176,1.41
11480,12.0,884.45,37.0,0.102,0.046,8.0,0.0,73.87,0.535,0.273,1.91
11481,19.0,722.32,41.0,0.39,0.118,1.0,2.0,37.96,0.592,0.341,1.16
11482,23.0,2189.08,53.0,0.078,0.03,4.0,1.0,93.96,0.675,0.288,2.83
11483,16.0,575.24,32.0,0.395,0.071,13.0,0.0,35.85,0.219,0.222,0.6
11484,5.0,167.9,5.0,0.0,0.054,88.0,0.0,34.71,0.668,0.272,0.0
11485,7.0,543.37,27.0,0.1,0.059,15.0,3.0,72.98,0.484,0.381,0.74
11486,5.0,167.29,12.0,0.246,0.008,27.0,0.0,32.82,0.4,0.164,0.0
11487,5.0,117.93,13.0,0.248,0.048,13.0,1.0,21.87,0.184,0.243,1.78
11488,33.0,1367.46,54.0,0.074,0.05,7.0,0.0,41.96,0.597,0.111,1.74
11489,4.0,190.18,5.0,0.045,0.059,33.0,1.0,49.95,0.696,0.181,0.17
11490,9.0,489.39,22.0,0.068,0.072,8.0,1.0,52.42,0.42,0.367,1.12
11491,2.0,150.39,4.0,0.171,0.0,86.0,0.0,66.8,0.601,0.0,2.57
11492,13.0,680.7,60.0,0.336,0.123,7.0,3.0,51.7,0.473,0.47,1.5
11493,5.0,135.07,11.0,0.094,0.048,26.0,0.0,28.96,0.216,0.099,0.0
11494,2.0,97.48,5.0,0.0,0.0,139.0,0.0,45.65,0.373,0.0,1.13
11495,2.0,471.26,31.0,0.066,0.097,12.0,2.0,256.26,0.882,0.109,1.65
11496,3.0,168.09,3.0,0.192,0.067,53.0,1.0,56.82,0.241,0.263,0.52
11497,2.0,154.54,9.0,0.161,0.0,30.0,1.0,72.36,0.773,0.187,1.17
11498,3.0,104.03,8.0,0.085,0.066,24.0,1.0,41.53,0.311,0.121,0.01
11499,6.0,695.26,20.0,0.118,0.019,17.0,2.0,121.14,0.195,0.594,2.84
11500,18.0,496.89,39.0,0.082,0.04,22.0,0.0,27.44,0.429,0.099,2.0
11501,16.0,699.77,42.0,0.431,0.068,11.0,2.0,44.98,0.31,,0.42
11502,13.0,326.84,26.0,0.083,0.032,24.0,0.0,24.83,0.487,0.417,1.81
11503,3.0,24.04,8.0,0.212,0.009,29.0,0.0,7.75,0.17,0.357,0.0
11504,13.0,782.24,42.0,0.117,0.094,16.0,2.0,58.69,0.35,0.227,1.53
11505,12.0,414.33,30.0,0.088,0.085,7.0,2.0,33.95,0.732,0.388,1.61
11506,3.0,175.73,5.0,0.199,0.045,23.0,1.0,50.87,0.529,0.313,1.49
11507,13.0,421.92,33.0,0.127,0.06,0.0,3.0,33.14,0.337,0.334,
11508,1.0,76.64,13.0,0.023,0.051,19.0,0.0,60.98,0.227,0.553,1.04
11509,26.0,2033.13,53.0,0.031,0.05,8.0,0.0,78.31,0.503,0.274,1.58
11510,5.0,132.22,0.0,0.09,0.022,62.0,0.0,28.92,0.173,0.241,1.29
11511,12.0,502.61,30.0,0.094,0.033,5.0,2.0,41.37,0.224,0.34,1.88
11512,3.0,226.04,7.0,0.315,0.013,32.0,2.0,83.26,0.57,0.362,0.48
11513,28.0,625.3,34.0,0.292,0.116,21.0,2.0,22.05,0.795,0.132,0.0
11514,3.0,13.77,9.0,0.15,0.035,49.0,0.0,4.7,0.681,0.199,0.61
11515,2.0,107.0,5.0,0.031,0.0,39.0,1.0,50.97,0.095,0.0,1.45
11516,23.0,750.49,22.0,0.139,0.065,9.0,1.0,33.16,0.351,0.281,1.77
11517,12.0,482.19,44.0,0.081,0.035,12.0,1.0,39.25,0.279,0.172,2.32
11518,18.0,466.24,39.0,0.237,0.072,20.0,1.0,25.47,0.35,0.42,1.32
11519,20.0,1704.55,32.0,0.097,0.014,6.0,0.0,83.86,0.305,0.128,0.71
11520,1.0,167.6,15.0,0.217,0.028,32.0,2.0,153.57,0.351,0.27,1.33
11521,3.0,167.53,11.0,0.137,0.044,78.0,1.0,51.4,0.272,0.148,0.54
11522,3.0,167.84,12.0,0.189,0.053,46.0,0.0,56.42,0.403,0.167,1.41
11523,31.0,1241.08,62.0,0.055,0.059,4.0,2.0,39.72,0.26,0.049,2.06
11524,11.0,668.72,33.0,0.111,0.039,18.0,0.0,62.88,0.326,0.12,2.31
11525,36.0,1888.34,56.0,0.072,0.003,3.0,1.0,52.9,0.477,0.113,2.18
11526,18.0,2115.24,21.0,0.047,0.016,11.0,2.0,118.04,0.088,0.233,2.62
11527,2.0,167.94,5.0,0.27,0.025,42.0,0.0,78.35,0.546,0.088,0.29
11528,13.0,393.45,27.0,0.186,0.097,16.0,1.0,29.87,0.621,0.08,1.78
11529,22.0,758.56,53.0,0.262,0.055,5.0,2.0,35.06,0.397,0.209,0.0
11530,1.0,176.86,15.0,0.057,0.021,19.0,1.0,134.86,0.225,0.055,1.35
11531,15.0,580.68,27.0,0.107,0.057,20.0,1.0,40.05,0.223,0.154,3.07
11532,15.0,467.52,33.0,0.083,0.032,11.0,2.0,31.65,0.38,0.198,1.48
11533,15.0,709.48,44.0,0.255,0.036,17.0,0.0,47.41,0.609,0.263,1.7
11534,0.0,109.46,6.0,0.109,0.037,27.0,1.0,109.46,0.587,0.215,0.09
11535,1.0,88.13,9.0,0.171,0.046,31.0,2.0,88.13,0.424,0.2,1.45
11536,8.0,561.6,38.0,0.177,0.035,3.0,3.0,68.73,0.385,0.207,2.04
11537,10.0,301.43,37.0,0.059,0.029,10.0,1.0,30.89,0.291,0.24,2.02
11538,29.0,2160.07,53.0,0.042,0.07,17.0,4.0,75.29,0.626,0.362,1.4
11539,1.0,81.95,5.0,0.241,0.07,43.0,2.0,74.02,0.463,0.175,0.76
11540,2.0,112.62,5.0,0.151,0.02,39.0,1.0,70.76,0.221,0.065,1.19
11541,14.0,603.23,30.0,0.047,0.046,22.0,0.0,43.78,0.253,0.226,1.74
11542,3.0,166.6,8.0,0.119,0.052,17.0,0.0,62.91,0.327,0.381,0.69
11543,24.0,1937.02,82.0,0.114,0.0,15.0,2.0,80.07,0.242,0.065,2.52
11544,14.0,683.94,27.0,0.231,0.102,12.0,2.0,49.06,0.325,0.282,1.75
11545,19.0,418.71,34.0,0.287,0.078,11.0,0.0,22.35,0.37,0.159,0.18
11546,2.0,204.95,8.0,0.084,0.01,47.0,0.0,120.28,0.718,0.137,2.45
11547,14.0,639.67,32.0,0.13,0.053,0.0,0.0,44.23,0.334,0.311,2.96
11548,8.0,568.1,36.0,0.015,0.062,1.0,1.0,74.85,0.404,0.296,2.37
11549,3.0,17.46,1.0,0.0,0.024,140.0,0.0,5.73,0.116,0.225,2.5
11550,11.0,481.07,28.0,0.119,0.015,21.0,2.0,42.67,0.333,0.197,0.97
11551,26.0,1998.65,46.0,0.068,0.031,4.0,0.0,77.45,0.767,0.191,2.84
11552,19.0,614.15,49.0,0.269,0.101,12.0,0.0,32.37,0.571,0.19,0.09
11553,3.0,69.4,10.0,0.261,0.006,62.0,0.0,22.96,0.249,0.096,1.13
11554,10.0,302.39,13.0,0.044,0.054,15.0,1.0,30.77,0.109,0.258,2.01
11555,37.0,2049.39,50.0,0.068,0.001,7.0,0.0,55.44,0.773,0.056,3.27
11556,3.0,113.01,4.0,0.158,0.051,52.0,0.0,34.63,0.42,0.053,0.79
11557,37.0,1340.43,71.0,0.083,0.02,7.0,1.0,35.99,0.336,0.202,0.91
11558,27.0,1362.71,53.0,0.019,0.01,4.0,1.0,51.3,0.135,0.141,1.87
11559,22.0,1496.58,39.0,0.045,0.054,5.0,3.0,67.04,0.398,0.291,2.16
11560,1.0,75.45,8.0,0.096,0.014,33.0,0.0,52.38,0.618,0.323,0.62
11561,1.0,113.65,7.0,0.08,0.033,40.0,2.0,113.65,0.633,0.095,0.0
11562,35.0,1654.0,42.0,0.07,0.037,0.0,1.0,47.22,0.745,0.0,1.4
11563,13.0,461.1,13.0,0.025,0.043,18.0,1.0,35.3,0.41,0.172,1.79
11564,2.0,90.73,5.0,0.127,0.069,63.0,1.0,50.4,0.699,0.0,0.47
11565,16.0,438.48,31.0,0.1,0.062,22.0,1.0,27.98,0.485,0.364,2.41
11566,2.0,35.78,14.0,0.141,0.0,55.0,0.0,16.89,0.888,0.313,0.34
11567,4.0,60.29,14.0,0.174,0.048,14.0,0.0,17.06,0.415,0.233,0.26
11568,21.0,234.43,55.0,0.343,0.099,12.0,1.0,11.19,1.0,0.415,0.54
11569,0.0,107.29,0.0,0.0,0.069,127.0,0.0,107.29,0.27,0.0,0.26
11570,17.0,639.83,47.0,0.258,0.048,8.0,0.0,36.95,0.363,0.204,1.29
11571,3.0,8.23,14.0,0.094,0.069,28.0,0.0,2.44,0.558,0.058,0.74
11572,2.0,33.83,2.0,0.045,0.022,80.0,0.0,14.18,0.379,0.092,0.45
11573,15.0,481.24,32.0,0.051,0.04,15.0,2.0,32.08,0.452,0.041,2.58
11574,27.0,1491.78,48.0,0.0,0.004,6.0,0.0,56.22,0.122,0.274,2.42
11575,26.0,540.26,50.0,0.273,0.124,5.0,0.0,20.8,0.356,0.345,0.37
11576,24.0,639.98,59.0,0.35,0.067,7.0,0.0,26.92,0.25,0.159,0.54
11577,28.0,1771.44,51.0,0.045,0.004,0.0,2.0,64.27,0.457,0.139,4.17
11578,0.0,0.0,6.0,0.068,0.019,109.0,0.0,0.0,0.528,0.071,1.46
11579,29.0,2231.57,38.0,0.061,0.047,4.0,2.0,78.1,0.316,0.389,1.12
11580,3.0,88.93,2.0,0.19,0.007,111.0,0.0,35.51,0.365,0.045,2.08
11581,1.0,78.07,11.0,0.245,0.05,4.0,0.0,78.07,0.291,0.134,0.73
11582,1.0,81.74,3.0,0.021,0.042,145.0,1.0,76.31,0.549,0.0,0.5
11583,16.0,675.08,28.0,0.046,0.073,8.0,0.0,41.98,0.343,0.203,2.53
11584,13.0,437.24,24.0,0.051,0.0,0.0,0.0,33.34,0.386,0.213,2.34
11585,2.0,5.27,5.0,0.057,0.04,109.0,1.0,3.42,0.47,0.107,2.2
11586,8.0,664.16,23.0,0.032,0.034,9.0,1.0,84.6,0.691,0.201,1.63
11587,7.0,95.59,14.0,0.278,0.065,59.0,0.0,13.23,0.388,0.254,0.71
11588,17.0,1751.43,75.0,0.083,0.042,13.0,0.0,100.74,0.331,0.229,2.49
11589,6.0,196.06,4.0,0.353,0.026,31.0,0.0,32.79,0.448,0.017,0.86
11590,25.0,847.61,54.0,0.449,0.111,3.0,0.0,33.69,0.444,0.298,0.2
11591,3.0,76.02,6.0,0.094,0.077,79.0,0.0,27.16,0.472,0.092,1.25
11592,29.0,2198.52,51.0,0.031,0.014,8.0,0.0,74.98,0.534,0.0,1.14
11593,3.0,99.83,2.0,0.097,0.051,91.0,1.0,30.66,0.117,0.0,0.13
11594,2.0,88.94,1.0,0.144,0.001,119.0,1.0,38.77,0.528,0.0,1.79
11595,1.0,444.89,33.0,0.102,0.062,15.0,3.0,444.89,0.505,0.0,2.35
11596,5.0,227.12,2.0,0.105,0.018,26.0,1.0,49.9,0.301,0.237,0.73
11597,2.0,88.07,1.0,0.145,0.053,91.0,0.0,36.72,0.336,0.093,1.56
11598,4.0,23.74,9.0,0.229,0.0,46.0,1.0,5.78,0.406,0.328,0.0
11599,4.0,113.06,3.0,0.094,0.018,93.0,1.0,27.87,0.128,0.0,0.01
11600,13.0,433.44,47.0,0.147,0.016,15.0,0.0,33.07,0.295,0.16,0.97
11601,11.0,701.53,17.0,0.11,0.054,17.0,2.0,64.64,0.36,0.206,2.5
11602,17.0,326.63,22.0,0.103,0.058,6.0,0.0,18.81,0.391,0.158,3.13
11603,32.0,1878.72,58.0,0.085,0.019,10.0,2.0,58.65,0.229,0.0,1.76
11604,4.0,139.78,12.0,0.154,0.054,25.0,0.0,32.57,0.14,0.377,1.37
11605,3.0,161.44,6.0,0.173,0.059,30.0,1.0,57.93,0.549,0.156,1.4
11606,6.0,813.25,17.0,0.054,0.068,9.0,0.0,146.25,0.295,0.294,3.16
11607,16.0,444.42,46.0,0.376,0.0,28.0,1.0,28.59,0.537,0.342,0.56
11608,20.0,2405.22,69.0,0.098,0.036,4.0,2.0,118.01,0.136,0.263,2.37
11609,18.0,700.83,35.0,0.416,0.155,6.0,0.0,39.02,0.438,0.335,0.9
11610,16.0,864.72,24.0,0.381,0.074,14.0,0.0,53.01,0.618,0.04,
11611,18.0,586.36,19.0,0.057,0.013,26.0,2.0,33.45,0.121,0.253,2.11
11612,15.0,457.79,41.0,0.093,,13.0,0.0,31.56,0.273,0.385,2.86
11613,3.0,108.33,8.0,0.249,0.055,2.0,0.0,39.03,0.718,0.13,1.03
11614,1.0,242.07,11.0,0.075,0.034,43.0,0.0,242.07,0.312,0.114,0.21
11615,2.0,182.94,10.0,0.197,0.02,27.0,1.0,93.83,0.547,0.215,1.48
11616,16.0,318.14,36.0,0.554,0.099,10.0,1.0,19.85,0.454,0.219,0.0
11617,19.0,858.68,28.0,0.129,0.08,14.0,2.0,45.58,0.559,0.155,1.98
11618,4.0,143.1,6.0,0.158,0.062,21.0,1.0,35.88,0.25,0.351,0.44
11619,16.0,411.65,29.0,0.03,0.057,2.0,2.0,26.27,0.929,0.256,1.07
11620,1.0,160.13,12.0,0.263,0.083,9.0,1.0,160.13,0.208,0.396,0.0
11621,15.0,505.91,25.0,0.043,0.039,9.0,1.0,34.04,0.765,0.201,0.48
11622,4.0,232.18,7.0,0.227,,32.0,0.0,53.47,0.42,0.361,1.48
11623,15.0,729.1,17.0,0.156,0.052,7.0,1.0,48.75,0.861,0.398,2.38
11624,12.0,651.49,33.0,0.141,0.034,21.0,1.0,56.49,0.399,0.27,1.54
11625,10.0,514.05,33.0,0.128,0.086,16.0,1.0,53.95,0.861,0.243,2.96
11626,9.0,552.95,45.0,0.11,0.016,21.0,1.0,58.73,0.238,,1.3
11627,6.0,402.15,23.0,0.015,0.05,11.0,2.0,67.55,0.73,0.377,3.14
11628,6.0,560.24,20.0,0.153,0.096,26.0,0.0,100.6,0.437,0.238,1.08
11629,14.0,764.96,12.0,0.087,0.02,6.0,1.0,52.85,0.188,0.242,1.36
11630,33.0,1866.33,67.0,0.043,0.025,9.0,1.0,57.12,0.397,0.166,1.82
11631,10.0,465.67,40.0,0.052,0.044,11.0,2.0,46.1,0.272,0.189,1.84
11632,1.0,73.87,4.0,0.173,0.02,132.0,1.0,49.5,0.593,0.077,2.05
11633,14.0,726.21,13.0,0.009,0.048,16.0,0.0,51.75,0.187,0.146,1.22
11634,10.0,488.13,21.0,0.118,0.009,24.0,0.0,50.3,0.398,0.093,3.24
11635,11.0,829.64,35.0,0.057,0.014,18.0,2.0,78.06,0.493,0.162,
11636,16.0,974.49,60.0,0.072,0.035,0.0,0.0,59.33,0.685,0.436,1.9
11637,23.0,491.97,22.0,0.101,0.013,7.0,2.0,21.69,0.602,0.326,1.69
11638,22.0,736.92,18.0,0.124,0.049,10.0,2.0,34.04,0.189,0.407,1.25
11639,35.0,2328.71,67.0,0.04,0.073,4.0,3.0,65.66,0.581,0.204,2.38
11640,6.0,644.39,29.0,0.144,0.031,18.0,0.0,99.78,0.104,0.241,1.42
11641,26.0,2163.78,45.0,0.074,0.046,10.0,2.0,83.85,0.607,0.121,1.89
11642,12.0,373.31,24.0,0.15,0.052,1.0,2.0,29.99,0.349,0.241,1.98
11643,5.0,115.62,9.0,0.267,0.059,29.0,0.0,25.37,0.156,0.204,1.52
11644,3.0,14.03,14.0,0.252,0.036,21.0,1.0,4.22,0.305,0.171,1.48
11645,4.0,442.46,23.0,0.159,0.043,21.0,0.0,104.97,0.834,0.183,1.23
11646,7.0,168.64,8.0,0.011,0.086,51.0,0.0,25.9,0.354,0.416,1.81
11647,13.0,575.84,55.0,0.454,0.136,24.0,1.0,43.97,0.266,0.223,0.41
11648,10.0,192.23,7.0,0.256,0.054,23.0,1.0,19.22,0.185,0.156,0.83
11649,2.0,18.21,1.0,0.174,0.001,90.0,0.0,7.76,0.67,0.169,0.0
11650,1.0,55.43,4.0,0.145,0.032,111.0,0.0,42.42,0.644,0.086,2.26
11651,23.0,1057.32,41.0,0.065,0.029,6.0,1.0,45.24,0.556,0.001,0.62
11652,15.0,503.57,20.0,0.059,0.073,16.0,1.0,32.98,0.107,0.198,2.44
11653,14.0,395.79,11.0,0.077,0.072,14.0,1.0,28.96,0.525,0.045,2.36
11654,4.0,30.63,3.0,0.351,0.102,50.0,1.0,7.46,0.199,0.073,1.38
11655,10.0,480.02,27.0,0.12,0.048,3.0,2.0,46.66,0.171,0.033,1.22
11656,16.0,424.7,22.0,0.09,0.056,6.0,1.0,26.61,0.531,0.197,1.83
11657,1.0,94.53,2.0,0.135,0.062,41.0,1.0,65.78,0.526,0.061,1.94
11658,13.0,531.71,36.0,0.062,0.058,0.0,2.0,39.45,0.199,0.089,1.2
11659,15.0,596.79,22.0,0.158,0.074,20.0,0.0,39.14,0.235,0.301,2.29
11660,2.0,85.53,0.0,0.181,0.036,145.0,1.0,38.44,0.174,0.254,2.74
11661,0.0,116.44,8.0,0.239,0.048,27.0,1.0,116.44,0.01,0.436,2.9
11662,0.0,119.32,1.0,0.126,0.049,104.0,1.0,119.32,0.237,0.0,0.0
11663,14.0,697.65,32.0,0.053,0.077,23.0,0.0,48.93,0.5,0.179,
11664,7.0,117.02,11.0,0.286,0.071,37.0,0.0,15.97,0.356,0.266,1.06
11665,12.0,678.84,11.0,0.041,0.04,14.0,1.0,55.59,0.624,0.221,1.02
11666,15.0,711.13,32.0,0.134,0.019,7.0,1.0,46.9,0.333,0.159,3.0
11667,14.0,291.4,15.0,0.077,0.02,8.0,2.0,20.34,0.136,0.274,2.74
11668,12.0,469.97,26.0,0.106,0.05,15.0,1.0,38.46,0.802,0.114,2.19
11669,8.0,635.38,25.0,0.12,0.06,12.0,1.0,83.72,0.195,0.215,2.27
11670,20.0,1571.49,67.0,0.044,0.063,2.0,2.0,79.09,0.282,0.116,2.83
11671,25.0,540.34,47.0,0.353,0.136,23.0,1.0,21.82,0.594,0.08,1.12
11672,11.0,719.22,23.0,0.107,0.076,10.0,0.0,64.89,0.182,0.391,1.96
11673,21.0,398.62,19.0,0.303,0.116,15.0,1.0,19.42,0.931,0.117,1.08
11674,0.0,0.0,9.0,0.191,0.016,35.0,1.0,0.0,0.13,0.183,0.0
11675,10.0,467.38,28.0,0.025,0.009,21.0,2.0,44.9,0.119,0.545,1.7
11676,1.0,84.9,2.0,0.192,0.043,124.0,0.0,58.93,0.446,0.084,1.03
11677,13.0,593.47,45.0,0.442,0.106,25.0,3.0,45.36,0.494,0.23,0.85
11678,21.0,554.61,49.0,0.223,0.028,10.0,1.0,26.77,0.536,0.233,0.99
11679,27.0,1641.66,30.0,0.099,0.042,6.0,2.0,60.34,0.492,0.353,2.19
11680,27.0,1599.08,53.0,0.079,0.051,3.0,3.0,58.27,0.342,0.15,0.6
11681,10.0,459.49,26.0,0.141,0.084,14.0,0.0,46.81,0.541,0.389,2.03
11682,16.0,259.77,30.0,0.163,0.024,8.0,2.0,16.67,0.29,0.165,2.17
11683,13.0,983.42,25.0,0.067,0.114,10.0,1.0,74.12,0.578,0.377,1.73
11684,22.0,625.03,39.0,0.466,0.085,13.0,3.0,28.43,1.0,0.315,1.09
11685,31.0,813.66,36.0,0.397,0.083,8.0,2.0,25.87,0.897,0.142,0.24
11686,35.0,976.4,51.0,0.087,0.052,5.0,3.0,27.88,0.123,0.438,1.9
11687,24.0,1272.28,51.0,0.055,0.025,6.0,0.0,53.77,0.249,0.002,2.86
11688,5.0,102.57,9.0,0.192,0.018,33.0,3.0,20.42,0.705,0.127,0.0
11689,14.0,621.73,13.0,0.093,0.035,18.0,0.0,45.69,0.218,0.206,2.23
11690,10.0,622.63,18.0,0.108,0.02,5.0,2.0,59.35,0.318,0.36,1.68
11691,28.0,1669.03,55.0,0.081,0.041,18.0,1.0,59.81,0.429,0.273,1.93
11692,20.0,678.87,29.0,0.313,0.1,25.0,2.0,33.2,0.504,0.369,1.16
11693,11.0,682.01,30.0,0.039,0.031,16.0,0.0,61.43,0.598,0.223,2.21
11694,13.0,1320.45,58.0,0.101,0.017,10.0,2.0,99.22,0.229,0.136,2.6
11695,40.0,666.68,36.0,0.0,0.076,5.0,1.0,16.54,0.746,0.266,1.94
11696,11.0,454.35,33.0,0.072,0.017,14.0,2.0,40.69,0.671,0.197,2.62
11697,1.0,284.67,10.0,0.235,0.037,37.0,0.0,284.67,0.044,0.222,1.94
11698,28.0,1455.56,53.0,0.08,0.021,0.0,3.0,52.63,0.289,0.016,1.79
11699,14.0,640.73,21.0,0.14,0.042,3.0,0.0,45.18,0.765,0.227,3.89
11700,15.0,636.15,60.0,0.346,0.138,19.0,0.0,41.31,0.382,0.15,0.74
11701,18.0,777.86,45.0,0.367,0.076,15.0,3.0,43.11,0.635,0.023,0.93
11702,15.0,577.67,32.0,0.17,0.05,8.0,1.0,39.38,0.792,0.205,1.85
11703,4.0,63.7,6.0,0.135,0.046,32.0,1.0,14.9,0.892,0.005,0.0
11704,13.0,477.34,61.0,0.375,0.147,3.0,0.0,36.64,0.742,0.384,0.63
11705,4.0,85.95,5.0,0.233,0.0,17.0,0.0,20.18,0.018,0.417,0.95
11706,1.0,87.88,0.0,0.199,0.045,89.0,0.0,87.88,0.54,0.003,0.37
11707,5.0,86.15,9.0,0.205,0.055,27.0,0.0,16.43,0.14,0.287,0.0
11708,10.0,594.16,53.0,0.315,0.073,13.0,0.0,57.67,0.323,0.14,0.25
11709,4.0,252.22,9.0,0.107,0.071,75.0,0.0,68.39,0.81,0.058,2.14
11710,45.0,2019.69,44.0,0.059,0.024,7.0,1.0,44.75,0.527,0.196,1.43
11711,18.0,616.48,50.0,0.42,0.152,7.0,3.0,34.19,0.58,0.16,0.0
11712,18.0,545.61,28.0,0.364,0.1,0.0,0.0,29.65,0.301,0.192,0.84
11713,36.0,1501.79,65.0,0.029,0.042,10.0,3.0,41.33,0.434,0.187,1.56
11714,24.0,1558.56,62.0,0.095,0.05,6.0,3.0,65.03,0.597,0.294,1.11
11715,12.0,203.58,41.0,0.32,0.075,8.0,1.0,16.84,0.501,0.0,0.03
11716,5.0,194.57,5.0,0.257,0.068,0.0,1.0,43.15,0.656,0.141,0.84
11717,4.0,206.5,11.0,0.311,0.078,5.0,1.0,49.39,0.108,0.227,2.65
11718,3.0,137.47,8.0,0.104,0.035,9.0,2.0,54.15,0.241,0.133,3.32
11719,1.0,89.68,3.0,0.042,0.092,74.0,1.0,89.68,0.186,0.407,1.15
11720,22.0,521.05,30.0,0.23,0.091,8.0,3.0,23.21,0.46,0.098,1.34
11721,1.0,162.21,11.0,0.23,0.002,46.0,2.0,162.21,0.171,0.192,1.72
11722,10.0,714.94,30.0,0.069,0.011,10.0,2.0,75.0,0.613,0.14,2.42
11723,12.0,367.36,25.0,0.128,0.046,10.0,0.0,31.3,0.689,0.155,1.56
11724,5.0,1632.58,48.0,0.068,0.046,9.0,1.0,316.98,0.291,0.094,3.0
11725,17.0,502.12,27.0,0.201,0.008,5.0,2.0,28.88,0.614,0.319,2.35
11726,10.0,541.35,38.0,0.438,0.064,20.0,1.0,56.11,0.529,0.016,1.97
11727,0.0,119.77,3.0,0.011,0.045,166.0,0.0,119.77,0.613,0.0,1.5
11728,0.0,167.43,9.0,0.036,0.042,11.0,2.0,167.43,0.464,0.105,2.56
11729,11.0,687.48,45.0,0.164,0.058,6.0,2.0,61.6,0.481,0.097,2.01
11730,0.0,15.3,6.0,0.036,0.054,38.0,0.0,15.3,0.453,0.235,0.39
11731,29.0,1562.67,56.0,0.069,0.009,1.0,3.0,53.82,0.198,0.267,1.79
11732,8.0,553.8,23.0,0.208,0.087,8.0,1.0,72.22,0.293,0.312,2.12
11733,17.0,632.99,41.0,0.406,0.09,13.0,1.0,36.64,0.487,0.181,0.11
11734,9.0,545.5,29.0,0.202,0.078,7.0,2.0,58.29,0.312,0.431,1.28
11735,13.0,470.93,25.0,0.092,0.074,14.0,0.0,35.99,0.4,0.184,1.99
11736,29.0,1850.37,52.0,0.078,0.022,2.0,4.0,62.98,0.147,0.158,1.64
11737,2.0,63.96,3.0,0.174,0.045,116.0,0.0,28.62,0.846,0.108,0.74
11738,0.0,119.85,10.0,0.109,0.059,27.0,1.0,119.85,0.313,0.117,0.57
11739,25.0,2607.17,40.0,0.038,0.045,5.0,2.0,104.14,0.493,0.362,0.49
11740,20.0,632.47,39.0,0.375,0.077,8.0,1.0,31.58,0.654,0.499,1.42
11741,0.0,14.52,6.0,0.11,0.044,38.0,0.0,14.52,0.325,0.223,0.0
11742,31.0,2138.23,51.0,0.026,0.0,3.0,1.0,68.23,0.293,0.331,1.96
11743,13.0,660.35,22.0,0.114,0.017,8.0,1.0,51.33,0.693,0.138,1.74
11744,5.0,177.66,11.0,0.142,0.086,58.0,0.0,37.43,0.204,0.095,0.67
11745,13.0,673.29,21.0,0.049,0.028,11.0,0.0,52.18,0.193,0.338,2.0
11746,2.0,161.78,1.0,0.001,0.015,122.0,1.0,72.91,0.246,0.136,0.52
11747,13.0,561.03,11.0,0.031,0.039,3.0,0.0,41.88,0.463,0.137,1.69
11748,2.0,88.58,3.0,0.095,0.049,97.0,0.0,44.4,0.122,0.0,0.56
11749,1.0,73.88,1.0,0.021,0.051,81.0,1.0,68.3,0.73,0.029,2.19
11750,30.0,2299.03,62.0,0.063,0.031,6.0,2.0,75.98,0.64,0.124,2.87
11751,3.0,153.24,13.0,0.102,0.0,37.0,1.0,55.91,0.107,0.243,0.72
11752,13.0,628.67,15.0,0.0,0.053,15.0,0.0,50.29,0.518,0.094,1.53
11753,34.0,768.68,38.0,0.484,0.075,1.0,1.0,22.58,0.613,0.297,0.36
11754,2.0,62.2,2.0,0.042,0.051,108.0,0.0,36.7,0.257,0.106,1.89
11755,14.0,488.64,21.0,0.186,0.023,9.0,0.0,33.84,0.138,0.257,3.27
11756,20.0,683.69,19.0,0.101,0.026,1.0,2.0,33.95,0.432,0.321,2.55
11757,17.0,2564.64,33.0,0.029,0.024,8.0,0.0,147.48,0.282,0.451,2.06
11758,0.0,175.8,4.0,0.206,0.079,32.0,1.0,175.8,0.657,0.132,1.06
11759,26.0,1015.69,60.0,0.042,0.051,8.0,1.0,38.36,0.434,0.204,2.59
11760,3.0,0.0,6.0,0.078,0.072,61.0,1.0,0.0,0.694,0.0,0.76
11761,19.0,653.29,41.0,0.076,0.063,11.0,2.0,34.2,0.147,0.359,1.22
11762,1.0,115.28,10.0,0.18,0.045,3.0,1.0,99.21,0.622,0.168,2.17
11763,17.0,638.86,49.0,0.552,0.127,6.0,2.0,37.12,0.565,0.123,2.31
11764,16.0,534.53,20.0,0.077,0.007,18.0,2.0,33.75,0.322,0.265,0.55
11765,6.0,216.25,8.0,0.224,0.078,22.0,0.0,38.03,0.235,0.214,0.92
11766,12.0,695.07,21.0,0.074,0.087,14.0,3.0,59.13,0.196,0.117,1.65
11767,18.0,725.39,38.0,0.107,0.014,22.0,2.0,41.32,0.01,0.082,2.22
11768,13.0,511.44,38.0,0.072,0.068,24.0,0.0,40.11,0.163,0.116,2.06
11769,2.0,160.45,4.0,0.064,0.037,68.0,1.0,94.87,0.435,0.0,1.38
11770,4.0,133.2,10.0,0.02,0.083,12.0,0.0,32.97,0.244,0.0,1.34
11771,6.0,202.72,8.0,0.0,,56.0,2.0,34.44,0.558,0.0,2.1
11772,7.0,0.0,3.0,0.188,0.025,39.0,1.0,0.0,0.411,0.153,0.92
11773,7.0,374.07,35.0,0.0,0.073,14.0,2.0,53.06,0.408,0.09,2.54
11774,5.0,561.62,28.0,0.079,0.044,14.0,1.0,118.08,0.394,0.297,3.39
11775,8.0,456.55,48.0,0.035,0.04,14.0,1.0,54.28,0.291,0.494,0.11
11776,2.0,33.89,1.0,0.158,0.03,36.0,0.0,20.58,0.6,0.207,1.08
11777,16.0,624.99,30.0,0.094,0.053,6.0,2.0,38.11,0.452,,1.53
11778,16.0,779.44,39.0,0.262,0.123,18.0,3.0,47.62,0.608,0.28,0.36
11779,25.0,720.52,44.0,0.276,0.074,18.0,0.0,28.57,0.893,0.311,0.94
11780,2.0,173.07,11.0,0.065,0.033,15.0,1.0,75.26,0.02,0.319,0.0
11781,17.0,944.82,31.0,0.481,0.122,11.0,4.0,57.18,0.259,0.123,1.97
11782,38.0,2542.48,57.0,0.0,0.04,9.0,3.0,66.62,0.421,0.105,2.13
11783,3.0,118.56,8.0,0.213,0.071,20.0,2.0,38.44,0.518,0.134,0.86
11784,22.0,2133.61,57.0,0.017,0.05,12.0,4.0,96.71,0.353,0.263,1.79
11785,5.0,166.68,2.0,0.048,0.0,8.0,0.0,36.66,0.208,0.127,1.21
11786,26.0,1419.83,39.0,0.034,0.026,0.0,1.0,54.49,0.209,0.206,1.49
11787,15.0,379.25,37.0,0.085,0.035,10.0,1.0,25.14,0.529,0.285,1.77
11788,11.0,638.93,28.0,0.068,0.044,20.0,0.0,57.0,0.25,0.167,0.07
11789,15.0,540.05,53.0,0.445,0.106,15.0,2.0,35.29,0.704,0.3,0.0
11790,14.0,559.68,25.0,0.048,0.023,9.0,1.0,40.91,0.255,0.06,1.9
11791,2.0,122.33,2.0,0.216,0.053,118.0,0.0,51.08,0.501,0.024,0.44
11792,1.0,82.11,1.0,0.117,0.033,87.0,0.0,82.11,0.22,0.0,0.27
11793,6.0,627.05,30.0,0.108,0.105,15.0,0.0,111.75,0.177,0.165,2.01
11794,30.0,1836.82,30.0,0.055,0.033,7.0,2.0,60.76,0.474,0.2,2.38
11795,6.0,624.05,23.0,0.135,0.046,8.0,1.0,110.42,0.19,0.47,1.37
11796,2.0,77.35,10.0,0.181,0.017,62.0,0.0,32.33,0.077,0.25,0.89
11797,14.0,545.03,66.0,0.393,0.114,15.0,0.0,38.43,0.404,0.473,1.09
11798,10.0,386.18,28.0,0.042,0.053,17.0,2.0,38.99,0.632,0.348,2.22
11799,2.0,165.3,14.0,0.129,0.068,45.0,1.0,92.39,0.701,0.093,2.02
11800,17.0,182.67,24.0,0.176,0.062,14.0,2.0,10.83,0.63,0.057,1.43
11801,2.0,117.51,14.0,0.162,0.046,53.0,0.0,68.95,0.441,0.192,2.17
11802,18.0,719.2,24.0,0.099,0.062,0.0,1.0,41.02,0.383,0.363,3.54
11803,29.0,2034.44,48.0,0.075,0.03,9.0,1.0,70.44,0.935,0.116,2.91
11804,4.0,178.59,11.0,0.22,0.047,60.0,1.0,42.56,0.169,0.0,0.88
11805,12.0,611.77,48.0,0.07,0.024,0.0,2.0,50.58,0.23,0.205,1.06
11806,29.0,1055.14,60.0,0.05,0.043,10.0,3.0,36.47,0.182,0.024,2.31
11807,4.0,109.69,14.0,0.102,0.066,31.0,0.0,26.09,0.411,0.267,0.0
11808,13.0,609.54,42.0,0.367,0.103,6.0,2.0,46.01,0.761,0.565,0.75
11809,16.0,578.53,24.0,,0.032,25.0,0.0,35.88,0.44,0.243,2.17
11810,17.0,479.99,19.0,0.159,0.055,14.0,2.0,28.82,0.527,0.477,1.86
11811,0.0,128.23,4.0,0.128,0.026,72.0,1.0,128.23,0.427,0.285,0.91
11812,27.0,1842.52,45.0,0.007,0.032,12.0,1.0,68.18,0.252,0.305,0.53
11813,3.0,87.36,5.0,0.187,0.0,29.0,1.0,31.77,0.396,0.354,1.64
11814,0.0,54.61,11.0,0.117,0.036,7.0,2.0,54.61,0.52,0.293,0.0
11815,5.0,115.2,6.0,0.233,0.0,38.0,0.0,24.87,0.566,0.085,0.72
11816,4.0,178.99,2.0,0.284,0.052,19.0,2.0,48.49,0.03,0.314,
11817,18.0,425.93,23.0,0.165,0.01,15.0,0.0,23.5,0.061,0.266,2.28
11818,1.0,155.22,2.0,0.076,0.09,68.0,1.0,113.82,0.225,0.206,0.75
11819,17.0,618.29,30.0,0.056,0.059,3.0,0.0,37.22,0.182,0.165,0.76
11820,16.0,550.28,27.0,0.171,0.033,24.0,2.0,33.74,0.124,0.174,2.34
11821,13.0,396.6,29.0,0.049,0.034,18.0,0.0,29.92,0.276,0.195,2.74
11822,12.0,320.19,23.0,0.096,0.072,0.0,1.0,26.04,0.323,0.248,1.71
11823,9.0,629.35,23.0,0.07,0.027,6.0,1.0,71.04,0.819,0.133,0.72
11824,1.0,786.64,20.0,0.04,0.031,16.0,2.0,786.64,0.363,0.429,2.15
11825,2.0,83.14,4.0,0.105,0.005,75.0,0.0,40.88,0.518,0.0,0.33
11826,15.0,333.46,32.0,0.144,0.05,8.0,1.0,22.86,0.566,0.314,0.25
11827,2.0,104.51,2.0,0.149,0.009,67.0,0.0,50.77,0.339,0.0,1.68
11828,15.0,571.25,41.0,0.08,0.029,16.0,2.0,37.6,0.381,0.352,2.01
11829,10.0,571.54,36.0,0.091,0.065,0.0,2.0,56.59,0.466,0.059,1.5
11830,10.0,411.9,46.0,0.119,0.057,4.0,1.0,40.52,0.034,0.291,1.62
11831,2.0,47.82,2.0,0.132,0.015,123.0,0.0,26.61,0.662,0.018,0.34
11832,10.0,499.82,20.0,0.135,0.042,17.0,1.0,52.24,0.593,0.202,1.53
11833,2.0,107.44,9.0,0.254,0.048,20.0,1.0,47.5,0.16,0.148,0.91
11834,1.0,76.52,4.0,0.119,0.09,95.0,0.0,59.28,0.016,0.34,1.33
11835,1.0,63.96,3.0,0.158,0.0,169.0,0.0,59.46,0.396,0.012,0.7
11836,15.0,546.64,14.0,0.067,0.041,12.0,0.0,36.81,0.412,0.183,2.51
11837,13.0,435.42,27.0,0.041,0.034,10.0,0.0,33.13,0.61,0.134,2.35
11838,21.0,262.99,17.0,0.413,0.118,0.0,0.0,12.56,0.289,0.281,0.98
11839,6.0,888.75,34.0,0.056,0.063,9.0,0.0,160.37,0.375,0.258,3.01
11840,3.0,103.41,5.0,0.08,0.033,63.0,1.0,29.88,0.458,0.109,0.51
11841,6.0,79.41,11.0,0.193,0.059,24.0,1.0,13.94,0.549,0.092,0.9
11842,3.0,514.56,26.0,0.089,0.061,22.0,0.0,149.25,0.299,0.123,1.86
11843,4.0,26.98,4.0,0.14,0.037,147.0,0.0,7.21,0.635,0.023,1.72
11844,39.0,3023.95,66.0,0.03,0.043,5.0,0.0,77.08,0.537,0.342,1.44
11845,2.0,37.09,2.0,0.008,0.014,85.0,1.0,19.36,0.319,0.073,3.07
11846,10.0,464.35,27.0,0.097,0.094,6.0,0.0,45.52,0.691,0.21,1.33
11847,12.0,415.03,15.0,0.125,0.04,10.0,2.0,33.51,0.206,,3.5
11848,1.0,204.27,4.0,0.234,0.05,33.0,0.0,154.89,0.84,0.249,1.49
11849,22.0,701.35,35.0,0.276,0.053,12.0,2.0,32.62,0.442,0.376,2.0
11850,1.0,157.99,2.0,0.107,0.025,95.0,1.0,157.99,0.305,0.0,2.18
11851,5.0,153.15,9.0,0.284,0.042,30.0,0.0,30.68,0.472,0.16,0.83
11852,2.0,75.08,1.0,0.085,0.048,114.0,1.0,49.54,0.194,0.0,0.55
11853,17.0,551.26,16.0,0.053,0.021,20.0,0.0,31.67,0.338,0.072,1.31
11854,1.0,176.03,17.0,0.178,0.037,60.0,0.0,149.18,0.398,0.432,1.75
11855,10.0,476.71,30.0,0.103,0.048,11.0,1.0,49.77,0.489,0.363,2.33
11856,0.0,61.34,4.0,0.161,0.036,58.0,1.0,61.34,0.28,0.012,0.93
11857,21.0,529.07,17.0,0.082,0.041,7.0,0.0,25.21,0.362,0.153,1.4
11858,2.0,274.39,29.0,0.07,0.056,11.0,0.0,135.06,0.536,0.311,0.73
11859,0.0,195.45,6.0,0.118,0.0,38.0,0.0,195.45,0.237,0.237,0.0
11860,11.0,546.56,33.0,0.061,0.052,13.0,0.0,51.16,0.712,0.26,1.86
11861,29.0,2435.82,58.0,0.068,0.068,2.0,1.0,83.86,0.147,0.169,1.36
11862,2.0,61.76,11.0,0.099,0.041,2.0,1.0,29.65,0.345,0.306,1.4
11863,16.0,437.75,36.0,0.173,0.032,4.0,1.0,26.88,0.537,0.292,2.35
11864,9.0,618.33,32.0,0.501,0.097,3.0,1.0,67.98,0.771,0.062,
11865,2.0,90.84,1.0,0.118,0.048,77.0,2.0,51.23,0.459,0.175,1.74
11866,5.0,143.12,10.0,0.339,0.048,30.0,0.0,29.99,0.364,0.245,0.0
11867,19.0,601.18,46.0,0.542,0.079,13.0,1.0,32.07,0.528,0.235,2.0
11868,7.0,118.53,10.0,,0.066,40.0,0.0,16.56,0.212,0.29,1.44
11869,1.0,86.55,6.0,0.303,0.063,30.0,1.0,73.67,0.622,0.055,0.25
11870,4.0,242.27,16.0,0.124,0.081,43.0,1.0,63.61,0.289,0.339,0.56
11871,36.0,1663.59,29.0,0.07,0.016,9.0,2.0,46.09,0.431,0.296,0.92
11872,10.0,515.23,28.0,0.047,0.061,5.0,1.0,52.16,0.245,0.218,1.51
11873,5.0,98.06,6.0,0.179,0.108,35.0,0.0,20.33,0.692,0.057,1.01
11874,8.0,559.78,38.0,0.132,0.066,19.0,2.0,70.29,0.31,0.354,1.81
11875,10.0,425.7,24.0,0.063,0.041,8.0,1.0,43.4,0.595,0.396,2.35
11876,10.0,510.66,28.0,0.112,0.064,18.0,1.0,52.24,0.404,0.018,1.62
11877,0.0,61.31,3.0,0.134,0.028,82.0,0.0,61.31,0.627,0.149,1.39
11878,9.0,662.75,27.0,0.132,0.061,21.0,0.0,75.64,0.341,0.245,0.38
11879,18.0,515.19,34.0,0.098,0.133,8.0,1.0,28.72,0.341,0.268,1.27
11880,2.0,17.45,5.0,0.0,0.056,117.0,0.0,9.38,0.193,0.074,1.09
11881,0.0,61.05,5.0,0.134,0.028,125.0,1.0,61.05,0.572,0.0,1.36
11882,1.0,26.86,5.0,0.039,0.033,66.0,0.0,18.89,0.232,0.092,1.32
11883,6.0,642.79,28.0,0.102,0.046,13.0,0.0,115.65,0.396,0.282,2.37
11884,15.0,416.56,42.0,0.108,0.0,5.0,2.0,28.32,0.133,0.053,2.94
11885,1.0,41.85,0.0,0.007,0.0,91.0,0.0,41.85,0.409,0.0,0.0
11886,28.0,1491.76,50.0,0.035,0.051,2.0,0.0,54.09,0.607,0.275,0.93
11887,4.0,207.41,6.0,0.202,,43.0,0.0,51.24,0.818,0.143,0.15
11888,1.0,144.23,9.0,0.25,0.037,25.0,1.0,144.23,0.485,0.0,0.96
11889,15.0,665.77,14.0,0.117,0.06,11.0,3.0,44.96,0.543,0.39,0.35
11890,2.0,22.05,5.0,0.133,0.072,45.0,1.0,13.21,0.463,0.396,0.05
11891,2.0,119.14,4.0,0.093,0.019,111.0,0.0,76.52,0.24,0.035,1.42
11892,5.0,31.69,10.0,0.153,0.0,46.0,0.0,6.32,0.055,0.295,0.58
11893,12.0,431.34,38.0,0.437,0.057,0.0,1.0,34.96,0.912,0.062,0.0
11894,12.0,223.45,38.0,0.106,0.072,12.0,2.0,19.08,0.616,0.25,2.16
11895,18.0,579.08,55.0,0.357,0.12,6.0,4.0,31.86,0.451,0.189,1.26
11896,13.0,737.81,23.0,0.038,0.046,15.0,0.0,54.72,0.69,0.14,2.12
11897,1.0,62.82,9.0,0.134,0.032,75.0,0.0,51.32,0.481,0.322,2.55
11898,3.0,128.63,13.0,0.136,0.036,46.0,0.0,45.73,0.372,0.107,0.0
11899,20.0,1288.64,69.0,0.089,0.015,1.0,2.0,63.37,0.656,0.391,0.44
11900,4.0,80.77,5.0,0.219,0.046,12.0,0.0,20.0,0.29,0.169,0.0
11901,8.0,661.52,30.0,0.134,0.008,16.0,0.0,84.51,0.432,0.214,2.04
11902,16.0,411.98,16.0,0.0,0.074,18.0,2.0,26.14,0.123,0.224,2.22
11903,14.0,561.61,21.0,,0.0,2.0,1.0,40.49,0.401,0.0,2.31
11904,8.0,540.81,22.0,0.148,0.027,11.0,1.0,71.03,0.645,0.229,2.62
11905,4.0,152.68,14.0,0.228,0.016,38.0,2.0,37.85,0.573,0.111,1.74
11906,8.0,251.05,20.0,0.136,0.052,17.0,1.0,31.81,0.305,0.372,1.5
11907,18.0,510.1,32.0,0.45,0.012,17.0,0.0,27.73,0.624,0.084,1.01
11908,1.0,236.47,5.0,0.197,0.046,31.0,1.0,186.87,0.474,0.131,0.38
11909,5.0,577.56,27.0,0.148,0.058,0.0,0.0,113.49,0.137,0.242,1.37
11910,24.0,1798.76,59.0,0.045,0.01,7.0,4.0,75.08,0.132,0.098,2.1
11911,35.0,1879.3,38.0,0.025,0.046,5.0,1.0,53.99,0.326,0.092,2.13
11912,22.0,2592.03,54.0,0.092,0.03,5.0,1.0,119.05,0.239,0.302,1.67
11913,13.0,677.39,62.0,0.291,0.099,12.0,2.0,52.27,0.258,0.122,0.04
11914,1.0,61.06,6.0,0.101,0.056,36.0,1.0,61.06,0.685,0.312,0.89
11915,16.0,638.12,36.0,0.086,0.073,19.0,4.0,40.27,0.69,0.135,0.77
11916,21.0,2511.13,31.0,0.054,0.032,7.0,1.0,119.47,0.361,0.028,1.53
11917,13.0,489.77,24.0,0.081,0.063,8.0,0.0,38.53,0.249,0.291,1.27
11918,16.0,590.72,40.0,0.153,0.127,11.0,0.0,37.32,0.109,0.148,2.75
11919,12.0,336.76,21.0,0.096,0.025,0.0,0.0,28.91,0.363,0.106,1.67
11920,0.0,116.77,1.0,0.108,0.067,100.0,1.0,116.77,0.462,0.037,0.64
11921,24.0,1252.52,55.0,0.088,0.019,5.0,1.0,53.0,0.403,0.222,3.32
11922,1.0,51.28,13.0,,0.05,67.0,1.0,35.32,0.219,0.322,0.84
11923,2.0,153.01,6.0,0.087,0.079,9.0,0.0,65.09,0.578,0.383,0.59
11924,9.0,414.71,26.0,0.032,0.054,19.0,0.0,48.72,0.268,0.248,1.12
11925,2.0,248.32,12.0,0.312,0.056,3.0,1.0,156.17,0.291,0.384,0.0
11926,11.0,514.16,37.0,0.135,0.032,2.0,2.0,47.29,0.505,0.221,2.13
11927,3.0,46.68,11.0,0.224,0.058,11.0,1.0,16.88,0.294,0.148,0.21
11928,18.0,619.47,33.0,0.39,0.016,0.0,1.0,34.5,0.274,0.151,0.0
11929,32.0,1382.96,71.0,0.037,0.045,6.0,1.0,43.7,0.69,0.165,1.23
11930,16.0,530.22,18.0,0.109,0.008,10.0,1.0,33.96,0.023,0.316,1.87
11931,14.0,159.33,35.0,0.475,0.16,10.0,1.0,11.18,0.306,0.111,0.81
11932,2.0,60.23,5.0,0.162,0.075,63.0,0.0,31.27,0.404,0.0,0.16
11933,2.0,109.41,2.0,0.0,0.024,85.0,0.0,57.9,0.615,0.0,0.0
11934,2.0,218.19,11.0,0.21,0.064,56.0,1.0,105.41,0.063,0.121,0.08
11935,2.0,186.74,9.0,0.051,0.032,31.0,0.0,79.89,0.137,0.436,0.0
11936,32.0,1334.05,64.0,0.078,0.046,11.0,2.0,41.54,0.495,0.338,2.99
11937,9.0,560.2,24.0,0.076,0.025,10.0,0.0,65.28,0.474,0.07,1.97
11938,2.0,152.26,8.0,0.167,0.003,8.0,3.0,92.05,0.487,0.392,1.66
11939,3.0,85.78,0.0,0.162,0.04,145.0,0.0,26.6,0.301,0.0,1.3
11940,15.0,670.12,53.0,0.458,0.061,17.0,2.0,44.33,0.587,0.165,1.35
11941,11.0,659.61,27.0,0.114,0.089,2.0,1.0,61.06,0.403,0.331,1.53
11942,1.0,124.0,4.0,0.111,0.04,28.0,1.0,114.62,0.621,0.034,1.4
11943,2.0,117.4,3.0,0.148,0.0,20.0,0.0,59.91,0.299,0.135,2.04
11944,3.0,91.24,11.0,0.151,0.057,55.0,2.0,33.6,0.606,0.295,1.39
11945,1.0,55.43,5.0,0.174,0.032,51.0,0.0,49.38,0.502,0.119,1.16
11946,9.0,708.29,14.0,0.109,0.024,23.0,2.0,76.61,0.108,0.222,2.7
11947,14.0,296.79,25.0,0.141,0.053,13.0,0.0,20.72,0.493,0.188,2.63
11948,15.0,650.67,54.0,0.445,0.122,10.0,1.0,42.91,0.591,0.088,0.94
11949,3.0,111.55,4.0,0.112,0.0,39.0,1.0,33.42,0.195,0.547,0.11
11950,2.0,75.16,5.0,0.017,0.034,137.0,0.0,33.68,0.021,0.0,0.0
11951,19.0,818.66,13.0,0.402,0.039,0.0,2.0,43.43,0.633,0.15,1.56
11952,0.0,108.15,1.0,0.09,0.028,94.0,1.0,108.15,0.078,0.159,0.81
11953,2.0,109.64,2.0,0.209,0.037,84.0,0.0,65.72,0.355,0.123,0.48
11954,12.0,513.46,31.0,0.191,0.0,13.0,0.0,41.18,0.187,0.217,1.85
11955,14.0,517.01,23.0,0.082,0.049,33.0,2.0,36.17,0.043,0.213,1.63
11956,15.0,704.56,37.0,0.107,0.006,21.0,2.0,48.22,0.262,0.092,0.66
11957,3.0,89.23,4.0,0.141,0.084,33.0,1.0,26.94,0.433,0.109,1.49
11958,28.0,1764.05,12.0,0.063,0.037,2.0,1.0,63.67,0.658,0.016,2.4
11959,2.0,118.11,8.0,0.078,0.009,70.0,0.0,53.89,0.609,0.249,0.33
11960,13.0,309.24,20.0,0.195,0.079,9.0,3.0,24.39,0.298,0.335,3.46
11961,13.0,692.07,22.0,0.238,0.0,6.0,1.0,53.97,0.619,0.181,1.69
11962,3.0,6.64,12.0,0.131,0.079,45.0,0.0,2.05,0.39,0.133,1.06
11963,19.0,498.65,16.0,0.341,0.122,0.0,1.0,26.63,0.609,0.143,2.07
11964,11.0,444.23,36.0,0.05,0.015,16.0,2.0,40.22,0.115,0.152,3.59
11965,15.0,503.84,31.0,0.057,0.062,13.0,0.0,33.51,0.343,0.213,0.86
11966,30.0,1302.82,39.0,0.097,0.035,0.0,4.0,43.17,0.404,0.043,2.09
11967,5.0,331.97,32.0,0.064,0.056,4.0,2.0,62.05,0.197,0.164,2.14
11968,35.0,1662.06,62.0,0.039,0.0,7.0,0.0,47.82,0.666,0.094,1.02
11969,41.0,2564.64,66.0,0.091,0.021,6.0,1.0,62.71,0.784,,0.51
11970,5.0,149.38,1.0,0.269,0.005,30.0,1.0,32.74,0.332,0.265,0.77
11971,2.0,99.22,5.0,0.142,0.052,51.0,0.0,58.98,0.207,0.173,0.0
11972,11.0,629.75,29.0,0.065,0.074,14.0,1.0,57.48,0.407,0.238,2.15
11973,1.0,81.39,2.0,0.095,0.021,115.0,0.0,55.89,0.605,0.0,0.0
11974,3.0,0.0,0.0,0.182,0.0,61.0,0.0,0.0,0.628,0.003,0.0
11975,2.0,90.03,3.0,0.126,0.055,50.0,0.0,36.52,0.402,0.076,0.07
11976,1.0,46.19,3.0,0.136,0.028,84.0,0.0,31.33,0.34,0.246,0.0
11977,3.0,99.75,7.0,0.17,0.043,36.0,0.0,29.95,0.807,0.248,0.14
11978,0.0,125.97,3.0,0.144,0.014,54.0,2.0,125.97,0.265,0.276,0.8
11979,14.0,740.43,15.0,0.029,0.003,3.0,1.0,54.8,0.33,0.026,2.35
11980,17.0,872.14,49.0,0.467,0.061,2.0,0.0,49.87,0.664,0.161,0.35
11981,2.0,94.18,9.0,0.191,0.044,37.0,1.0,42.34,0.594,0.088,2.03
11982,22.0,2165.44,49.0,0.074,0.004,2.0,1.0,96.74,0.613,0.254,2.42
11983,17.0,385.26,30.0,0.151,0.065,11.0,1.0,22.36,0.526,0.306,2.06
11984,5.0,115.31,8.0,0.224,0.0,24.0,0.0,24.65,0.582,0.436,0.67
11985,1.0,83.96,3.0,0.172,0.098,23.0,0.0,70.52,0.112,0.153,0.81
11986,24.0,1391.76,28.0,0.094,0.02,9.0,2.0,58.16,0.445,0.142,1.76
11987,21.0,298.57,36.0,0.369,0.14,30.0,2.0,13.91,0.549,0.282,0.89
11988,0.0,152.99,8.0,0.116,0.021,46.0,1.0,152.99,0.095,0.214,0.89
11989,11.0,552.61,37.0,0.098,0.053,13.0,2.0,51.67,0.168,0.196,1.33
11990,15.0,775.81,44.0,0.392,0.088,7.0,0.0,53.24,0.491,0.143,1.73
11991,7.0,727.8,19.0,0.137,0.04,17.0,0.0,99.77,0.373,0.023,1.86
11992,3.0,100.42,1.0,0.203,0.017,71.0,0.0,30.09,0.322,0.015,0.21
11993,18.0,621.39,34.0,0.364,0.11,1.0,0.0,35.17,0.388,0.242,0.71
11994,20.0,960.09,54.0,0.066,0.048,10.0,1.0,47.69,0.756,0.167,2.45
11995,22.0,1637.98,59.0,0.067,0.025,8.0,3.0,73.77,0.706,0.234,1.16
11996,2.0,45.84,3.0,,0.062,85.0,0.0,22.54,0.307,0.081,0.0
11997,9.0,588.76,16.0,0.14,0.058,17.0,0.0,62.43,0.865,0.12,1.51
11998,6.0,129.5,6.0,0.102,0.034,57.0,1.0,22.85,0.333,0.025,1.58
11999,28.0,1168.85,44.0,0.035,0.011,7.0,3.0,41.65,0.749,0.015,3.45
12000,6.0,408.37,36.0,0.049,0.052,14.0,0.0,68.37,0.136,0.126,3.19
